lemma,collocate,LogL,LR,MI,LogDice
dolus,atque,11.28,3.33524128883854,2.90625332917984,8.31133116315385
