lemma,collocate,LogL,LR,MI,LogDice
colo,ager,25.82,6.09829476162977,4.78337876694566,10.7323340109624
colo,que,10.69,2.23979886766348,2.13545029602243,8.45649806554659
colo,et,10.83,1.81428712483927,1.84101755641036,8.17120145202753
