lemma,collocate,LogL,LR,MI,LogDice
pius,Aeneas,35.12,9.96142302067421,7.46445553054632,11.941611867518
