lemma,collocate,LogL,LR,MI,LogDice
rogo,sententia,42.44,5.81395508608987,4.48891420852453,10.8738662268304
rogo,ut,42.11,3.18573629426731,2.69524029942158,9.45272379243081
rogo,nihil,9.85,3.04764434954724,2.60002374819276,9.26819716307854
rogo,facio,6.3,2.28413413956117,2.07285303542625,8.79051384715858
rogo,tu,10.42,2.20514584341434,2.01825958144373,8.77003795311624
rogo,et,10.05,1.55701194933008,1.57001798391852,8.3478032601487
