lemma,collocate,LogL,LR,MI,LogDice
utilis,sum,21.75,2.6373768734525,2.42318721709204,7.83716377936765
