lemma,collocate,LogL,LR,MI,LogDice
antequam,quam,114.83,9.0792578788847,6.82708769103406,12.2788580979859
