lemma,collocate,LogL,LR,MI,LogDice
statuo,etiam,5.23,2.43578108955979,2.27118510875292,8.7364466258883
statuo,ut,5.02,1.73436949056292,1.7860777162812,8.29755174835694
