lemma,collocate,LogL,LR,MI,LogDice
aliter,qua,37.33,4.3692545608405,3.60566601399212,9.65763862171855
aliter,neque,10.06,3.75833582701672,3.18454646767616,9.2000857372194
aliter,si,24.91,3.56995089307677,3.05451137971192,9.12004302954586
aliter,non,27.16,3.05106154939458,2.69602255689419,8.77400897686591
aliter,enim,7.53,3.08402024364162,2.71880486656274,8.76178655752167
aliter,possum,8.56,2.77748752415396,2.50686591426139,8.56846378966574
aliter,facio,6.32,2.74978649805204,2.48770788388426,8.54041448585584
