lemma,collocate,LogL,LR,MI,LogDice
diu,nimie,42.34,7.64365101946823,5.75612150010983,11.2527290857445
diu,multum,21.66,5.33237016878038,4.26206566179458,10.5342640972003
diu,satis,21.38,5.27990274888624,4.22672629534927,10.5149211343571
diu,cogito,13.24,4.57629575166647,3.74980222325896,10.1184362020566
diu,uiuo,11.27,4.07528502927777,3.40759931192876,9.90011525740228
diu,tam,11.69,3.42050107905905,2.95821496988576,9.6353102849794
diu,iam,5.66,2.56160636616411,2.36638556196669,9.09349141511264
diu,uolo,5.1,2.39609576639077,2.2521309982951,8.9949357509532
