lemma,collocate,LogL,LR,MI,LogDice
uinum,et,9.96,2.14261476142879,2.06626415792135,7.81894868510665
