lemma,collocate,LogL,LR,MI,LogDice
semel,cum,6.34,2.29129685455285,2.2079529646956,8.07541003382714
