lemma,collocate,LogL,LR,MI,LogDice
lateo,aut,8.48,3.34087830392578,2.85624561438401,8.70168263345196
