lemma,collocate,LogL,LR,MI,LogDice
tristis,et,13.05,1.91694336335858,1.99695235803112,8.26710012677307
