lemma,collocate,LogL,LR,MI,LogDice
fingo,aut,33.05,4.35680369495933,3.60929093652502,9.67338697868669
fingo,animus,14.98,4.06148733031929,3.40587395662663,9.44218351039538
