lemma,collocate,LogL,LR,MI,LogDice
quin,dubito,222.05,8.56106457863976,6.23829041462602,12.3992957675347
quin,dubius,22.12,6.79611321078893,5.16025883365793,10.7548068668144
quin,etiam,83.83,4.76021655409816,3.79965395865335,10.5068651230122
quin,existimo,13.54,4.65252235716008,3.72621004124214,10.0846492044792
quin,arma,12.71,4.44101825196637,3.58172845868691,9.98964109385099
quin,hic,5.89,1.56212733746563,1.5979254659012,8.37263585663071
