lemma,collocate,LogL,LR,MI,LogDice
an,uersus,83.3,6.10374970203011,4.41760949174646,11.1667866559438
an,quia,14.38,3.95455186676618,2.9924826915997,9.89117741859725
an,iniuria,12.95,4.51122532305591,3.36923769382543,9.83333477619827
an,ne,10.24,2.18290831082055,1.77829867670526,9.32917584379047
an,uos,6.98,2.43783766701729,1.95388841265784,9.31902685059641
an,ille,8.06,1.52371017736154,1.32349440633537,8.98470889436755
an,tu,7.03,1.49555316487358,1.3040481748528,8.95693337026868
