lemma,collocate,LogL,LR,MI,LogDice
plerique,uideo,8.83,3.43469106393713,3.01891471471617,8.4872435227679
