lemma,collocate,LogL,LR,MI,LogDice
fugo,que,6.87,2.90254841573378,2.51192786725734,7.62270631930071
