lemma,collocate,LogL,LR,MI,LogDice
descendo,ad,6.46,2.78785233487226,2.47609608091835,7.95262782095372
