lemma,collocate,LogL,LR,MI,LogDice
uultus,que,21.9,2.50700081017956,2.38309499541438,8.98908696669907
