lemma,collocate,LogL,LR,MI,LogDice
adsum,dum,12.66,4.42919198360616,3.58073244266831,10.0265683664432
adsum,non,10.51,1.78205049162512,1.75881993526957,8.66174102635902
adsum,cum,6.94,1.7209696152703,1.71658451295217,8.60864776748477
adsum,qui,5.43,1.09350080470521,1.28249351527816,8.19977162707555
