lemma,collocate,LogL,LR,MI,LogDice
culpa,meus,9.29,3.55589839617044,3.15463111688578,9.00843426862409
culpa,non,9.46,2.28526215963836,2.27598903295773,8.17007447050344
culpa,sum,11.68,1.79246002015992,1.93483444917811,7.83553752942776
