lemma,collocate,LogL,LR,MI,LogDice
aeuum,in,9.52,2.97614210764909,2.71904140055246,7.47625415709674
