lemma,collocate,LogL,LR,MI,LogDice
reperio,causa,19.21,4.1373758475314,3.32559258805654,9.76734382198039
reperio,aliquis,9.12,3.51327625732859,2.89591586676716,9.32717116553809
reperio,nullus,8.73,3.41009280676253,2.82476704762514,9.26526460965727
reperio,possum,13.25,2.83569359487284,2.42827563966817,8.95603739314575
reperio,sum,15.47,1.69487610424594,1.63937023628427,8.2062244868171
reperio,qui,7.27,1.43285914647162,1.45800901760311,8.02212740641149
