lemma,collocate,LogL,LR,MI,LogDice
aspicio,possum,19.29,3.64861861804822,3.09843330200341,8.97886447126988
aspicio,si,5.24,2.43592875634587,2.25978440633405,8.14349643832614
