lemma,collocate,LogL,LR,MI,LogDice
censeo,ita,39.85,5.00038528376271,4.01216648772645,10.2925441603131
censeo,pater,18.85,4.79831284680586,3.87390492072653,10.0755544745733
censeo,senatus,10,3.7424041056552,3.14825857277363,9.41503252132943
censeo,ne,5.46,2.50323597156793,2.29268936663575,8.63246756443049
censeo,cum,9.04,2.22165716520524,2.09795206948127,8.47123250695532
censeo,quis,7.44,2.20315457897881,2.08515297256243,8.45404161053737
