lemma,collocate,LogL,LR,MI,LogDice
usque,ea,184.34,8.20436350229551,6.17424029398656,12.2772334022589
usque,ad,207.48,4.88623312865179,4.01734336819814,10.591850099023
