lemma,collocate,LogL,LR,MI,LogDice
cura,uigilia,22.41,6.87969835952423,5.28099005151549,10.7419034619785
cura,sine,14.28,3.93098758822108,3.31029312347772,9.9203461531879
cura,magnus,25.73,3.3697293480912,2.92490688923011,9.72797426054045
cura,deus,7.78,3.15658956603342,2.77822578432749,9.44437025957204
cura,suus,6.12,2.24264734765462,2.14784877784837,8.94774303121293
cura,ego,9.03,1.86059826032969,1.88385496386222,8.74413355812553
cura,sum,5.22,0.944377285726918,1.25005551828868,8.13854923006263
