lemma,collocate,LogL,LR,MI,LogDice
contingo,possum,12.64,3.10023047082288,2.71131733256345,8.79106044460318
contingo,ut,8.43,2.38395256187365,2.21593427751353,8.30727847270322
