lemma,collocate,LogL,LR,MI,LogDice
frequens,senatus,120.93,6.90521084569862,5.41002167124742,11.1449676085491
