lemma,collocate,LogL,LR,MI,LogDice
principium,ab,17.6,4.55731710996017,3.77012222574992,8.44946583465205
