lemma,collocate,LogL,LR,MI,LogDice
damno,sum,6.61,1.54417671158373,1.57192895548874,7.5168926485428
