lemma,collocate,LogL,LR,MI,LogDice
saeuus,imperium,16.94,5.49313425533154,4.45311981979875,10.1822876740431
