lemma,collocate,LogL,LR,MI,LogDice
efficio,possum,63.99,4.07876268503767,3.3701999191493,9.99266681476753
efficio,ut,53.1,3.44159656749644,2.93197527793933,9.57448825338638
