lemma,collocate,LogL,LR,MI,LogDice
ecce,sed,12.81,3.6390413617143,2.88590673136084,8.51520306650935
