lemma,collocate,LogL,LR,MI,LogDice
experior,sum,19.4,2.1083677832018,2.00894242133183,8.07593520631062
