lemma,collocate,LogL,LR,MI,LogDice
concedo,multus,10.24,3.12600490677386,2.70505114287339,9.14894677572821
concedo,ut,14.48,2.49358769614116,2.26820270605928,8.76788921169023
concedo,non,7.67,1.82762737608478,1.807610099439,8.31496356816485
