lemma,collocate,LogL,LR,MI,LogDice
de,res,147.88,2.40140821460943,2.0563913648237,10.9628095706829
de,ego,50.54,1.50027651447393,1.45072187042481,10.4693500456215
de,qui,44.81,0.98229751563684,1.09835945169458,10.3514906797008
de,causa,43.08,2.44019433021442,2.08217548197941,10.2651916139977
de,tu,27.08,1.26082373215986,1.28812355379565,10.2494951734232
de,is,17.42,0.866642860229681,1.01938860330804,10.1383786259489
de,meus,24.78,1.8224004370259,1.66850036330034,10.0750178499293
de,quis,13.49,0.959448072693183,1.08276502410603,10.041445017286
de,multus,21.06,1.65247543558358,1.55376793018217,10.032172153403
de,Caesar,22.48,2.14471533564946,1.88507288137407,9.88452607660338
de,amicitia,22.69,2.59044203899945,2.1817789998653,9.70896994542671
de,pecunia,31.9,3.45341551807776,2.74313120080864,9.69593490679583
de,lex,20.37,2.41667497126274,2.06654373628772,9.69088013613421
de,pax,27.5,3.11781248629332,2.52731368958651,9.67586734374502
de,manus,17.88,2.22530944554692,1.9389825106497,9.66871856433135
de,bene,26.03,3.00443068687558,2.45362597379535,9.66807120230889
de,tuus,7.3,1.14513909686293,1.20938214637817,9.63605247872603
de,iste,6.63,1.1758485141943,1.2302957120871,9.55013500618599
de,nos,5.94,1.10564950291038,1.18247783773661,9.53409188134542
de,mors,14.03,2.14344479832306,1.88422217949376,9.50855857934025
de,officium,25.38,3.38630132221922,2.70026749637686,9.50762530815725
de,nunc,9.17,1.56341670186801,1.49350139414531,9.50576137471919
de,iudicium,12.19,2.09679470502424,1.85296963598966,9.41503252132943
de,uester,9.55,1.80579846968877,1.65730646225813,9.3821329832175
de,senectus,18.62,2.97126382294038,2.43200350978218,9.37809561502074
de,domus2,16.5,2.7424451324445,2.28206336249127,9.36466439968018
de,nisi,8.08,1.633394184184,1.5408630115308,9.35989176265063
de,superus,7.54,1.56754163688937,1.49629469205093,9.35081292859513
de,quintus,13.71,2.43210501183235,2.07680023645491,9.34306787945332
de,loquor,10.19,2.19365624427683,1.91782217816922,9.20657352169814
