lemma,collocate,LogL,LR,MI,LogDice
cogo,copia,12.91,4.49430237946916,3.64391134428984,10.0649117216409
cogo,senatus,7.18,2.99133325094531,2.61274033641727,9.33185501485052
