lemma,collocate,LogL,LR,MI,LogDice
tempestas,que,10.83,2.48847046865015,2.32960631046339,8.30795278156222
tempestas,is,6.33,1.99389704389259,1.98729037569327,7.96763346157159
