lemma,collocate,LogL,LR,MI,LogDice
saeculum,omnis,27.16,4.16275525582064,3.50627914560104,9.0134622574828
