lemma,collocate,LogL,LR,MI,LogDice
morior,qua,5.43,2.08370849666109,1.96923716573117,8.7987443462951
morior,sum,10.8,1.28329024555778,1.41571002259742,8.32068099752217
