lemma,collocate,LogL,LR,MI,LogDice
tellus,et,6.59,2.04386203303484,2.03517357085132,7.48395486389369
