lemma,collocate,LogL,LR,MI,LogDice
offero,fors2,46.42,10.0291821798187,7.2741018020551,11.8897867996534
