lemma,collocate,LogL,LR,MI,LogDice
sino,non,33.99,4.08305216253401,3.24676795011596,8.58020273591425
