lemma,collocate,LogL,LR,MI,LogDice
pectus,ex,5.03,2.37379454297746,2.31265675214962,8.5312368711382
