lemma,collocate,LogL,LR,MI,LogDice
uacuus,in,7.53,2.22018330896123,2.21394645149545,7.69664869174342
