lemma,collocate,LogL,LR,MI,LogDice
contemno,mors,30.46,5.07658043200211,3.99846764336829,10.488454561169
contemno,aut,10.91,2.81354602616831,2.44614012671934,9.15975769183243
contemno,uideo,5.74,2.15573137880367,1.9917613900302,8.72316166512909
contemno,ille,6.61,1.83340644852915,1.7688922247789,8.53299526793381
