lemma,collocate,LogL,LR,MI,LogDice
fundo,copia,20.5,6.36501232761173,5.02210849517711,10.4211214411004
fundo,que,11,2.82662507996315,2.58449856009218,8.13042064088214
