lemma,collocate,LogL,LR,MI,LogDice
securus,sum,7.98,1.87151515661665,1.89974312936684,7.38498719477775
