lemma,collocate,LogL,LR,MI,LogDice
intra,moenia,55.8,9.61740444133124,7.1326022397814,12.0830773878179
intra,sui,6.61,2.83119532814519,2.59698311675442,8.28132891285005
