lemma,collocate,LogL,LR,MI,LogDice
accedo,prope,82.84,7.49423707106992,5.54919463981489,11.6297562585321
accedo,hinc,23.22,5.62297038519212,4.33441091938473,10.5741100057475
accedo,etiam,19.19,3.27516976513775,2.73330253220346,9.55064855093987
accedo,quod,8.35,2.73382137197087,2.36010590411327,9.15679765020395
accedo,ad,6.56,1.82538090583347,1.73251804673151,8.60978736874771
accedo,ille,5.84,1.70172449660653,1.64700240716987,8.52807952769789
