lemma,collocate,LogL,LR,MI,LogDice
pauper,sum,25.29,2.61067903141157,2.42034226495981,8.00373928062853
