lemma,collocate,LogL,LR,MI,LogDice
murus,de,13.09,3.69278717773041,3.09616315346887,8.74903632983543
