lemma,collocate,LogL,LR,MI,LogDice
moneo,praedico2,35.29,10.168070280751,7.26580299924041,11.6021047272016
moneo,uos,10.96,3.99065074276181,3.29722782430734,9.33498981365589
moneo,ut,12.03,2.66275492461481,2.37990669563929,8.48926304550073
moneo,tu,6.34,2.29308893309727,2.12413944273774,8.23050781531576
moneo,et,6.64,1.67535869285132,1.69651713241527,7.81644038427108
