lemma,collocate,LogL,LR,MI,LogDice
fallo,fors,20.12,6.275551778734,4.81451296025139,10.488454561169
