lemma,collocate,LogL,LR,MI,LogDice
uictor,pax,16.49,5.38460844790085,4.37634993686131,10.3364383538704
