lemma,collocate,LogL,LR,MI,LogDice
protinus,et,9.29,2.53492340960037,2.37164580747253,7.48513917195218
