lemma,collocate,LogL,LR,MI,LogDice
color,et,6.17,2.25231420105972,2.09971209198889,7.26184750540404
