lemma,collocate,LogL,LR,MI,LogDice
occurro,tu,7.31,2.50789281243095,2.30283123148112,8.23402550508735
