lemma,collocate,LogL,LR,MI,LogDice
conuiuium,delecto,22.38,6.83249990328556,5.3093231686954,10.8013268824493
conuiuium,in,26.51,3.00226727620645,2.68082018773226,8.48309489867361
