lemma,collocate,LogL,LR,MI,LogDice
procedo,longe,22.34,6.82042408008029,5.30838902570361,10.7483343523088
