lemma,collocate,LogL,LR,MI,LogDice
moror,causa,13.51,4.63603952419905,3.71376619905465,9.33342118588326
moror,nihil,11.88,4.22461327847259,3.42982244871347,9.06313085614335
