lemma,collocate,LogL,LR,MI,LogDice
lux,primus,36.63,5.84144346547791,4.66679317075442,10.8081528475197
lux,ante,24.68,5.8901173122136,4.69958299357741,10.7088035135522
lux,affero,15.45,5.12791442654837,4.18305934869678,10.2663065300963
lux,in,9.11,1.74183182262438,1.85154083284774,8.27605185574921
