lemma,collocate,LogL,LR,MI,LogDice
fluctus,que,10.83,2.48847046865015,2.32960631046339,8.30795278156222
