lemma,collocate,LogL,LR,MI,LogDice
rego,que,8.86,2.83876449308813,2.53724567524163,7.9086901179223
rego,et,7.54,2.22076980520845,2.10928154300504,7.48425080944187
