lemma,collocate,LogL,LR,MI,LogDice
regio,is,9.69,2.10643693769668,2.11742617931665,8.30146938749875
