lemma,collocate,LogL,LR,MI,LogDice
quamuis,enim,6.57,2.8208907875687,2.56196239506977,8.75385350578087
