lemma,collocate,LogL,LR,MI,LogDice
oportet,specto,19,6.01785285316575,4.65743616275474,10.5714036441497
oportet,puto,7.78,3.1535795023555,2.70767244438344,9.34445360668684
oportet,non,31.06,2.60822288214375,2.33147771857539,9.13463135474669
oportet,ut,5.61,1.66228461653419,1.67770967955942,8.47057091248858
