lemma,collocate,LogL,LR,MI,LogDice
consto,magnus,11.5,3.37924717519853,2.90411611956104,8.96874541870101
consto,qui,7.31,1.63894758150824,1.70022871597814,7.80304683681653
