lemma,collocate,LogL,LR,MI,LogDice
sum,qui,58.37,0.533675954927312,0.586991866148623,11.1111634984642
sum,non,182.87,1.15496668867843,0.983275578466496,11.0802907461234
sum,quis,101.16,1.105312565046,0.952129274404947,10.6785830809538
sum,ut,30.42,0.619499981076416,0.642507419886602,10.4936171179943
sum,enim,196.91,1.97580239842322,1.48085768964427,10.4851432998653
sum,facio,94.78,1.37292585332442,1.11873244455939,10.3300485557716
sum,uideo,32.65,0.862588321262488,0.798481832527152,10.0730462794741
sum,dico,23.27,0.752096703177486,0.727828865203455,9.98597726020511
sum,ita,84.75,1.81943823597544,1.38891750560085,9.8184952623355
sum,nihil,44.05,1.24902116776234,1.04198711049389,9.77450237927923
sum,animus,18.48,0.919664265029581,0.834810727671592,9.45355475830796
sum,necesse,227.76,5.16267683710822,2.86255387687589,9.44087375251332
sum,autem,33.95,1.34004910521182,1.09843762652472,9.41877493818423
sum,quod,5.96,0.506848005667416,0.569593497256051,9.40266746586311
sum,nullus,22.94,1.08052779575435,0.936544882137868,9.39346710655597
sum,iste,12,0.753285900970515,0.728591496317634,9.38101656679788
sum,puto,28.19,1.24195883843709,1.03759191227465,9.36344085020535
sum,satis2,167.46,4.38131712358356,2.62798162973805,9.30388521008844
sum,tamen,9.66,0.720726918049031,0.707694585570638,9.25208319976973
sum,opusculum,208.83,5.87317021991323,3.01691743589501,9.24268113685532
sum,tantus,12.66,0.888718641011061,0.815128377450199,9.15370928629654
sum,igitur,42.6,1.94274410984392,1.46154674473118,9.05629204290362
sum,arbitror,56.57,2.37160196875035,1.70630004922902,9.03507852579525
sum,locus,5.24,0.587585485389928,0.621889238877944,9.02662943849798
sum,proficiscor,54.11,2.43535696329645,1.74154386101358,8.95250348608238
sum,nemo,24.24,1.47442652797504,1.18106264680173,8.94085469301784
sum,ubi,19.73,1.35341112701367,1.10669210408066,8.87985655359504
sum,bonum,28.97,1.7356005917833,1.33901561257873,8.85447670700405
sum,gratus,68.8,3.13846059968739,2.1072056751189,8.83340613748283
sum,sequor,30.08,1.81247428822568,1.38478811225884,8.82328545521121
