lemma,collocate,LogL,LR,MI,LogDice
illa,unde,23.74,7.1648519057938,5.52751405147377,10.9242250187725
