lemma,collocate,LogL,LR,MI,LogDice
aduersus,hic,5.7,2.14550842779981,1.93625127117174,7.82960505625413
