lemma,collocate,LogL,LR,MI,LogDice
uagus,et,12.72,2.75969317733258,2.55396736426649,7.66746072874613
