lemma,collocate,LogL,LR,MI,LogDice
quis,si,795.13,3.64169867567337,2.67439984702067,11.8208803996958
quis,enim,248.12,3.14231172634801,2.36556635212258,11.1087868453356
quis,ne,175.16,2.73335916352394,2.10505250377845,10.9303258810474
quis,sum,131.78,1.17002408311058,1.06943532460034,10.7958891311492
quis,quaero,148.81,3.7607543516487,2.74621183857087,10.5730501222354
quis,ago,116.83,3.12471766633327,2.35448590634601,10.5345965992815
quis,ergo,190.26,4.95870771489434,3.41609723859915,10.5259149025894
quis,nescio,181.4,5.31279001448585,3.59096798923724,10.4114781648286
quis,ego,37.07,1.16725478039225,1.06756401903933,10.3960456485717
quis,tu,17.13,0.913058906581779,0.895432190943694,10.1466459827172
quis,tandem,138.1,5.56212297864057,3.7064126239617,10.1019199005409
quis,autem,47.53,2.37388941878532,1.87163413462243,10.0517448275579
quis,de,19.68,1.18975428703138,1.08276502410603,10.041445017286
quis,dico,19.77,1.21108428098116,1.09717031223216,10.0299630909118
quis,possum,14.07,0.970496747638404,0.934387123364513,9.99851136676381
quis,facio,16.96,1.1645112561923,1.06571004392568,9.96445880242381
quis,sed,5.38,0.629177540519938,0.70244246686484,9.80393791339857
quis,scio,35.88,2.43808374771721,1.91358122837953,9.78294628378546
quis,uideo,7.78,0.823836555252391,0.834856096562254,9.77947860999305
quis,uolo,14.09,1.34383495563686,1.18669710832431,9.69225617793837
quis,igitur,37.95,2.79639180024776,2.14558471174735,9.66999792117221
quis,num,49.76,3.82997440077214,2.78760254578469,9.53908516999941
quis,nam,16.4,1.71074136242474,1.4328618284965,9.53341597729806
quis,uero,24.05,2.24697341638427,1.78839760390497,9.52836120663643
quis,tam,8.4,1.29399875121016,1.15311388372013,9.3251704979818
quis,uos,6.36,1.10425356377356,1.0249680610282,9.30212041590764
quis,at,13.8,1.90232524499683,1.5605340266641,9.24712845786456
quis,fio,10.97,1.65656883059487,1.39664617155899,9.22860941009732
quis,modus,9.2,1.57068702516401,1.33913545896605,9.14513285474518
quis,intersum,29.73,3.53975516561212,2.61231501564811,9.14212746045616
