lemma,collocate,LogL,LR,MI,LogDice
gaudium,magnus,10.46,3.86062432140973,3.34732155565205,8.70418576367008
