lemma,collocate,LogL,LR,MI,LogDice
sors,do,13.09,4.53141939095964,3.77497142056391,9.18917157703872
