lemma,collocate,LogL,LR,MI,LogDice
iacio,fundamentum,47.81,10.2130842127075,7.50037524637824,12.1476159089555
