lemma,collocate,LogL,LR,MI,LogDice
disciplina,atque,12.66,3.10245770191919,2.73635429238444,8.52899062563385
