lemma,collocate,LogL,LR,MI,LogDice
pecus,magnus,11.42,4.1068249218544,3.46992387774438,8.70669517527551
pecus,atque,12.23,3.52371638802906,3.06659597925502,8.31302464366018
