lemma,collocate,LogL,LR,MI,LogDice
poeta,atque,6.93,2.91958553583655,2.58220361255718,8.02322616830202
