lemma,collocate,LogL,LR,MI,LogDice
pauci,ex,6.95,2.92418672798406,2.64912898877083,8.54396688746021
pauci,si,8.41,2.74472496367051,2.52499362293377,8.43070175272359
