lemma,collocate,LogL,LR,MI,LogDice
crimen,fictus,26.58,7.97202913035537,5.94746898499328,10.7811241751318
crimen,unus,9.6,2.99720485858176,2.68654838409518,9.49465014929412
crimen,causa,5.62,2.55056536191709,2.37876513232231,9.19052935049918
crimen,hic,16.71,2.01451246167688,2.00874677320989,8.98527053437108
crimen,in,6.29,1.24871170719277,1.47935051362444,8.46625125134406
