lemma,collocate,LogL,LR,MI,LogDice
studeo,res,15.89,3.61946484985586,3.09449739588218,8.60274268559706
