lemma,collocate,LogL,LR,MI,LogDice
nuntius,affero,18.5,5.87868499011,4.73934734653953,10.4026877394116
nuntius,uenio,17.34,4.51160485883026,3.80225181591402,9.61485323798988
nuntius,Caesar,12.75,4.44603447803706,3.75709864687358,9.55148362405729
nuntius,unus,11.44,4.11364087291036,3.52801532417159,9.33971051479083
nuntius,per,11.4,4.10385985211777,3.52126993603205,9.33342118588326
nuntius,atque,7.46,2.54038012504137,2.44089007949061,8.30458577501432
