lemma,collocate,LogL,LR,MI,LogDice
os2,et,10.78,2.79021047337144,2.53416473697031,7.48558364932819
