lemma,collocate,LogL,LR,MI,LogDice
ripa,flumen,70.26,8.73065396069321,6.6158418804956,11.7715228791597
ripa,Rhenus,28.6,8.35328687938043,6.36988365141521,11.3729188614315
ripa,ad,15.48,3.55512112877748,3.09612099664933,8.46463617696876
