lemma,collocate,LogL,LR,MI,LogDice
decerno,supplicatio,59.08,8.71485612716137,6.2964024420523,11.5504327166573
decerno,senatus,56.67,5.13274762349537,4.02372731012753,10.6516920822582
decerno,praemium,19.8,6.21605027018993,4.75104338630272,10.609975918936
decerno,nouus,12.42,4.36805336363498,3.5024909503437,9.9424346892812
decerno,ita,7.46,3.06599057457291,2.60752298793837,9.25506787163675
decerno,ut,21.38,2.61005539706778,2.29289531864966,9.07703745857886
decerno,nihil,5.79,2.59817314699604,2.28469014441047,8.9772165719681
decerno,sum,22.84,1.76914628266233,1.7116908978639,8.52239598035316
