lemma,collocate,LogL,LR,MI,LogDice
cum,tu,105.9,1.63685190607419,1.53474131062799,10.8674329724032
cum,ego,55.3,1.20527241521117,1.24793681611757,10.6647389413422
cum,qui,21.17,0.534552583894312,0.79636050410254,10.586077895745
cum,sui,56.28,1.46815993360599,1.42306265749489,10.5598771579442
cum,is,28.52,0.803273408849383,0.977991896128285,10.5481717456841
cum,hic,22.05,0.746524555210851,0.939705944770832,10.4734909421493
cum,ille,17.49,0.776839309714042,0.960162974489594,10.3383720804112
cum,omnis,8.97,0.664101556653563,0.884028934302167,10.0939950668974
cum,magnus,19.19,1.14277016212012,1.20612480978549,10.0581755033351
cum,praesertim,116.62,4.9097774972002,3.45892862261687,9.93492582007801
cum,ipse,9.81,0.833797722336669,0.998568473408937,9.92269798870278
cum,uideo,7.34,0.700987807608746,0.908955719344892,9.91288874237142
cum,nam,28.85,1.87024913301356,1.68822256258665,9.81384788852478
cum,iam,17.04,1.33756983220146,1.3362236247668,9.78814678818443
cum,tum,27.01,1.83989714622037,1.66833650114082,9.7772622230095
cum,uenio,16.02,1.381769636112,1.36565095150177,9.69677985826139
cum,aliquis,16.28,1.42979551452041,1.39758464094784,9.66641033100792
cum,multus,5.88,0.768877682900357,0.954791404552092,9.64560153244359
cum,ita,13.21,1.29953558803069,1.31087306908712,9.61513648399092
cum,dies,13.03,1.28923057963895,1.30400018979936,9.61400398103862
cum,una,70.14,4.37926278050142,3.19656435814938,9.56984479562342
cum,ago,10.7,1.25215086259808,1.27925482392728,9.48654121404136
cum,iste,5.11,0.804353944444187,0.978720493610425,9.4768536494905
cum,exercitus,20.98,1.99640568697173,1.77062516568225,9.44519474689073
cum,audio,14.76,1.61289626989466,1.51891819568875,9.42044932662965
cum,uos,6.75,0.994598930266095,1.106760029434,9.41389937673226
cum,legatus,20.54,2.22468574339254,1.91861114082545,9.27672936841793
cum,ceterus,14.06,1.76035294785693,1.61611398258853,9.25444694643828
cum,hostis,6.71,1.14222358320057,1.20575888918618,9.21250825721796
cum,loquor,17.74,2.12550618825564,1.85450325200632,9.20325631692046
