lemma,collocate,LogL,LR,MI,LogDice
taceo,licet,18.31,5.83015651483256,4.54407269423412,10.1933375102297
