lemma,collocate,LogL,LR,MI,LogDice
necessitas,natura,15.45,5.12367305291655,4.17641480597812,9.94532069417033
necessitas,etiam,8.25,3.28024036635813,2.90583608263126,8.77067550493891
necessitas,habeo,8.1,3.23915027033648,2.87743289064435,8.74337306050617
