lemma,collocate,LogL,LR,MI,LogDice
ingratus,sum,10.71,2.24194362632468,2.175996505995,7.38565746817863
