lemma,collocate,LogL,LR,MI,LogDice
acer,uir,10.95,3.98756201645775,3.39749874185821,9.45493373808161
acer,animus,9.09,3.50417722082573,3.06412466290457,9.15057729948746
acer,qua,5.77,2.59266216274999,2.43429437104158,8.55614032816131
acer,atque,5.91,2.19476850139156,2.15903892734962,8.29872065556192
