lemma,collocate,LogL,LR,MI,LogDice
foedus,qua,11.46,3.37147657731156,3.00382759563435,8.85396006889754
foedus,atque,15.49,3.14365844427405,2.84635518759877,8.71005088312248
