lemma,collocate,LogL,LR,MI,LogDice
deduco,exercitus,15.36,5.10154302886338,4.07434084104658,9.97762893740299
deduco,in,6.56,1.82435527727906,1.81232011969445,7.87476971272903
