lemma,collocate,LogL,LR,MI,LogDice
forma,et,5.65,1.66755560775337,1.76551000390222,7.6639120040401
