lemma,collocate,LogL,LR,MI,LogDice
prope,accedo,68.93,7.01128897175039,5.44383412415706,11.5243957428743
prope,conscribo,24.4,5.84136397030807,4.67475101787623,10.737107289715
prope,iam,26.04,4.04473156596277,3.4540687801026,9.97210053718605
prope,et,5.89,1.2690108391546,1.53873668453743,8.16767773673857
