lemma,collocate,LogL,LR,MI,LogDice
felix,o,32.54,7.32251842225933,5.49071058249756,10.9203862424653
felix,sum,7.98,1.87151515661665,1.74067843473715,7.38450870297476
