lemma,collocate,LogL,LR,MI,LogDice
diligo,magis,11.48,4.12479747481802,3.34031730484544,9.56127802164957
