lemma,collocate,LogL,LR,MI,LogDice
iuro,iusiurandum,165.19,13.1543648318899,8.67136519454556,13.1992221552477
iuro,ius,21.11,6.51613006046385,5.09330776611498,10.5034924385335
