lemma,collocate,LogL,LR,MI,LogDice
frustra,non,10.73,2.78104213839628,2.58202024407771,7.99192418708682
