lemma,collocate,LogL,LR,MI,LogDice
premo,hostis,11.66,4.17101103471612,3.48048702767726,9.62844466519341
premo,et,6.58,1.54004408402966,1.66299444037662,7.94849923944796
