lemma,collocate,LogL,LR,MI,LogDice
necesse,sum,276.33,3.83824283479762,3.2372473263173,9.81556720195473
necesse,ita,8.19,3.26451921893203,2.8420952350762,9.28896942331243
necesse,nihil,6.49,2.79670179135517,2.5192623915483,9.00278772623589
necesse,etiam,8.6,2.78589503639859,2.51179967034671,9.02068338916117
