lemma,collocate,LogL,LR,MI,LogDice
laetus,dies,9.49,3.60938736572457,3.15799574805149,9.31941317472715
