lemma,collocate,LogL,LR,MI,LogDice
supersum,qui,27.21,3.05431019187489,2.67546198348574,8.12481393913254
