lemma,collocate,LogL,LR,MI,LogDice
mollis,tam,13.13,4.54141777535096,3.82178891958751,9.48366102771852
mollis,animus,11.27,4.06941524815548,3.49625801809489,9.17703386902429
