lemma,collocate,LogL,LR,MI,LogDice
facilis,facio,6.43,2.78049330019901,2.50675607885495,8.54112395732938
facilis,sum,38.11,2.57645247805888,2.36561736527056,8.43261015024935
