lemma,collocate,LogL,LR,MI,LogDice
perdo,opera,38.46,7.0165711723837,5.33263005959872,11.1667866559438
perdo,omnis,6.38,2.30232565471758,2.11375423473052,8.43500078012327
