lemma,collocate,LogL,LR,MI,LogDice
aura,per,13.89,4.73204113610383,3.95026554155041,9.3572129504406
