lemma,collocate,LogL,LR,MI,LogDice
ideo,non,6.49,2.32628123765924,1.9658341046539,7.76558927428163
