lemma,collocate,LogL,LR,MI,LogDice
prodo,memoria,69.73,7.7606061554123,5.83901727676578,11.4643210248386
prodo,atque,8.77,2.82056307687168,2.4644205769008,8.30500603137688
