lemma,collocate,LogL,LR,MI,LogDice
donum,que,10.43,2.73038975721449,2.5527498617776,8.13013827465127
