lemma,collocate,LogL,LR,MI,LogDice
superbus,tarquinius,49.7,10.6221618652263,7.72038890468352,12.2082405307719
superbus,que,10.57,2.75385373193683,2.5527498617776,8.13013827465127
