lemma,collocate,LogL,LR,MI,LogDice
aedes,sacer,66.42,9.55284418095348,7.08900631837842,12.1541733095017
aedes,in,26.78,3.02217183573328,2.73211348211981,8.4834602622144
aedes,ad,8.09,2.67728679214975,2.49348782363022,8.23677006670038
