lemma,collocate,LogL,LR,MI,LogDice
aptus,sum,10.71,2.47012906246687,2.27967493546984,7.2319858302767
