lemma,collocate,LogL,LR,MI,LogDice
desero,nec,10.95,3.98831706540377,3.3623454988555,9.24354036646568
desero,qua,11.46,3.37147657731156,2.93638631483882,8.85177904295118
desero,sed,8.96,2.86125871357332,2.58362585948791,8.50899828962246
