lemma,collocate,LogL,LR,MI,LogDice
contineo,castra,21.64,5.32210321718846,4.18898596736642,10.3857094028771
contineo,sui,6.14,2.24669975271017,2.07373497298988,8.5446788846423
contineo,et,5.15,1.33513423752011,1.44293255559982,7.9461476804572
