lemma,collocate,LogL,LR,MI,LogDice
excipio,et,6.64,1.67535869285132,1.77202468492341,7.81703000692968
