lemma,collocate,LogL,LR,MI,LogDice
quomodo,modus,125.87,6.80807586091876,5.12858340102807,11.4837276909338
quomodo,modo,101.12,6.31379082595996,4.80084609500796,11.1946214549372
quomodo,ergo,32.35,6.11247540537011,4.66609295513312,10.8095236496535
quomodo,inquam,17.92,4.62381058667148,3.6550749639025,10.0156563329922
quomodo,habeo,13.53,3.24497163612403,2.70654002967402,9.2175207990415
quomodo,dico,7.5,2.55018243033206,2.22667663151199,8.75429258372426
quomodo,aut,5.25,2.4414870418835,2.15153761142299,8.66567219592893
