lemma,collocate,LogL,LR,MI,LogDice
timor,perterreo,24.31,7.35258647396766,5.63187406679801,10.9165621460269
timor,dolor,14.5,4.89315485533036,4.00961546593485,10.2426833843328
timor,propter,12.75,4.45258226394438,3.70927499661114,10.0487562814186
timor,sine,15.29,4.12376778347177,3.48424643060116,9.96134434363849
timor,magnus,6.75,2.38639004959676,2.28792998013722,8.93188227049038
