lemma,collocate,LogL,LR,MI,LogDice
suus,spons,100.1,7.71998686213615,5.01458481394323,10.2071070909534
suus,constitutio,69.65,6.92643773960358,4.75222054947574,9.94474282648595
suus,discipulus,73.5,6.64890376407467,4.64273631663405,10.0357296100186
suus,arbitrium,32.59,5.52650713271494,4.11356155419986,9.43132092259432
suus,commodum,16.99,4.54561595566265,3.55967644097342,9.02240455998194
suus,propinquus,16.99,4.54561595566265,3.55967644097342,9.02240455998194
suus,finis,86.35,4.28258154982886,3.40061174634374,10.5995604812009
suus,concilio,11.66,4.25087269010152,3.38119366048664,8.73730981109511
suus,pristinus,11.43,4.18947214543737,3.34345333250379,8.7364466258883
suus,domus2,63.69,4.13738363428892,3.31129622086926,10.3639630272604
suus,ius,62.03,4.05776646622555,3.26190346553968,10.3577806273521
suus,familiaris,28.42,3.98001877980842,3.21340020425559,9.67091275062034
suus,paeniteo,10.61,3.96707972410093,3.20530299402297,8.73300131670939
suus,decretum,10.42,3.91645365103096,3.17355429570839,8.73214184093667
suus,copia,53.26,3.79715472265861,3.0983308744708,10.2833837909145
suus,reditus,9.74,3.73004052680008,3.05577126005201,8.72871130583988
suus,quisque,54.24,3.68447794941963,3.02678372317876,10.3244442070845
suus,liberi,18.71,3.62468752665385,2.98863195721438,9.38735779917321
suus,monumentum,15.18,3.55720392993786,2.94542320288314,9.21334193796653
suus,claudo,9,3.52650713271494,2.92571813180381,8.72443962057458
suus,status,8.73,3.45250655127117,2.87809008281456,8.7227360426498
suus,maiores,19.4,3.33861558474318,2.8044568317711,9.51619067101618
suus,magnitudo,13.64,3.30194687469579,2.78066796980709,9.20338334944095
suus,sensus,10.7,3.25873480787449,2.75258500106426,8.99186783612186
suus,cogitatio,7.57,3.13057845638381,2.668998284956,8.71426141565882
suus,consuetudo,12.54,3.11908281754598,2.66147945254197,9.19515961888334
suus,uitium,20.01,3.11265654838654,2.65727482125994,9.62188726464725
suus,specto,9.76,3.06018912849241,2.62290717775573,8.9843771643927
suus,domus,29.17,3.05333545745134,2.61841278816789,9.96649709703414
suus,sedes,7.17,3.01954714399506,2.59623893067357,8.71089157253727
