lemma,collocate,LogL,LR,MI,LogDice
honestus,locuples,24.62,7.4230808843507,5.68588752607263,10.9877384244948
honestus,homo,40.16,4.27252120777532,3.58619782356284,10.1010622341205
honestus,uir,13.45,3.76772905573814,3.23959571241241,9.68752442828723
honestus,atque,31.01,3.14695647907646,2.81206611412014,9.38405474084395
