lemma,collocate,LogL,LR,MI,LogDice
dignus,praemium,19.23,6.07772415432274,4.76939252497092,10.6212754741899
dignus,iudico,18.21,4.6822394524653,3.8298449309325,10.2504959240696
dignus,scelus,12.77,4.45623577757647,3.67569425110524,10.0519665570488
dignus,qua2,12.15,4.29919206743089,3.56836523087474,9.98061847625135
dignus,puto,12.11,3.50390221120678,3.02275349102333,9.63690137521164
dignus,tuus,8.49,2.76358540754094,2.51269739403637,9.1980302380373
dignus,qua,5.68,2.14117681125985,2.0828964842037,8.80773783479247
dignus,uideo,5.12,2.00931791271044,1.9917613900302,8.72316166512909
dignus,sum,17.71,1.56356720355892,1.6835200208972,8.47606595236965
