lemma,collocate,LogL,LR,MI,LogDice
potis,qui,6.48,2.7932360870463,2.40579841653664,6.82783127550544
potis,sum,8.64,2.79185007959904,2.40483807842384,6.82719176662644
