lemma,collocate,LogL,LR,MI,LogDice
careo,patria,43.59,6.7008250019038,5.04247579800155,11.0958349199715
careo,non,6.22,1.76722375264929,1.66572951220356,8.16105551844918
