lemma,collocate,LogL,LR,MI,LogDice
ferus,homo,17.03,4.45109763670986,3.66203589995435,9.24318226440277
