lemma,collocate,LogL,LR,MI,LogDice
pulcher,factum,19.67,6.17532849138617,4.88993672206863,10.6980092684213
pulcher,signum,16.74,5.44801306725369,4.39865569437561,10.3890820873558
pulcher,urbs,11.75,4.1955063733238,3.54200322882119,9.73263627364626
pulcher,atque,18.25,2.89672416278383,2.64674213369476,8.98645228445671
pulcher,res,5.07,1.99608286196738,2.02405598418076,8.36164533066626
pulcher,et,14.68,1.95315077278707,1.99435157633106,8.35322889117231
