lemma,collocate,LogL,LR,MI,LogDice
propero,cur,19.62,6.15684302532779,4.83698581610345,10.5768237116191
