lemma,collocate,LogL,LR,MI,LogDice
negotium,conficio,32.23,6.10082797824878,4.79496174716144,10.9089575466417
negotium,suscipio,17.4,5.61714881336481,4.47134766548359,10.4984546445036
negotium,gero,17.99,4.63917511969481,3.80805344807333,10.190563583347
negotium,totus,10.73,3.93362247816006,3.32487935563785,9.7562780367033
negotium,do,20.34,3.78912455437188,3.22561213279568,9.79282290728137
negotium,ago,8.1,3.24088088425054,2.84827760425943,9.37176454108091
negotium,autem,8.1,3.24088088425054,2.84827760425943,9.37176454108091
negotium,tantus,8,3.21308243190697,2.8291199302265,9.35560910085863
negotium,tuus,5.43,2.49328868426546,2.33243557020543,8.92170605742993
