lemma,collocate,LogL,LR,MI,LogDice
doceo,is,5.92,1.71651368219279,1.7233248298588,8.14349643832614
