lemma,collocate,LogL,LR,MI,LogDice
sum,opusculum,208.83,5.87317021991323,3.01691743589501,9.24268113685532
sum,necesse,227.76,5.16267683710822,2.86255387687589,9.44087375251332
sum,praesto2,39.3,4.89589029641332,2.79050055923583,7.74281145404269
sum,satis2,167.46,4.38131712358356,2.62798162973805,9.30388521008844
sum,commodus,16.24,4.11828271774976,2.53267144993373,7.05023942687283
sum,inuidiosus,15.19,3.89589029641332,2.4456600729441,7.05014354499923
sum,contentus,72.54,3.87881678305437,2.43873963009953,8.61435880528029
sum,reliquum,17.66,3.7963546228624,2.40483807842384,7.23217751132003
sum,adipiscor,33.55,3.64435152941735,2.34029955728627,7.92369657295499
sum,facilis,47.12,3.46377928377553,2.26025684961274,8.32724963459153
sum,pauper,28.63,3.44843131944209,2.25328818029664,7.83668519596536
sum,ridiculus,10.14,3.38131712358356,2.22251652162989,6.82699999368502
sum,nefas,19.59,3.29385428233322,2.18169452710963,7.51890154576023
sum,saluus,39.18,3.29385428233322,2.18169452710963,8.20965763914969
sum,perniciosus,14.52,3.26583990616362,2.16844930035961,7.23179418596795
sum,gratus,68.8,3.13846059968739,2.1072056751189,8.83340613748283
sum,utilis,18.31,3.13338961013997,2.10473348597351,7.51871004824912
sum,odiosus,8.86,3.05938902869619,2.06836584180263,6.8268082575134
sum,nanciscor,15.21,3.01874704419885,2.04816313448511,7.38537015313571
sum,percutio,10.79,3.00280550032983,2.04019496483594,7.04956844673743
sum,extorqueo,6.36,2.96627962430471,2.02184582616774,6.53941380310684
sum,formosus,6.36,2.96627962430471,2.02184582616774,6.53941380310684
sum,ingratus,12.72,2.96627962430471,2.02184582616774,7.23150678835137
sum,inquietus,6.36,2.96627962430471,2.02184582616774,6.53941380310684
sum,optatus,6.36,2.96627962430471,2.02184582616774,6.53941380310684
sum,tuitus,31.81,2.96627962430471,2.02184582616774,8.14464158588901
sum,praepono,8.3,2.92188550494626,1.99937297031568,6.82671240321187
sum,molestus,24.39,2.87881678305437,1.9773940635969,7.92235775665097
sum,iniquus,15.6,2.7963546228624,1.93483444917811,7.51823146484682
sum,parum2,7.8,2.7963546228624,1.93483444917811,6.8266165580975
