lemma,collocate,LogL,LR,MI,LogDice
cerno,omnis,6.9,2.91195882887379,2.65898128521384,8.1661643970956
