lemma,collocate,LogL,LR,MI,LogDice
pugna,ad,25.67,3.36166275318943,2.97171228602081,9.04182827543949
