lemma,collocate,LogL,LR,MI,LogDice
notus,ita,10.1,3.76879186864579,3.19712948955747,9.32873001230739
notus,quidem,9.49,3.61030249917665,3.08781129859703,9.22931537553433
notus,omnis,10.25,2.70162084804215,2.46013042646868,8.66198126660041
notus,tu,8.46,2.38874239576914,2.24374231511111,8.45131309588416
notus,sum,26.36,2.18188597009661,2.10062670402085,8.32639040498117
notus,atque,5.8,2.16828628458591,2.09121633101086,8.29705120609238
