lemma,collocate,LogL,LR,MI,LogDice
frango,et,6.85,1.70639559336131,1.79182731221959,7.81717746693142
