lemma,collocate,LogL,LR,MI,LogDice
quisquis,modus,51.33,5.12461566557195,4.03342534722805,10.8074681504714
quisquis,natura,9.07,3.50349840009226,2.93016651850394,9.6714620502771
quisquis,alius,8.1,2.68105812628305,2.36442008179846,9.32018627101614
quisquis,ille,16.21,2.19151784070251,2.026721334081,9.1234157140245
quisquis,sum,18.38,1.44306922710779,1.50956671377376,8.64615332365948
quisquis,et,7.87,1.23629118205306,1.36655957681525,8.49524935284378
