lemma,collocate,LogL,LR,MI,LogDice
iudico,Antonius,40.38,5.06968448117859,3.93726517955333,10.7181493759704
iudico,dignus,19.34,4.90840357414552,3.8298449309325,10.2504959240696
iudico,hostis,52.5,4.55718117246412,3.59443128702647,10.713465526658
iudico,uos,6.96,2.43391760978594,2.14550571032528,9.3774811756773
iudico,publicus,7.9,2.29052645095163,2.04676499542417,9.36042838729458
iudico,res,6.46,1.52536396495477,1.51896103512376,8.98520669575508
iudico,tu,7,1.49163310764223,1.49566547252023,8.97465855851405
iudico,sum,8.12,0.909374945825199,1.09326726349989,8.63870783429058
