lemma,collocate,LogL,LR,MI,LogDice
procul,absum,22.86,6.94192442351158,5.42643470088875,10.6677954898248
