lemma,collocate,LogL,LR,MI,LogDice
quia,an,8.19,3.26718168615219,2.70480061914792,9.60349534614546
quia,non,74.41,2.8772475830822,2.43705059032484,9.83592209976322
quia,sed,21.89,2.50807184614716,2.18300337585553,9.52836120663643
quia,nihil,5.77,2.16272434416407,1.94497641386509,9.16471064896127
