lemma,collocate,LogL,LR,MI,LogDice
diuus,Augustus,68.35,11.5500167549859,8.34704634397463,12.6916671803498
