lemma,collocate,LogL,LR,MI,LogDice
caput,periculum,19.67,4.21540484953556,3.54216285848072,10.2599522593117
caput,meus,9.14,2.51150127609089,2.3744725593362,9.39583031434549
