lemma,collocate,LogL,LR,MI,LogDice
quotiens,tu,7.25,3.00605459265185,2.37805465271871,7.95184010921547
quotiens,ego,6.41,2.77259756201659,2.21641330116229,7.79208088972861
