lemma,collocate,LogL,LR,MI,LogDice
quicumque,modus,11.28,4.07554213788733,3.42907366545123,9.7562780367033
quicumque,bellum,8.79,3.42663881633666,2.98254707054529,9.38487948315874
quicumque,facio,7.08,2.45932091999685,2.31486507104484,8.80634894568031
quicumque,in,5.97,1.45532785063099,1.62042911188435,8.15663675880028
quicumque,et,5.65,1.3165172181077,1.52434794708533,8.06349041376553
