lemma,collocate,LogL,LR,MI,LogDice
dimitto,concilium,41.39,9.08081877843256,6.61982539588415,11.4742713556917
dimitto,domus,14.11,4.79131216123758,3.86941053113869,10.0747317678218
dimitto,pars,16.68,4.38779653185395,3.59300253526013,9.9203461531879
dimitto,is,10.03,1.98243571747714,1.93404586117445,8.42974891796832
