lemma,collocate,LogL,LR,MI,LogDice
rursus,atque,6.34,2.29147953931237,2.1947570099517,8.29955642660931
