lemma,collocate,LogL,LR,MI,LogDice
sapiens,nisi,17.56,4.5547420809343,3.7196469965429,9.97464830926485
sapiens,publicus,16.8,3.76390224565971,3.17601425355416,9.52493849935893
sapiens,dico,7.75,2.60344946751893,2.37509663663027,8.76222913332
sapiens,sui,9.67,2.60163081676083,2.37383956544021,8.77103271158676
sapiens,sum,7.59,1.32205359573916,1.48854734654969,7.91959018319004
