lemma,collocate,LogL,LR,MI,LogDice
caecus,amor,23.06,6.99470110766996,5.37398630818942,10.7678789483818
caecus,et,14.92,2.54033922366163,2.3110211856561,7.95307118163489
