lemma,collocate,LogL,LR,MI,LogDice
adeo,ne,10.15,3.78044635270088,3.20205965566533,8.66647637771735
adeo,atque,10.85,3.24949640968986,2.8347943651977,8.3104854971415
adeo,in,5.22,2.03046485374986,1.99080290018124,7.47350514042921
