lemma,collocate,LogL,LR,MI,LogDice
defero,Pompeius,14.5,4.8908837891007,3.90680597206863,10.1322772534684
defero,nomen,18.95,4.81944865105775,3.85801580789919,10.1740796936253
defero,res,10.42,2.42812722075271,2.2121082156837,8.75957661187087
