lemma,collocate,LogL,LR,MI,LogDice
olim,qui,5.87,1.70606794069153,1.76394453036425,7.51740246247176
