lemma,collocate,LogL,LR,MI,LogDice
pes,altitudo,27.99,8.29600413291328,6.20480390105577,11.0822292679157
pes,refero,30.78,5.8832226075748,4.66963591720946,10.8261215410625
pes,ad,17.32,2.59325425408498,2.42021562252389,9.02672049244751
