lemma,collocate,LogL,LR,MI,LogDice
custos,sui,6.11,2.68980446439721,2.4916226010966,8.27914192455354
