lemma,collocate,LogL,LR,MI,LogDice
interrogo,is,15.87,3.19336191806844,2.70860843321991,8.15476618954162
interrogo,ego,6.06,2.675285355851,2.34994469378682,7.79342407327507
