lemma,collocate,LogL,LR,MI,LogDice
posterus,dies,44.79,6.04490867692179,4.71444113034508,10.2174350618087
posterus,in,28.09,3.32650193617783,2.84040225755673,8.38942990706598
