lemma,collocate,LogL,LR,MI,LogDice
pietas,uel,24.23,5.79710201885066,4.64581656942175,10.3205397678026
pietas,ab,5.38,2.47834817175844,2.35851005664574,8.14875583366734
