lemma,collocate,LogL,LR,MI,LogDice
odi,aut,7.32,3.02667967261555,2.6284616835133,8.69255772567496
odi,atque,6.94,2.42617408855567,2.21310614861989,8.29997457422151
