lemma,collocate,LogL,LR,MI,LogDice
aqua,et,9.84,1.82468744218306,1.91211347809409,8.06746013154205
