lemma,collocate,LogL,LR,MI,LogDice
ob,quamobrem,858.08,15.2864438077998,7.76103481327339,13.6000143576565
ob,res,337.17,5.28654444572953,4.25026809839023,11.0969227042624
ob,causa,19.79,3.71908184969328,3.18313794799248,9.90288151089517
ob,alius,9.11,2.89422702295077,2.61573451007937,9.36042838729458
ob,unus,6.29,2.74099662612172,2.51009194675362,9.22649449919269
ob,is,29.74,2.44105753500741,2.30314332511174,9.17451378578792
ob,hic,16,2.05993753581642,2.03992970064658,8.90880930916489
