lemma,collocate,LogL,LR,MI,LogDice
tempto,nec,9.55,3.62562692609777,3.11344945143887,9.22508703942481
