lemma,collocate,LogL,LR,MI,LogDice
undique,circumuenio,29.1,8.52663181414889,6.44264300569764,11.422311616761
undique,omnis,10.9,2.81059524095678,2.60071237708986,8.66583298055827
