lemma,collocate,LogL,LR,MI,LogDice
aeger,animus,20.95,5.18460918790975,4.21680417284295,9.48229583979318
aeger,et,7.71,2.25248366655669,2.18932425067858,7.48454684259975
