lemma,collocate,LogL,LR,MI,LogDice
candidus,tu,10.65,3.90885741938015,3.35888390573043,7.95974528872259
