lemma,collocate,LogL,LR,MI,LogDice
plerusque,sed,18.89,4.0846097436949,3.49991659136206,8.7440683499484
