lemma,collocate,LogL,LR,MI,LogDice
quoniam,Quirites,12.84,4.48400084311702,3.7182776634322,10.0846492044792
quoniam,nunc,32.15,3.93698621772394,3.34775958540127,10.3845876977679
quoniam,cogito,10.22,3.80761531463226,3.25970273001009,9.89186211564556
quoniam,quidem,17.88,3.12593215596725,2.79370959511092,9.90803922913318
quoniam,tamen,17.73,3.10801024796999,2.78142065397657,9.89853797000903
quoniam,mitto,6.51,2.80761531463226,2.57521361219326,9.50762530815725
quoniam,sed,26.54,2.57134330428961,2.41275679642574,9.6896803759423
quoniam,tu,5.26,1.35279294924756,1.57234638048353,8.87195210922178
