lemma,collocate,LogL,LR,MI,LogDice
alter,ambo,23.4,7.19221519765557,5.13168546121388,10.0813324518532
alter,pars,85.35,5.05085934841003,3.78539643470768,11.0101674485732
alter,imperator,10.8,3.95955444086529,3.05224391953404,9.73263627364626
alter,genus,12.19,3.52545860577076,2.7567797066402,9.78417554024019
alter,unus,9.88,2.64131453300804,2.15106682546993,9.52836120663643
alter,uita,5.12,2.40561883576476,1.98897099731124,9.23925158219346
alter,ex,11.11,2.11326385626074,1.78764649339167,9.36770114662366
alter,in,10.76,1.28078991851419,1.21320188878279,8.93196969454079
alter,qui,6.5,0.909404758083008,0.956529256255361,8.6904954440614
