lemma,collocate,LogL,LR,MI,LogDice
absum,procul,23.32,7.12564873915791,5.42643470088875,10.6677954898248
absum,longe,81.28,6.83019285563174,5.24243105791181,11.5303608223428
absum,tantum,12.85,4.48179254938319,3.69183364550064,10.1081797018894
absum,nunc,6.56,2.81882753666076,2.55266083440162,9.36365419654346
absum,uos,5.56,2.53319170188983,2.35580111916164,9.20835024706929
absum,ab,11.28,2.1327104029921,2.07945887339323,9.08230270156301
