lemma,collocate,LogL,LR,MI,LogDice
gladius,educo,28.16,8.27662973542147,6.29452333094503,11.3973103145556
gladius,sui,5.2,2.42669502462503,2.33035445350048,8.27532616631242
gladius,cum,5.6,2.12132183005134,2.1190054786791,8.07407447436317
