lemma,collocate,LogL,LR,MI,LogDice
prex,et,5.91,1.91138672812637,1.93339087654138,7.48351110972622
