lemma,collocate,LogL,LR,MI,LogDice
sapio,si,12.58,4.39969297785389,3.47902468279078,8.15838981954847
sapio,qui,9.09,2.88651038850098,2.43111622452093,7.11512959355532
