lemma,collocate,LogL,LR,MI,LogDice
enim,refert,19.53,5.07836304216712,3.98104657901265,9.0791070814046
enim,demum,11.46,4.20389392425098,3.47022095524666,8.78687747951519
enim,quando,14.03,3.94908002522215,3.31321720643699,9.06193539873858
enim,aperte,10.38,3.90843804072481,3.2878993984527,8.78235053651942
enim,neque,183.36,3.66488100939032,3.1347344259502,11.2845063061851
enim,ualde,10.74,3.27100812010951,2.88243429034454,9.0432930479293
enim,aliter,7.16,3.01946935311355,2.71880486656274,8.76178655752167
enim,uereor,11.38,2.92455770608808,2.65662762161084,9.23697172939633
enim,nosco,15.71,2.89703327745256,2.63855484055115,9.53985558606217
enim,cottidie,6.41,2.8053445477607,2.57822291594155,8.75473185454178
enim,quamuis,6.33,2.78068249352643,2.56196239506977,8.75385350578087
enim,sic,33.71,2.66997085653029,2.48880363988338,10.2435993450106
enim,at,25.55,2.65468144847902,2.47868004664,10.036260712733
enim,difficilis,5.77,2.61893142352982,2.4549902755176,8.74772657195337
enim,nondum,5.42,2.51357842338359,2.38503168691069,8.74337306050617
enim,quis,179.08,2.49942432907373,2.37561668797609,11.1188371811891
enim,perspicio,5.35,2.49340054144596,2.37160866657855,8.74250462797222
enim,numquam,17.51,2.46365319805191,2.35180603928237,9.80129542245366
enim,quisque,13.62,2.42015155941532,2.32281850240912,9.61251951464365
enim,umquam,9.7,2.34139744800091,2.27025617231826,9.35962355827729
enim,dubito,5.95,2.22038204703955,2.18928710978459,8.99186783612186
enim,iam,33.97,2.21175604202395,2.18350674686909,10.3493417587063
enim,saepe,13.17,2.19843949415887,2.1745809623949,9.68177141993597
enim,nemo,12.41,2.11900502666446,2.12128238067054,9.67072971776543
enim,scio,14.89,2.09485116495569,2.10505737575684,9.82142570375015
enim,nullus,23.92,2.07086850562019,2.08893913595031,10.1605476874067
enim,nec,24.26,2.02022886618236,2.05487890868654,10.1822876740431
enim,credo,6.41,1.81157650147222,1.91418381953967,9.30407545074344
enim,quisquam,6.41,1.81157650147222,1.91418381953967,9.30407545074344
enim,nihil,20.96,1.7911123989125,1.90035581793238,10.1509167943457
