lemma,collocate,LogL,LR,MI,LogDice
amor,caecus,23.08,7.04677822652249,5.37398630818942,10.7678789483818
amor,noster,9.35,2.94433682179616,2.61714594291778,9.35560910085863
amor,tuus,8.02,2.66446797709911,2.42414399669493,9.18781564462758
amor,et,7.24,1.28694372198058,1.47216219391476,8.34619589515004
