lemma,collocate,LogL,LR,MI,LogDice
impetus,nostri,25.2,5.99660595701079,4.76755597716362,10.7861367169553
impetus,hostis,37.36,4.77181902053396,3.94435566835548,10.5206848390739
impetus,miles,12.87,4.48427125637704,3.74857495818752,10.101400014904
impetus,animus,34.59,4.14158460132288,3.51444033717808,10.1835094212934
impetus,totus,15.23,4.11453168157348,3.49592452436387,10.0156563329922
impetus,facio,53.73,3.93959235112123,3.37608982764133,10.1109044992156
impetus,fio,9.42,3.59420528340988,3.1390419176687,9.67586734374502
impetus,fero,12.02,3.48623277271032,3.06483013030596,9.67752434495265
impetus,magnus,9.41,2.55744673339976,2.42489583521038,9.14796973608038
