lemma,collocate,LogL,LR,MI,LogDice
equus,ut,5.95,1.9202050681687,1.92825220506175,8.30123006716734
equus,in,5.53,1.50523844383968,1.64104839908708,8.02528204035278
