lemma,collocate,LogL,LR,MI,LogDice
traho,per,9.76,3.68021569992516,3.03397480967626,9.2919724285722
