lemma,collocate,LogL,LR,MI,LogDice
cano,que,5.89,2.62497942995096,2.46313770308791,7.62242307329967
