lemma,collocate,LogL,LR,MI,LogDice
uxor,cum,5.81,2.17024643763216,2.05713007496102,8.07307397402959
