lemma,collocate,LogL,LR,MI,LogDice
siue2,tu,8.9,2.84782785083064,1.77476380128062,8.22157398234803
