lemma,collocate,LogL,LR,MI,LogDice
libet,non,23,3.37925207751171,2.88212483652805,8.46069916400942
libet,ego,12.99,3.15538826895859,2.72723892492828,8.3029065134946
