lemma,collocate,LogL,LR,MI,LogDice
tergum,uerto,89.7,9.64051881377797,7.20761206078627,12.3066806035852
tergum,post,41.79,7.4896939115302,5.83189980899691,11.1609215364914
tergum,hostis,31.11,5.91537865500855,4.76450253967673,10.2158103660817
tergum,ab,20.81,3.84583772175548,3.33933930965746,8.84670840550222
