lemma,collocate,LogL,LR,MI,LogDice
miser,atque,15.21,2.23560457801207,2.13477430534999,9.17850948804582
miser,ego,14.4,2.0372360468425,1.99782556638394,9.05382242222531
miser,sum,23.57,1.56237886679609,1.66972669876487,8.76014441731813
