lemma,collocate,LogL,LR,MI,LogDice
mundus,ipse,8.65,3.38518729649191,2.89230436031058,8.59582224275249
mundus,que,6.65,2.36223641700372,2.18442430061889,7.90558408690621
