lemma,collocate,LogL,LR,MI,LogDice
decem,annus,30.87,7.01380541478168,5.37948494738734,10.6949464788907
decem,dies,14.79,4.95553237320634,3.96892596426782,9.37502718671573
decem,per,14.68,4.92847336098192,3.95026554155041,9.3572129504406
