lemma,collocate,LogL,LR,MI,LogDice
currus,ago,14.92,4.98931921503695,4.12715171675849,9.49281022237211
currus,que,11.78,2.95671062949904,2.722648898573,8.13155090378857
currus,ut,5.42,2.48814032643518,2.39825583430748,7.80559460889533
