lemma,collocate,LogL,LR,MI,LogDice
odium,sine,15.61,4.18620435293754,3.52506842512142,9.97019395891547
