lemma,collocate,LogL,LR,MI,LogDice
breuiter,expono,45.31,9.69294689196735,7.27660493227322,12.0019040977741
breuiter,ut,6.71,2.8585687961432,2.64957026258839,7.80763751052513
