lemma,collocate,LogL,LR,MI,LogDice
denique,tum,32.28,4.29113093085505,3.55561803702642,10.369014524305
denique,totus,19.15,4.13264551761155,3.44757132764731,10.1627005407678
denique,ipse,21.13,2.95350629422898,2.638989931363,9.61797336532612
denique,omnis,21.26,2.60166794080529,2.39661702074635,9.41179102740526
denique,ita,5.54,2.52703316297696,2.34515872347087,9.20835024706929
denique,nullus,5.4,2.48514155082168,2.31626971361874,9.18510928302984
denique,si,5.83,1.70016528459903,1.77427659055235,8.79051384715858
denique,quis,6.42,1.64398454678205,1.73544669793979,8.76317817011895
denique,hic,8.35,1.55492988097854,1.67388700670425,8.72035589871759
