lemma,collocate,LogL,LR,MI,LogDice
cursus,teneo,14.34,4.84926221083343,3.98725585074763,10.0487562814186
cursus,magnus,5.76,2.5901749895163,2.43103082377789,8.67212383121042
