lemma,collocate,LogL,LR,MI,LogDice
lingua,neque,14.44,4.86901492060268,4.06379592786997,9.24354036646568
