lemma,collocate,LogL,LR,MI,LogDice
materia,hic,5.51,2.51683062609534,2.43702655908423,7.5482139612998
materia,is,5.1,2.3939738783098,2.35193348928117,7.46354997747932
