lemma,collocate,LogL,LR,MI,LogDice
fabula,in,8.82,2.18702540104775,2.15264592563166,7.87750719048561
