lemma,collocate,LogL,LR,MI,LogDice
sanguis,redundo,45.66,9.98770937404108,7.16974178673086,11.6250942454263
sanguis,ciuis,11.93,4.24175499664762,3.58314118173734,9.80279805233819
sanguis,atque,7,2.12228539572794,2.12116865329421,8.51478821481287
