lemma,collocate,LogL,LR,MI,LogDice
oculus,ante,163.62,7.44854059269667,5.68486659693852,12.0540898509447
oculus,mens,12.12,4.29653749925162,3.63563883385518,10.0780266637187
oculus,nec,8.16,2.6936530905332,2.53702654518707,9.40488014986541
oculus,omnis,10.66,2.0590885036123,2.09936549727842,9.09472522156157
oculus,in,6.53,1.21359013912378,1.51506859622652,8.55200623401963
