lemma,collocate,LogL,LR,MI,LogDice
regius,nomen,14.93,4.99418711227741,4.04725780753772,9.98061847625135
