lemma,collocate,LogL,LR,MI,LogDice
sacer,aedes,66.25,9.53293962142665,7.08900631837842,12.1541733095017
sacer,neque,11.54,4.13847692681634,3.5172522215019,9.22087650688847
