lemma,collocate,LogL,LR,MI,LogDice
refero,pes,31.81,6.05011635086881,4.66963591720946,10.8261215410625
refero,gratia,49.86,5.95196323136801,4.60518231815593,11.0555610208336
refero,senatus,25.49,3.98696482781208,3.28178996539815,10.1422823394294
