lemma,collocate,LogL,LR,MI,LogDice
propono,ego,5.59,1.84887993969863,1.90251538657962,8.28924191160737
propono,et,7.12,1.50527384588597,1.66470530478025,8.06510580438041
