lemma,collocate,LogL,LR,MI,LogDice
fruor,qua,6.88,2.90471122204225,2.50705372532401,8.55902633305044
