lemma,collocate,LogL,LR,MI,LogDice
credo,caueo,16.12,5.31877662997802,4.15992004830157,10.1081797018894
credo,ego,71.9,2.93262827090903,2.54946397864392,10.0609268170388
credo,enim,7.67,2.00892136739124,1.91418381953967,9.30407545074344
credo,aut,7.03,1.90499201400926,1.84253276950238,9.24497405846753
credo,non,8.83,1.3209250965566,1.43941638612807,8.9711974019483
credo,sum,15.74,1.14634912133254,1.3188045719626,8.88509853882696
