lemma,collocate,LogL,LR,MI,LogDice
aio,se,11.99,4.26203572322288,3.40623969241272,9.96281385161785
aio,ille,50.33,3.09317387219042,2.60514024897952,9.7202137536477
aio,ut,52.29,3.07138469541257,2.59014684211759,9.70856256366363
aio,sui,7.38,1.96017325138962,1.82379322852094,8.9108616444158
aio,tu,6.77,1.69598468946156,1.6412324086561,8.75147329795498
aio,et,14.14,1.55142512913772,1.5412975053991,8.68896966907146
