lemma,collocate,LogL,LR,MI,LogDice
senex,adolescens,17.17,5.55971520159141,4.38456372490751,10.4542213895267
senex,nec,7.02,2.94556098815547,2.59586704521,9.17035381746392
