lemma,collocate,LogL,LR,MI,LogDice
amicus2,que,5.11,2.00459437462535,2.05767259497975,7.90417543756778
