lemma,collocate,LogL,LR,MI,LogDice
queror,quod,6.59,2.82675040170954,2.50699702392773,8.91240366476762
queror,de,10.98,2.82415912119091,2.50520691380548,8.94375419465169
queror,qua,8.03,2.66549677147195,2.39557985886089,8.82809655830762
queror,aut,5.29,2.45198441891782,2.24799787761055,8.67212383121042
queror,possum,6.15,2.24910093009023,2.10770997534649,8.55434079555404
