lemma,collocate,LogL,LR,MI,LogDice
subeo,periculum,25.35,6.002909119662,4.75660696267395,10.3789979682891
