lemma,collocate,LogL,LR,MI,LogDice
agmen,nouus,47.35,7.14319472281477,5.60028163069173,10.9089575466417
agmen,noster,13.05,4.52123801461141,3.80431162892733,9.18375884393197
