lemma,collocate,LogL,LR,MI,LogDice
aes,alienus,323.55,9.39210532147736,6.91247248465124,12.7713345830837
aes,incido2,31.34,9.12080329965997,6.76028066930931,11.4610261289417
aes,ex,13.63,3.26104667964255,2.88907965840142,9.044877415834
