lemma,collocate,LogL,LR,MI,LogDice
pugno,fortiter,23.64,7.17513835959119,5.49015051527486,10.9089575466417
pugno,locus,7.84,3.16999505631523,2.7909109438548,9.30103593472555
pugno,que,7.15,1.75243852507054,1.81166321892853,8.44925771088703
pugno,sum,12.79,1.46248709514135,1.61104737208421,8.26608778389177
