lemma,collocate,LogL,LR,MI,LogDice
cupio,scio,15.3,4.12640230627824,3.40256230677284,9.93525590755419
cupio,quidem,6.68,2.85212314327682,2.52585632830844,9.1663671012201
cupio,si,11.98,2.40684201298256,2.21844306617761,8.96119382893705
cupio,ipse,6.2,2.26157096086003,2.11807551094468,8.83236095709408
