lemma,collocate,LogL,LR,MI,LogDice
addo,etiam,24.93,4.37394186945016,3.43192917852803,9.45670521773
