lemma,collocate,LogL,LR,MI,LogDice
frons,in,9.82,2.33906350838825,2.2670562768094,7.87823845194416
