lemma,collocate,LogL,LR,MI,LogDice
uerto,tergum,92.22,9.99171946302626,7.20761206078627,12.3066806035852
uerto,retro,31.06,9.03611358238471,6.68354121027026,11.4610261289417
