lemma,collocate,LogL,LR,MI,LogDice
fateor,sum,19,2.41915668939535,1.95782396740281,7.83563311801456
