lemma,collocate,LogL,LR,MI,LogDice
onus,sui,6.11,2.68980446439721,2.46692998850623,8.27859592399398
