lemma,collocate,LogL,LR,MI,LogDice
ueto,tu,5.38,2.4780280038637,2.20620439579205,7.9494806901107
ueto,que,6.86,2.40805011046557,2.15775605353673,7.90530219825037
