lemma,collocate,LogL,LR,MI,LogDice
irascor,possum,10.4,3.84433351912686,3.24503677619529,8.29955642660931
