lemma,collocate,LogL,LR,MI,LogDice
astrum,in,12.42,3.56114961936926,3.1608741528315,7.47717217790848
