lemma,collocate,LogL,LR,MI,LogDice
uoco,iudicium,64.89,5.69882359430902,4.39102934664055,11.0579562315595
uoco,iubeo,17.77,4.60038963523767,3.65136215044571,10.2158103660817
uoco,sui,7.98,2.05606911901386,1.90383593619448,8.91704404432412
