lemma,collocate,LogL,LR,MI,LogDice
maneo,domus2,16.17,5.30674823987997,4.13109960976607,10.2864279332957
maneo,in,11.84,1.91443081710121,1.79705264756367,8.3790558036528
