lemma,collocate,LogL,LR,MI,LogDice
antiquus,atque,13.46,2.86346048107704,2.65631158471091,8.70627650246219
