lemma,collocate,LogL,LR,MI,LogDice
redeo,ad,30.05,2.92285716102769,2.53060548658672,9.38411815841698
redeo,nunc,7.95,3.2009984592517,2.72229723166826,9.39984235583545
redeo,sed,6.08,1.94634077024784,1.85628731417968,8.69520366735425
