lemma,collocate,LogL,LR,MI,LogDice
hic,in,140.87,1.26529214400379,1.24292008104277,11.0736221439075
hic,igitur,101.04,3.26380979602761,2.50053996480655,10.0559318658381
hic,ordo,96.18,3.71726622374974,2.757498454359,9.84997661261328
hic,qua2,75.51,3.05797483448368,2.37934744749755,9.86258597071716
hic,tempus,60,2.23080483573137,1.86977449662381,10.0485217873385
hic,res,56.48,1.26557025389205,1.24310409061179,10.5952734994746
hic,urbs,52.67,2.35798588811345,1.95012111903589,9.86096215848086
hic,ergo,51.75,3.05123010485033,2.37533299007889,9.50550747094736
hic,ego,47.52,1.04826312171538,1.09885448176724,10.6322583716556
hic,ex,46.74,1.40996016322722,1.33841427041612,10.3672630399611
hic,ad,45.31,1.09729259216781,1.13147981088796,10.571085729666
hic,locus,41.69,1.86415603847718,1.63490697255005,9.95326209204523
hic,quidem,38.97,1.73426306530249,1.55067970358314,9.9858717716347
hic,genus,35.43,2.30493268616282,1.91668117497764,9.52439393141062
hic,enim,33.47,1.35691920041909,1.30345558539515,10.1555971822468
hic,autem,28.85,1.6872714834519,1.52009087394682,9.76076408336344
hic,post,27.62,2.58749834877941,2.09343685469415,9.1263305609769
hic,ipse,26.98,1.16079793197499,1.17367054488613,10.1674138252199
hic,ab,26.7,0.961835275770656,1.04123793774487,10.3532797828007
hic,uox,26.44,2.31908576321905,1.92561287296668,9.2393354994511
hic,omitto,25.41,3.47026067349504,2.61934811587818,8.63896869251561
hic,causa,24.46,1.50054074130797,1.39796525004265,9.77271015438184
hic,cum,24.37,0.794839254342129,0.929553573306814,10.4633385706852
hic,crimen,22.04,2.45143679920338,2.00874677320989,8.98527053437108
hic,annus,20.15,2.113567160447,1.79517267291183,9.11392062584756
hic,sed,19.19,0.866231440971193,0.977355012250509,10.2386237194156
hic,si,18.99,0.833701731386927,0.955584369000533,10.2698415129666
hic,coram2,18.65,4.27937605341708,3.05321269850804,8.0595656240048
hic,ob,17.61,2.36243179314464,1.95291832365695,8.82179793217526
hic,unus,17.37,1.32825148664818,1.28453503673921,9.64191848949844
