lemma,collocate,LogL,LR,MI,LogDice
quasi,et,9.21,1.64691733327348,1.7564601683823,8.17031935846843
quasi,meus,6.92,2.91705279548242,2.63475565759987,8.97502358863309
