lemma,collocate,LogL,LR,MI,LogDice
breuis,tempus,109.87,6.40303070625505,5.02392905040079,11.1649501081365
breuis,spatium,33.42,7.51232934874586,5.75513579278508,11.2836509960831
breuis,tam,22.27,4.60330300879335,3.8003977296062,9.94821505219669
breuis,quod,7.42,3.05451782577673,2.73331015000321,8.92900155617665
breuis,qua,5.38,2.47713992028356,2.3342109124846,8.55182687790759
