lemma,collocate,LogL,LR,MI,LogDice
membrum,omnis,7.49,3.07245351167679,2.80208212885451,8.16811752271648
