lemma,collocate,LogL,LR,MI,LogDice
diues,facio,7.21,2.99778904673486,2.67381016351812,8.54681792289105
