lemma,collocate,LogL,LR,MI,LogDice
exilium,in,84.66,3.68203262936335,3.10276652202422,9.33928595072077
exilium,animus,9.09,3.50417722082573,2.98004154569403,9.14407109566472
