lemma,collocate,LogL,LR,MI,LogDice
durus,atque,19.42,3.29953571004613,2.9330645866305,8.86294185251652
durus,sum,5.13,1.33261257934338,1.57192895548874,7.5168926485428
