lemma,collocate,LogL,LR,MI,LogDice
silua,abdo,43.18,9.44398954908667,6.86863669394694,11.568582035163
silua,peto,19.44,4.91001097708432,3.9993183452486,10.2017057599002
silua,in,17.92,2.20903909551377,2.13922290529952,8.56373392820099
silua,aut,8.94,2.85777525215605,2.58763968899304,8.96304739758637
