lemma,collocate,LogL,LR,MI,LogDice
noceo,possum,18.74,3.57644882341559,2.99080263781105,8.97611947915372
noceo,sed,5.39,2.48023350815629,2.2327648854146,8.21977101985062
