lemma,collocate,LogL,LR,MI,LogDice
misceo,omnis,8.6,2.78543230289358,2.56367110540952,8.44704041507838
misceo,et,5.45,1.6323561747833,1.76551000390222,7.6639120040401
