lemma,collocate,LogL,LR,MI,LogDice
nefas,sum,20.76,2.72216216167505,2.40483807842384,7.74204509707444
