lemma,collocate,LogL,LR,MI,LogDice
arbitror,sum,73.46,2.18798148034642,2.00740514201294,9.33618361857918
arbitror,pertineo,46.75,6.29901279273516,4.7817231374284,11.0150398234279
arbitror,non,27.31,2.15856418609955,1.98711150310118,9.28857496155038
arbitror,possum,17.25,2.42045092018514,2.16770188597446,9.41452244735764
arbitror,Quirites,13.81,4.72747080777633,3.74480441776563,10.101400014904
arbitror,nemo,13.23,3.72915718440422,3.06654016789739,9.91612673764519
arbitror,ut,12.19,1.84057510802687,1.76762901072887,9.05220769557057
