lemma,collocate,LogL,LR,MI,LogDice
respondeo,primum,10.48,3.8715525984225,3.16486862733925,9.79779804192149
respondeo,ita,10.24,3.12789235168229,2.65404300357326,9.50019032966973
respondeo,ille,9.23,1.88577683857295,1.7970631017456,8.80947666326049
