lemma,collocate,LogL,LR,MI,LogDice
tego,corpus,17.69,5.67632723438848,4.43756066790621,10.1534047998943
