lemma,collocate,LogL,LR,MI,LogDice
iterum,consul,20.39,5.08511857594463,4.10788862977021,10.0608483271836
