lemma,collocate,LogL,LR,MI,LogDice
fleo,et,12.2,2.68568259287242,2.45865718446216,7.66716452021316
