lemma,collocate,LogL,LR,MI,LogDice
uarius,et,11.38,1.99301895619057,2.02333911320432,8.06834443521058
