lemma,collocate,LogL,LR,MI,LogDice
aeque,non,7.9,2.63566431474131,2.3588766927635,7.76878063577261
aeque,atque,7.26,3.01074842886148,2.61857125672806,8.02364909070207
