lemma,collocate,LogL,LR,MI,LogDice
alienus,aes,349.89,10.1856052127935,6.94526230747423,12.8041244059067
alienus,in,12.34,1.5415772838315,1.6962479484417,8.77407413087372
alienus,bonum,10.31,3.82931045883527,3.27132443335849,9.87555740662062
alienus,locus,9.16,2.90690686385543,2.63828117686825,9.51276911187659
alienus,non,6.84,1.38412779593625,1.58739766893365,8.65623137054805
alienus,tempus,6.21,2.71984447944919,2.50948072151231,9.34921930275986
