lemma,collocate,LogL,LR,MI,LogDice
de,res,147.88,2.40140821460943,2.0563913648237,10.9628095706829
de,ego,50.54,1.50027651447393,1.45072187042481,10.4693500456215
de,qui,44.81,0.98229751563684,1.09835945169458,10.3514906797008
de,causa,43.08,2.44019433021442,2.08217548197941,10.2651916139977
de,pecunia,31.9,3.45341551807776,2.74313120080864,9.69593490679583
de,pax,27.5,3.11781248629332,2.52731368958651,9.67586734374502
de,tu,27.08,1.26082373215986,1.28812355379565,10.2494951734232
de,bene,26.03,3.00443068687558,2.45362597379535,9.66807120230889
de,officium,25.38,3.38630132221922,2.70026749637686,9.50762530815725
de,ambitus,25.09,5.2057290765774,3.78361231291418,8.98073537920569
de,meus,24.78,1.8224004370259,1.66850036330034,10.0750178499293
de,amicitia,22.69,2.59044203899945,2.1817789998653,9.70896994542671
de,Caesar,22.48,2.14471533564946,1.88507288137407,9.88452607660338
de,multus,21.06,1.65247543558358,1.55376793018217,10.032172153403
de,lex,20.37,2.41667497126274,2.06654373628772,9.69088013613421
de,senectus,18.62,2.97126382294038,2.43200350978218,9.37809561502074
de,manus,17.88,2.22530944554692,1.9389825106497,9.66871856433135
de,is,17.42,0.866642860229681,1.01938860330804,10.1383786259489
de,domus2,16.5,2.7424451324445,2.28206336249127,9.36466439968018
de,scriptum,15.69,5.38630132221922,3.87892249271851,8.47654107947508
de,murus,14.34,4.0170675125535,3.09616315346887,8.74903632983543
de,parthus,14.22,4.97126382294038,3.6557789414043,8.47454706086822
de,mors,14.03,2.14344479832306,1.88422217949376,9.50855857934025
de,Cyrus,13.8,4.85578660552044,3.59124042026673,8.47388327060156
de,quintus,13.71,2.43210501183235,2.07680023645491,9.34306787945332
de,quis,13.49,0.959448072693183,1.08276502410603,10.041445017286
de,principatus,13.42,4.74887140160393,3.53061579845029,8.47321992066015
de,tertius,12.65,3.14344479832306,2.54392142598617,8.94566685063803
de,iudicium,12.19,2.09679470502424,1.85296963598966,9.41503252132943
de,caelum2,11.82,4.30829881021795,3.27278668914819,8.4699097554397
