lemma,collocate,LogL,LR,MI,LogDice
insula,hic,6.8,2.39610691071381,2.28645370060485,7.83300775551947
