lemma,collocate,LogL,LR,MI,LogDice
quiesco,aut,12.04,4.26510451410027,3.48195151414842,8.71848975176835
