lemma,collocate,LogL,LR,MI,LogDice
falsus,sum,11.16,1.74408199144661,1.82720378498574,7.83505972350343
falsus,atque,10.63,2.76449302050372,2.53341344838775,8.52521149033619
