lemma,collocate,LogL,LR,MI,LogDice
curo,ut,148.57,4.35743024855966,3.49686812297559,10.2633229376294
curo,que,15.12,2.22664364102431,2.02950171801305,8.80205560759875
curo,ego,6.06,1.74023572232296,1.69316515739774,8.46004449950159
