lemma,collocate,LogL,LR,MI,LogDice
afficio,dolor,28.86,6.65158514216672,5.18889565767041,10.7911745109853
afficio,praemium,24.97,7.47156767255207,5.73795168539083,11.1004115869989
