lemma,collocate,LogL,LR,MI,LogDice
egregius,ciuis,28.83,5.58310778002989,4.46620626598317,10.3729959496042
egregius,uir,11.73,4.18793070311189,3.50872437696844,9.46560999607296
