lemma,collocate,LogL,LR,MI,LogDice
repeto,pecunia,110.43,8.14214499366451,6.11199320182786,11.9153636414431
