lemma,collocate,LogL,LR,MI,LogDice
nobilis,homo,52.12,4.52172507051867,3.75734607975867,10.2823711326001
nobilis,mulier,18.9,5.99095986418632,4.75238117914438,10.6384678747303
nobilis,adolescens,17.27,5.58496750451048,4.47987390471184,10.4984546445036
nobilis,domus2,15.08,5.03676355379945,4.10862675391401,10.2783307230631
nobilis,atque,14.92,2.54243053414166,2.39542770541385,8.97817751651318
nobilis,ciuitas,11.52,4.137962276573,3.4944679846727,9.84633886062148
nobilis,tam,8.4,3.32136611299799,2.93289716190147,9.39150202391923
nobilis,et,6.43,1.33539336478386,1.5607155912562,8.16797090589927
