lemma,collocate,LogL,LR,MI,LogDice
supplicium,sumo,59.23,7.59864977168254,5.85530567803067,11.6021047272016
supplicium,omnis,9.06,2.49421082571506,2.39661702074635,8.66006095876114
