lemma,collocate,LogL,LR,MI,LogDice
circa,hora,25.64,7.63595449045295,5.92257143337155,11.1966396190935
circa,sui,6.11,2.68980446439721,2.54291589548415,8.28023482083719
