lemma,collocate,LogL,LR,MI,LogDice
fructus,capio,22.4,5.46225105094656,4.3833828822044,10.4375344707417
fructus,que,7.59,1.99352568077373,1.99611470198031,8.30262691052898
