lemma,collocate,LogL,LR,MI,LogDice
puella,et,5.51,2.10029110165126,1.92535870484411,7.26125526375215
