lemma,collocate,LogL,LR,MI,LogDice
inuidia,meus,11.11,3.3025510957942,2.90901470971951,9.26161097022569
