lemma,collocate,LogL,LR,MI,LogDice
num,quis,54.25,3.78804613415678,2.85214106692226,9.60362369113698
num,igitur,52.48,6.17803286977131,4.48186365052786,10.9118024987739
num,etiam,18.77,3.58224333856579,2.71034406264756,9.40909778580961
num,dubito,18.05,5.7752737002709,4.21071088002729,10.3668094517467
num,tu,13.36,2.57974149900978,2.01825958144373,8.77003795311624
num,quaero,11.93,4.24049695671796,3.16339188574673,9.6847365814858
num,uolo,7.39,3.0475859196927,2.34147609863095,9.00617182422013
