lemma,collocate,LogL,LR,MI,LogDice
gaudeo,uehementer,21.94,6.73319959911185,5.15844887841269,10.8359324116268
gaudeo,tuus,12.83,3.64462055274518,3.05169389476906,9.245332802866
