lemma,collocate,LogL,LR,MI,LogDice
iungo,que,10.43,2.73038975721449,2.46313770308791,8.12929165402782
