lemma,collocate,LogL,LR,MI,LogDice
edico,ut,11.85,4.2162458339148,3.49686812297559,7.81173587691741
