lemma,collocate,LogL,LR,MI,LogDice
dexter,cornu,50.2,10.5872949749191,7.86740364764533,12.2292939399698
dexter,ab,11.33,4.08267458251555,3.48244015329814,8.16178376220027
dexter,in,6.05,2.67188030700404,2.5054673002544,7.18875562139871
