lemma,collocate,LogL,LR,MI,LogDice
ager,in,53.24,2.5176355311727,2.38327314143304,9.43403673415687
ager,ex,41.8,3.47289256002711,3.04040946188704,10.0176516778511
ager,uasto,35.37,7.97253749132948,5.95836403439834,10.9856913408731
ager,uaco,22.6,6.94452311515988,5.34790856968351,10.6500959127254
ager,diues,20.02,6.28741082868289,4.93101476575172,10.5660127955149
ager,colo,17.37,5.62259502027252,4.49569669449388,10.4446519385106
ager,germani,16.87,5.49521571379629,4.41113930646582,10.4164810615439
ager,per,8.91,2.85298601240229,2.61432506657614,9.4768536494905
