lemma,collocate,LogL,LR,MI,LogDice
sapientia,uester,40.18,5.56714754134272,4.4646991066926,10.6426052409962
