lemma,collocate,LogL,LR,MI,LogDice
ingredior,sum,5.54,1.64898416782671,1.78068376935085,7.23093224079176
