lemma,collocate,LogL,LR,MI,LogDice
forum,in,119.73,3.47676465690665,3.0455633063205,9.76299913737638
forum,refartus,41.78,9.2303157115073,6.70453568326651,11.3345094133166
