lemma,collocate,LogL,LR,MI,LogDice
nimis,multus,8.08,3.23448516581123,2.87284459910444,8.89102880518288
nimis,uideo,5.8,2.60112584053096,2.43496682612122,8.47189453941909
