lemma,collocate,LogL,LR,MI,LogDice
edo,opera,35.03,7.78309637196265,5.87785711008204,11.1890924134581
