lemma,collocate,LogL,LR,MI,LogDice
praeterea,multus,24.9,3.91765633581188,3.21703888181956,9.7046601196867
praeterea,multitudo,17.72,5.69217793460169,4.42919241823569,10.4638833004385
praeterea,duo,14.7,4.94049083472871,3.9183667944697,10.1357676584082
praeterea,magnus,12.71,3.1121561751508,2.66189642118601,9.1661018844038
praeterea,nemo,12.57,4.4026713174067,3.55025747290531,9.86483344325764
praeterea,de,6.99,2.43939122141152,2.19716391870478,8.7161619547168
