lemma,collocate,LogL,LR,MI,LogDice
recipio,sui,50.55,3.60878828637082,3.00244822486259,9.90617640679203
recipio,castra,24.88,5.00322050183041,3.95454840943345,10.4619434356206
recipio,fuga,17.16,5.56108934166929,4.33036482361949,10.4118621156876
recipio,fides,13.38,4.61231466502446,3.68910247842856,10.0980273304254
recipio,suus,9.58,2.58604789036537,2.29808555835449,9.16371809304852
recipio,non,7.85,1.59539452924146,1.61361351106454,8.55518017446296
