lemma,collocate,LogL,LR,MI,LogDice
discedo,longe,16.75,5.45490696394611,4.27678744731846,10.3981319228757
