lemma,collocate,LogL,LR,MI,LogDice
affero,littera,25.31,4.43336495614789,3.59157582191334,10.3823480551744
affero,rumor,20.76,6.48321350559845,4.94519940074368,10.439901335752
affero,nuntius,19.49,6.16128541071109,4.73934734653953,10.4026877394116
affero,lux,16.13,5.31328850415614,4.18305934869678,10.2663065300963
affero,uis,13.08,3.69857866004093,3.09113604817947,9.91823421998476
affero,aliquis,8.61,2.78972654809913,2.46746124043429,9.48366102771852
affero,manus,7.62,3.11252609879124,2.68940646925639,9.55734874350968
affero,romanus,5.18,2.4225175739109,2.21454936772423,9.22227804881376
