lemma,collocate,LogL,LR,MI,LogDice
quattuor,mille,22.67,6.8976766532751,5.36901364752004,10.7291644362011
