lemma,collocate,LogL,LR,MI,LogDice
sinus,que,12.46,3.06994124681212,2.722648898573,8.13155090378857
sinus,ex,9.85,3.70196937612504,3.15995461253682,8.55686104891322
sinus,atque,6.93,2.91958553583655,2.61857125672806,8.02364909070207
sinus,in,5.58,2.11620973289854,2.06226186416339,7.47387123964619
