lemma,collocate,LogL,LR,MI,LogDice
pario,ante2,20.77,6.42997246512713,4.95892959355558,10.3668094517467
