lemma,collocate,LogL,LR,MI,LogDice
disco,tu,5.83,2.17521242255213,1.98833790157868,8.22739133441395
