lemma,collocate,LogL,LR,MI,LogDice
fax,et,6.04,1.93692682204515,2.00008225104005,7.48380692395704
fax,ad,5.88,2.62432359208367,2.47609608091835,7.95262782095372
fax,cum,5.08,2.39046294628153,2.31417517795091,7.79241651651477
