lemma,collocate,LogL,LR,MI,LogDice
postquam,sed,19.85,3.34887230036683,2.81299996055275,9.0593785065248
postquam,Caesar,17.59,4.55920994125539,3.64709775165925,9.79904570271964
