lemma,collocate,LogL,LR,MI,LogDice
gradus,honor,26.51,6.22052606267915,4.88763522508035,10.6677954898248
gradus,dignitas,18.52,5.88396262142339,4.6591420240189,10.4257834542062
