lemma,collocate,LogL,LR,MI,LogDice
occido,homo,31.18,4.17991862761017,3.34083113546392,9.87589439061707
occido,Milo,17.57,5.65565205857657,4.34798759538198,10.4257834542062
occido,sum,10.26,1.44008439157855,1.44932663339641,8.07221719830961
occido,suus,5.19,2.42171288341209,2.12843069199127,8.68269733354088
