lemma,collocate,LogL,LR,MI,LogDice
nescio,quis,178.61,4.6156058673921,3.69632850489507,10.5168386804864
nescio,an2,76.18,8.46478096514433,6.16925896363635,11.7163429168915
nescio,sed,12.54,2.47772002085183,2.22695091554918,9.03366496480032
nescio,dico,8.5,2.39641363483814,2.17079617311754,8.95915886384668
