lemma,collocate,LogL,LR,MI,LogDice
nego,se,19.9,5.00145698715607,3.77396447253804,10.2864279332957
nego,sui,9.4,2.27656422529044,1.90383593619448,8.91704404432412
nego,quis,6.41,1.79982312598642,1.57432734879644,8.60864776748477
nego,ille,5.63,1.66517359929164,1.48121015232712,8.52040328623645
nego,ego,5.02,1.55569105295208,1.40548308494596,8.44833324008069
