lemma,collocate,LogL,LR,MI,LogDice
precor,numen,32.58,9.34245317034754,6.8865743946336,11.697414907006
