lemma,collocate,LogL,LR,MI,LogDice
praesens,tu,8.46,2.38874239576914,2.29417316873801,8.45248154781847
