lemma,collocate,LogL,LR,MI,LogDice
adhibeo,diligentia,48.56,8.50845006159503,6.42395087268549,11.7074652428595
adhibeo,uis,16.36,5.34827303670428,4.3103763246362,9.97167653887569
