lemma,collocate,LogL,LR,MI,LogDice
fors2,offero,44.99,9.61444479496237,7.2741018020551,11.8897867996534
