lemma,collocate,LogL,LR,MI,LogDice
scilicet,tu,6.78,2.87771048922739,2.40980335103329,7.95223388752338
