lemma,collocate,LogL,LR,MI,LogDice
decus,atque,6.53,2.80635491852348,2.61857125672806,8.02364909070207
