lemma,collocate,LogL,LR,MI,LogDice
umbra,sub,23.8,7.1773770225534,5.50056287894057,10.879104583492
