lemma,collocate,LogL,LR,MI,LogDice
tango,is,5.36,2.06506578609333,1.94646838117301,7.74641160193692
