lemma,collocate,LogL,LR,MI,LogDice
rumpo,que,9.32,2.93607669925372,2.57646638839492,7.90897296334916
