lemma,collocate,LogL,LR,MI,LogDice
os,uos,13.33,3.74332726709448,3.235534255302,9.58720170665936
os,per,8.3,3.29376208468736,2.92576122503602,9.28001413958333
