lemma,collocate,LogL,LR,MI,LogDice
desum,non,34.76,2.80537982243814,2.32250904859263,9.134390477954
desum,ego,6.66,1.84217538170999,1.65679751322687,8.45873645484157
desum,tu,5.4,1.81227993144269,1.63611730798933,8.4316554962389
