lemma,collocate,LogL,LR,MI,LogDice
barbarus,ab,15.65,3.58209628574782,3.12422793004052,8.66390526911793
