lemma,collocate,LogL,LR,MI,LogDice
dubius,quin,21.08,6.51658052814222,5.16025883365793,10.7548068668144
dubius,sum,19.4,2.1083677832018,2.13154474342416,8.07650843647823
