lemma,collocate,LogL,LR,MI,LogDice
beatus,uita,70.66,6.07370127966962,4.73253560021174,10.9089575466417
beatus,o,18.03,5.76653599597813,4.52469641527098,10.4590406759627
beatus,puto,16.06,4.26837832279424,3.50019209875659,9.70441672185174
beatus,sum,14.17,1.74210981633211,1.75549352052229,8.07450356683918
beatus,ille,10.58,2.45146909402339,2.24633083251216,8.54753195362471
