lemma,collocate,LogL,LR,MI,LogDice
tribunus,plebs,753.35,11.0794514781649,7.4539346549645,13.4957533473321
tribunus,miles,87.04,6.70873028419293,5.24124972286598,11.5255646500793
tribunus,militaris,39.13,7.142019488028,5.51935215846095,11.2463392876457
tribunus,octo,28.99,8.5749788953041,6.37801377749846,11.0643716505157
