lemma,collocate,LogL,LR,MI,LogDice
cunctus,Italia,74.71,7.48145397372126,5.77621637552675,11.6700159328178
cunctus,senatus,9.53,3.62159691195625,3.17642944974032,9.41843967965104
