lemma,collocate,LogL,LR,MI,LogDice
super,mare,19.96,6.23654764288787,4.93229599590777,10.5136448099975
