lemma,collocate,LogL,LR,MI,LogDice
reus,confiteor,24.38,7.33727092278071,5.55760481732759,11.0381692781217
reus,fio,13.22,4.56749918353127,3.68725507350632,9.78294628378546
reus,facio,9.6,2.99421848785774,2.60254714349663,8.82102939108453
reus,aut,6.53,2.80869960390995,2.47431100368604,8.68515333150075
reus,qui,6.06,1.46727617243665,1.54607803615088,7.8019024537048
reus,de,5.26,2.44196830144741,2.22069441611497,8.44317193830046
