lemma,collocate,LogL,LR,MI,LogDice
sancio,lex,21.81,6.68012791778712,5.27940148883035,10.0584181923303
sancio,ut,13.51,3.77373317887394,3.27372457166138,8.09736666659864
