lemma,collocate,LogL,LR,MI,LogDice
exerceo,iudicium,14.46,4.87758417171907,3.95068579791298,9.98061847625135
exerceo,qui,5.87,1.44054882865111,1.5783388983691,7.80215664791054
