lemma,collocate,LogL,LR,MI,LogDice
scientia,res,16.6,3.73051616917904,3.19985791154,8.6041023051131
scientia,atque,6.83,2.89043418848677,2.61857125672806,8.02364909070207
