lemma,collocate,LogL,LR,MI,LogDice
amo,ego,39,3.02707487754277,2.51984373058221,9.43500097870119
amo,tu,22.76,2.71819577838566,2.30679163269722,9.21478357105509
amo,ualde,20.11,6.29681675223299,4.74040498809767,10.5660127955149
amo,tantum,14.53,4.90088807590185,3.80431162892733,10.1605476874067
amo,nos,13.77,3.28547177863898,2.69788680052243,9.50352923093525
amo,et,6.66,1.28993036664775,1.31955353443932,8.25801714607395
amo,ipse,5.97,2.20823770586632,1.95462243845511,8.81891894358999
