lemma,collocate,LogL,LR,MI,LogDice
corrumpo,iudicium,34.35,6.39368560219285,5.01703722436286,10.5724853100205
corrumpo,ciuitas,17.17,5.54788351598373,4.43892959351355,10.0017992983308
