lemma,collocate,LogL,LR,MI,LogDice
fatum,do,6.27,2.73512251125325,2.49205541389786,9.09472522156157
