lemma,collocate,LogL,LR,MI,LogDice
sidus,ad,14.77,3.44189051146441,3.05838066866649,8.46424177743693
