lemma,collocate,LogL,LR,MI,LogDice
laudo,iure,25.68,7.71367012579048,5.7072235040398,10.7945471954639
laudo,qui,12.91,1.52322810700766,1.55404620580006,8.48720149271641
laudo,quod,7.98,2.65459611112692,2.33581321154423,9.15384634456937
laudo,ita,6.72,2.86317071203236,2.47968961642848,9.23356166641579
