lemma,collocate,LogL,LR,MI,LogDice
latus2,et,6.92,2.42225920818802,2.3110211856561,7.26244009801398
