lemma,collocate,LogL,LR,MI,LogDice
dono,ciuitas,26.65,6.24005626206736,4.88076234579259,10.3048899961354
