lemma,collocate,LogL,LR,MI,LogDice
intro,si,9.43,3.59226303616428,3.04824176669832,8.15500735679228
