lemma,collocate,LogL,LR,MI,LogDice
agito,mens,20.11,6.27156807468968,4.91371961033484,10.4834917718269
agito,multus,9.92,3.72005205706166,3.16052667155622,8.90420689756344
