lemma,collocate,LogL,LR,MI,LogDice
miles,tribunus,88.83,6.86468566137554,5.24124972286598,11.5255646500793
miles,noster,52.27,4.06213172558175,3.40948491902422,10.5286992525669
miles,ueteranus,41.07,7.50435405418683,5.61854395400745,10.9319470648664
miles,centurio,21.59,6.70598791535648,5.14408597441233,10.4257834542062
miles,impetus,13.15,4.56302996151444,3.74857495818752,10.101400014904
miles,legio,10.19,3.79909731974796,3.23043668757524,9.87825646358979
miles,uirtus,9.91,3.06213172558175,2.72619003490729,9.69762552427374
miles,animus,9.46,2.56848439160654,2.38689293765052,9.50464468001912
miles,fortis,8.97,3.4771692248606,3.01057721146222,9.76348094899736
