lemma,collocate,LogL,LR,MI,LogDice
aequor,uentus,27.94,8.19246788516218,6.26432072709361,11.3144226547498
