lemma,collocate,LogL,LR,MI,LogDice
exigo,ut,12.94,2.7911190407315,2.5370922791617,8.4919621024699
exigo,cum,5.88,2.18693018111073,2.1190054786791,8.07407447436317
