lemma,collocate,LogL,LR,MI,LogDice
adeo2,aut,7.55,3.09083001960584,2.81078324030725,8.7000173541329
