lemma,collocate,LogL,LR,MI,LogDice
morbus,grauis,26.13,6.14770271781714,4.90971630815561,10.4921928832796
