lemma,collocate,LogL,LR,MI,LogDice
amitto,reliquus,13.91,4.74303235074274,3.81322141823177,10.1150056669598
amitto,uita,9.52,3.61940100157436,3.04282538533785,9.54565270374649
amitto,neque,6.92,2.91842526446337,2.55971853109369,9.13889643987471
