lemma,collocate,LogL,LR,MI,LogDice
adhuc,nemo,17,4.45104176625956,3.69716699147601,10.1184362020566
adhuc,nihil,9.46,2.9674239613212,2.67773273252008,9.27704677835553
adhuc,facio,5.95,2.20391375133513,2.15056201975357,8.79599331292321
