lemma,collocate,LogL,LR,MI,LogDice
uentus,aequor,28.36,8.34319572099642,6.26432072709361,11.3144226547498
