lemma,collocate,LogL,LR,MI,LogDice
uoluntas,is,30.62,2.39824046482491,2.23415045362479,9.22790394269593
uoluntas,uester,19.58,4.19885676109909,3.47144733368232,10.1562558353251
uoluntas,suus,12.13,2.67804688035074,2.42716260062963,9.34049946946686
uoluntas,Pompeius,11.73,4.19298617297459,3.46743931228478,9.97762893740299
uoluntas,meus,11.11,2.84810001315251,2.5443715961316,9.42117378935151
uoluntas,facio,7.15,2.15112415031499,2.06355064276394,8.99471231223034
uoluntas,populus,5.85,2.61782129932091,2.38563414193305,9.20558781437338
uoluntas,atque,5.42,1.6283047033021,1.7022805248539,8.67212383121042
