lemma,prefix,fullEntry
que,Faria,"<b>-que</b> <br> <small>conj. copulativa, enclítica = et.</small> <br> <small>Obs.: Partícula enclítica, ligando duas palavras ou membros de frase. Em geral, não se emprega depois de ab, ob, sub, apud, a, ad, mas: exque Cíc. Phil. 3, 38. Geralmente não se emprega depois de sic, tunc, nunc, huc, illuc, mas, raramente: hucque Tác. An. 13,37; tuncque Tác. An. 14, 15. Pode aparecer repetida: -que... -que Plaut. Rud. 369; Sal. B. Jug. 10. 2. Encontra-se também: -que ... et em lugar de et ... et Sal. B. Jug. 26, 1. Aparece: -que... atque Verg. G. 1, 182. A forma -qué alongada na cesura aparece em Verg. En. 3, 91.</small>   <p> <b>1</b> &ensp; <small></small> &ensp; E, também: &ensp; <small></small> <br> <b>2</b> &ensp; <small></small> &ensp; Isto é, a saber: &ensp; <small></small> <br> <b>3</b> &ensp; <small></small> &ensp; E mesmo &ensp; <small>Cés. B. Gal. 5, 14, 4.</small> <br> <b>4</b> &ensp; <small></small> &ensp; E ao contrário &ensp; <small>oposição a uma negação Cíc. Tusc. 1. 71.</small> <br> <b>5</b> &ensp; <small></small> &ensp; E também, semelhante &ensp; <small>v. itemque Cíc. Of. 3, 96.</small> </p>   <p><small>[EXEMPLOS]</small><br> <br><b>1</b><br>senatus populusque Romanus «o senado e o povo romano». <br> <br><b>2</b><br>ad Rhenum finesque Germanorum contendere Cés. B. Gal. 1, 27, 4 ‘dirigir-se para o Reno, isto é, para o território dos germanos’. </p>"
ab,Faria,"<b>a</b> <br> <b>ab</b> <br> <b>abs</b> <br> <small>prep. abl. e prev.</small> <br> <small>Obs.: Como provérbio, ab- indica afastamento, ausência e Daí privação: abduco“levar para longe, afastar”; amens “privado da razão, louco”. Ab é empregada geralmente antes de vogal e de d, l, n, r, s e da semivogal i j; abs antes de t raro; a antes das demais consoantes. Entretanto no uso corrente, encontram-se exceções que mostram que essas regras não são de caráter absoluto. Em composição ab se emprega antes de vogal, de h e das consoantes d, l, n, r, s; abs antes de c, t; antes de p, abs reduz-se a as; a e a forma reduzida antes das bilabiais b, m.</small>   <p> <b>1</b> &ensp; <small>I-Sent. próprio-Ponto de partida da vizinhança de um lugar, e não do interior do mesmo, podendo ou não ter ideia de movimento:</small> &ensp; <small></small> <br> <b>2</b> &ensp; <small>I-Sent. próprio-Afastamento, separação:</small> &ensp; de, longe de: &ensp; <small></small> <br> <b>3</b> &ensp; <small>I-Sent. próprio-Ainda em sentido local:</small> &ensp; do lado de: &ensp; <small></small> <br> <b>4</b> &ensp; <small>II-Desses empregos concretos passou a ser usada em outras acepções deles derivadas, indicando:-Procedência:</small> &ensp; de, da parte de: &ensp; <small></small> <br> <b>5</b> &ensp; <small>II-Desses empregos concretos passou a ser usada em outras acepções deles derivadas, indicando:-Descendência:</small> &ensp; de, descendente de: &ensp; <small></small> <br> <b>6</b> &ensp; <small>III-Em sent. figurado:</small> &ensp; Do lado de, do partido de, em favor de: &ensp; <small></small> <br> <b>7</b> &ensp; <small>III-Em sent. figurado:</small> &ensp; A respeito de, quanto a, acerca de: &ensp; <small></small> <br> <b>8</b> &ensp; <small>III-Em sent. figurado:-Com verbos passivos, indica o complemento de causa eficiente:</small> &ensp; <small></small> <br> <b>9</b> &ensp; <small>IV-Sent. temporal:</small> &ensp; Desde, depois de: &ensp; <small></small> </p>   <p><small>[EXEMPLOS]</small><br> <br><b>1</b><br>a signo Vertumni in Circum Maximum venit Cíc. Verr. I, 154 “veio da estátua de Vertuno ão Circo Maximo”. <br> <br><b>2</b><br>ab oppido castra movit Cés. B. Civ. 3, 80, 7 “levantou acampamento afastando-se da cidade”. <br> <br><b>3</b><br>a decumana porta Cés. B. Gal. 6, 37, 1 “do lado da porta decumana”. <br> <br><b>4</b><br>Iegati ab Aeduis et a Treveris veniebant Cés. B. Gal. 1, 37, 1 “vinham embaixadores da parte dos, éduos e dos treviros”. <br> <br><b>5</b><br>a Deucalione ortus Cíc. Tusc. 1, 21 “descendente de Deucalião”. <br> <br><b>6</b><br>ab reo dicere Cíc. Clu. 93 “falar em favor do réu”. <br> <br><b>7</b><br>tempus mutus a litteris Cíc. At. 8, 14, J “época silenciosa quanto a cartas”. <br> <br><b>8</b><br>a magistratu Aeduórum accusaretur Cés. B. Gal. 1, 19, 1 “seria acusado por um magistrado dos éduos”. <br> <br><b>9</b><br>a tuo digressu Cíc. At. 1, 5, 4 “depois da tua partida”. </p>"
ab,Faria,"<b>abs</b> <br> <small></small> <br> <small>v. a, ab.</small>"
atque,Faria,<b>ac</b> <br> <small>conj.</small> <br> <small>v. atque.</small>
accipio,Faria,<b>accēpī</b> <br> <small>perf. de accipĭo.</small> <br> <small></small>
accipio,Faria,"<b>accipĭō</b> <b>-is</b> <b>-ĕre</b> <b>-cĕpī, -cēptum</b> <br> <small>v. tr.</small> <br> <small>Obs.: Fut. pert. accepso Pacúv. Tr. 325.</small>   <p> <b>1</b> &ensp; <small>I-Sent. próprio</small> &ensp; Tomar para si, receber, aceitar: &ensp; <small></small> <br> <b>2</b> &ensp; <small>II-Daí</small> &ensp; Receber pelos sentidos, ouvir, ouvir dizer, escutar &ensp; <small>Cíc. Phil. 8, 28.</small> <br> <b>3</b> &ensp; <small>II-Donde, em sentido intelectual:</small> &ensp; Compreender, interpretar, entender &ensp; <small>Cíc. Dej. 26.</small> <br> <b>4</b> &ensp; <small>II-Donde, em sentido intelectual:</small> &ensp; Aprender &ensp; <small>Cíc. Arch. 18.</small> <br> <b>5</b> &ensp; <small>II-Em sent. moral:</small> &ensp; sofrer, experimentar, suportar &ensp; <small>Cíc. Tusc.5, 56.</small> </p>   <p><small>[EXEMPLOS]</small><br> <br><b>1</b><br>ab defessis accípere scalas T. Lív. 26, 45, 6 «tomar as escadas das mãos dos fatigados»,  </p>"
ad,Faria,"<b>ad</b> <br> <small>prep. com acus. e prev.</small> <br> <small></small>   <p> <b>1</b> &ensp; <small>I-indica: aproximação, direção para geralmente com idéia de movimento, aplicando-se ao espaço e ao tempo:</small> &ensp; A, para, até: &ensp; <small></small> <br> <b>2</b> &ensp; <small>I-Com nomes de cidades e pequenas ilhas, indica a direção ou a chegada nas vizinhanças das mesmas:</small> &ensp; <small></small> <br> <b>3</b> &ensp; <small>I-Sent. Temporal:</small> &ensp; Até, em, durante, por, dentro de: &ensp; <small></small> <br> <b>4</b> &ensp; <small>I-Indica a proximidade em seus vários aspectos:</small> &ensp; perto de, junto de, em casa de, diante de, na frente de, do lado de &ensp; <small>sem idéia de movimento:</small> <br> <b>5</b> &ensp; <small>Desses Sentidos gerais e básicos de “em direção a” ou “na vizinhança de” decorrem numerosas acepções derivadas:</small> &ensp; Em vista, para: &ensp; <small></small> <br> <b>6</b> &ensp; <small>Desses Sentidos gerais e básicos de “em direção a” ou “na vizinhança de” decorrem numerosas acepções derivadas:</small> &ensp; Relativamente a, com relação a, quanto a &ensp; <small>Cíc. Verr. 5, 22.</small> <br> <b>7</b> &ensp; <small>Desses Sentidos gerais e básicos de “em direção a” ou “na vizinhança de” decorrem numerosas acepções derivadas:</small> &ensp; Segundo, conforme: &ensp; <small></small> <br> <b>8</b> &ensp; <small>Desses Sentidos gerais e básicos de “em direção a” ou “na vizinhança de” decorrem numerosas acepções derivadas:</small> &ensp; Em comparação com &ensp; <small>Cíc. Tusc. 1, 40.</small> <br> <b>9</b> &ensp; <small>Desses Sentidos gerais e básicos de “em direção a” ou “na vizinhança de” decorrem numerosas acepções derivadas:</small> &ensp; Cerca de, pouco mais ou menos &ensp; <small>com numerais Cés. B. Gal. 1, 4, 2.</small> <br> <b>10</b> &ensp; <small>Desses Sentidos gerais e básicos de “em direção a” ou “na vizinhança de” decorrem numerosas acepções derivadas:</small> &ensp; Contra &ensp; <small>na língua militar Cés. B. Gal. 5, 9, 1.</small> </p>   <p><small>[EXEMPLOS]</small><br> <br><b>1</b><br>cum ego ad Heracleam accederem Cíc. Verr. 5, 129 “como eu me aproximasse de Heracléia”. <br> <br><b>2</b><br>ad Genavam pervenit Cés. B. Gal. 1, 7, 1 “chegou às vizinhanças de Genebra.” <br> <br><b>3</b><br>ad hanc diem Cíc. Cat. 3, 17 “até hoje”; ad vesperam Cíc. Cat 2, 6 “pela tarde”; ad annum Cíc. At. 5, 2, 1 “dentro de um ano”. <br> <br><b>4</b><br>pons qui erat ad Genavam Cés. B. Gal. 1, 7, 2 “ponte que havia perto de Genebra” fuit ad me Cíc. At. 10, 4, 8 “esteve junto de mim ou em minha casa”; ad populum agere Cíc. Phil. 12, 17 “falar perante o povo”; ad laevam, ad dextram Cíc. Tim. 48 “ à esquerda, à direita”. <br> <br><b>5</b><br>ad omnes casus Cés. B. Gal. 4, 31, 2 “em vista de todas as eventualidades”. <br> <br><b>7</b><br>ad naturam Cíc. Fin. 1, 30 “segundo a natureza”. </p>"
ab,Faria,<b>af</b> <br> <small>prep. arc.</small> <br> <small>v. ab Cíc. Or. 158.</small>
ago,Faria,"<b>age</b> <b>agĭte</b> <br> <small>Imperat. de ago, usado como interj.:</small> <br> <small></small>   <p> <b>1</b> &ensp; <small></small> &ensp; Eia! Vamos! Coragem! Pois bem! &ensp; <small>Cíc. Caec. 48; Cíc. Mil. 55.</small> </p>"
ago,Faria,"<b>agō</b> <b>-is</b> <b>-ĕre</b> <b>-ēgi, -āctum</b> <br> <small>v. tr. e intr.</small> <br> <small>Obs.: Constrói-se com acus. de direção, com inf., com dat., com supino, com acus. e abl. com prep., e intransitivamente. O inf. pass. arc. agier aparece nas fórmulas jurídicas até no período clássico Cic. Of. 3, 61.</small>   <p> <b>1</b> &ensp; <small>I-Sent. próprio</small> &ensp; Empurrar para a frente, impelir, fazer marchar na frente, fazer avançar, tocar: &ensp; <small></small> <br> <b>2</b> &ensp; <small>I-Daí:</small> &ensp; Dirigir-se para, ir, vir &ensp; <small>reflexivo ou passivo com sentido reflexivo Verg. En. 6. 337.</small> <br> <b>3</b> &ensp; <small>I-Donde, com dat.:</small> &ensp; Fazer sair, lançar, expulsar, fazer ir, arrastar &ensp; <small>Cíc. At. 11,21,2.</small> <br> <b>4</b> &ensp; <small>I-Donde, com dat.:</small> &ensp; Fazer entrar, afundar, introduzir, enterrar &ensp; <small>Cés. B. Gal. 4, 17, 9.</small> <br> <b>5</b> &ensp; <small>II-Sent. figurado ideia de atividade com sentido durativo:</small> &ensp; Agir, fazer: &ensp; <small></small> <br> <b>6</b> &ensp; <small>II-Daí:</small> &ensp; Ocupar-se de, tratar de, regular urn negócio &ensp; <small>Cic. Br. 249.</small> <br> <b>7</b> &ensp; <small>II-Empregos especiais:</small> &ensp; Viver, passar a vida &ensp; <small>tr. int. Cíc. Tusc. 5, 77;</small> <br> <b>8</b> &ensp; <small>II-Empregos especiais:</small> &ensp; Agere em oposição a quiescere: agir principalmenle com gerúndio, fazer, ocupar-se &ensp; <small>Cíc. Nat. 2, 132.</small> <br> <b>9</b> &ensp; <small>II-Na língua jurídica intransitivamente:</small> &ensp; Encaminhar uma ação segundo a lei, agir, proceder segundo a lei, intentar uma ação, advogar, defender: &ensp; <small></small> <br> <b>10</b> &ensp; <small>II-Na língua comum:</small> &ensp; Tratar de, discutir, sustentar, empreender &ensp; <small>Cíc. Mur. 51; Cés. B. Gal. 1, 13, 3.</small> <br> <b>11</b> &ensp; <small>II-Na língua religiosa:</small> &ensp; Cumprir os ritos dos sacrifícios rituais, sacrificar &ensp; <small>Ov. F. 1, 322.</small> <br> <b>12</b> &ensp; <small>II-Na língua do teatro:</small> &ensp; Representar, representar um papel &ensp; <small>Cíc. De Or. 1, 124.</small> <br> <b>13</b> &ensp; <small>II-Na língua do teatro:</small> &ensp; Proceder bem ou mal para com alguém &ensp; <small>intr. Cíc. Quinct. 84.</small> <br> <b>14</b> &ensp; <small>II-Passivo</small> &ensp; Estar em jogo; estar na ordem do dia, estar em perigo &ensp; <small>Cíc. Quinct. 9.</small> <br> <b>15</b> &ensp; <small>II-Notem-se as expressões:</small> &ensp; <small></small> </p>   <p><small>[EXEMPLOS]</small><br> <br><b>1</b><br>vinctum ante se regern agebat C. Nep. Dat. 3, 2 «fazia marchar na frente o rei acorrentado»; en ipse capellas ago Verg. Buc. 1, 13 «eis que eu mesmo toco as cabritas». <br> <br><b>5</b><br>quid agam Cíc. At. 7, 12, 3 «que farei? ». <br> <br><b>7</b><br>agere incerta pace T. Lív. 9, 25,6 “viver numa paz incerta”. <br> <br><b>9</b><br>agere in hereditatem Cíc. De Or. 1, 175 «intentar uma ação a respeito de herança». <br> <br><b>15</b><br>agere gratias Cíc. Phil. 1. 3 «agradecer»; laudes agere T. Lív. 26, 48, 3 “glorificar”; paenitentiarn agere Tác. D. 15« arrepender-se»: agere otia «estar em descanso»: etc. </p>"
alius,Faria,<b>alĭae</b> <br> <small>gen. e dat.; v. alĭus.</small> <br> <small></small>
aliquis,Faria,<b>alĭques</b> <br> <small></small> <br> <small>v. alíquis.</small>
aliquis,Faria,"<b>alĭquis</b> <b>-qua</b> <b>-quid</b> <br> <small>pron. indef.</small> <br> <small>Obs.: Dat. sing. arc. aliquoi Sên. Contr. 9, 5, 11; dat. abl. pl. aliquis T. Lív. 24, 22, 14.</small>   <p> <b>1</b> &ensp; <small></small> &ensp; Algum, alguém, alguma coisa &ensp; <small>indeterminado, mas existente:</small> <br> <b>2</b> &ensp; <small></small> &ensp; Algum, alguém, alguma coisa &ensp; <small>não importa qual:</small> <br> <b>3</b> &ensp; <small></small> &ensp; Alguém ou alguma coisa &ensp; <small>de importância Cíc. Verr. 5, II.</small> <br> <b>4</b> &ensp; <small></small> &ensp; Alguma, alguém = qualquer &ensp; <small>com sentido irônico Cíc. Phil. 2, 14.</small> <br> <b>5</b> &ensp; <small></small> &ensp; Cerca de, uns &ensp; <small>com números Plaut, Men. 950.</small> </p>   <p><small>[EXEMPLOS]</small><br> <br><b>1</b><br>dum modo aliquis C ic. At. 10, 15, 3 «contanto que haja alguém». <br> <br><b>2</b><br>cum aliquam ob causam navigarent Cíc. Verr. 5, 72 «como navegassem por urn motivo qualquer». </p>"
aliquis,Faria,<b>alĭquoi</b> <br> <small></small> <br> <small>v. alìquis.</small>
alius,Faria,"<b>alĭus</b> <b>-a</b> <b>-ud</b> <br> <small>pron.</small> <br> <small>Obs.: Formas raras: gen. f. aliae Cíc. Div. 2, 30; dat. m. alio Sên. Ben. 4, 32, 3.</small>   <p> <b>1</b> &ensp; <small></small> &ensp; Outro &ensp; <small>falando de mais de dois Cíc. Flac. 39.</small> <br> <b>2</b> &ensp; <small>O pl. n. alia significa:</small> &ensp; outra coisa, outros fatos &ensp; <small>T. Lív. 29, 18, 7.</small> <br> <b>3</b> &ensp; <small></small> &ensp; Diferente, outro, diverso &ensp; <small>Cíc. Fam. 11, 12, 2.</small> <br> <b>4</b> &ensp; <small></small> &ensp; Os outros &ensp; <small>alii = ceteri Cic. Verr. 4, 44.</small> <br> <b>5</b> &ensp; <small></small> &ensp; Outro &ensp; <small>em lugar de alter Cés. B. Civ. 3, 21, 2.</small> <br> <b>6</b> &ensp; <small>Em locuções:</small> &ensp; alius ac, atque, et, praeter, quam, diferente de: unicamente &ensp; <small>Cíc. Verr. 2, 128.</small> <br> <b>7</b> &ensp; <small></small> &ensp; <small></small> <br> <b>8</b> &ensp; <small></small> &ensp; Alius alium marcando reciprocidade ou alternativa: um a outro &ensp; <small>Cíc. Rep. 3, 23.</small> </p>   <p><small>[EXEMPLOS]</small><br> <br><b>7</b><br>Alius ...alius repetido duas ou mais vezes: um outro; alii alii mais comum: uns outros: alius alius ... plerique Cés. B. Gal. 6. 37. 7: um ... outro ... a maior parte. </p>"
alter,Faria,"<b>alter</b> <b>-ĕra</b> <b>-ĕrum</b> <br> <small>pron.</small> <br> <small></small>   <p> <b>1</b> &ensp; <small></small> &ensp; Um de dois outro falando de dois &ensp; <small>Cíc. Tusc. 1, 97.</small> <br> <b>2</b> &ensp; <small></small> &ensp; O segundo numa enumeração, o seguinte &ensp; <small>Cíc. Br. 197.</small> <br> <b>3</b> &ensp; <small></small> &ensp; Outro &ensp; <small>Cíc. Lac. 80.</small> <br> <b>4</b> &ensp; <small></small> &ensp; Outrem &ensp; <small>Cíc. Quinct. 51.</small> <br> <b>5</b> &ensp; <small></small> &ensp; Alter ...alter: um...outro, o primeiro ... o segundo; alteri ... alteri &ensp; <small>sentido coletivo Cíc. Sest. 96.</small> <br> <b>6</b> &ensp; <small></small> &ensp; Alterum fantum: outro tanto, o dobro &ensp; <small>T. Lív. 1, 36, 7.</small> <br> <b>7</b> &ensp; <small></small> &ensp; Unus et alter: um e depois o outro &ensp; <small>Cíc. Verr. 2, 75.</small> <br> <b>8</b> &ensp; <small></small> &ensp; Unus aut alter. um ou dois &ensp; <small>Cíc. Mur. 43.</small> <br> <b>9</b> &ensp; <small></small> &ensp; Alter alterum: um ao outro &ensp; <small>Cíc. Clu. 122.</small> </p>"
an,Faria,"<b>an</b> <br> <small>ou</small> <b>anne</b> <br> <small>conj. partícula interrogativa, que traduz uma grande dúvida ou uma restrição</small> <br> <small>Obs.: Anne é forma rara que se emprega principalmente em interrogativas duplas cujo primeiro membro é introduzido por an; também antes de vogal, ou por motivos de ritmo ou harmonia da frase Verg. G. 1, 25.</small>   <p> <b>1</b> &ensp; <small>I-Na interrogativa direta simples:</small> &ensp; Será possível quê? por ventura? Acaso? &ensp; <small></small> <br> <b>2</b> &ensp; <small>I-Na interrogativa direta simples:-É frequente o seu emprego em fórmulas de civilidade como: amabo. obsecro. quaeso; dic:,etc.:</small> &ensp; por favor, acaso, peço, porventura? dize, acaso? &ensp; <small>Cíc. Quinct. 81.</small> <br> <b>3</b> &ensp; <small>I-Na interrogativa direta simples:</small> &ensp; Exprimindo uma restrição, especialmente nas interrogações oratórias: acaso? Porventura? &ensp; <small>Cíc. Amer. 148.</small> <br> <b>4</b> &ensp; <small>II-Nas interrogativas duplas, ou tríplices tem sentido dubitativo.</small> &ensp; Ou &ensp; <small>a primeira interrogativa é introduzida por ne, utrum ou num:</small> <br> <b>5</b> &ensp; <small>II-Nas interrogativas duplas, ou tríplices tem sentido dubitativo.</small> &ensp; Ou &ensp; <small>sem nenhuma partícula na primeira interrogativa:</small> </p>   <p><small>[EXEMPLOS]</small><br> <br><b>1</b><br>adeone me delirare censes. ut ista esse credam? - an tu haec non credis? Cíc. Tusc. 1, 10 «julga-me delirar a tal ponto que creia que isto existe? - ou porventura não crês nisto?». <br> <br><b>4</b><br>utrum superbiam prius memorem an crudelitatem? Cíc. Verr. 1, 122 «qual das duas devo mencionar primeiro, sua soberba ou sua crueldade?». <br> <br><b>5</b><br>est an non est? Ter. Eun. 546 «é ou não é?» . </p>"
animus,Faria,"<b>anĭmus</b> <b>-ī</b> <br> <small>subs. m.</small> <br> <small></small>   <p> <b>1</b> &ensp; <small></small> &ensp; Princípio pensante em oposição a corpus e anima, espírito, alma &ensp; <small>Cíc. Tusc. 1, 80.</small> <br> <b>2</b> &ensp; <small>Daí</small> &ensp; Coração como sede da coragem, do desejo, das inclinações e das paixões, vontade, desejo, ânimo &ensp; <small>Cíc. Marc. 8.</small> <br> <b>3</b> &ensp; <small></small> &ensp; Sede do pensamento, pensamento, inteligência &ensp; <small>Cíc. De Or. 3, 67.</small> <br> <b>4</b> &ensp; <small>Donde, na língua poética:</small> &ensp; Carater, condição, natureza &ensp; <small>Verg. G. 2. 51.</small> </p>"
an,Faria,<b>anne</b> <br> <small></small> <br> <small>v. an.</small>
annus,Faria,"<b>annus</b> <b>-ī</b> <br> <small>subs. m.</small> <br> <small></small>   <p> <b>1</b> &ensp; <small>I-Sent. próprio</small> &ensp; Ano &ensp; <small>Cíc. C. M. 24.</small> <br> <b>2</b> &ensp; <small>II-Daí, na língua rústica</small> &ensp; Produção de um ano, colheita: &ensp; <small></small> <br> <b>3</b> &ensp; <small>II-No sent. poético:</small> &ensp; Estação das colheitas, outono &ensp; <small>Verg. Buc. 2, 57.</small> </p>   <p><small>[EXEMPLOS]</small><br> <br><b>2</b><br>nec arare terram aut expectare annum Tác. Germ. 14 «nem arar a terra nem esperar a colheita do ano». </p>"
ab,Faria,"<b>aps</b> <br> <small></small> <br> <small>v. a, ab.</small>"
apud,Faria,"<b>apud</b> <br> <small>prep. com acus.</small> <br> <small>Às vezes aparece proposta ao subs.: Cumas apud Lucr. 6, 747 “perto de Cumas”.</small>   <p> <b>1</b> &ensp; <small>Com nomes de lugar:</small> &ensp; Junto de, ao pé de, perto de: &ensp; <small></small> <br> <b>2</b> &ensp; <small>Com nomes de lugar:</small> &ensp; Em &ensp; <small>principalmente com nomes próprios de localidades: rios. cidades, ilhas, regiões, etc.</small> <br> <b>3</b> &ensp; <small>Com nomes de lugar:</small> &ensp; Diante de &ensp; <small>em lugar de ad, marcando proximidade, com nomes de coisas Cés. B. Gal. 2,7,3.</small> <br> <b>4</b> &ensp; <small>Com nomes de pessoa:</small> &ensp; Em casa de, ao pé de, junto a, perto de &ensp; <small>Cíc. Pomp. 13.</small> <br> <b>5</b> &ensp; <small>Com nomes de pessoa:</small> &ensp; Entre &ensp; <small>principalmente com nomes de povos</small> </p>   <p><small>[EXEMPLOS]</small><br> <br><b>1</b><br>apud focum Cíc. Rep. 3. 40 «junto ao fogo». <br> <br><b>2</b><br>apud Mantineam Cíc. Fin. 2, 97 “em Mantinéia”. <br> <br><b>5</b><br>apud Romanos, apud maiores nostros Cíc. Verr. 4. 108 “entre os romanos, entre os nossos antepassados”. </p>"
apud,Faria,<b>aput</b> <br> <small>= apud.</small> <br> <small></small>
arma,Faria,"<b>arma</b> <b>-ōrum</b> <br> <small>subs. n. pl.</small> <br> <small></small>   <p> <b>1</b> &ensp; <small>I-Sent. próprio</small> &ensp; Armas em geral, armas defensivas &ensp; <small>em oposição a «tela» Cés. B. Gal. 3. 14. 2.</small> <br> <b>2</b> &ensp; <small>I-Sent. próprio</small> &ensp; Utensílios, instrumentos &ensp; <small>Verg. En. 1, 177.</small> <br> <b>3</b> &ensp; <small>II-Sent. figurado:</small> &ensp; Exército, homens armados &ensp; <small>Cíc. Mil. 3.</small> <br> <b>4</b> &ensp; <small>II-Sent. figurado:</small> &ensp; O combate, as guerras &ensp; <small>Cíc. At. 7, 3, 5.</small> </p>"
at,Faria,"<b>at</b> <br> <small>conj.</small> <br> <small>Obs.: Como conj. adversativa, e frequentemente empregada para reforçar o sentido de outras partículas, como: contra, tamen, enim: «mas ao contrário», ""mas no entanto"", ""mas com efeito"".</small>   <p> <b>1</b> &ensp; <small></small> &ensp; Por outro lado, por outra parte, mas, mas por outro lado, mas ao contrário &ensp; <small>Cíc. Planc. 11.</small> <br> <b>2</b> &ensp; <small></small> &ensp; Pelo menos, ao menos: &ensp; <small></small> <br> <b>3</b> &ensp; <small></small> &ensp; Mas talvez, mas acaso &ensp; <small>Cíc. At. 15, 4, 3.</small> </p>   <p><small>[EXEMPLOS]</small><br> <br><b>2</b><br>sit fur, sit sacrilegus ... at est bonus imperator Cíc. Verr. 5, 44 «que seja ladrão, que seja ímpio... ao menos é um bom general». </p>"
atque,Faria,"<b>atque</b> <br> <small>ou</small> <b>ac</b> <br> <small>conj.</small> <br> <small>Obs.: Atque é geralmente usada antes de vogal ou h, e ac antes de consoante, sendo que tal regra não é de um rigor absoluto.</small>   <p> <b>1</b> &ensp; <small>I-Sent. próprio</small> &ensp; E por outro lado, e o que é mais: &ensp; <small></small> <br> <b>2</b> &ensp; <small>I-Sent. próprio</small> &ensp; E entretanto, e contudo &ensp; <small>frequentemente reforçada por “tamen”;</small> <br> <b>3</b> &ensp; <small>II-Por enfraquecimento de sentido:</small> &ensp; E. &ensp; <small></small> <br> <b>4</b> &ensp; <small>II-Por enfraquecimento de sentido:</small> &ensp; Do que. como, do mesmo modo que &ensp; <small>nas comparações:</small> </p>   <p><small>[EXEMPLOS]</small><br> <br><b>1</b><br>faciam... ac lubens Ter. Heaut. 763 «farei ... e, o que é mais, com prazer» Cíc. Caec. 24. <br> <br><b>2</b><br>id sustulit ac tamen eo contentus non fuit Cíc. Verr. 4, 190 «roubou-o e entretanto não se satisfez com isso». <br> <br><b>3</b><br>o poema tenerum et moratum atque mlle Cíc. Dív. 1, 66 «ó poema fraco, arrastado e mole». <br> <br><b>4</b><br>vir bonus et prudens did delector ego ac tu Hor. Ep. 1, 16, 32 «eu me regozijo como tu de ser chamado um homem de bem e sensato». </p>"
audio,Faria,"<b>audībam</b> <br> <small>= audiēbam, imperf. do ind. de audĭo.</small> <br> <small></small>"
audio,Faria,"<b>audībo</b> <br> <small>= audĭam, fut. do ind. de audĭo.</small> <br> <small></small>"
audio,Faria,"<b>audĭī</b> <br> <small>= audīvī, perf. de audĭo.</small> <br> <small></small>"
audio,Faria,<b>audin</b> <br> <small>= audīsne 2a pess. sing. do ind. pres. + partícula ne.</small> <br> <small></small>
audio,Faria,"<b>audĭō</b> <b>-īs</b> <b>-īre</b> <b>-īvī -ĭī, -ĭtum</b> <br> <small>v. tr.</small> <br> <small>Obs.: Fut. audibo. -is, etc. Plaut. Capt. 619: imperf. audibam, -as, etc. Ov. F. 3, 507 inf. perf. audisse; m.-que-perf. subj. audissem etc. são formas de emprego frequente.</small>   <p> <b>1</b> &ensp; <small>I-Sent. próprio</small> &ensp; Ouvir, estar com os ouvidos atentos a, escutar &ensp; <small>Cíc. Rep.6, 19.</small> <br> <b>2</b> &ensp; <small>I-Daí</small> &ensp; Entender, compreender &ensp; <small>Plaut. Capt. 240.</small> <br> <b>3</b> &ensp; <small>II-Sent. figurado:</small> &ensp; Ouvir dizer, ter conhecimento de, saber; ser informado &ensp; <small>Cíc. Verr. 4, 117.</small> <br> <b>4</b> &ensp; <small>II-Sent. figurado:</small> &ensp; Escutar, obedecer, acreditar &ensp; <small>Cíc. Verr. 5. 78.</small> <br> <b>5</b> &ensp; <small>II-Sent. figurado:</small> &ensp; Ouvir ou escutar as súplicas de &ensp; <small>tratando-se dos deuses:</small> <br> <b>6</b> &ensp; <small>II-Sent. figurado:</small> &ensp; Ser discípulo de, ouvir as lições de, ouvir uma causa, julgar uma causa &ensp; <small>Cíc. Nat. 1, 72.</small> <br> <b>7</b> &ensp; <small>II-Sent. figurado:</small> &ensp; <small></small> <br> <b>8</b> &ensp; <small>II-Sent. figurado:</small> &ensp; Ser bem ou mal apreciado por alguém: &ensp; <small></small> <br> <b>9</b> &ensp; <small>II-Sent. figurado:</small> &ensp; Poético: ser chamado, nomeado &ensp; <small>Hor. Ep. 1, 7, 38.</small> </p>   <p><small>[EXEMPLOS]</small><br> <br><b>5</b><br>di immortales meas precis audiverunt Cíc. Pis. 43 «os deuses imortais ouviram as minhas súplicas». <br> <br><b>7</b><br>Bene ou male audire -«ter boa ou má reputação» Cíc. De Or. 2, 277. <br> <br><b>8</b><br>bene audire a parentibus Cíc. Fin. 3, 57 «ser bem apreciado pelos pais». </p>"
audio,Faria,<b>audīssem</b> <b>audīsti</b> <br> <small>formas sincopadas de: audivīssem e audivīsti.</small> <br> <small></small>
audio,Faria,<b>audītin</b> <br> <small>= audistisne.</small> <br> <small></small>
aut,Faria,"<b>aut</b> <br> <small>conj.</small> <br> <small>Obs.: Aut é uma conj. disjuntiva que serve para distinguir dois objetos ou duas idéias das quais uma deve excluir a outra. Vem frequentemente reforçada por um advérbio: aut omnino, ou ao menos Cíc. Br. 65; aut potius, ou antes Cíc. Verr. 3, 113; aut fortasse, ou talvez Cíc. Agr. 2, 51; aut denique, ou enfim Cíc. Arch. 12, etc.</small>   <p> <b>1</b> &ensp; <small></small> &ensp; Ou, ou então: &ensp; <small></small> <br> <b>2</b> &ensp; <small></small> &ensp; Ou senão, ou do contrário &ensp; <small>C. Nep. Epam.4, 3.</small> <br> <b>3</b> &ensp; <small></small> &ensp; aut .. aut; ou ... ou; ou ... ou então; ou ... pelo menos &ensp; <small>Cíc. Caec. 57; Cíc. Tusc. 3, 38.</small> <br> <b>4</b> &ensp; <small>Depois de negação</small> &ensp; Nem &ensp; <small>Ces. B. Civ. 3, 61, 2.</small> </p>   <p><small>[EXEMPLOS]</small><br> <br><b>1</b><br>nolebas aut non audebas Cíc. Quinct. 39 «tu não querias. ou então não ousavas» </p>"
autem,Faria,"<b>autem</b> <br> <small>conj.</small> <br> <small>Obs.: Autem, formado de aut mais a enclítica -em, coloca-se geralmente depois da primeira pa1avra da frase, e serve para indicar uma oposição atenuada, constituindo como que uma conjunção adversativa fraca.</small>   <p> <b>1</b> &ensp; <small></small> &ensp; Por outro lado, ora, no entanto &ensp; <small>Ces. B. Gal. 1, 37, 3; Cíc. Phil. 1, 29.</small> </p>"
bellum,Faria,"<b>bellum</b> <b>-ī</b> <br> <small>subs. n.</small> <br> <small></small>   <p> <b>1</b> &ensp; <small>I-Sent. próprio</small> &ensp; Guerra &ensp; <small>Cíc. Verr. 5, 124.</small> <br> <b>2</b> &ensp; <small>I-Daí</small> &ensp; Combate, batalha &ensp; <small>T. Liv. 8, 10, 7.</small> <br> <b>3</b> &ensp; <small>II-Sent. figurado-No plural</small> &ensp; exércitos &ensp; <small>Ov. Met. 12, 24.</small> <br> <b>4</b> &ensp; <small>II-Sent. figurado-Subs. pr.</small> &ensp; Guerra &ensp; <small>divindade Verg. En. 1, 294.</small> </p>"
bene,Faria,"<b>bene</b> <br> <small>adv.</small> <br> <small>Obs.: comp. melìus, superl.: optìme.</small>   <p> <b>1</b> &ensp; <small>I-Sent. próprio e geral:</small> &ensp; bem. Junto a verbos e advérbios, reforçando-lhes o sentido &ensp; <small>Cíc. C. M. 57; Cic. Sest. 23; Verr. 2, 169.</small> <br> <b>2</b> &ensp; <small>II-Em expressões idiomáticas</small> &ensp; <small></small> <br> <b>3</b> &ensp; <small>II-Em expressões idiomáticas</small> &ensp; <small></small> <br> <b>4</b> &ensp; <small>II-Em expressões idiomáticas-Nas cartas:</small> &ensp; <small></small> </p>   <p><small>[EXEMPLOS]</small><br> <br><b>2</b><br>bene agis Cíc. Verr. 3, 135 “ages bem”. <br> <br><b>3</b><br>bene dicere Cíc. Sest. 110 “falar bem” de alguém . <br> <br><b>4</b><br>si vales bene est ego valeo, ou em abreviatura s.v.b. e.e.v “se estás passando bem, está bem, eu também estou”. </p>"
bonum,Faria,"<b>bŏnum</b> <b>-ī</b> <br> <small>subs. n.</small> <br> <small></small>   <p> <b>1</b> &ensp; <small>I-Sent. próprio</small> &ensp; Bem &ensp; <small>moral Cíc. De Or. 1, 222.</small> <br> <b>2</b> &ensp; <small>II-Sent. figurado</small> &ensp; Vantagem, utilidade, bom êxito &ensp; <small>Cíc. Br. 123.</small> </p>"
bonus,Faria,"<b>bŏnus</b> <b>-a</b> <b>-um</b> <br> <small>adj.</small> <br> <small></small>   <p> <b>1</b> &ensp; <small>I-Sent. próprio</small> &ensp; Bom, boa &ensp; <small>Cíc. Clu. 108: Cíc. Sest. 98.</small> <br> <b>2</b> &ensp; <small>II-Sent. figurado</small> &ensp; Corajoso, valente, bravo &ensp; <small>Cíc. Fin. 1,25.</small> <br> <b>3</b> &ensp; <small>II-Sent. figurado</small> &ensp; Próprio para, conveniente &ensp; <small>com dativo T. Lív. 29. 31, 9.</small> <br> <b>4</b> &ensp; <small>II-Sent. figurado</small> &ensp; Honesto, virtuoso &ensp; <small>Cíc. Verr. 4, 10.</small> <br> <b>5</b> &ensp; <small>II-Sent. figurado</small> &ensp; Nobre &ensp; <small>de nascimento Cíc. Mur. 15.</small> <br> <b>6</b> &ensp; <small>II-Sent. figurado</small> &ensp; Favorável, propício &ensp; <small>Cíc. Nat. 3, 83.</small> <br> <b>7</b> &ensp; <small>II-Sent. figurado</small> &ensp; Querido, caro &ensp; <small>Hor. Sat. 2, 3, 31.</small> <br> <b>8</b> &ensp; <small>II-Sent. figurado</small> &ensp; Hábil &ensp; <small>poético com infinitivo Verg. Buc. 5, 1.</small> </p>"
Caesar,Faria,"<b>Caesar</b> <b>-ăris</b> <br> <small>subs. pr. m.</small> <br> <small></small>   <p> <b>1</b> &ensp; <small></small> &ensp; César, nome de família na “gens” Júlia, da qual Caio Júlio César foi o membro mais proeminente. «Caesar». no Império passou a ser o título dos imperadores romanos. &ensp; <small></small> </p>"
capio,Faria,"<b>capĭō</b> <b>-is</b> <b>-ĕre</b> <b>-cēpī, captum</b> <br> <small>v. tr.</small> <br> <small>Obs.: Formas arcaicas: capso = cepero Plaut. Bac. 712; capsit ceperit Plaut. Ps. 1.022; capsimus = ceperimus Plaut. Rud. 304.</small>   <p> <b>1</b> &ensp; <small>I-Sent. próprio</small> &ensp; Apanhar, tomar nas mãos, agarrar &ensp; <small>com ideia accessória de conter:</small> <br> <b>2</b> &ensp; <small>I-Daí</small> &ensp; Conter &ensp; <small>sent. próprio e figurado Cíc. Phil. 2, 16.</small> <br> <b>3</b> &ensp; <small>II-Sent. figurado:</small> &ensp; Conter, conceber, compreender &ensp; <small>Cíc. Mil. 87.</small> <br> <b>4</b> &ensp; <small>II-Sent. figurado:</small> &ensp; ser capaz de &ensp; <small>sen. Ep. 47, 2.</small> <br> <b>5</b> &ensp; <small>II-Sent. figurado:</small> &ensp; Aprisionar, fazer prisioneiro &ensp; <small>Cíc. Verr. 5, 72.</small> <br> <b>6</b> &ensp; <small>II-Sent. figurado:</small> &ensp; Tomar, apoderar-se, tomar a força, ocupar &ensp; <small>Cés. B. Civ. 3, 59, 2.</small> <br> <b>7</b> &ensp; <small>II-Sent. figurado:</small> &ensp; Adquirir, obter: &ensp; <small></small> <br> <b>8</b> &ensp; <small>II-Sent. figurado:</small> &ensp; Ocupar &ensp; <small>Cés. B. Gal. 7 62, 8.</small> <br> <b>9</b> &ensp; <small>II-Sent. figurado:</small> &ensp; Escolher, receber, alcançar &ensp; <small>Ces. B. Gal. 5, 9, 1.</small> <br> <b>10</b> &ensp; <small>II-Na língua jurídica:</small> &ensp; Receber por testamento, doação ou legado, possuir &ensp; <small>Cíc. At. 1, 20,7.</small> <br> <b>11</b> &ensp; <small>II-Na língua jurídica:</small> &ensp; Seduzir, cativar, enganar &ensp; <small>Cíc. Tusc. 5, 31.</small> <br> <b>12</b> &ensp; <small>II-Passivo</small> &ensp; Estar doente, padecer, sofrer, suportar &ensp; <small>Cíc. Ac. 2, 66.</small> <br> <b>13</b> &ensp; <small>II-Daí:-Na língua jurídica:</small> &ensp; Estar privado &ensp; <small>da utilização de um orgão Cíc. Tusc. 5, 117.</small> <br> <b>14</b> &ensp; <small>II</small> &ensp; Tomar, retomar, perceber &ensp; <small>sent. fig. Cíc. Phil. 3, 29; Ces. B. Gal. 7, 26, 3.</small> </p>   <p><small>[EXEMPLOS]</small><br> <br><b>1</b><br>cape saxa manu Verg. G. 3, 420 «toma nas mãos as pedras». <br> <br><b>7</b><br>…consulatum Cíc. Pis. 3 «obter o consulado». </p>"
capio,Faria,"<b>capsim</b> <br> <small>= ceperim, perf. subj. de capĭo.</small> <br> <small></small>"
capio,Faria,"<b>capsis</b> <b>-it</b> <br> <small>= ceperis, -it, fut. perf. de capĭo Plaut. Ps. 1.022.</small> <br> <small></small>"
capio,Faria,"<b>capsō</b> <br> <small>= cepĕro, fut. perf. de capĭo.</small> <br> <small></small>"
castra,Faria,"<b>castra</b> <b>-ōrum</b> <br> <small>subs. n. pl.</small> <br> <small>Obs.: Nas duas últimas expressões é comum omitir-se a palavra castra.</small>   <p> <b>1</b> &ensp; <small>I-Sent. próprio</small> &ensp; Acampamento, lugar fortificado, quartel &ensp; <small>de inverno, verão Cés. B. Gal. 1, 48, 1.</small> <br> <b>2</b> &ensp; <small>I-Daí:</small> &ensp; Caserna &ensp; <small>Tác An. 4, 2.</small> <br> <b>3</b> &ensp; <small>II-Sent. figurado:</small> &ensp; Dia de marcha &ensp; <small>Cés. B. Gal. 7, 36, 1.</small> <br> <b>4</b> &ensp; <small>II-Sent. figurado:</small> &ensp; Serviço militar &ensp; <small>Ces. B. Gal. 1, 39, 5.</small> <br> <b>5</b> &ensp; <small>II-Sent. figurado:</small> &ensp; Partido político, escola filosófica: &ensp; <small></small> <br> <b>6</b> &ensp; <small>III-Notem-se as expressões da língua militar:</small> &ensp; <small></small> <br> <b>7</b> &ensp; <small>III-Notem-se as expressões da língua militar:</small> &ensp; <small></small> <br> <b>8</b> &ensp; <small>III-Notem-se as expressões da língua militar:</small> &ensp; <small></small> <br> <b>9</b> &ensp; <small>III-Notem-se as expressões da língua militar:</small> &ensp; <small></small> <br> <b>10</b> &ensp; <small>III-Notem-se as expressões da língua militar:</small> &ensp; <small></small> <br> <b>11</b> &ensp; <small>III-Notem-se as expressões da língua militar:</small> &ensp; <small></small> </p>   <p><small>[EXEMPLOS]</small><br> <br><b>5</b><br>Epicuri castra Cíc. Fam. 9, 20, 1 «a escola de Epicuro». <br> <br><b>6</b><br>«castra movere» Cés. B. Gal. 1, 15, 1 «levantar acampamento». <br> <br><b>7</b><br>«castra munire» Cés. B. Gal. 1, 49, 2 «construir um acampamento». <br> <br><b>8</b><br>«castra ponere» Cés. B. Gal. 1. 22, 5 «assentar acampamento. acampar. <br> <br><b>9</b><br>«castra stativa» Cés. B. Civ. 3. 30. 3 «acampamento permanente». <br> <br><b>10</b><br>«castra aestiva» Tác An. 3, 21 «acampamento de verão, quartel de verão». <br> <br><b>11</b><br>«castra hiberna» T. Lív. 29, 35 «acampamento de inverno». </p>"
causa,Faria,"<b>causā</b> <br> <small>prep.</small> <br> <small>Obs.: Geralmente fica. depois da palavra a que se refere; raramente antes, como em Cíc. Lae. 59; T. Lív. 40, 41, 22.</small>   <p> <b>1</b> &ensp; <small></small> &ensp; Por causa de, em vista de: &ensp; <small></small> </p>   <p><small>[EXEMPLOS]</small><br> <br><b>1</b><br>«honoris causa» Cíc. Amer. 6 «para honrar como honraria. </p>"
causa,Faria,"<b>causa</b> <b>-ae</b> <br> <small>subs. f.</small> <br> <small></small>   <p> <b>1</b> &ensp; <small>I-Sent. próprio</small> &ensp; Causa, motivo, razão &ensp; <small>Cíc. Tusc. 3, 23.</small> <br> <b>2</b> &ensp; <small>II-Daí, na língua do direito</small> &ensp; Causa de uma das partes num processo, processo, questão, litígio &ensp; <small>Cíc. De Or. 2, 114.</small> <br> <b>3</b> &ensp; <small>III-Sents. diversos:</small> &ensp; Motivo alegado, pretexto, escusa &ensp; <small>Cés. B. Civ. 1, 2, 3.</small> <br> <b>4</b> &ensp; <small>III-Sents. diversos:</small> &ensp; Partido, facção &ensp; <small>Cíc. Phil. 5, 43.</small> <br> <b>5</b> &ensp; <small>III-Sents. diversos:</small> &ensp; Relação entre pessoas, ligação &ensp; <small>Cés. B. Gal. 5, 41, 1.</small> <br> <b>6</b> &ensp; <small>III-Sents. diversos:</small> &ensp; Posição, situação, caso &ensp; <small>Cíc. Phil. 2, 59.</small> </p>"
causa,Faria,<b>caussa</b> <br> <small></small> <br> <small>v. causa.</small>
capio,Faria,<b>cēpī</b> <br> <small>perf. de capĭo.</small> <br> <small></small>
ceterus,Faria,"<b>cētĕrus</b> <b>-a</b> <b>-um</b> <br> <small>adj.</small> <br> <small>Obs.: cetèri contrapõe-se a alii.</small>   <p> <b>1</b> &ensp; <small>I-Sent. próprio</small> &ensp; Que resta, restante &ensp; <small>Sal. C. Cat. 36, 2.</small> <br> <b>2</b> &ensp; <small>II-Daí, no plural</small> &ensp; Os outros, os restantes, o resto &ensp; <small>Cíc. Verr. 5, 171.</small> </p>"
ciuis,Faria,"<b>cīvis</b> <b>-is</b> <br> <small>subs. m.</small> <br> <small>Obs.: Ao lado do abl. sg. cive, e usada também a forma civi Cíc. Sest. 29.</small>   <p> <b>1</b> &ensp; <small></small> &ensp; Cidadão ou cidadã membros livres de uma cidade a que pertencem por origem ou adoção, concidadão &ensp; <small>Cíc. Cat. 1, 17.</small> <br> <b>2</b> &ensp; <small></small> &ensp; Súditos &ensp; <small>Cíc. Rep. 3, 37.</small> </p>"
ciuitas,Faria,"<b>cīvĭtas</b> <b>-tātis</b> <br> <small>subs. f.</small> <br> <small>Obs.: No gen. pl. aparecem as duas formas: civitatium e civitatum.</small>   <p> <b>1</b> &ensp; <small>I-Sent. próprio</small> &ensp; Condição de cidadão, direito de cidadão &ensp; <small>Cíc. Balb. 20.</small> <br> <b>2</b> &ensp; <small>II-Daí</small> &ensp; Conjunto de cidadãos, sede de um governo, Estado, cidade &ensp; <small>Cés. B. Gal. 4, 3. 3; Cíc. Verr. 2, 145.</small> <br> <b>3</b> &ensp; <small>III-Sent. raro:-= urbs</small> &ensp; <small>Tác. Hist. 4, 65.</small> </p>"
cognosco,Faria,<b>cognōram</b> <br> <small>= cognovĕram.</small> <br> <small></small>
cognosco,Faria,"<b>cognōscō</b> <b>-is</b> <b>-ĕre</b> <b>-gnōvī, -gnĭtum</b> <br> <small>v. tr.</small> <br> <small>Obs.: Constrói -se com acus., com acus. e inf., com acus. e per; com abl., com prep. ex, de, ab, ou sem prep. Em Cícero e nos demais escritores são frequentes as formas contratas como: cognosti, cognoram, cognoras, cognoro, cognorim, cognossem, cognosse.</small>   <p> <b>1</b> &ensp; <small>I-Sent. próprio</small> &ensp; Conhecer pelos sentidos, ver, ser informado, saber, tomar conhecimento &ensp; <small>Cíc. Fam. 1, 5b, 1; Cés. B. Gal. 1, 22, 4.</small> <br> <b>2</b> &ensp; <small>I-Daí</small> &ensp; Conhecer por experiência, aprender, saber, tomar conhecimento &ensp; <small>Cés. B. Gal. 7, 1, I; Cés. B. Gal. 2, 26, 5.</small> <br> <b>3</b> &ensp; <small>I-Daí</small> &ensp; Reconhecer &ensp; <small>Cíc. Clu. 106.</small> <br> <b>4</b> &ensp; <small>II-Empregos especiais:-na língua jurídica:</small> &ensp; Tomar conhecimento de uma causa, fazer uma investigação, investigar judicialmente, julgar &ensp; <small>Cíc. Scaur. 24.</small> <br> <b>5</b> &ensp; <small>III-Intransitivamente: Cíc. Verr. 2, 26.</small> &ensp; Ter relações com, ter ligação ilícita com &ensp; <small>Ov. Her. 6, 133.</small> </p>"
cognosco,Faria,<b>cognōsse</b> <br> <small>= cognovīsse.</small> <br> <small></small>
cognosco,Faria,<b>cognōsti</b> <br> <small>= cognovīsti.</small> <br> <small></small>
cognosco,Faria,<b>cognōvī</b> <br> <small>perf. de cognōsco.</small> <br> <small></small>
consilium,Faria,"<b>consilĭum</b> <b>-ī</b> <br> <small>subs. n.</small> <br> <small></small>   <p> <b>1</b> &ensp; <small>I-Sent. próprio</small> &ensp; Lugar em que se tomam as deliberações, conselho, assembléia deliberativa &ensp; <small>Cíc. Verr. 1, 31; Cés. B. Gal. 3, 3, 1.</small> <br> <b>2</b> &ensp; <small>I-Daí, em sent. abstrato</small> &ensp; Deliberação, resolução tomada &ensp; <small>Cíc. Verr. 5, 103.</small> <br> <b>3</b> &ensp; <small>I-Daí, em sent. abstrato</small> &ensp; Projeto, plano, desígnio &ensp; <small>Cíc. At. 5, 11, 6; Cés. B. Gal. 1, 12, 6.</small> <br> <b>4</b> &ensp; <small>I-Com ideia de relevo:</small> &ensp; Plano amadurecido, senso &ensp; <small>Cíc. Mur. 27.</small> <br> <b>5</b> &ensp; <small>I-Com ideia de relevo:</small> &ensp; Bom conselho, opinião, prudência &ensp; <small>Cíc. Clu. 85.</small> </p>"
consul,Faria,"<b>consul</b> <b>-ulis</b> <br> <small>subs. m.</small> <br> <small>Obs.: Abreviaturas de cônsul: sing.: Cos., pl.: Coss.</small>   <p> <b>1</b> &ensp; <small></small> &ensp; Cônsul, o primeiro magistrado romano &ensp; <small>Cíc. Arch. 5.</small> <br> <b>2</b> &ensp; <small></small> &ensp; Procônsul &ensp; <small>T. Lív. 26, 33, 4.</small> </p>"
corpus,Faria,"<b>corpus</b> <b>-ŏris</b> <br> <small>subs. n.</small> <br> <small></small>   <p> <b>1</b> &ensp; <small>I-Sent. próprio</small> &ensp; Corpo &ensp; <small>em oposição à alma Cíc. Fin. 1, 55.</small> <br> <b>2</b> &ensp; <small>I-Daí:</small> &ensp; Corpo inanimado, cadáver &ensp; <small>Cés. B. Gal. 2, 10, 3.</small> <br> <b>3</b> &ensp; <small>I-Daí:</small> &ensp; Objeto material, substância, matéria, corpo &ensp; <small>do homem e dos animais Lucr. 1, 679.</small> <br> <b>4</b> &ensp; <small>I-Daí:</small> &ensp; Tronco de uma árvore &ensp; <small>Ov. Met. 11, 794.</small> <br> <b>5</b> &ensp; <small>II-Sent. figurado:</small> &ensp; Reunião de indivíduos, reunião, povo, corporação, nação &ensp; <small>T. Lív. 34, 9, 3.</small> <br> <b>6</b> &ensp; <small>II-Sent. figurado:</small> &ensp; Pessoa, indivíduo: &ensp; <small></small> <br> <b>7</b> &ensp; <small>II-Sent. figurado:</small> &ensp; Substância, essência &ensp; <small>Quint. 10, 1, 87.</small> <br> <b>8</b> &ensp; <small>II-Sent. figurado:</small> &ensp; Carne, gordura &ensp; <small>Cíc. Nat. 2, 139.</small> <br> <b>9</b> &ensp; <small>II-Sent. figurado:</small> &ensp; Corpo ou texto &ensp; <small>em oposição às notas de um trabalho:</small> <br> <b>10</b> &ensp; <small>II-Sent. poético:</small> &ensp; A alma, sombra &ensp; <small>dos mortos Verg. En. 6, 303.</small> </p>   <p><small>[EXEMPLOS]</small><br> <br><b>6</b><br>liberum corpus T. Lív. 3. 56, 8 “uma pessoa lívre”. <br> <br><b>9</b><br>corpus omnis juris Romani T. Lív. 3. 34,7 “um texto de todo o direito romano”. </p>"
credo,Faria,<b>crēdĭdī</b> <br> <small>perf. de crēdo.</small> <br> <small></small>
credo,Faria,<b>crēdin</b> <br> <small>= credīsne Plaut. Capt. 962.</small> <br> <small></small>
credo,Faria,"<b>crēdō</b> <b>-is</b> <b>-ĕre</b> <b>crēdĭdī, crēdĭtum</b> <br> <small>v. intr. e tr.</small> <br> <small>Obs.: Constrói-se com acus. e dat. na poesia aparece em lugar de dat., acus. com in; com acus.; com dat.; e com acus. e inf.</small>   <p> <b>1</b> &ensp; <small>I-Sent. próprio</small> &ensp; Depositar confiança em, confiar em, fiar-se, crer em &ensp; <small>Cíc. Mur. 50.</small> <br> <b>2</b> &ensp; <small>I-Daí</small> &ensp; Confiar algo a alguém, emprestar &ensp; <small>Cés. B. Gal. 6, 31, 4. Cíc. Of. 2, 78.</small> <br> <b>3</b> &ensp; <small>II-Sent. figurado:</small> &ensp; Crer em alguém ou alguma coisa, ter como certo, dar crédito &ensp; <small>Cés. B. Gal. 3, 18, 6.</small> <br> <b>4</b> &ensp; <small>II-Sent. figurado:</small> &ensp; Pensar, julgar, supor &ensp; <small>Cíc. Cat. 1, 5.</small> </p>"
quis,Faria,<b>cuī</b> <br> <small>dat. de qui e de quis.</small> <br> <small></small>
qui,Faria,<b>cuī</b> <br> <small>dat. de qui e de quis.</small> <br> <small></small>
quis,Faria,<b>cūius</b> <br> <small>gen. de qui e quis.</small> <br> <small></small>
do,Faria,"<b>dā</b> <br> <small>imperat. de dare:</small> <br> <small></small>   <p> <b>1</b> &ensp; <small></small> &ensp; Dize, vejamos &ensp; <small>Verg. Buc. 1, 18.</small> </p>"
do,Faria,<b>dabin</b> <br> <small>forma sincopada = dabisne Plaut. Bac. 883</small> <br> <small>v. do.</small>
do,Faria,<b>dan</b> <br> <small>forma sincopada = dasne Plaut. As. 671 </small> <br> <small>v. do.</small>
do,Faria,<b>danunt</b> <br> <small>= dant.</small> <br> <small>v. do.</small>
do,Faria,<b>datin</b> <br> <small>forma sincopada = datisne Plaut. Curc. 311</small> <br> <small>v. do.</small>
de,Faria,"<b>dē</b> <br> <small>prep. e prevérbio</small> <br> <small>Obs.: 1 Como partícula autônoma aparece na locução: susque deque. de cima para baixo, como de baixo para cima, i.e., indiferentemente, mais ou menos. 2 Refoça certas partículas, advérbios e preposições, como: deinde, dehinc, desuper. 3 Como prevérbio aparece, principalmente, em compostos verbais e com as seguintes ideias principais: a movimento de cima para baixo: decìdo, dejicìo; b separação, afastamento: decédo, dedúco; e privação: demens, despéro; d acabamento: depúgno, defúngor; e intensidade: demíror.</small>   <p> <b>1</b> &ensp; <small>Indicando ponto de partida:</small> &ensp; De, a partir de &ensp; <small>Cíc. Sest. 129.</small> <br> <b>2</b> &ensp; <small>Indicando ponto de partida:</small> &ensp; De, saído de &ensp; <small>Cíc. Clu. 163.</small> <br> <b>3</b> &ensp; <small>Indicando ponto de partida:</small> &ensp; De, originário de &ensp; <small>Ov. Met. 9. 613.</small> <br> <b>4</b> &ensp; <small>Indicando ponto de partida:</small> &ensp; De &ensp; <small>ideia de afastamento, separação</small> <br> <b>5</b> &ensp; <small>Indicando ponto de partida:</small> &ensp; De &ensp; <small>movimento de cima para baixo, ideia acessoria Cíc. Fin. 1, 62.</small> <br> <b>6</b> &ensp; <small>Indicando ponto de partida:</small> &ensp; De, dentre &ensp; <small>ideia partitiva Cíc. Falc. 9.</small> <br> <b>7</b> &ensp; <small>Indicando ponto de partida:</small> &ensp; De, tirando de &ensp; <small>com ideia de extração Cíc. Verr. 4, 71;</small> <br> <b>8</b> &ensp; <small>Do sent. de «a partir de», passou-se ao de:</small> &ensp; Em seguida a, por &ensp; <small>Cíc. At. 7, 7, 3.</small> <br> <b>9</b> &ensp; <small>Do sent. de «a partir de», passou-se ao de:</small> &ensp; Logo depois de: &ensp; <small></small> <br> <b>10</b> &ensp; <small>Sent. moral:</small> &ensp; Segundo, conforme a, de acordo com &ensp; <small>Cíc. Cael. 68.</small> <br> <b>11</b> &ensp; <small>Sent. moral:</small> &ensp; A respeito de, quanto a &ensp; <small>Cíc. Of. 1,47.</small> <br> <b>12</b> &ensp; <small>Sents. diversos:</small> &ensp; De, durante &ensp; <small>Ideia temporal Cés. B. Gal. 1, 12, 2.</small> <br> <b>13</b> &ensp; <small>Sents. diversos:</small> &ensp; De, por causa de &ensp; <small>ideia causal Cíc. Ac. 1, 1.</small> <br> <b>14</b> &ensp; <small>Sents. diversos:</small> &ensp; De, feito de, composto de &ensp; <small>Verg. G. 3, 13.</small> <br> <b>15</b> &ensp; <small>IV-Em locuções:</small> &ensp; <small></small> </p>   <p><small>[EXEMPLOS]</small><br> <br><b>4</b><br>com verbos como: detrahère de, tirar de; decedère de, afastar-se de; effugère de, escapar de; exíre de, sair de, etc. Cíc. Font. 17. <br> <br><b>7</b><br>de publico Cíc. Verr. 105 «às expensas do Estado». <br> <br><b>9</b><br>diem de die T. Lív. 5, 48, 7 «um dia depois do outro» de dia em dia. <br> <br><b>15</b><br>de integro Cíc. Verr. 2, 139 «de novo»: de improviso Cíc. Amer. 151, «de improviso». </p>"
debeo,Faria,"<b>dēbĕō</b> <b>-ēs</b> <b>-ēre</b> <b>dēbŭī, dēbĭtum</b> <br> <small>v. tr.</small> <br> <small>Obs.: Constrói-se com acus. e dat.; com dat. ou infinitivo.</small>   <p> <b>1</b> &ensp; <small>I-Sent. próprio</small> &ensp; Dever dinheiro ou qualquer outro objeto, ser devedor &ensp; <small>Cíc. Fam. 13, 14, 1.</small> <br> <b>2</b> &ensp; <small>I-Daí</small> &ensp; Ter obrigação de acepção em que aparece como verdadeiro auxiliar de verbos no infinitivo, estar obrigado a: &ensp; <small></small> <br> <b>3</b> &ensp; <small>I-Daí-Neste sentido de «ter obrigação de» pode ser impessoal como oportet, necésse est</small> &ensp; <small>Lucr. 2, 1.146.</small> <br> <b>4</b> &ensp; <small>I-Daí</small> &ensp; Ser forçado pelo destino ou natureza a fazer alguma coisa &ensp; <small>Ov. Met. 15, 44.</small> <br> <b>5</b> &ensp; <small>I-Daí</small> &ensp; Dever obrigações a, estar obrigado por &ensp; <small>Cíc. Fam. 2, 6, 5.</small> <br> <b>6</b> &ensp; <small>I-Passivo</small> &ensp; ser devido, ser reservado, destinado &ensp; <small>Cés. B. Civ. 3, 31, 2</small> </p>   <p><small>[EXEMPLOS]</small><br> <br><b>2</b><br>quid facere debeas Cat. Agr. 119 «o que tinhas obrigação de fazef» Cíc. Lae. 36. </p>"
debeo,Faria,<b>dēbŭī</b> <br> <small>perf. de dēbĕo.</small> <br> <small></small>
do,Faria,<b>dedistin</b> <br> <small>forma sincopada = dedistine Plaut. Curc. 345</small> <br> <small>v. do.</small>
deinde,Faria,"<b>dein</b> <br> <small></small> <br> <small>v. deínde Cíc. Rep. 1, 18.</small>"
deinde,Faria,"<b>deīnde</b> <br> <small>adv.</small> <br> <small>Obs.: Dein é forma abreviada de deinde e só aparece antes de consoante.</small>   <p> <b>1</b> &ensp; <small>I-Sent. próprio</small> &ensp; Depois &ensp; <small>com ideia de lugar T. Lív. 22, 4, 2.</small> <br> <b>2</b> &ensp; <small>I-Daí</small> &ensp; Depois &ensp; <small>com ideia de tempo Cés. B. Gal. 4, 35, 3.</small> <br> <b>3</b> &ensp; <small>I-Donde:</small> &ensp; Em seguida, depois &ensp; <small>com ideia de sucessão, no tempo e no espaço:</small> </p>   <p><small>[EXEMPLOS]</small><br> <br><b>3</b><br>primum ..: deinde Cés. B. Gal. 1. 25. 1 “primeiro ... em seguida”. </p>"
deus,Faria,"<b>deus</b> <b>-ī</b> <br> <small>subs. m.</small> <br> <small>Obs.: 1 Voc. sing. desusado. 2 No pl.: nom.: di, dii, dei; gen.: deorum e deum; dat. e abl.: dis, diis, deis.</small>   <p> <b>1</b> &ensp; <small>I-Sent. próprio</small> &ensp; Deus, divindade &ensp; <small>Cíc. Balb. 23.</small> <br> <b>2</b> &ensp; <small>II-Sent. figurado</small> &ensp; O que é venerado como um deus &ensp; <small>Cíc. De Or. 1, 106.</small> </p>"
deus,Faria,"<b>dibus</b> <br> <small>por diis, v. deus.</small> <br> <small></small>"
dico,Faria,<b>dīc</b> <br> <small>imperativo de dīco 2.</small> <br> <small></small>
dies,Faria,<b>diē</b> <br> <small>gen. e dat. arc. de dies.</small> <br> <small></small>
dico,Faria,"<b>dixe</b> <br> <small>= dixīsse, forma sincopada do inf. perf. de dīco.</small> <br> <small></small>"
dico,Faria,<b>dīxī</b> <br> <small>perf. de dīco.</small> <br> <small></small>
dico,Faria,"<b>dixis</b> <b>dixti</b> <br> <small>= dixeris, dixisti.</small> <br> <small></small>"
do,Faria,"<b>dō</b> <b>-ās</b> <b>-āre</b> <b>dĕdī, dātum</b> <br> <small>v. tr.</small> <br> <small></small>   <p> <b>1</b> &ensp; <small>I-Sent. próprio</small> &ensp; Dar &ensp; <small>Cíc. Lae. 26; Cés. B. Gal. 1, 19, 1.</small> <br> <b>2</b> &ensp; <small>II-Sent. figurado</small> &ensp; Oferecer, apresentar &ensp; <small>Cíc. Lae. 88: Cíc. Rep. 1, 14.</small> <br> <b>3</b> &ensp; <small>II-Sent. figurado</small> &ensp; Entregar, ceder, conceder, permitir &ensp; <small>Cíc. Fam. 14, 14, I.</small> <br> <b>4</b> &ensp; <small>II-Empregos diversos:</small> &ensp; Por neste ou naquele lugar, lançar, arremessar &ensp; <small>sent. concreto e abstrato Plaut. Capt. 797; Cíc. Ae. 1, 7; T. Lív. 27, 22, 11.</small> <br> <b>5</b> &ensp; <small>II-Empregos diversos:</small> &ensp; Expor, dizer, proferir &ensp; <small>Ter. Heaut. 10.</small> <br> <b>6</b> &ensp; <small>II-Empregos diversos:</small> &ensp; Causar, produzir &ensp; <small>Ter. And. 143.</small> <br> <b>7</b> &ensp; <small>II-Empregos diversos:</small> &ensp; Dar-se, consagrar-se &ensp; <small>Cíc. Rep. 1, 16.</small> <br> <b>8</b> &ensp; <small>II-Empregos diversos:</small> &ensp; Poético: dizer-se, contar-se &ensp; <small>Ov. F. 6, 434.</small> <br> <b>9</b> &ensp; <small>II-Empregos diversos:-Na língua militar:</small> &ensp; dar o seu nome para o serviço militar, alistar-se &ensp; <small>Cés. B. Gal. 5, 31, 3; Cíc. At. 2, 22, 2.</small> <br> <b>10</b> &ensp; <small>II-Empregos diversos:-Na língua jurídica:</small> &ensp; dar uma sentença, dar um acórdão comum na fórmula solene que o pretor pronunciava, como resumo de suas atribuições jurídicas &ensp; <small></small> </p>   <p><small>[EXEMPLOS]</small><br> <br><b>10</b><br>do, dico, addico - “dou a sentença, declaro o direiro e confirmo a vontade das partes”. </p>"
dominus,Faria,"<b>domĭnus</b> <b>-ī</b> <br> <small>subs. m.</small> <br> <small></small>   <p> <b>1</b> &ensp; <small>I-Sent. próprio</small> &ensp; Dono de casa, senhor, proprietário &ensp; <small>Cíc. Of. 1, 139.</small> <br> <b>2</b> &ensp; <small>II-Daí</small> &ensp; Chefe, soberano, árbitro &ensp; <small>sent. próprio e figurado Cíc. Rep. 1, 48.</small> <br> <b>3</b> &ensp; <small>II-Daí</small> &ensp; Senhor &ensp; <small>título dado aos imperadores depois de Augusto e Tibério Suet. Dom. 13.</small> <br> <b>4</b> &ensp; <small>II-Daí</small> &ensp; Amante &ensp; <small>Ov. Am. 3, 7, 1.</small> </p>"
domus,Faria,"<b>domŭis</b> <br> <small>gen., v. domus.</small> <br> <small></small>"
domus,Faria,"<b>domus</b> <b>-ūs</b> <br> <small>subs. f.</small> <br> <small>Obs.: As formas da 2.a declinação domi, domo, domos, domorum são as mais antigas e as mais frequentes. Paralelamente ao dat. em -ui havia um dat. em -u, que era o preferido de César A. Gél. 4, 16, 5.</small>   <p> <b>1</b> &ensp; <small>I-Sent. próprio</small> &ensp; Casa, domicílio, morada &ensp; <small>Cíc. Fin. 5, 42; Cíc. Or. 89.</small> <br> <b>2</b> &ensp; <small>I-Daí</small> &ensp; Pátria &ensp; <small>Cés. B. Gal. 1, 31, 14.</small> <br> <b>3</b> &ensp; <small>II-Sent. figurado:</small> &ensp; Família, seita, escola &ensp; <small>Cíc. At. 4, 12.</small> <br> <b>4</b> &ensp; <small>II-Sent. figurado:</small> &ensp; Edifício &ensp; <small>de qualquer espécie Tib. 3, 2, 22.</small> <br> <b>5</b> &ensp; <small>II-Empregos especiais:-Com habere:</small> &ensp; ter em abundância &ensp; <small>Plaut. Mil. 191.</small> <br> <b>6</b> &ensp; <small>II-Empregos especiais:-Com esse:</small> &ensp; superabundar &ensp; <small>Cíc. At. 10, 14, 2.</small> </p>"
duo,Faria,"<b>dua</b> <br> <small>antigo neutro criticado por Quintiliano. Quint. 1, 5, 151.</small> <br> <small>v. duo.</small>"
do,Faria,"<b>duas</b> <b>duat</b> <br> <small>subj. pres. arc, de do.</small> <br> <small></small>"
bellum,Faria,"<b>duellum</b> <b>-ī</b> <br> <small>subs. n.</small> <br> <small></small>   <p> <b>1</b> &ensp; <small>= bellum.</small> &ensp; Guerra, combate &ensp; <small>Hor. O. 3, 5, 38.</small> </p>"
do,Faria,"<b>duim</b> <b>duis, duit, duint</b> <br> <small>optativo do v. do.</small> <br> <small></small>"
dum,Faria,"<b>dum</b> <br> <small>particula temporal que marca a simultaneidade de duas ações em seu desenvolvimento, conj.</small> <br> <small>Obs.: Dum aparece também como segundo termo de compostos: dudum, interdum – ‘durante esse tempo’, ‘de tempos em tempos’: nondum –‘ainda não’, etc, Como enclítica e frequentemente ligada a advérbios, palavras exclamativas e imperativas: primundum, ehodum, agedum. Constrói-se geralmente com indic. 1 e 2, exceto quando condicional 3, quando é de regra o subj.</small>   <p> <b>1</b> &ensp; <small></small> &ensp; Enquanto, durante o tempo em que &ensp; <small>Cíc. Lae. 14; Cés. B. Civ. 1. 51, 5.</small> <br> <b>2</b> &ensp; <small></small> &ensp; Até que &ensp; <small>Plaut. As. 327-328: Cíc Fam. 12, 19, 3: Cés. B. Gal. 7, 23, 4.</small> <br> <b>3</b> &ensp; <small></small> &ensp; Contanto que, desde que &ensp; <small>frequentemente acompanhado de modo Ac. apud Cíc. Of. 1, 97; T. Lív. 37, 35. 7.</small> </p>"
duo,Faria,"<b>duo</b> <b>duae, duo</b> <br> <small>num. card.</small> <br> <small>obs.: Gen. arc. duum = duorum Sal. B. Jug. 106, 5.</small>   <p> <b>1</b> &ensp; <small></small> &ensp; Dois &ensp; <small>Cíc. Rep. 1, 15.</small> </p>"
duo,Faria,"<b>duum</b> <br> <small>= duorum, v. duo.</small> <br> <small></small>"
ipse,Faria,<b>eapse</b> <b>eampse</b> <br> <small>formas antigas de abla. e de acus. de pron. ipse Plaut. Aul. 815.</small> <br> <small></small>
ex,Faria,"<b>ec</b> <br> <small>arc. por ex. XII T. apud Cíc. Leg. 3, 9.</small> <br> <small></small>"
ago,Faria,<b>ēgī</b> <br> <small>perf. de ago.</small> <br> <small></small>
ego,Faria,"<b>ego</b> <b>mĕi, mihi, mē</b> <br> <small>pron. pess. m. e f.</small> <br> <small>Obs.: Na língua literária tem valor expressivo, sendo empregado para pôr em relevo uma pessoa em oposição a outra.</small>   <p> <b>1</b> &ensp; <small></small> &ensp; Eu &ensp; <small>Cíc. De Or. 1, 39; Cíc. Agr. 2, 55.</small> </p>"
ego,Faria,"<b>egŏmet</b> <b>meīmet, etc.</b> <br> <small>pron. pess.</small> <br> <small>Obs.: -met é uma enclítica reforçativa.</small>   <p> <b>1</b> &ensp; <small></small> &ensp; Eu mesmo &ensp; <small>Cíc. Inv. 1, 52.</small> </p>"
ego,Faria,"<b>egon</b> <br> <small>= egone.</small> <br> <small></small>   <p> <b>1</b> &ensp; <small></small> &ensp; Será que eu? &ensp; <small>Cíc. Nat. 3,8.</small> </p>"
is,Faria,<b>eis</b> <br> <small>dat. e abl. pI. de is.</small> <br> <small></small>
is,Faria,<b>ējus</b> <br> <b>ēius</b> <br> <small>gen. de is.</small> <br> <small></small>
in,Faria,"<b>endo</b> <br> <small>ou</small> <b>indu</b> <br> <small>arc., v. in Lucr. 6, 890.</small> <br> <small></small>"
enim,Faria,"<b>enim</b> <br> <small>part. afirm.</small> <br> <small>Obs.: Partícula afirmativa, geralmente colocada depois da primeira palavra principal da frase. Como conjunção pode exprimir uma confirmação Cíc. Tusc. 1, 11; ou a causa Cíc. Phil. 2, 32.</small>   <p> <b>1</b> &ensp; <small>I-Sent. próprio</small> &ensp; Na verdade, de fato, seguramente, realmente &ensp; <small>Verg. G. 2, 104.</small> <br> <b>2</b> &ensp; <small>I-Donde</small> &ensp; Com efeito &ensp; <small>Plaut. As. 808.</small> </p>"
ipse,Faria,<b>eōpse</b> <br> <small>= ipso Plaut. Curc. 538.</small> <br> <small></small>
sum,Faria,<b>eram</b> <br> <small>imperf. de sum.</small> <br> <small></small>
sum,Faria,<b>erō</b> <b>-ĭs</b> <b>-ĭt</b> <br> <small>fut. imperf. de sum.</small> <br> <small></small>
sum,Faria,"<b>escit</b> <br> <small>= erit. fut. imperf. de sum Lucr. 1, 619.</small> <br> <small></small>"
sum,Faria,"<b>escunt</b> <br> <small>= erunt, fut. imperf. de sum Cíc. leg. 2, 60.</small> <br> <small></small>"
sum,Faria,<b>esse</b> <br> <small>inf. pres. de sum e de edo.</small> <br> <small></small>
sum,Faria,<b>est</b> <br> <small>3ª pess. sing. do ind. pres. de sum e de edo 1.</small> <br> <small></small>
sum,Faria,<b>esto</b> <br> <small>2ª e 3ª pess. sing. imperativo fut. de sum.</small> <br> <small></small>
etiam,Faria,"<b>etĭam</b> <br> <small>conj.</small> <br> <small></small>   <p> <b>1</b> &ensp; <small>Sent. próprio</small> &ensp; E agora, agora ainda &ensp; <small>com ideia temporal Plaut. Trin. 572.</small> <br> <b>2</b> &ensp; <small>Daí, em sent. mais geral:</small> &ensp; Ainda, além disso, também &ensp; <small>Cíc. Fin. 2, 17.</small> <br> <b>3</b> &ensp; <small>Donde:</small> &ensp; Mesmo, até &ensp; <small>Cíc. Fin. 2, 18.</small> <br> <b>4</b> &ensp; <small>E nas confirmações</small> &ensp; Pois ainda, sim, certamente &ensp; <small>Cíc. Ac. 2, 104.</small> </p>"
is,Faria,<b>eum</b> <br> <small>acus. de is.</small> <br> <small></small>
idem,Faria,<b>eūmdem</b> <br> <small>acus. sing. m. de idem.</small> <br> <small></small>
ipse,Faria,"<b>eūmpse</b> <br> <small>= ipsum, v. is.</small> <br> <small></small>"
ex,Faria,"<b>ex</b> <br> <b>ē</b> <br> <b>ec</b> <br> <small>prep. e prevérbio</small> <br> <small>Obs.: I - Como prevérbio ex: 1 É constante antes de vogal e de consoantes: examinare, extollere. 2 Toma a forma ec antes de f: ecferre = efferre, com assimilação do c e do prevérbio. 3 Toma a forma e antes de b, d, g, l, m, n, r, «i» consoante e «u» consoante: egredi, eligere, emittere. 4 Subsiste antes de s, c, qu: exsequi, excutere, exquirere. 5 e ou ex. antes de p: expers. II - Na composição ex designa: 1 Ideia de saída exire, sair de, algumas vezes com ideia acéssória de baixo para cima: extollere, elevar, levantar. 2 Ideia de ausência, privação: expers, que não tem parte em, falto de. 3 Ideia de acabamento: ebihere, beber até o fim, esvaziar. Neste emprego a força do provérbio é, muitas vezes, enfraquecida e o composto tem o mesmo sentido que o simples: vincio e evincio, cingir, ligar, atar. 4 Serve para reforçar formas adverbiais: exadversus adv., «defronte de, em frente a». Como preposição, o emprego de ex obedece as mesmas regras enumeradas para o emprego de ex prevérbio, sendo porém, de se notar que são estas menos estritas, sendo a forma ex a preferida na língua falada e e de uso corrente na língua escrita.</small>   <p> <b>1</b> &ensp; <small>Indica ponto de partida sent. local:</small> &ensp; Do interior de, de &ensp; <small>com ideia de movimento de dentro para fora.</small> <br> <b>2</b> &ensp; <small>Indica ponto de partida sent. local:</small> &ensp; De, procedente de &ensp; <small>ideia de origem Cés. B. Gal. 5, 13, 1.</small> <br> <b>3</b> &ensp; <small>Indica ponto de partida sent. local:</small> &ensp; Da parte de, de entre, do número de, entre &ensp; <small>ideia partitiva Cíc. De Or. 2, 357.</small> <br> <b>4</b> &ensp; <small>Daí:</small> &ensp; De, desde, a partir de &ensp; <small>sent. temporal Cíc. Rep. 1, 25.</small> <br> <b>5</b> &ensp; <small>Daí:</small> &ensp; Em seguida a, logo depois de &ensp; <small>Cíc. Br. 318.</small> <br> <b>6</b> &ensp; <small>Daí:</small> &ensp; Em virtude de, por causa de, por &ensp; <small>sent. causal Cíc. Of. 3, 99.</small> <br> <b>7</b> &ensp; <small>Daí:</small> &ensp; Conforme, segundo &ensp; <small>Cíc. Clu. 177.</small> <br> <b>8</b> &ensp; <small>Daí:</small> &ensp; De, feito de &ensp; <small>indicando a matéria de que uma coisa é feita Cíc. Verr. 2, 50.</small> <br> <b>9</b> &ensp; <small>II-Em locuções:</small> &ensp; <small></small> </p>   <p><small>[EXEMPLOS]</small><br> <br><b>1</b><br>Com verbos que significam sair, expulsar, tirar, como: exire sair de, deducere levar, retirar, auferre retirar, tollere, etc. Cés. B. Gal. 4, 30, 3. <br> <br><b>9</b><br>ex lege Cíc. Clu. 103 «conforme a lei, legalmente»; ex consuetudine Cíc. Clu. 38 «segundo o costume»; ex itinere Cíc. Fam. 3, 9, 1 «pelo caminho, no caminho»; ex eo Tác. An. 12, 7 «a partir deste momento»; ex insidiis Cíc. Of. 2, 26 «à traição». </p>"
exercitus,Faria,"<b>exercĭti</b> <br> <small>gen., v. exercĭtus 2.</small> <br> <small></small>"
facio,Faria,<b>fac</b> <br> <small>imperat. de facĭo.</small> <br> <small></small>
facio,Faria,<b>facdum</b> <br> <small>= fac dum.</small> <br> <small></small>   <p> <b>1</b> &ensp; <small></small> &ensp; Faze. pois &ensp; <small>Plaut. Rud. 1.023.</small> </p>
facio,Faria,"<b>facĭo</b> <b>-is</b> <b>-ĕre</b> <b>fēcī, factum</b> <br> <small>v. tr. e intr.</small> <br> <small>Obs.: o sentido primitivo de ‘pôr’. ‘colocar’. aparece nas expressões: facere magni, facere nihili, i.e., ‘colocar pôr como sendo de grande. ou de nenhum valor’; facere nomen alicui ‘pôr um nome em alguém’: facere aliquem regem ‘colocar como rei’ -e, principalmente, nos seus compostos e derivados. A evolução semântica para ‘fazer’ processou-se através das línguas técnicas. Constrói-se com acus.: com ut, ne, quin ou simples subjuntivo; com inf.; com dois acus.; com gen. de preço; com acus. e inf.;  ou intransitivamente.</small>   <p> <b>1</b> &ensp; <small>I-Sent. próprio</small> &ensp; Pôr, colocar, e daí: fazer, executar &ensp; <small>Cés. B. Gal. I, 13, 1; Cíc. Pis. 70; Cés. B. Gal. 2, 3, 3.</small> <br> <b>2</b> &ensp; <small>I-Sent. próprio</small> &ensp; Produzir, causar, provocar, excitar &ensp; <small>Cíc. Flac. 83.</small> <br> <b>3</b> &ensp; <small>I-Sent. próprio</small> &ensp; Exercer, praticar &ensp; <small>Cíc. Verr. 5, 155.</small> <br> <b>4</b> &ensp; <small>II-Sent. figurado:</small> &ensp; Trabalhar, produzir. compor &ensp; <small>C ie. Verr. 5. 63; Cíc. Or. 172.</small> <br> <b>5</b> &ensp; <small>III-Empregos especiais - Na língua poética:</small> &ensp; Criar. nomear, eleger &ensp; <small>Cíc. Verr. 2. 132; Cíc. Provo 20.</small> <br> <b>6</b> &ensp; <small>III-Empregos especiais - Na língua poética:</small> &ensp; Dar, fornecer, obter: &ensp; <small></small> <br> <b>7</b> &ensp; <small>III-Empregos especiais - Na língua poética:</small> &ensp; Sofrer &ensp; <small>Cíc. Br. 125.</small> <br> <b>8</b> &ensp; <small>III-Em sent. intelectual:</small> &ensp; Supor. admitir, imaginar &ensp; <small>C c. Tusc. I. 82.</small> <br> <b>9</b> &ensp; <small>III-Na língua do teatro:</small> &ensp; Representar, pôr em cena &ensp; <small>Cíc. Tusc. 5, 115; Ter. Eun. 38.</small> <br> <b>10</b> &ensp; <small>III-Na língua do teatro:</small> &ensp; Estimar, prezar &ensp; <small>Cíc. Fin. 2. 88.</small> <br> <b>11</b> &ensp; <small>III-Na língua religiosa:</small> &ensp; Fazer um sacrifício, sacrificar &ensp; <small>Verg. Buc. 3. 77.</small> <br> <b>12</b> &ensp; <small>IV-Intr.:</small> &ensp; Ser eficaz. convir a, fazer bem ou mal, ir bem, ser útil &ensp; <small>Sen. Ben. I, 3, 10; Cíc. Mil. 9.</small> <br> <b>13</b> &ensp; <small>IV-Intr.:</small> &ensp; Sacrificar-se, imolar-se &ensp; <small>Cíc. At. I, 13. 3.</small> <br> <b>14</b> &ensp; <small>IV-Locuções:</small> &ensp; <small></small> <br> <b>15</b> &ensp; <small>IV-Com gen. de preço:</small> &ensp; <small></small> </p>   <p><small>[EXEMPLOS]</small><br> <br><b>6</b><br>alicui facultatem judicandi Cíc. Verr. 2. 179 ‘dar a alguém a faculdade de julgar’. <br> <br><b>14</b><br>iter facere Cés. B. Gal. 1, 7, I ‘caminhar’; facere palam Cíc. At. 13,21, 3 ‘divulgar’; facere contra C ie. Quinct. I ‘ser contra’. <br> <br><b>15</b><br>facere magni Cíc. Q. Fr. I. 2,7 ‘considerar muito’; facere nihili Cíc. Fin. 2, 88 ‘não considerar nada’; facere minimi Cic. Fin. 2. 42 ‘considerar pouco’; facere plurimi Cíc. Fam. 3, 10, 2 ‘considerar no mais alto grau’. </p>"
facio,Faria,<b>fĕcī</b> <br> <small>perf. de facĭo.</small> <br> <small></small>
fero,Faria,<b>fer</b> <br> <small>imperat. de fero.</small> <br> <small></small>
fero,Faria,"<b>ferō</b> <b>fers, ferre, tŭlī, lātum</b> <br> <small>v. tr.</small> <br> <small>Obs.: O perf. tetuli e formas derivadas ocorrem nos  autores arcaicos e até nos poetas contemporâneos de Cícero e César.</small>   <p> <b>1</b> &ensp; <small>I-Sent. próprio</small> &ensp; Levar, trazer &ensp; <small>Cíc. Tusc. 2, 37:</small> <br> <b>2</b> &ensp; <small>I-Sent. próprio</small> &ensp; Trazer no ventre, estar grávida. produzir &ensp; <small>tratando-se de plantas T. Lív. I. 3--1. 3: C ie. Leg. 2, 67.</small> <br> <b>3</b> &ensp; <small>II-Sent. figurado:</small> &ensp; Suportar, sofrer, tolerar &ensp; <small>Cés. B. Gal. 3, 19, 3; Cíc. Tusc. 2, 46.</small> <br> <b>4</b> &ensp; <small>II-Sent. figurado:</small> &ensp; Propor uma lei, dar uma opinião, levar uma notícia ou fato, contar, expor &ensp; <small>Cíc. Of. ’2, 73: Cíc. Clu. 140: Cíc. Phil. 2. 110.</small> <br> <b>5</b> &ensp; <small>II-Sent. figurado:</small> &ensp; Impelir, empurrar, conduzir &ensp; <small>Cés. B. Civ. I. 27, 4.</small> <br> <b>6</b> &ensp; <small>II-Sent. figurado:</small> &ensp; Obter, conseguir, tirar, carregar, roubar &ensp; <small>C ie. At. 4, 15, 6; Verg. Buc. 5, 34; Verg. Buc. 9, 15.</small> <br> <b>7</b> &ensp; <small>II-Reflexivo ou passivo:</small> &ensp; <small></small> </p>   <p><small>[EXEMPLOS]</small><br> <br><b>1</b><br>lectica latus C ie. Phil. 2, 106 “levado trazido em liteira”: Cíc. Of. 3. 74. <br> <br><b>7</b><br>ferre se ou ferri: dirigir-se, lançar-se Cés. B. Gal. 2, 24, 3 Cíc. Plane. 96. </p>"
fero,Faria,<b>fers</b> <br> <small>2ª pess. sing. pres. do indicat. de fero.</small> <br> <small></small>
fio,Faria,"<b>fi</b> <br> <small>imperat. de fio arc. Plaut. Cure. 87; Hor. Sāt. 2, 5, 38.</small> <br> <small></small>"
filius,Faria,"<b>filĭus</b> <b>-ī</b> <br> <small>subs. m.</small> <br> <small>Voc. fili.</small>   <p> <b>1</b> &ensp; <small>I-Sent. próprio</small> &ensp; Crianças de peito, e daí: filho &ensp; <small>Hor. Sát. 2, 6, 49.</small> <br> <b>2</b> &ensp; <small>II-No pl.</small> &ensp; Filhos &ensp; <small>de ambos os sexos Cíc. ad Br. I, 12, 2.</small> <br> <b>3</b> &ensp; <small>II-No pl.</small> &ensp; Filhos dos animais &ensp; <small>sent. raro Col. 6, 37, 4.</small> </p>"
fio,Faria,"<b>fĭo</b> <b>-īs</b> <b>-fiĕri</b> <b>factus sum</b> <br> <small>pass. de facĭo</small> <br> <small>Obs.: Constrói-se com subj. com ut ou com gen. de preço. Imperat. fi Plaut. Pers. 38; Hor. Sát.. 2, 5, 38; fite Plaut. Cure. 89.</small>   <p> <b>1</b> &ensp; <small></small> &ensp; Ser feito, ser criado, fazer-se, tomar-se &ensp; <small>Cíc. Rep. 2, 18.</small> <br> <b>2</b> &ensp; <small>Daí</small> &ensp; Produzir-se, nascer, acontecer, existir &ensp; <small>Cíc. Div. I, 101; Lucr. I, 98\; Cíc. Q. Fr. I, 1,38.</small> <br> <b>3</b> &ensp; <small>Loc.:</small> &ensp; <small></small> </p>   <p><small>[EXEMPLOS]</small><br> <br><b>3</b><br>ut fit Cíc. Mil. 28 ‘como acontece, conforme o costume’; ita fiat ut, inde fit, ex quo fit, i. e., «do que resulta que», «donde se segue que»: fieri potest ‘é possível’: fieri non potest C le. Verr. 2, 190 ‘não é possível é impossivel’. </p>"
fio,Faria,<b>fite</b> <br> <small>2ª pess. pI. imperat. de fio Plaut. Curc. 89.</small> <br> <small></small>
sum,Faria,<b>fŏrĕ</b> <br> <small>inf. fut. de sum = futurum esse.</small> <br> <small></small>
sum,Faria,"<b>forem</b> <b>-ēs</b> <b>-et</b> <b>e forent</b> <br> <small>= essem, esses, esset e essent. imperf. do subj. de sum.</small> <br> <small></small>"
fortuna,Faria,"<b>fortūna</b> <b>-ae</b> <br> <small>subs. f.</small> <br> <small></small>   <p> <b>1</b> &ensp; <small>I-Sent. próprio</small> &ensp; A Fortuna &ensp; <small>divindade Cíc. Verr. 4, 119.</small> <br> <b>2</b> &ensp; <small>II-Daí</small> &ensp; Fortuna, sorte boa ou má, destino, sina &ensp; <small>Cíc. Dej. 29: Cíc. Nat. 3, 39.</small> <br> <b>3</b> &ensp; <small>II-Especializou-se em:</small> &ensp; Boa sorte, bom êito, felicidade &ensp; <small>C ic. At. 5. II, I.</small> <br> <b>4</b> &ensp; <small>II-Daí, no pl.:</small> &ensp; Dons da fortuna. Riqueza, posses, bens, fortuna &ensp; <small>Cíc. Cat. 2, 10.</small> <br> <b>5</b> &ensp; <small>II-Daí, no pl.:</small> &ensp; Azares da sorte, circunstâncias felizes ou infelizes, sorte. situação &ensp; <small>Cíc. Sull. 66.</small> <br> <b>6</b> &ensp; <small>III-Sent. diverso no sing.:</small> &ensp; Sorte, condição, situação &ensp; <small>C ic. Fin. 5, 52.</small> </p>"
sum,Faria,"<b>fuam</b> <b>fuas, fuat</b> <br> <small>pres. subj. arc. de sum = sim, sis, sit.</small> <br> <small></small>"
sum,Faria,<b>fuĕram</b> <br> <small>m. q. perf. Ind. de sum.</small> <br> <small></small>
sum,Faria,<b>fuĕrō</b> <br> <small>fut. perf. do ind. de sum.</small> <br> <small></small>
gero,Faria,"<b>gerō</b> <b>-is</b> <b>-ĕre</b> <b>gēssī, gēstum</b> <br> <small>v. tr.</small> <br> <small></small>   <p> <b>1</b> &ensp; <small>I-Sent. próprio</small> &ensp; Levar, ter consigo, trazer, ter &ensp; <small>T. Lív. 28, 19, 13; Lucr. 5, 1.420.</small> <br> <b>2</b> &ensp; <small>II-Sent. figurado</small> &ensp; Chamar a si, incumbir-se voluntariamente de, sair-se bem &ensp; <small>Varr. L. Lat. 6. 77.</small> <br> <b>3</b> &ensp; <small>II-Por extensão:</small> &ensp; Executar, cumprir, fazer, administrar, gerir, exercer &ensp; <small>Cíc. Quinct. 28; Cíc. Br. 103; Cíc. Sest. 79; Cés. B. Gal. I, I, 3.</small> <br> <b>4</b> &ensp; <small>II-Por extensão:</small> &ensp; Produzir, criar &ensp; <small>Verg. G. 2, 70.</small> <br> <b>5</b> &ensp; <small>II-Por extensão:</small> &ensp; Ter, mostrar, manter, nutrir &ensp; <small>C Ie. Of. I, 115:</small> <br> <b>6</b> &ensp; <small>II-Por extensão:</small> &ensp; Proceder como, fazer de &ensp; <small>Plín. Paneg. 44.</small> <br> <b>7</b> &ensp; <small>II-Por extensão:</small> &ensp; Passar &ensp; <small>o tempo Suet. Dem. I.</small> </p>   <p><small>[EXEMPLOS]</small><br> <br><b>5</b><br>…personam C!C. Of. I, 115 ‘ter um papeli’; …amicitiam Cíc. Fam. 3, 8,5 «manter a amizade»; …fortem animum Sal. B. Jug. 107, I «mostrar coragem». </p>"
gero,Faria,<b>gēssī</b> <br> <small>perf. de gero.</small> <br> <small></small>
grauis,Faria,"<b>gravis</b> <b>-e</b> <br> <small>adj.</small> <br> <small>Obs.: Constrói-se absolutamente, e com abl.</small>   <p> <b>1</b> &ensp; <small>I-Sent. próprio</small> &ensp; Pesado, grave, prenhe &ensp; <small>Cés. B. Gal. 5, 8, 3.</small> <br> <b>2</b> &ensp; <small>II-Sent. figurado</small> &ensp; Pesado &ensp; <small>Cíc. C. M. 4.</small> <br> <b>3</b> &ensp; <small>II-Sent. figurado</small> &ensp; Forte &ensp; <small>tratando-se do homem Verg. En. 5, 447.</small> <br> <b>4</b> &ensp; <small>II-Em particular:</small> &ensp; Armado pesadamente &ensp; <small>T. Lív. 3 I, 39, 2.</small> <br> <b>5</b> &ensp; <small>II-Em particular:</small> &ensp; Grave, forte &ensp; <small>tratando-se do som Quint. I, 5, 22.</small> <br> <b>6</b> &ensp; <small>II-Em particular:</small> &ensp; Forte, fétido &ensp; <small>tratando-se do cheiro:</small> <br> <b>7</b> &ensp; <small>II-Em particular:</small> &ensp; Forte &ensp; <small>tratando-se da comida Cíc. Nat. 2, 24.</small> <br> <b>8</b> &ensp; <small>II-Em particular:</small> &ensp; Que tem peso, autoridade, grave, sério, importante, considerado, digno, considerável &ensp; <small>Cíc. Flac. 56.</small> <br> <b>9</b> &ensp; <small>II-Em particular:</small> &ensp; Severo, rígido, rigoroso, difícil &ensp; <small>Cíc. Verr. 3, 134.</small> <br> <b>10</b> &ensp; <small>II-Em particular:</small> &ensp; Penoso, custoso, insuportável, triste, funesto, pernicioso, doentio &ensp; <small>cic. C. m. 4.</small> </p>   <p><small>[EXEMPLOS]</small><br> <br><b>6</b><br>ellebori graves Verg. G. 3, 451 «o eléboro fétido». </p>"
habeo,Faria,"<b>habĕō</b> <b>-ēs</b> <b>-ēre</b> <b>habŭī, habĭtum</b> <br> <small>v. tr. e intr.</small> <br> <small>Obs.: Constrói-se com acus., com dois acus., com inf., com gen. de preço ou como intransitivo. Em Cícero Leg. 2, 19 ocorre a forma habessit = habuerit, por arcaísmo.</small>   <p> <b>1</b> &ensp; <small>I-Sent. próprio</small> &ensp; Manter, manter-se &ensp; <small>Cés. B. Civ. 3, 31, 3: Sal. C. Cat. 52, 14.</small> <br> <b>2</b> &ensp; <small>I-Daí:</small> &ensp; Possuir, ocupar, tomar posse de, guardar &ensp; <small>Verg. Fn. 2, 290; S~1. B. Jug. 2, 3; Cíc. Verr. 5, 104; Cíc. Verr. 2, 47.</small> <br> <b>3</b> &ensp; <small>I-Donde:</small> &ensp; Ter, haver &ensp; <small>sent. próprio e figurado Cés .. B. Gal. I, 8, 1; Cíc. Verr. 2, 184; Cíc. Fam. 7, 26, 1; Cíc. Tusc. I, 57; Cíc. Leg. 2, 57.</small> <br> <b>4</b> &ensp; <small>II-Sent. figurado:</small> &ensp; Tratar &ensp; <small>Sal. B. Jug. 113, 2; Sal. B. Jug. 64, 5.</small> <br> <b>5</b> &ensp; <small>II-Sent. figurado:</small> &ensp; Ter como, considerar como, julgar, avaliar &ensp; <small>Cíc. Nat. I, 45; Cés. B. Gal. I, 44, I I; Cíc. Of. 1, 1441.</small> <br> <b>6</b> &ensp; <small>II-Sent. figurado:</small> &ensp; Conhecer. saber &ensp; <small>Cíc. Rep. 2, 33.</small> <br> <b>7</b> &ensp; <small>II-Sent. figurado:</small> &ensp; Passar &ensp; <small>o tempo Sal. C. Cat. 51, 12.</small> </p>"
habeo,Faria,"<b>habēssit</b> <br> <small>= habuerit, fut. perf. de habeo Cie. Leg. 2, 19.</small> <br> <small></small>"
habeo,Faria,<b>habŭī</b> <br> <small>perf. de habĕo.</small> <br> <small></small>
hic,Faria,<b>haec</b> <br> <small>nom. sing. f. e nom. acus. pI. n. de hic.</small> <br> <small></small>
hic,Faria,<b>heic</b> <br> <small></small> <br> <small>v. hic.</small>
hic,Faria,"<b>hi</b> <br> <small>nom. pl. m. de hic, pronome.</small> <br> <small></small>"
hic,Faria,<b>hice</b> <b>haece</b> <b>hoce</b> <br> <b>hicce</b> <b>haecce</b> <b>hocce</b> <br> <small>pron. reforço de hic.</small> <br> <small></small>   <p> <b>1</b> &ensp; <small></small> &ensp; Este. esta. isto: &ensp; <small></small> </p>   <p><small>[EXEMPLOS]</small><br> <br><b>1</b><br>hujusce modi requies Ck. De 01'. I. 224 “um repouso desta espécie”. </p>
hinc,Faria,"<b>hinc</b> <br> <small>adv.</small> <br> <small></small>   <p> <b>1</b> &ensp; <small>Sent. próprio</small> &ensp; Daqui. deste lugar &ensp; <small>Cíc. Agr. 2, 94.</small> <br> <b>2</b> &ensp; <small>Donde:</small> &ensp; A partir daqui. deste ponto &ensp; <small>T. Lív. 2. I. 1.</small> <br> <b>3</b> &ensp; <small>Donde:</small> &ensp; De onde. desta fonte &ensp; <small>Cíc. Of. 3. 36</small> <br> <b>4</b> &ensp; <small>Donde:</small> &ensp; Dele &ensp; <small>= ex hoc homine Ter. Ad. 361;</small> <br> <b>5</b> &ensp; <small>Donde:</small> &ensp; daí &ensp; <small>= ex hac re Cíc. De 01'. I. 65.</small> <br> <b>6</b> &ensp; <small>Donde:</small> &ensp; Daí. a partir deste momento &ensp; <small>= abhinc Plín. H. Nat: 23. 43.</small> <br> <b>7</b> &ensp; <small>Donde:</small> &ensp; hinc... illinc ou hinc ... hinc, de um lado ... de outro &ensp; <small>Cíc. Cat. 2. 25.</small> </p>"
homo,Faria,"<b>homō</b> <b>-ĭnis</b> <br> <small>subs. m.</small> <br> <small>Obs.: 1 Etimologicamente significa: o nascido da terra, o terrestre, ser humano; deste sent. geral é que passou aos sents. particulares acima indicados. 2 Na língua familiar tem, muitas vezes, o valor de um demonstrativo, correspondendo a hic homo = ego Plaut. Bac. 161; homo = is. iste ou ille Cie. Dom. 40.</small>   <p> <b>1</b> &ensp; <small>Sent. próprio</small> &ensp; Homem, ser racional &ensp; <small>em oposição a fera, bestia Cíc. At. 2, 2, 2.</small> <br> <b>2</b> &ensp; <small>Sent. próprio</small> &ensp; Homem, ser humano &ensp; <small>em oposição a deus Cíc. Oro 129.</small> <br> <b>3</b> &ensp; <small>Na língua familiar:</small> &ensp; Homem &ensp; <small>em oposição a mulier Plaut. Cisto 723</small> <br> <b>4</b> &ensp; <small>Na língua familiar:</small> &ensp; Homem, ser vivo, vivente, mortal &ensp; <small>em oposição aos deuses e aos mortos Cíc. Amer. 76.</small> <br> <b>5</b> &ensp; <small>Por extensão, no pl.:</small> &ensp; Habitantes, cidadãos &ensp; <small>T. Lív. 34, 45, I.</small> <br> <b>6</b> &ensp; <small>Por extensão, no pl.:</small> &ensp; Homens, soldados, e especialmente a infantaria &ensp; <small>em oposição à cavalaria Cés. B. Civ. 2, 39, 4.</small> </p>"
hostis,Faria,"<b>hostis</b> <b>-is</b> <br> <small>subs. m.</small> <br> <small>Obs.: Hostis é o “inimigo público” em oposição a inimicus, o “inimigo particular”. Na época imperial, principalmente. hostis tomou o significado de inimigo em geral, assim como inimicus se tornou sinônimo de hostilis.</small>   <p> <b>1</b> &ensp; <small>I-Sent. próprio</small> &ensp; Estrangeiro, hóspede. forasteiro &ensp; <small>Cíc. Of. I, 37.</small> <br> <b>2</b> &ensp; <small>II-Sent. particular</small> &ensp; Inimigo, inimigo público &ensp; <small>Cés. B. Gal. 5, 56, 3.</small> <br> <b>3</b> &ensp; <small>II-Sent. particular</small> &ensp; Inimigo &ensp; <small>em geral Cíc. Phil. 2, 64.</small> <br> <b>4</b> &ensp; <small>III-Sents. diversos:</small> &ensp; Peão do adversário &ensp; <small>peça de uma espécie de jogo de xadrez Ov. A. Am. 2, 208.</small> <br> <b>5</b> &ensp; <small>III-Como subs. f.:</small> &ensp; Inimiga &ensp; <small>T. Lív. 30, 14, 2:</small> </p>"
hinc,Faria,"<b>hūc</b> <br> <small>adv. indicando movimento para um lugar:</small> <br> <small></small>   <p> <b>1</b> &ensp; <small>I-No sent. próprio:</small> &ensp; Para aqui, para este lugar &ensp; <small>Cés. B. Gal. 3, 19, 1.</small> <br> <b>2</b> &ensp; <small>I-No sent. próprio:</small> &ensp; A este lugar, a este ponto, a tal ponto &ensp; <small>Cíc. Cal. 2, 4.</small> </p>"
hic,Faria,<b>huic</b> <b>hujus</b> <br> <small>dat. e gen. sg. de hic.</small> <br> <small></small>
hic,Faria,<b>hunc</b> <br> <small>acus. sg. m. de hic.</small> <br> <small></small>
eo,Faria,<b>ī</b> <br> <small>imperat. pres. de eo.</small> <br> <small></small>
iam,Faria,<b>iam</b> <br> <small></small> <br> <small>v. jam.</small>
eo,Faria,<b>ibam</b> <br> <small>imperf. do ind. de eo.</small> <br> <small></small>
eo,Faria,<b>ibo</b> <br> <small>fut. imp. de eo.</small> <br> <small></small>
is,Faria,<b>id</b> <br> <small>nom. e acus. sing. n. de is.</small> <br> <small></small>
idem,Faria,"<b>īdem</b> <b>eădem, ĭdem</b> <br> <small>pronome demonstrativo</small> <br> <small>Obs.: Contam como dissílabo as seguintes formas em alguns poetas: eodem Verg. Buc. 8, 82; eadem Verg. En. 10, 487; eosdem Prop. 4, 7, 7.</small>   <p> <b>1</b> &ensp; <small>I-Sent. próprio</small> &ensp; Este precisamente; &ensp; <small></small> <br> <b>2</b> &ensp; <small>I-daí:</small> &ensp; O mesmo. a mesma &ensp; <small>sent. geral Cíc. Of. I, 90.</small> <br> <b>3</b> &ensp; <small>II-Sents. diversos;</small> &ensp; Também, ao mesmo tempo &ensp; <small>Cíc. Nat. 3. 80.</small> <br> <b>4</b> &ensp; <small>II-Em correlação com qui, atque. et, ut, quasi, cum em comparações:</small> &ensp; Do mesmo modo que, o mesmo que &ensp; <small>Cíc. Tusc. 2.9.</small> <br> <b>5</b> &ensp; <small>II-Neutro sing. com gen.:</small> &ensp; O mesmo: &ensp; <small></small> </p>   <p><small>[EXEMPLOS]</small><br> <br><b>5</b><br>idem juris Cíc. Balb. 29 «o mesmo direito». </p>"
igitur,Faria,"<b>igĭtur</b> <br> <small>adv.</small> <br> <small></small>   <p> <b>1</b> &ensp; <small></small> &ensp; Nestas circunstâncias. portanto. pois. então &ensp; <small>Plaut. Caso 216.</small> <br> <b>2</b> &ensp; <small></small> &ensp; Pois. por conseguinte &ensp; <small>Cíc. Tusc. I. 71.</small> <br> <b>3</b> &ensp; <small></small> &ensp; Pois &ensp; <small>interrogativo conclusivo Cíc. Tusc. 1. 70.</small> <br> <b>4</b> &ensp; <small></small> &ensp; Então &ensp; <small>usado para retomar um assunto interrompido Cíc. Tusc. I. 30.</small> <br> <b>5</b> &ensp; <small></small> &ensp; Então. assim pois. em resumo. numa palavra &ensp; <small>Cíc. Tusc. 1,70.</small> <br> <b>6</b> &ensp; <small></small> &ensp; E pois. portanto &ensp; <small>usado para abordar um desenvolvimento já anunciado C íc. F in. I. 66.</small> </p>"
ille,Faria,<b>illaec</b> <br> <small></small> <br> <small>v. illic.</small>
ille,Faria,<b>illanc</b> <br> <small>acus. sing. f. de illic Plaut. eis!. 123.</small> <br> <small></small>
ille,Faria,"<b>ille</b> <b>illa, illud</b> <br> <small>pron. demonstr.</small> <br> <small></small>   <p> <b>1</b> &ensp; <small>I-Sent. próprio</small> &ensp; Aquele, aquela, aquilo; ele, ela, o, a &ensp; <small>designando o que está mais longe com referência a quem fala Cíc. Verr. 4, 147.</small> <br> <b>2</b> &ensp; <small>II-Sent. poético</small> &ensp; Desde então: &ensp; <small></small> <br> <b>3</b> &ensp; <small>III-Empregos diversos:</small> &ensp; Famoso, célebre &ensp; <small>enfaticamente Cíc. De Or. 2, 58.</small> <br> <b>4</b> &ensp; <small>III-Empregos diversos:</small> &ensp; Ele &ensp; <small>interlocutor de um diálogo:</small> <br> <b>5</b> &ensp; <small>III-Empregos diversos:</small> &ensp; Tal, tais anunciando o que segue &ensp; <small>Cíc. Ac. 1, 22.</small> </p>   <p><small>[EXEMPLOS]</small><br> <br><b>2</b><br>ex illo Verg. En. 2, 169 «desde então». <br> <br><b>4</b><br>tum ille Cíc. De Oro 1, 45 «então ele». </p>"
ille,Faria,"<b>illi</b> <br> <small>dat. sing. m. f. e n. ou nom. pl. m. de ille, illa, illud.</small> <br> <small></small>"
ille,Faria,<b>illīus</b> <br> <small>gen. sing. m. f. e n. de ille.</small> <br> <small></small>
ille,Faria,<b>illŭd</b> <br> <small>n. de ille.</small> <br> <small></small>
ille,Faria,<b>illunc</b> <br> <small></small> <br> <small>v. illic.</small>
is,Faria,"<b>im</b> <br> <small>= eum Cie. Leg. 2, 60.</small> <br> <small></small>"
imperium,Faria,"<b>imperĭum</b> <b>-ī</b> <br> <small>subs. n.</small> <br> <small></small>   <p> <b>1</b> &ensp; <small>I-Sent. próprio</small> &ensp; Poder soberano &ensp; <small>como o do pai sobre os filhos. e do senhor sobre os escravos;</small> <br> <b>2</b> &ensp; <small>I-e daí, na língua política:</small> &ensp; Supremo poder de tomar todas as medidas de utilidade pública. mesmo fora das leis. Mando, autoridade suprema, domínio, soberania &ensp; <small>Cíc. Verr. 5, 8.</small> <br> <b>3</b> &ensp; <small>I-Donde, na língua oficial:</small> &ensp; Poder Supremo atribuído a certos magistrados, magistratura &ensp; <small>T. Lív. 26. 2. 9.</small> <br> <b>4</b> &ensp; <small>I-Em sent. especial:</small> &ensp; Comando militar &ensp; <small>Cés. B. Gal. 2. 23. 4.</small> <br> <b>5</b> &ensp; <small>I-No pl.:</small> &ensp; Autoridades. magistrados ou comandantes, generais &ensp; <small>Cés. B. C iv. I. 31. 1.</small> <br> <b>6</b> &ensp; <small>II-Sents. diversos:</small> &ensp; Comando, ordem. autoridade &ensp; <small>sent. geral Cíc. Verr. 4. 76.</small> <br> <b>7</b> &ensp; <small>II-Sents. diversos:</small> &ensp; Estado. império, governo imperial &ensp; <small>Suet. Tib. 24.</small> </p>"
inquam,Faria,"<b>inquam</b> <b>-is</b> <b>-it</b> <br> <small>v. defect.</small> <br> <small>Obs.: É usado frequentemente depois de uma palavra para a qual se quer chamar a atenção do leitor, principalmente nas anáforas. Além das formas do ind. pres. sing. e 3ª do pl., são ainda encontradas: pret. perf. ind. inquii Catul. 10. 27; inquisti C ie. De Or. 2. 259; impetat. inque Plaul. Bac. 883; inquito Plaut, Aul. 788: fut. inquies Cíc. Oro 101; inquiet Cíc. Fin. 4. 71.</small>   <p> <b>1</b> &ensp; <small></small> &ensp; Digo, dizes, diz: &ensp; <small></small> <br> <b>2</b> &ensp; <small>Sent. indeterminado:</small> &ensp; diz-se &ensp; <small>C íc. Tusc. 3. 71.</small> </p>   <p><small>[EXEMPLOS]</small><br> <br><b>1</b><br>inquam et inquit interponere Cíc. Lae, 3, “intercalar: digo e diz”. </p>"
inquam,Faria,<b>inque</b> <br> <small>imperat. de inquam Plaul. Bac. 883.</small> <br> <small></small>
inquam,Faria,<b>inquĭī</b> <br> <small>perf. de inquam Catul 10. 27.</small> <br> <small></small>
inter,Faria,"<b>inter</b> <br> <small>prep. acus. e prevérbio</small> <br> <small>Obs.: Como prevérbio significa: entre intercalo; por intervalos intermitto; de tempos em tempos interviso; em alguns compostos introduz a ideia de privação, destruição, morte intereo. A ntes de I dá-se a assimilação do r: intellego.</small>   <p> <b>1</b> &ensp; <small>I-Sent. próprio</small> &ensp; Entre, no meio de, no número de, junto de: &ensp; <small></small> <br> <b>2</b> &ensp; <small>II-Sents. particulares</small> &ensp; Exprimindo categorias: &ensp; <small></small> <br> <b>3</b> &ensp; <small>II-Sents. particulares</small> &ensp; Exprimindo debate, escolha: &ensp; <small></small> <br> <b>4</b> &ensp; <small>II-Sents. particulares</small> &ensp; Exprimindo troca, reciprocidade: &ensp; <small></small> <br> <b>5</b> &ensp; <small>II-Em expressões como:</small> &ensp; <small></small> <br> <b>6</b> &ensp; <small>III-Com ideia temporal:</small> &ensp; Durante, no espaço de, dentro de: &ensp; <small></small> </p>   <p><small>[EXEMPLOS]</small><br> <br><b>1</b><br>inter Sequanos et Helvetios Cés. B. Gal. I, 2 “entre os séquanos e helvécios”. <br> <br><b>2</b><br>inter omnes excellere Cíc. De Or. 6 “sobressair dentre todos”. <br> <br><b>3</b><br>inter Marcellos et Claudios patricios judicare Cíc. De 01'. I. 176 “julgar entre os Marcelos e o ramo patrício dos Cláudios”. <br> <br><b>4</b><br>colloquimur inter nos Cíc. De Or. 1. 32 “conversamos entre nós. i. e., juntamente”. <br> <br><b>5</b><br>inter pauca Plín. H. Nat. 35. 150 «muito particularmente»: inter cuncta. inter omnia, inter cetera Hor. Ep. 1. 18. 96; P. Cúrc. 3. 3. 17; T. Lív. 37. 12. 8 “antes de tudo”; inter alia Plín. Ep. 3. 16. 10 “entre outras coisas”; inter haec, inter quae = interea T. Lív. 3. 57. 7 “entretanto”; inter moras Plín. Ep. 9. 13. 20 “esperando”; inter manus Verg. En. 11. 311 “estar palpável, nas mãos, patente”. <br> <br><b>6</b><br>inter noctem T. Lív. 32. 29. 2 «durante a noite». </p>"
ipse,Faria,"<b>ipse</b> <b>-a</b> <b>-um</b> <br> <small>pron. demonstr.</small> <br> <small>Obs.: Tem um valor intensivo e serve para pôr em evidência uma pessoa ou coisa, ou para a contrapor a outras.</small>   <p> <b>1</b> &ensp; <small></small> &ensp; O próprio, a própria, ele próprio, ela própria, eu próprio, tu próprio: &ensp; <small></small> <br> <b>2</b> &ensp; <small></small> &ensp; Exatamente, precisamente &ensp; <small>junto a um numeral, geralmente:</small> <br> <b>3</b> &ensp; <small></small> &ensp; Por si mesmo, espontaneamente &ensp; <small>Cíc. Div. J. 74.</small> <br> <b>4</b> &ensp; <small></small> &ensp; Por si só &ensp; <small>Cíc. Br. 289.</small> </p>   <p><small>[EXEMPLOS]</small><br> <br><b>1</b><br>ipse Caesar Cíc. Fam. 6. 10, 2 «o próprio César». <br> <br><b>2</b><br>triennio ipso minor Cíc. Br. 161 «justamente três anos mais moço»: Cíc. Verr. 5. 160. </p>"
ipse,Faria,"<b>ipsĕmet</b> <br> <small>pron. demonstr.</small> <br> <small></small>   <p> <b>1</b> &ensp; <small></small> &ensp; O próprio: &ensp; <small></small> </p>   <p><small>[EXEMPLOS]</small><br> <br><b>1</b><br>ipsimet Cíc. Verr. 3, 3 «nós mesmos». </p>"
ipse,Faria,<b>ipsi</b> <br> <small>gen. arc. de ipse.</small> <br> <small></small>
eo,Faria,<b>īrī</b> <br> <b>irier</b> <br> <small>inf. pass. de eo Plaul. Rud. 1.242.</small> <br> <small></small>
is,Faria,"<b>is</b> <b>ea, id</b> <br> <small>pron.</small> <br> <small>Obs.: Não tem valor demonstrativo, servindo, apenas, para substituir ou indicar um relativo anteriormente enunciado ou que o vai ser.</small>   <p> <b>1</b> &ensp; <small></small> &ensp; Ele, ela, o, a, este, esta, isto, o supracitado, o referido &ensp; <small>Cés. B. Gal. 1, 4. 1.</small> <br> <b>2</b> &ensp; <small>Empregos mais gerais: et is, et is quidem, is quidem, isque, neque is</small> &ensp; <small>idéia aumentativa ou limitativa Cíc. Phil. 3 31</small> <br> <b>3</b> &ensp; <small>Empregos mais gerais: is, qui em correlação com um relativo:</small> &ensp; o que, o supracitado que: &ensp; <small></small> <br> <b>4</b> &ensp; <small>Empregos mais gerais: is ut ou is qui consecutivo:</small> &ensp; tal, de tal modo: &ensp; <small></small> <br> <b>5</b> &ensp; <small>Em correlação com ac:</small> &ensp; <small></small> <br> <b>6</b> &ensp; <small>Empregos especiais: Com gen.:</small> &ensp; <small></small> <br> <b>7</b> &ensp; <small>Empregos especiais: Acus. adverbial:</small> &ensp; relativo a isto: &ensp; <small></small> <br> <b>8</b> &ensp; <small>Empregos especiais: in eo =</small> &ensp; a este ponto: &ensp; <small></small> <br> <b>9</b> &ensp; <small>Empregos especiais: id est, i.e.</small> &ensp; <small></small> </p>   <p><small>[EXEMPLOS]</small><br> <br><b>3</b><br>A. Albinus, is qui... scripsit C íc. Br. 81 “Aulo Albino, o que escreveu”. <br> <br><b>4</b><br>non is vir est, ut ou qui ... sentiat Cíc. Flac. 34 «ele não é um homem tal que compreenda». <br> <br><b>5</b><br>in eo honore ac si T. Lív. 38. 54. 21 “na mesma consideração que se”. <br> <br><b>6</b><br>id temporis cum Cíc. Mil. 28 «num momento em que». <br> <br><b>7</b><br>id gaudeo Cíc. Q. Fr. 3, 19 «alegro-me com isto» . <br> <br><b>8</b><br>non est in eo C íc. A t. 12, 40. 4 “não é a este ponto”. <br> <br><b>9</b><br>poscere quaestionem, id est, jubere dicere Cíc. Fin. 2, 1 “solicitar uma pergunta, i.e., convidar a dizer”. </p>"
eo,Faria,"<b>īsse</b> <b>īssem</b> <br> <small>= ivīsse, ivīssem. inf. perf. e mais-que-perf. do subj. de eo.</small> <br> <small></small>"
iste,Faria,<b>istaec</b> <b>istanc</b> <br> <small></small> <br> <small>v. istic.</small>
iste,Faria,"<b>iste</b> <b>ista, istud</b> <br> <small>pron. demonstr. 2ª pess.</small> <br> <small>Obs.: Tem, por vezes, valor pejorativo. Gen, are. isti Plaut. Truc. 930; Ter. Heaut. 382; dat. f. istae Plaut Truc. 790.</small>   <p> <b>1</b> &ensp; <small></small> &ensp; Esse, essa, isso: &ensp; <small></small> <br> <b>2</b> &ensp; <small></small> &ensp; Este, tal, semelhante &ensp; <small></small> </p>   <p><small>[EXEMPLOS]</small><br> <br><b>1</b><br>cum icta sis auctoritate Cíc. Mur. 13 “com essa autoridade que tu tens”; Cíc. Cal. I, 16. <br> <br><b>2</b><br>iste centurio Cíc. Cal. 2, 14 “um tal centurião”. </p>"
ita,Faria,"<b>ita</b> <br> <small>adv.</small> <br> <small></small>   <p> <b>1</b> &ensp; <small>Especifica uma coisa dita ou que vai ser dita:</small> &ensp; assim, deste modo, como disse, como se segue &ensp; <small>Cíc. Clu. 51; C ic. Verr. 5, 110.</small> <br> <b>2</b> &ensp; <small>Nas respostas:</small> &ensp; como disse, como disseste, sim, certamente, exatamente: &ensp; <small></small> <br> <b>3</b> &ensp; <small>Como correlativo de ut nas comparações:</small> &ensp; assim ... como &ensp; <small>Plaut. Merc. 262.</small> <br> <b>4</b> &ensp; <small>Daí, nas fórmulas de afirmação, exprimindo um desejo podendo aliás ut vir explícito ou não:</small> &ensp; assim, oxalá: &ensp; <small></small> <br> <b>5</b> &ensp; <small>Donde o emprego como consecutivo:</small> &ensp; tanto ... que, a tal ponto ... que, de tal sorte ... que &ensp; <small>Cíc. Lae. 19.</small> </p>   <p><small>[EXEMPLOS]</small><br> <br><b>2</b><br>militem pol tu aspexisti? - Ita. Plaut. Mil. 1. 262 “por Pólux, tu viste o militar? -Sim”. <br> <br><b>4</b><br>ita me Venus amet ut ego te numquam sinam Plaut. Curc. 209 «assim me ame Vênus, como nunca te darei a permissão» Cíc. Fam. 16, 20, 1. </p>"
eo,Faria,<b>itum</b> <br> <small>supīno de eo.</small> <br> <small></small>
eo,Faria,<b>ītur</b> <br> <small>pass. impess. de eo:</small> <br> <small></small>   <p> <b>1</b> &ensp; <small></small> &ensp; Vai-se. &ensp; <small></small> </p>
iam,Faria,"<b>jam</b> <br> <b>iam</b> <br> <small>adv.</small> <br> <small>Obs.: Emprega-se geralmente com relação ao presente e ao futuro, mas também pode referir-se ao passado Cíc. Or. 171. Donde o seu emprego como primeiro elemento dos compostos: jamdiu, jamdudum, jampridem. Como segundo elemento de composto ocorre: em etiam, nunciam, quoniam, quispiam, uspiam.</small>   <p> <b>1</b> &ensp; <small>I-Sent. próprio</small> &ensp; Agora, já, neste momento &ensp; <small>Plaut. Rud. 584; Cíc. Rep. 1. 58.</small> <br> <b>2</b> &ensp; <small>I-Donde</small> &ensp; Desde agora, daqui por diante, a partir deste momento &ensp; <small>Plaut. Aul. 820.</small> <br> <b>3</b> &ensp; <small>I-Donde</small> &ensp; Logo, dentro em pouco, brevemente, imediatamente &ensp; <small>Hor. O. 1. 4. 16; Verg. En. 4, 566.</small> <br> <b>4</b> &ensp; <small>I-Em sent. conclusivo:</small> &ensp; Ora, daí, então &ensp; <small>Cíc. Br. 68.</small> </p>"
iubeo,Faria,"<b>jubĕō</b> <b>-ēs</b> <b>-ēre</b> <b>jūssī, jūssum</b> <br> <b>iubĕō</b> <b>-ēs</b> <b>-ēre</b> <b>jūssī, jūssum</b> <br> <small>v. tr. e intr.</small> <br> <small>Obs.: Constrói-se com or inf.; com ut: com simples subjuntivo; com acus.; e com acus e dat.</small>   <p> <b>1</b> &ensp; <small>I-Sent. próprio</small> &ensp; Ordenar, mandar &ensp; <small>Cés. B. Gal. 1, 27, 2; Plaut. Most. 930; Cés. B. Gal. 3, 6, 1.</small> <br> <b>2</b> &ensp; <small>I-Na língua do direito público, tratando-se das resoluções políticas, das leis votadas pelo populus, significa:</small> &ensp; decidir, autorizar, sancionar &ensp; <small>Cíc. Verr. 2, 161.</small> <br> <b>3</b> &ensp; <small>II-Sent. figurado-Na língua familiar:</small> &ensp; convidar a, levar a, desejar &ensp; <small>Cíc. Fam. 14, 1, 2.</small> <br> <b>4</b> &ensp; <small>II-Daí:</small> &ensp; Saudar &ensp; <small>Ter. And. 533; Cíc. AI. 4, 14, 2.</small> </p>"
iudex,Faria,"<b>jūdex</b> <b>-ĭcis</b> <br> <b>iūdex</b> <b>-ĭcis</b> <br> <small>subs. m.</small> <br> <small></small>   <p> <b>1</b> &ensp; <small>Sent. próprio:</small> &ensp; O que mostra ou diz o direito, juiz, árbitro &ensp; <small>termo técnico:</small> </p>   <p><small>[EXEMPLOS]</small><br> <br><b>1</b><br>judicem dicere T. Lív. 3. 56. 4 «escolher um juiz»: judicem ferre alicui Cíc. De Or. 2. 285 “propor a alguém um árbitro” Cíc. Fin. 3. 6; judex Phrygius Catu!. 61. 18 «o juiz frígio. i. e., Páris». </p>"
iudicium,Faria,"<b>jūdicĭum</b> <b>-ī</b> <br> <b>iūdicĭum</b> <b>-ī</b> <br> <small>subs. n.</small> <br> <small></small>   <p> <b>1</b> &ensp; <small>I-Sent. próprio termo técnico:</small> &ensp; Ação de julgar, ofício de juiz &ensp; <small>C. N ep. A I. 6, 3.</small> <br> <b>2</b> &ensp; <small>I-Daí:</small> &ensp; Ação judicial, investigação judicial, processo &ensp; <small>Cíc. Br. 197.</small> <br> <b>3</b> &ensp; <small>I-Daí:</small> &ensp; Julgamento de uma questão, sentença, decisão &ensp; <small>Cíc. Dom. 45.</small> <br> <b>4</b> &ensp; <small>I-Daí:</small> &ensp; Tribunal: &ensp; <small></small> <br> <b>5</b> &ensp; <small>II-Sent. figurado:</small> &ensp; Juízo, opinião, parecer &ensp; <small>Cíc. Br. 188.</small> <br> <b>6</b> &ensp; <small>II-Sent. figurado:</small> &ensp; Faculdade de julgar, discemimento, razão, inteligência &ensp; <small>Cíc. Fin. 2, 33.</small> <br> <b>7</b> &ensp; <small>II-Sent. figurado:</small> &ensp; Reflexão &ensp; <small>Cíc. Of. 1. 49.</small> </p>   <p><small>[EXEMPLOS]</small><br> <br><b>4</b><br>causa in judicium deducta Cíc. Opt. 19 «causa levada ao tribunal». </p>"
iubeo,Faria,<b>jussī</b> <br> <small>perf. de jubĕo.</small> <br> <small></small>
iubeo,Faria,<b>jussō</b> <br> <small>= jussĕro fuI. perf. de jubĕo Verg. En. 11. 467.</small> <br> <small></small>
iubeo,Faria,<b>justī</b> <br> <small>= jussīstī perf. de jubĕo Plau!. Men. 1. 146.</small> <br> <small></small>
legio,Faria,"<b>legĭō</b> <b>-ōnis</b> <br> <small>subs. f.</small> <br> <small>Obs.: Passou-se da 1ª para a 2ª acepção ou porque os soldados eram escolhidos por ocasião do recrutamento ou porque, originariamente, cada combatente tinha o direito de escolher um companheiro de armas.</small>   <p> <b>1</b> &ensp; <small>I-Sent. próprio</small> &ensp; Escolha, faculdade de escolher: &ensp; <small></small> <br> <b>2</b> &ensp; <small>II-Daí</small> &ensp; Legião &ensp; <small>divisão do exército romano Cés. B. Gal. 1. 42, 6.</small> <br> <b>3</b> &ensp; <small>III-Sent. figurado:</small> &ensp; Tropas, baterias &ensp; <small>Plaut. Caso 50.</small> <br> <b>4</b> &ensp; <small>IV-Sent. poético:</small> &ensp; Exército &ensp; <small>Verg. En. 9, 368.</small> </p>   <p><small>[EXEMPLOS]</small><br> <br><b>1</b><br>tua est legio Plaut. Men. 188 “a escolha é tua”. </p>"
lex,Faria,<b>lēgis</b> <br> <small>gen. sg. de lex.</small> <br> <small></small>
lex,Faria,"<b>lex</b> <b>lēgis</b> <br> <small>subs. f.</small> <br> <small></small>   <p> <b>1</b> &ensp; <small>I-Sent. próprio</small> &ensp; Lei &ensp; <small>direito escrito e promulgado.</small> <br> <b>2</b> &ensp; <small>II-Daí</small> &ensp; Convenção entre particulares, contrato: &ensp; <small></small> <br> <b>3</b> &ensp; <small>II-Daí</small> &ensp; Cláusula, condição &ensp; <small>C. Nep. Timot. 2.</small> <br> <b>4</b> &ensp; <small>II-Daí</small> &ensp; Conjunto de preceitos jurídicos aceitos pela assembléia dos cidadãos romanos, depois de terem sido ouvidos sobre o assunto &ensp; <small>Cíc. Br. 305:</small> <br> <b>5</b> &ensp; <small>III-Sent. figurado:</small> &ensp; Regra, preceito, obrigação &ensp; <small>Cíc. Ac. 2. 23.</small> <br> <b>6</b> &ensp; <small>IV-Sent. poético:</small> &ensp; Ordem: &ensp; <small></small> </p>   <p><small>[EXEMPLOS]</small><br> <br><b>2</b><br>lex mancipi Cíc. De Or. 1, 178 “contrato de venda”. <br> <br><b>4</b><br>suis legibus uti Cés. B. Gal. 1. 45, 3 “conservar sua independência falando de um povo”. <br> <br><b>6</b><br>sparsi sine lege capilli Ov. Her. 15. 73. “cabelos espalhados em desordem”. </p>"
licet,Faria,<b>licēbit</b> <br> <small>fut. de licet.</small> <br> <small></small>
licet,Faria,<b>licēssit</b> <br> <small>= licuĕrit Plaul. As. 603.</small> <br> <small></small>
licet,Faria,"<b>licĭtum est</b> <br> <small>= licŭit, perf. de licet.</small> <br> <small></small>"
licet,Faria,"<b>licitūrum esset</b> <br> <small>fut. em estilo indireto, de licet:</small> <br> <small></small>   <p> <b>1</b> &ensp; <small></small> &ensp; Terá sido permitido &ensp; <small>Cíc. AI. 2. 1. 5.</small> </p>"
licet,Faria,<b>licŭit</b> <br> <small>perf. de licet.</small> <br> <small></small>
locus,Faria,"<b>locus</b> <b>-ī</b> <br> <small>subs. m. No plural: loci e loca</small> <br> <small></small>   <p> <b>1</b> &ensp; <small>I-Sent. próprio</small> &ensp; Lugar, local, posição, situação &ensp; <small>Cés. B. Gal. 2. 4. 2.</small> <br> <b>2</b> &ensp; <small>II-Sents. técnicos</small> &ensp; Passo &ensp; <small>de um livro ou discurso Cíc. Verr. 4. 68.</small> <br> <b>3</b> &ensp; <small>II-Na língua retórica:</small> &ensp; Fundamento de um raciocínio, assunto de um discurso, pontos principais &ensp; <small>Cíc: Of. 1. 152.</small> <br> <b>4</b> &ensp; <small>II-Sents. diversos:</small> &ensp; Categoria, posição, situação, condição, estado, emprego &ensp; <small>Cíc. Clu. 150.</small> <br> <b>5</b> &ensp; <small>III-Sent. figurado:</small> &ensp; Ocasião, ensejo, oportunidade, época, tempo &ensp; <small>Cíc. Cael. 9.</small> <br> <b>6</b> &ensp; <small>III-Com ideia temporal-Em expressões:</small> &ensp; <small></small> </p>   <p><small>[EXEMPLOS]</small><br> <br><b>6</b><br>ad id locorum Sal. B. Jug. 63,6 «até este momento, até então»: postea loci Sal. B. Jug. 102. 1 «depois disso. i.e. em seguida». </p>"
magis,Faria,<b>mage</b> <br> <small>= magis.</small> <br> <small></small>
magis,Faria,"<b>magis</b> <br> <small>adv.</small> <br> <small>Obs.: Magis é o adv. empregado normalmente, para formar o comp. analítico no período clássico. Mage, forma arcaica de magis, ocorre em poesia ainda no período clássico Lucr: 4,79; Verg. En. 10, 481.</small>   <p> <b>1</b> &ensp; <small>I-Sent. geral</small> &ensp; Mais &ensp; <small>Cés. B. Gal. 3, 16.6; Cíc. fin. 3. 76.</small> <br> <b>2</b> &ensp; <small>I-Nas comparações:</small> &ensp; <small></small> <br> <b>3</b> &ensp; <small>I-Nas comparações:</small> &ensp; Antes, de preferência &ensp; <small>Cíc. Lae. 25: Cíc. At. 10. 8. 2.</small> <br> <b>4</b> &ensp; <small>II-Em construções especiais. reforçado por outro advérbio:</small> &ensp; <small></small> <br> <b>5</b> &ensp; <small>II-Em construções especiais. reforçado por outro advérbio:</small> &ensp; <small></small> <br> <b>6</b> &ensp; <small>II-Em construções especiais. reforçado por outro advérbio:</small> &ensp; <small></small> <br> <b>7</b> &ensp; <small>II-Em construções especiais. reforçado por outro advérbio:</small> &ensp; <small></small> </p>   <p><small>[EXEMPLOS]</small><br> <br><b>2</b><br>Magis ... quam: “mais ... do que”, disertus magis quam sapiens Cíc. A I. 10. I. 4 “mais loquaz do que prudente” Cíc. Tusc. 3. 10: Cés.B. Gal. 1. 40. <br> <br><b>4</b><br>Multo magis Cíc. Fam. 16. 19 “muito mais”: <br> <br><b>5</b><br>magis etiam Cíc. Br. 325 “mais ainda, muito mais”: <br> <br><b>6</b><br>eo magis Cíc. Verr. 3. 1 “tanto mais”: <br> <br><b>7</b><br>hoc magis Cés. B. Civ. 2, 20 “tanto mais”. </p>"
magnus,Faria,"<b>magnī</b> <br> <small>gen. de preço, v. magnus.</small> <br> <small></small>   <p> <b>1</b> &ensp; <small></small> &ensp; De grande valor, muito. &ensp; <small></small> </p>"
manus,Faria,"<b>manus</b> <b>-ūs</b> <br> <small>subs. f.</small> <br> <small>Obs.: Manus aparece como segundo termo de compostos em: quadrimanus, centimanus, etc.</small>   <p> <b>1</b> &ensp; <small>I-Sent. próprio</small> &ensp; Mão &ensp; <small>parte do corpo humano Cíc. Fam. 3, 6, 2.</small> <br> <b>2</b> &ensp; <small>II-Sent. figurado</small> &ensp; Mão &ensp; <small>Plaut. Pers. 855;</small> <br> <b>3</b> &ensp; <small>II-Sent. figurado</small> &ensp; Mão, símbolo da força e instrumento de luta ou trabalho, mão armada, força das armas, combate, peleja: &ensp; <small></small> <br> <b>4</b> &ensp; <small>II-Sent. figurado</small> &ensp; Autoridade, poder &ensp; <small>termo jurídico:</small> <br> <b>5</b> &ensp; <small>II-Sent. figurado</small> &ensp; Mão, trabalho, obra do homem &ensp; <small>Cíc. c. M. 38.</small> <br> <b>6</b> &ensp; <small>II-Sent. figurado</small> &ensp; Letra, modo de escrever &ensp; <small>Cíc. AI. 7, 2, 3.</small> <br> <b>7</b> &ensp; <small>II-Sent. figurado</small> &ensp; Ação &ensp; <small>T. Lív. 2, 33, 5.</small> <br> <b>8</b> &ensp; <small>II-Sent. figurado</small> &ensp; Força, corpo de tropas, turba, punhado &ensp; <small>de homens Cíc. Verr. 4, 96.</small> <br> <b>9</b> &ensp; <small>II-Sent. figurado</small> &ensp; Tromba de elefante &ensp; <small>Cíc. Nal. 2, 120.</small> </p>   <p><small>[EXEMPLOS]</small><br> <br><b>2</b><br>occasio in manibus est T. Lív. 7, 36, 10 “a ocasião está nas mãos”; inter manus esse Verg. En. 11, 311 “estar entre as mãos, i. e., palpável, manifesto”. <br> <br><b>3</b><br>manum committere Teucris Verg. En. 12. 60 “travar combate com os troianos”: manu decertare Cíc. Of. 1, 81 “procurar na força a solução de um conflito”. <br> <br><b>4</b><br>cum mulier viro in manum convenit Cíc. Top. 23 “quando uma mulher fica sob a autoridade poder legal de um marido = quando se casa” . </p>"
ego,Faria,<b>mē</b> <br> <small>acus. e abl. de ego.</small> <br> <small></small>
meus,Faria,<b>meāmet</b> <br> <small>e</small> <b>meāpte</b> <br> <small>ant. abl. f. = mea ipsa.</small> <br> <small></small>
ego,Faria,"<b>mēcum</b> <br> <small>= cum me.</small> <br> <small></small>   <p> <b>1</b> &ensp; <small></small> &ensp; Comigo, v. cum. &ensp; <small></small> </p>"
ego,Faria,<b>med</b> <br> <small>abl. arc. de ego = me.</small> <br> <small></small>
ego,Faria,<b>memet</b> <br> <small></small> <br> <small>v. egomet.</small>
meus,Faria,<b>meōpte</b> <br> <small>= meo ipso.</small> <br> <small></small>
meus,Faria,<b>mepte</b> <br> <small>= meōpte.</small> <br> <small></small>   <p> <b>1</b> &ensp; <small></small> &ensp; A mim mesmo. &ensp; <small></small> </p>
meus,Faria,<b>meum</b> <b>-i</b> <br> <small>pron. n. usado substant.</small> <br> <small></small>   <p> <b>1</b> &ensp; <small>I-Sing.:</small> &ensp; meu bem. &ensp; <small></small> <br> <b>2</b> &ensp; <small>II-Pl.:</small> &ensp; meus bens &ensp; <small>Cíc. Par. 8.</small> </p>
meus,Faria,"<b>meus</b> <b>-a</b> <b>-um</b> <br> <small>pronome possessivo</small> <br> <small></small>   <p> <b>1</b> &ensp; <small>I-Sent. próprio</small> &ensp; Meu, minha, que me pertence &ensp; <small>Cíc. Planc. 26.</small> <br> <b>2</b> &ensp; <small>II-Na língua afetiva</small> &ensp; Querido, que me é querido: &ensp; <small></small> <br> <b>3</b> &ensp; <small>III-Em locuções:</small> &ensp; <small></small> <br> <b>4</b> &ensp; <small>III-Em locuções:</small> &ensp; <small></small> <br> <b>5</b> &ensp; <small>III-Em locuções:</small> &ensp; <small></small> </p>   <p><small>[EXEMPLOS]</small><br> <br><b>2</b><br>mi Tiro Cíc. Fam. 16, 20 “ó meu querido Tirão”. <br> <br><b>3</b><br>meum est com infint.: “pertence-me, é meu direito, é meu dever”. <br> <br><b>4</b><br>non est meum Ter. Heaut. 549 “não é minha maneira de”. <br> <br><b>5</b><br>Meus est Plaut. Mil. 334 “é meu, está seguro”. </p>"
ego,Faria,<b>mihi</b> <br> <small>dat. de ego.</small> <br> <small></small>
ego,Faria,<b>mihimet</b> <br> <small>dat. de egomet.</small> <br> <small></small>
ego,Faria,<b>mihīpte</b> <br> <small></small> <br> <small>v. ego.</small>
miles,Faria,"<b>mīles</b> <b>-ĭtis</b> <br> <small>subs. m.</small> <br> <small></small>   <p> <b>1</b> &ensp; <small>I-Sent. próprio</small> &ensp; Soldado &ensp; <small>Cés. B. Gal. 1, 7, 2.</small> <br> <b>2</b> &ensp; <small>I-Daí:</small> &ensp; Soldados, exércitos &ensp; <small>sing. coletivo Verg. En. 2. 495.</small> <br> <b>3</b> &ensp; <small>II-Sent. particular:</small> &ensp; Soldado de infantaria &ensp; <small>Cés. B. Gal. 5, 10, 1.</small> <br> <b>4</b> &ensp; <small>III-Sent. figurado:</small> &ensp; Que faz parte da comitiva, do cortejo de uma deusa &ensp; <small>Ov. Mel. 2, 415.</small> <br> <b>5</b> &ensp; <small>III-Sent. figurado:</small> &ensp; Peão &ensp; <small>no jogo de xadrez Ov. Trist. 2, 477.</small> </p>"
miles,Faria,<b>mīlĭtis</b> <br> <small>gen. de mīles.</small> <br> <small></small>
mitto,Faria,<b>misī</b> <br> <small>perf. de mitto.</small> <br> <small></small>
mitto,Faria,<b>mistī</b> <br> <small>= misīstī. perf. sincopado de mitto.</small> <br> <small></small>
mitto,Faria,"<b>mittō</b> <b>-is</b> <b>-ĕre</b> <b>mīsī, missum</b> <br> <small>v. tr.</small> <br> <small>Obs.: Perf. sincopado: misti = misisti Catul. 14, 14. Inf. pass. are. mittier Lucr. 4, 43.</small>   <p> <b>1</b> &ensp; <small>I-Sent. próprio</small> &ensp; Deixar ir, deixar partir, soltar, largar &ensp; <small>Ter. Ad. 780; Hor. A. Poét. 476.</small> <br> <b>2</b> &ensp; <small>I-Daí</small> &ensp; Lançar, atirar &ensp; <small>Cés. B. Civ. 3, 93, 1; Hor. Sál. 2, 7, 17.</small> <br> <b>3</b> &ensp; <small>II-Sent. figurado:</small> &ensp; Omitir, silenciar, passar em silêncio, pôr de lado &ensp; <small>Cíc. Verr. 4, 116; Cíc. Br. 258.</small> <br> <b>4</b> &ensp; <small>II-Posteriormente:</small> &ensp; Enviar, mandar &ensp; <small>Cés. B. Gal. 1, 18; 10; Cíc. Tusc. 1, 97.</small> <br> <b>5</b> &ensp; <small>II-Posteriormente:</small> &ensp; Licenciar, despedir &ensp; <small>Cíc. Br. 218; Cíc. Phil. 5, 53.</small> <br> <b>6</b> &ensp; <small>II-Posteriormente:</small> &ensp; Tirar sangue, sangrar &ensp; <small>sent. físico e moral Cíc. At. 6, 1, 2.</small> <br> <b>7</b> &ensp; <small>II-Loc.</small> &ensp; <small></small> </p>   <p><small>[EXEMPLOS]</small><br> <br><b>7</b><br>manu mittere: “libertar” Plaut. Poen. 100; mittere se in foedera: “ligar -se por tratado”; mittere se in aliquem: “atacar alguém”; mittere in suffragium: “mandar votar”; mittere sub jugum ou sub jugo: “fazer passar as legiões sob o jugo”. </p>"
modo,Faria,"<b>modo</b> <br> <small>adv.</small> <br> <small></small>   <p> <b>1</b> &ensp; <small></small> &ensp; Somente, nem mais, nem menos, apenas &ensp; <small>Cíc. Fam. 12, 5.</small> <br> <b>2</b> &ensp; <small>Com subj. ou com ut:</small> &ensp; contanto que, sob a condição de &ensp; <small>Cíc. Oi. 2, 51.</small> <br> <b>3</b> &ensp; <small></small> &ensp; Não somente ... mas ainda: &ensp; <small></small> <br> <b>4</b> &ensp; <small></small> &ensp; Não somente e não... mas ainda &ensp; <small>Cíc. Fam. 9, 26, 4.</small> <br> <b>5</b> &ensp; <small>Sent. temporal:</small> &ensp; Neste momento, imediatamente &ensp; <small>plaut. Trin. 908.</small> <br> <b>6</b> &ensp; <small>Sent. temporal:</small> &ensp; Agora mesmo, ainda há pouco, ainda agora &ensp; <small>Cíc. Verr. 4, 7.</small> <br> <b>7</b> &ensp; <small>Sent. temporal:</small> &ensp; Pouco depois &ensp; <small>T. Lív. 26, 15, 3.</small> <br> <b>8</b> &ensp; <small></small> &ensp; Modo... modo: ora um... ora outro, ora... ora, sucessivamente, frequentemente &ensp; <small>Cíc. Nat. 1, 47.</small> </p>   <p><small>[EXEMPLOS]</small><br> <br><b>3</b><br>non modo consilio, verum etiam casu Cíc. Agr. 2, 6 «não digo com reflexão, mas mesmo por acaso». </p>"
modus,Faria,"<b>modus</b> <b>-ī</b> <br> <small>subs. m.</small> <br> <small></small>   <p> <b>1</b> &ensp; <small>I-Sent. próprio</small> &ensp; Medida de superfície, medida agrária, medida, comprimento, altura, circunferência, dimensão: &ensp; <small></small> <br> <b>2</b> &ensp; <small>II-Sent. moral</small> &ensp; Medida que não deve ser ultrapassada, moderação, meio-termo, lei, regra &ensp; <small>Cíc. Of. 1, 104.</small> <br> <b>3</b> &ensp; <small>II-Na língua retórica e musical:</small> &ensp; Medida rítmica, cadência, compasso musical &ensp; <small>T. Lív. 7, 2, 4; Cíc. Br. 32.</small> <br> <b>4</b> &ensp; <small>III-Sents. diversos:</small> &ensp; Limite, termo, fim &ensp; <small>Cíc. Verr. 2, 145.</small> <br> <b>5</b> &ensp; <small>III-Sents. diversos:</small> &ensp; Maneira de se encaminhar, conduta, comportamento &ensp; <small>Cíc. Marc. 1.</small> <br> <b>6</b> &ensp; <small>III-Sents. diversos:</small> &ensp; Modo, maneira, método, forma &ensp; <small>Cíc. Rep. 1, 46.</small> <br> <b>7</b> &ensp; <small>III-Em locuções:</small> &ensp; <small></small> </p>   <p><small>[EXEMPLOS]</small><br> <br><b>1</b><br>~ agri Cíc. A t. 13, 33. 2 “medida de um campo”. <br> <br><b>7</b><br>bono modo Cat. Agr. 5, 2 “honestamente, sem exagerar”; nullo modo Cíc. Verr. 2, 186 “de maneira alguma”; omni modo Cíc. A 1. 6. 2,7 “de toda maneira”; miris modis T. Lív. 1, 57,6 “de maneira admirável”; isto modo C íc. Br. 296 “à tua maneira”; miserandum in modum Cíc. Verr. 4. 31; Provo5 «de maneira lamentável»; ad hune modum Cés. B. Gal. 3, 13, 1 “desta maneira”; cojusque modi Cíc. Verr. 4.7 “de toda espécie”. </p>"
mos,Faria,<b>mōrēs</b> <br> <small>nom. pl. de mos.</small> <br> <small></small>
mors,Faria,"<b>mors</b> <b>mortis</b> <br> <small>subs. f.</small> <br> <small></small>   <p> <b>1</b> &ensp; <small>I-Sent. próprio</small> &ensp; Morte, falecimento &ensp; <small>Cíc. Phil. 5, 48; Cíc. Vat. 24; tic. Tusc. 1, 50.</small> <br> <b>2</b> &ensp; <small>I-Daí:</small> &ensp; Cadáver, corpo morto &ensp; <small>Prop. 3, 5, 22.</small> <br> <b>3</b> &ensp; <small>II-Sent. figurado:</small> &ensp; Morte &ensp; <small>personificada Cíc. Nat. 3, 44.</small> </p>"
mos,Faria,"<b>mōs</b> <b>mōris</b> <br> <small>subs. m.</small> <br> <small></small>   <p> <b>1</b> &ensp; <small>I-Sent. próprio</small> &ensp; Maneira de se comportar, modo de proceder física ou moralmente, regulado, não pela lei mas pelo uso ou costume, daí: uso, costume &ensp; <small>Cíc. Verr. 5, 22.</small> <br> <b>2</b> &ensp; <small>I-Donde</small> &ensp; Comportamento, procedimento e, mais frequentemente, no plural: caráter, costumes &ensp; <small>Cíc. Of. 1, 64; Cíc. Rep. 5, 2.</small> <br> <b>3</b> &ensp; <small>II-Sent. poético:</small> &ensp; Modo, maneira &ensp; <small>Ver-g. G. 1,245.</small> <br> <b>4</b> &ensp; <small>II-Sent. poético:</small> &ensp; Estado &ensp; <small>do céu Verg. G. 1, 51.</small> <br> <b>5</b> &ensp; <small>II-Sent. poético:</small> &ensp; Lei, regra, preceito &ensp; <small>Verg. En. 1, 264.</small> <br> <b>6</b> &ensp; <small>II-Sent. poético:</small> &ensp; Vontade, desejo, capricho &ensp; <small>Cíc. Tusc. I, 17.</small> </p>"
multus,Faria,"<b>multus</b> <b>-a</b> <b>-um</b> <br> <small>adj.</small> <br> <small></small>   <p> <b>1</b> &ensp; <small>I-Sent. próprio</small> &ensp; Abundante, numeroso, em grande quantidade &ensp; <small>CíC. Verr. 5, 119.</small> <br> <b>2</b> &ensp; <small>I-Daí, o n. pl. ,-multa, usado, substantivamente</small> &ensp; Muitas coisas: &ensp; <small></small> <br> <b>3</b> &ensp; <small>I-Masculino tomado substant.:</small> &ensp; Muita gente, muitos, multidão &ensp; <small>Cíc. Br. 333.</small> <br> <b>4</b> &ensp; <small>II-Sent. poético sing.:</small> &ensp; Muitos, numerosos: &ensp; <small></small> <br> <b>5</b> &ensp; <small>III-Sents. diversos:</small> &ensp; Adiantado, que vai alto &ensp; <small>tratando-se do dia, da noite ou da manhã:</small> <br> <b>6</b> &ensp; <small>III-Sents. diversos:</small> &ensp; Que insiste muito em, que se demora muito em, importuno, obstinado &ensp; <small>Sal. B. Jug. 84, 1.</small> <br> <b>7</b> &ensp; <small>III-Sents. diversos:</small> &ensp; Que se encontra em muitos lugares, ativo &ensp; <small>Sal. B. Jug .. 96, 3.</small> <br> <b>8</b> &ensp; <small>III-Sents. diversos:</small> &ensp; Prolixo, abundante em palavras &ensp; <small>Cíc. Of. 2, 56.</small> </p>   <p><small>[EXEMPLOS]</small><br> <br><b>2</b><br>nimium multa Cíc. Fam. 4,14,3 “demasiadas coisas”. <br> <br><b>4</b><br>multa victima Verg. Buc. 1, 34 “numerosas vítimas”. <br> <br><b>5</b><br>multo die Cés. B. Gal. 1, 22, 4 “dia alto” Cés. B. Gal. 1, 26, 3. </p>"
nam,Faria,"<b>nam</b> <br> <small></small> <br> <small>Obs.: 1 Nam é uma partícula de sentido afirmativo como enim. Com mais frequência, porém, serve para introduzir um novo desenvolvimento, uma confirmação especial, ou uma explicação, justificação, ou exemplos em apoio de uma afirmação precedente. 2 -nam, enclítica, acrescenta-se a pronomes ou a uma partícula de caráter interrogativo ou indefinido, para reforçar a indeterminação: quisnan, ubinam. 3 Normalmente nam coloca-se no início da frase. Entretanto, principalmente nos cômicos, é costume aparecer depois da primeira, ou até de várias palavras da oração.</small>   <p> <b>1</b> &ensp; <small>I-Partic. afirmativa:</small> &ensp; De fato, em Verdade, realmente, com efeito &ensp; <small>Plaut. Caso 196.</small> <br> <b>2</b> &ensp; <small>I-Partic. afirmativa:</small> &ensp; Pois, porque &ensp; <small>Cíc. Nat. 3. 13.</small> <br> <b>3</b> &ensp; <small>I-Partic. afirmativa:</small> &ensp; Quanto a, por exemplo, assim &ensp; <small>Cíc. Of. 2, 47.</small> <br> <b>4</b> &ensp; <small>II-Conj.:</small> &ensp; De fato, realmente &ensp; <small>Cíc. Leg. 2, 17.</small> <br> <b>5</b> &ensp; <small>II-Conj.:</small> &ensp; Pois, porque, por isso que &ensp; <small>Cés. B. Gal. 1, 12, 4.</small> <br> <b>6</b> &ensp; <small>II-Conj.:</small> &ensp; Assim, por exemplo &ensp; <small>Cíc. Br. 81.</small> <br> <b>7</b> &ensp; <small>II-Conj.:</small> &ensp; Pois, com efeito &ensp; <small>Cíc. De Or. 3, 192.</small> </p>"
natura,Faria,"<b>nātūra</b> <b>-ae</b> <br> <small>subs. f.</small> <br> <small></small>   <p> <b>1</b> &ensp; <small>I-Sent. primitivo</small> &ensp; Ação de fazer nascer, nascimento &ensp; <small>Cíc. Verr. 3. 162.</small> <br> <b>2</b> &ensp; <small>I-Daí</small> &ensp; Natureza. caráter natural, índole, temperamento, propriedade &ensp; <small>Cíc. Cael. 14.</small> <br> <b>3</b> &ensp; <small>II-Sents. diversos:</small> &ensp; Ordem natural das coisas, leis da natureza, sentimentos naturais, força da natureza &ensp; <small>Cíc. Ac. 2. 55: Cíc. Of. 3. 31.</small> <br> <b>4</b> &ensp; <small>II-Sents. diversos:</small> &ensp; Natureza. estado natural e constitutivo de uma coisa, a natureza i. e.: a configuração de um lugar &ensp; <small>Cés. B. Gal. 1. 2. 2.</small> <br> <b>5</b> &ensp; <small>II-Sents. diversos:</small> &ensp; Natureza conjunto de seres e fenômenos, mundo físico, universo, elemento &ensp; <small>Cíc. Fin. 4, 8.</small> <br> <b>6</b> &ensp; <small>II-Sents. diversos:</small> &ensp; Natureza personificada, o princípio criador &ensp; <small>Cíc. Nat. 2. 142.</small> <br> <b>7</b> &ensp; <small>II-Sents. diversos:</small> &ensp; Órgãos da geração &ensp; <small>Cíc. Nat. 3. 55.</small> </p>"
ne,Faria,"<b>nē</b> <br> <small>adv. e conj. negativa. II. Conj.</small> <br> <small></small>   <p> <b>1</b> &ensp; <small></small> &ensp; Para que não &ensp; <small>Cés. B. Gal. 2, 5, 2.</small> <br> <b>2</b> &ensp; <small></small> &ensp; Que não &ensp; <small>Cíe. Of. 1, 140: Plaut. Men. 612.</small> <br> <b>3</b> &ensp; <small></small> &ensp; Que &ensp; <small>com verbos que indicam receio ou proibição Cíc. Leg. 1, 12; Cíc. Verr. 5. 5.</small> </p>"
neque,Faria,"<b>neque</b> <br> <small>conj. v. nec</small> <br> <small></small>   <p> <b>1</b> &ensp; <small></small> &ensp; E não, nem &ensp; <small>Cíc. Leg. 2, 26; T. Lív. 7, 9, 1.</small> <br> <b>1</b> &ensp; <small></small> &ensp; E não, nem &ensp; <small>Cíc. Leg. 2, 26; T. Lív. 7, 9, 1.</small> </p>"
nihil,Faria,"<b>nihil</b> <br> <small>ou</small> <b>nīl</b> <br> <small>n. indecl. É usado como subs. e adv.</small> <br> <small></small>   <p> <b>1</b> &ensp; <small>I-Subs.:-Sent. próprio:</small> &ensp; Nada: &ensp; <small></small> <br> <b>2</b> &ensp; <small>I-Subs.:-Sent. próprio:</small> &ensp; Nada, nulidade, inutilidade &ensp; <small>Cíc. Tusc. 3, 77.</small> <br> <b>3</b> &ensp; <small>II-Empregos particulares:-nihil reforçado por ne ... nec:</small> &ensp; <small></small> <br> <b>4</b> &ensp; <small>II-Empregos particulares:</small> &ensp; <small></small> <br> <b>5</b> &ensp; <small>II-Empregos particulares:</small> &ensp; <small></small> <br> <b>6</b> &ensp; <small>II-Empregos particulares:</small> &ensp; <small></small> <br> <b>7</b> &ensp; <small>II-Empregos particulares:</small> &ensp; <small></small> <br> <b>8</b> &ensp; <small>II-Empregos particulares:</small> &ensp; <small></small> <br> <b>9</b> &ensp; <small>II-Empregos particulares:</small> &ensp; <small></small> <br> <b>10</b> &ensp; <small>II-Empregos particulares:</small> &ensp; <small></small> <br> <b>11</b> &ensp; <small>III-Adv.:</small> &ensp; Por motivo algum, por nada, em nada absolutamente &ensp; <small>Cés. B. Gal. 2. 20. 4.</small> </p>   <p><small>[EXEMPLOS]</small><br> <br><b>1</b><br>nihil agere C íc. C. M. 15 “nada fazer”. <br> <br><b>3</b><br>nihil nec obsignatum nec occlusum Cíc. De Or. 2. 248 “nada nem de selado nem de fechado”. <br> <br><b>4</b><br>nihil est cur, quod, ut, “não há razão para que”. Cíc. Of. 1, 133. <br> <br><b>5</b><br>nihil ad te, ad me subent. attinet. “nada te importa, nada me importa”. Cíc. Pis. 68. <br> <br><b>6</b><br>nihil ad ‘nada em comparação com”. Cíc. De Or. 2. 25. <br> <br><b>7</b><br>nihil non “tudo, todo o possível” Cíc. Br. 140. <br> <br><b>8</b><br>Non nihil «alguma coisa» Cíc. Fam. 4, 14, 2. <br> <br><b>9</b><br>nihil nisi, nihil aliud nisi “nada mais a não ser” T. Lív. 2, 29, 4. <br> <br><b>10</b><br>nihil minus “absolutamente nada”, “o menos possível”. Cic. Of. 3. 81. </p>"
nihil,Faria,<b>nihĭlī</b> <br> <small>gen. de nihĭlum.</small> <br> <small></small>
nihil,Faria,"<b>nihĭlum</b> <b>-ī</b> <br> <small>subs. n. e adv.</small> <br> <small></small>   <p> <b>1</b> &ensp; <small>I-Subs.:</small> &ensp; Nada, coisa nenhuma &ensp; <small>Cíc. Div. 2. 37.</small> <br> <b>2</b> &ensp; <small>I-Expressões particulares:-Nihili</small> &ensp; de nada, sem valor: &ensp; <small></small> <br> <b>3</b> &ensp; <small>I-Expressões particulares:</small> &ensp; <small></small> <br> <b>4</b> &ensp; <small>I-Expressões particulares:-Nihilo mais comp.</small> &ensp; “nada mais”: &ensp; <small></small> <br> <b>5</b> &ensp; <small>II-Adv.:</small> &ensp; De modo nenhum, de forma nenhuma &ensp; <small>Hor. Sát. 2, 3, 54.</small> </p>   <p><small>[EXEMPLOS]</small><br> <br><b>2</b><br>esse nihili Plaut. Ps. 1.104 “não valer nada”. <br> <br><b>3</b><br>De nihilo, “por nada, sem razão, sem fundamento” T. Lív. 30. 29. 4. <br> <br><b>4</b><br>nihilo beatior Cíc. Fin. 5, 83 “nada mais feliz”. </p>"
nihil,Faria,<b>nīl</b> <br> <small></small> <br> <small>v. nihil Cíc. Tusc. 3. 66.</small>
nihil,Faria,<b>nilum</b> <b>-ī</b> <br> <small></small> <br> <small>v. nihìlum.</small>
nisi,Faria,"<b>nisi</b> <br> <small>conj.</small> <br> <small></small>   <p> <b>1</b> &ensp; <small></small> &ensp; Se não &ensp; <small>Cíc. C. M. 82.</small> <br> <b>2</b> &ensp; <small></small> &ensp; Salvo se, senão, exceto se, somente se &ensp; <small>Cíc. Lae. 18; Cíc. Val. 2; Cíc:Tusc. 5, 41.</small> <br> <b>3</b> &ensp; <small>Construções especiais:</small> &ensp; <small></small> </p>   <p><small>[EXEMPLOS]</small><br> <br><b>3</b><br>a nisi si Cíc. Fam. 13, 2, 1 “exceto se”; b nisi ut Suet. Cl. 35 “a menos que”. </p>"
nos,Faria,<b>nōbis</b> <br> <small>dat. e abl. de nos.</small> <br> <small></small>
nos,Faria,<b>nōbīscum</b> <br> <small>= cum nobis.</small> <br> <small></small>   <p> <b>1</b> &ensp; <small></small> &ensp; Conosco. &ensp; <small></small> </p>
nomen,Faria,"<b>nōmen</b> <b>-ĭnis</b> <br> <small>subs. n.</small> <br> <small></small>   <p> <b>1</b> &ensp; <small>I-Sent. próprio</small> &ensp; Nome dado a uma pessoa ou a uma coisa, palavra, termo, expressão &ensp; <small>Cíc. Verr. 4, 59.</small> <br> <b>2</b> &ensp; <small>II-Sent. particular</small> &ensp; Nome de família, nome próprio, prenome, sobrenome, título &ensp; <small>Cíc. Caec. 27; Cés. B. Civ. 2, 32, 14.</small> <br> <b>3</b> &ensp; <small>II-Sent. particular</small> &ensp; Nome de um povo, raça ou nação &ensp; <small>Cíc. Phil. 3, 29.</small> <br> <b>4</b> &ensp; <small>III-Sent. figurado:</small> &ensp; Renome, celebridade, reputação, glória &ensp; <small>Cíc. Verr. 4, 68.</small> <br> <b>5</b> &ensp; <small>III-Na língua jurídica:</small> &ensp; Nome de um réu, nome de um devedor, nome de um credor &ensp; <small>Cíc. Amer. 64.</small> <br> <b>6</b> &ensp; <small>III-Na língua jurídica:</small> &ensp; Título de crédito, título de dívida, dinheiro empregado, crédito, dívida, devedor &ensp; <small>C íc. Verr. 1, 28.</small> <br> <b>7</b> &ensp; <small>III-No abl.:</small> &ensp; Por causa de, em nome de: &ensp; <small></small> <br> <b>8</b> &ensp; <small>III-No abl.:</small> &ensp; Sob pretexto de, sob a aparência de, a título de &ensp; <small>Sal. C. Cal. 38, 3.</small> <br> <b>9</b> &ensp; <small>III-No abl.:</small> &ensp; Em nome de &ensp; <small>Cíc. At. 1, 16, 16.</small> <br> <b>10</b> &ensp; <small>III-No abl.:</small> &ensp; Nome, crédito &ensp; <small>Cíc. Fam. 5, 6, 2.</small> </p>   <p><small>[EXEMPLOS]</small><br> <br><b>7</b><br>amicitiae nostrae nomine Cíc. Fam. 12, 12,3 “em nome de nossa amizade”. </p>"
non,Faria,"<b>nōn</b> <br> <small>adv. de negação</small> <br> <small>Obs.: Notem-se as expressões: a non ita, non tam Cíc. Verr. 4, 109 ""não assim exatamente""; b non tam... quam Cíc. C. M. 27 ""não tanto quanto, i. e., menos ... que""; c non fere quisquam Cíc. Verr. 5. 182 “quase ninguém”. Non é por excelência a negação do indicativo e da oração principal. Seu uso nas proibições não é permitido pela prosa clássica, mas frequente em poesia.</small>   <p> <b>1</b> &ensp; <small></small> &ensp; Não &ensp; <small>colocado antes do verbo.</small> <br> <b>2</b> &ensp; <small>Aparece junto do nome quando a ele se refere:</small> &ensp; <small></small> <br> <b>3</b> &ensp; <small></small> &ensp; Não é verdade que, longe de &ensp; <small>Cíc. Oro 51.</small> <br> <b>4</b> &ensp; <small></small> &ensp; Ou melhor &ensp; <small>= non dico Cíc. Phil. 5, 24.</small> <br> <b>5</b> &ensp; <small></small> &ensp; Por acaso não &ensp; <small>quando a interrogação está no tom da frase, equivalendo nonne:</small> </p>   <p><small>[EXEMPLOS]</small><br> <br><b>2</b><br>* non curia vires meas desiderat C íc. C. M. 32 “não é a cúria que lastima o desaparecimento de minhas forças”. <br> <br><b>5</b><br>non semper otio studui? Cíc. Phil. 8, 11 “por acaso não procurei sempre o repouso?”. </p>"
nos,Faria,"<b>nōs</b> <b>nostrum ou nostrī</b> <br> <small>pron. pess.</small> <br> <small>Obs.: 1 Nostri é geralmente um gen. objetivo: miserere nostri “tem compaixão de nós”. 2 Nostrum é geralmente um gen. partitivo como: quis nostrum “qual de nós”. 3 Por vezes, emprega-se nos por ego Verg. Buc. 1, 4.</small>   <p> <b>1</b> &ensp; <small></small> &ensp; Nós &ensp; <small>Cíc. Fam. I, I, 4.</small> </p>"
nos,Faria,"<b>nosmet</b> <br> <small>pron. pess.</small> <br> <small></small>   <p> <b>1</b> &ensp; <small></small> &ensp; Nós mesmos, eu mesmo &ensp; <small>Cíc. Tusc. 3,6.</small> </p>"
noster,Faria,"<b>noster</b> <b>-tra</b> <b>-trum</b> <br> <small>pron. poss.</small> <br> <small></small>   <p> <b>1</b> &ensp; <small>I-Sent. próprio</small> &ensp; Nosso, nossa &ensp; <small>Cíc. Rep. 1, 3.</small> <br> <b>2</b> &ensp; <small>II-Daí, em sent. particular</small> &ensp; Que é do nosso país, da nossa família ou do nosso partido &ensp; <small>Cíc. Arch, 24.</small> <br> <b>3</b> &ensp; <small>III-Sent. enfático:</small> &ensp; Meu, minha: &ensp; <small></small> <br> <b>4</b> &ensp; <small>III-= ego</small> &ensp; <small>Plaut. Amph. 399.</small> </p>   <p><small>[EXEMPLOS]</small><br> <br><b>3</b><br>noster Ter. Eun. 154 “meu senhor”. </p>"
nos,Faria,<b>nostrōrum</b> <br> <small></small> <br> <small>v. nos e noster.</small>
noster,Faria,<b>nostrōrum</b> <br> <small></small> <br> <small>v. nos e noster.</small>
nos,Faria,<b>nostrum</b> <br> <small>gen. de nos e de noster.</small> <br> <small></small>
noster,Faria,<b>nostrum</b> <br> <small>gen. de nos e de noster.</small> <br> <small></small>
nouus,Faria,"<b>novus</b> <b>-a</b> <b>-um</b> <br> <small>adj.</small> <br> <small></small>   <p> <b>1</b> &ensp; <small>I-Sent. próprio</small> &ensp; Novo, recente, fresco &ensp; <small>Cíc. Br. 287.</small> <br> <b>2</b> &ensp; <small>I-Daí</small> &ensp; Novo, inovado, desconhecido, desusado &ensp; <small>Cíc. Br. 324.</small> <br> <b>3</b> &ensp; <small>I-Daí</small> &ensp; Noviço, inexperiente, que não está habituado &ensp; <small>Cíc. Lae. 68.</small> <br> <b>4</b> &ensp; <small>II-Sent. figurado:</small> &ensp; Estranho, singular, inaudito &ensp; <small>Cíc. Lig. 1.</small> <br> <b>5</b> &ensp; <small>II-Sent. figurado:</small> &ensp; Novo &ensp; <small>= outro, segundo Cíc. Phil. 13, 25.</small> <br> <b>6</b> &ensp; <small>III-Sents. particulares:</small> &ensp; Novidades políticas, mudança política, revolução: &ensp; <small></small> <br> <b>7</b> &ensp; <small>III-Sents. particulares:</small> &ensp; Livros onde são registradas as dívidas, redução ou abolição de dívidas: &ensp; <small></small> <br> <b>8</b> &ensp; <small>III-Sents. particulares:</small> &ensp; Homem que não tem família nobre homo novus e que, ao exercer pela primeira vez um cargo público, como que inaugura sua própria nobreza &ensp; <small>Cíc. Of. 1, 138.</small> <br> <b>9</b> &ensp; <small>III-Sents. particulares:</small> &ensp; Como subs. m. pl.: os escritores novos, modernos &ensp; <small>Quint. 2, 5, 26.</small> <br> <b>10</b> &ensp; <small>III-No superl.: novissīmus, -a, -um:</small> &ensp; último, que vem em último lugar, o mais recente, o último, o maior &ensp; <small></small> </p>   <p><small>[EXEMPLOS]</small><br> <br><b>6</b><br>res novae Cíc. Cal. I. 3 «novidades políticas». <br> <br><b>7</b><br>tabulae novae Cíc. Or. 2, 8 4 “novos livros de conta, onde se registravam as dívidas”. <br> <br><b>10</b><br>novissimum agmen Cés. B. Gal. I, 15, 2 «a retaguarda». </p>"
nullus,Faria,<b>nūllae</b> <br> <small>gen. e dat. f. de nūllus.</small> <br> <small></small>
nullus,Faria,"<b>nūllī</b> <br> <small>gen., v. nūllus.</small> <br> <small></small>"
nullus,Faria,"<b>nūllus</b> <b>-a</b> <b>-um</b> <br> <small>pron. indef.</small> <br> <small>Obs.: Gen. nulli Ter. And. 608: Cíc. Com. 48: dat., nullae Prop. 1. 20. 35.</small>   <p> <b>1</b> &ensp; <small>I-Sent. próprio</small> &ensp; Nenhum, nenhuma, ninguém, coisa nenhuma &ensp; <small>Cíc. Mur. 28.</small> <br> <b>2</b> &ensp; <small>II-Daí</small> &ensp; Nulo, de nenhum valor, sem importância &ensp; <small>Cíc. Tusc. 2. 13.</small> <br> <b>3</b> &ensp; <small>II-Daí</small> &ensp; Que já não existe, morto, aniquilado &ensp; <small>Cíc. Tusc. 1, 87:</small> <br> <b>4</b> &ensp; <small>III-Empregos especiais:-= nemo</small> &ensp; “ninguém” &ensp; <small>Cíc. Lae. 30</small> <br> <b>5</b> &ensp; <small>III-Empregos especiais:-= non</small> &ensp; <small>Plaut. Cas. 795.</small> <br> <b>6</b> &ensp; <small>III-Empregos especiais:-= nihil</small> &ensp; <small>Sên. Ep. 4, 3.</small> <br> <b>7</b> &ensp; <small>III-Empregos especiais:-Nullo = nulla re</small> &ensp; <small>Tác. An. 3. 15.</small> <br> <b>8</b> &ensp; <small>III-Empregos especiais:-Nullius = nullius rei</small> &ensp; <small>Hor. A. Poét. 324.</small> </p>   <p><small>[EXEMPLOS]</small><br> <br><b>3</b><br>nullus sum T. Lív. 6, 18. 8 «estou aniquilado». </p>"
nunc,Faria,"<b>nunc</b> <br> <small>adv.</small> <br> <small></small>   <p> <b>1</b> &ensp; <small></small> &ensp; Agora, no momento presente &ensp; <small>sent. temporal Cíc. Tusc. 1, 23.</small> <br> <b>2</b> &ensp; <small></small> &ensp; Então &ensp; <small>com verbos no pass. ou no fut. Cíc. Verr. 3. 47.</small> <br> <b>3</b> &ensp; <small></small> &ensp; Ora, assim sendo, em vista disso &ensp; <small>sent. lógico:</small> <br> <b>4</b> &ensp; <small></small> &ensp; Mas em realidade, assim pois &ensp; <small>Cíc. Arch. 29.</small> </p>   <p><small>[EXEMPLOS]</small><br> <br><b>3</b><br>vera igitur illa sunt nunc omnia Cíc. Ac. 2, 106 “assim sendo, pois, todos esses dogmas são verdadeiros”. </p>"
ille,Faria,"<b>olle</b> <br> <small>arc. = ille Verg. En. 1, 252.</small> <br> <small></small>"
ille,Faria,<b>olli</b> <br> <small>dat. arc. de ille = illi.</small> <br> <small></small>
omnis,Faria,"<b>omnis</b> <b>-e</b> <br> <small>adj. e pron. indef.</small> <br> <small></small>   <p> <b>1</b> &ensp; <small>Sent. próprio</small> &ensp; Todo, toda &ensp; <small>Cíc. Agr. 2, 70.</small> <br> <b>2</b> &ensp; <small>Sent. próprio</small> &ensp; De toda a espécie, qualquer &ensp; <small>com sent. indefinido Cés. B. Gal. 5, 6, 3.</small> <br> <b>3</b> &ensp; <small>Sent. próprio</small> &ensp; Todo, cada ideia de número, em todo o tempo. &ensp; <small>Cíc. Amer. 16</small> <br> <b>4</b> &ensp; <small>No neutro sing. omne</small> &ensp; Tudo &ensp; <small>Cíc. De Or.. 2, 158.</small> <br> <b>5</b> &ensp; <small>No neutro pl.:</small> &ensp; Todas as coisas, tudo &ensp; <small>Cíc. Lae, 35.</small> <br> <b>6</b> &ensp; <small>No masculino pl.:</small> &ensp; Todas as pessoas, toda gente, todos &ensp; <small>T. Lív. 31, 45, 7.</small> </p>"
pars,Faria,"<b>pars</b> <b>partis</b> <br> <small>subs. f.</small> <br> <small>Obs.: Acus.: partim T. Lív. 26. 46. 8; abl.: parti Plaut. Pers. 72; Lucr. 4. 514.</small>   <p> <b>1</b> &ensp; <small>I-Sent. próprio</small> &ensp; Parte de um quinhão concedida a alguém, porção, o que faz parte de, partilha &ensp; <small>Cíc. Verr. 5. 98.</small> <br> <b>2</b> &ensp; <small>II-Daí</small> &ensp; Lado, direção, sentido &ensp; <small>Cíc. Fin. 2. 63.</small> <br> <b>3</b> &ensp; <small>III-Sent. particular:</small> &ensp; Região, país: &ensp; <small></small> <br> <b>4</b> &ensp; <small>IV-No pl.: sents. especiais:</small> &ensp; Parte de uma peça confiada a um ator, papel &ensp; <small>sents. próprio e figurado Ter. Phorm. 27:</small> <br> <b>5</b> &ensp; <small>IV-No pl.: sents. especiais:</small> &ensp; Partido, facção: partido de oposição, partido popular &ensp; <small>Cíc. Dej. 35.</small> <br> <b>6</b> &ensp; <small>V-Em expressões como:</small> &ensp; <small></small> <br> <b>7</b> &ensp; <small>V-Em expressões como:</small> &ensp; <small></small> <br> <b>8</b> &ensp; <small>V-Em expressões como:</small> &ensp; <small></small> <br> <b>9</b> &ensp; <small>V-Em expressões como:</small> &ensp; <small></small> <br> <b>10</b> &ensp; <small>V-Em expressões como:</small> &ensp; <small></small> <br> <b>11</b> &ensp; <small>V-Em expressões como:</small> &ensp; <small></small> <br> <b>12</b> &ensp; <small>V-Em expressões como:</small> &ensp; <small></small> <br> <b>13</b> &ensp; <small>V-Em expressões como:</small> &ensp; <small></small> <br> <b>14</b> &ensp; <small>V-Em expressões como:</small> &ensp; <small></small> </p>   <p><small>[EXEMPLOS]</small><br> <br><b>3</b><br>orientis partes Cíc. Mur. 89 “as regiões do Oriente”. <br> <br><b>4</b><br>transactis meis partibus Cíc. De Or. 2, 15 “tendo acabado meu papel”. <br> <br><b>6</b><br>pars... pars, “uns... outros” T. Lív. 22. 8. 2. <br> <br><b>7</b><br>parte... parte “em parte” Ov. Mel. 3, 483. <br> <br><b>8</b><br>pro parte, “segundo os seus recursos” Cíc. Verr. 2. 145. <br> <br><b>9</b><br>ex parte “em parte” T. Lív. 6. 42. 2. <br> <br><b>10</b><br>in parte... in parte “parte ... parte” Quint. 10. 7. 25. <br> <br><b>11</b><br>maximam, magnam, bonam partem, “a maior, grande, boa parte” C és. B. Gal. 4. 1. 8. <br> <br><b>12</b><br>in partem, “de uma parte” Hor. Epo. 2. 39. <br> <br><b>13</b><br>in aliquam partem “em tal ou tal sentido” Cíc. Amer. 56. <br> <br><b>14</b><br>in omnes partes “de todas as maneiras” Cíc. Fam. 4. 10. 2. </p>"
pars,Faria,<b>parti</b> <br> <small>dat. de pars.</small> <br> <small></small>
parum,Faria,"<b>parum</b> <br> <small>adv.</small> <br> <small>Obs.: Frequentemente aparece em oposição a nimis, nimium Cíc. Or. 73.</small>   <p> <b>1</b> &ensp; <small></small> &ensp; Pouco &ensp; <small></small> <br> <b>2</b> &ensp; <small>e daí</small> &ensp; muito pouco &ensp; <small>Cíc. Verr. 4. 29.</small> </p>"
paruus,Faria,"<b>parvus</b> <b>-a</b> <b>-um</b> <br> <small>adj.</small> <br> <small></small>   <p> <b>1</b> &ensp; <small>I-Sent. próprio</small> &ensp; Pequeno &ensp; <small>Cíc. Leg. 1, 17.</small> <br> <b>2</b> &ensp; <small>II-Sent. particular</small> &ensp; Breve, curto &ensp; <small>Cíc. Verr. 5, 165.</small> <br> <b>3</b> &ensp; <small>II-Sent. particular</small> &ensp; Pouco abundante, em pequeno número &ensp; <small>Cíc. Of. 3, 114.</small> <br> <b>4</b> &ensp; <small>II-Sent. particular</small> &ensp; Pouco importante &ensp; <small>com ideia de valor Cíc. Caec. 26.</small> <br> <b>5</b> &ensp; <small>II-Sent. particular</small> &ensp; De pouca idade, muito jovem &ensp; <small>Cíc. Cal. 3, 19.</small> <br> <b>6</b> &ensp; <small>III-Sent. moral:</small> &ensp; Mesquinho, baixo &ensp; <small>Cíc. Arch. 30.</small> <br> <b>7</b> &ensp; <small>III-Sent. moral:</small> &ensp; Humilde, de baixa categoria, pequeno &ensp; <small>Hor. Ep. 1. 3. 28.</small> <br> <b>8</b> &ensp; <small>III-No m. pl. usado substantivadamente:</small> &ensp; As crianças &ensp; <small>Cíc. Fin. 3. 16.</small> <br> <b>9</b> &ensp; <small>IV-Em expressões adverbiais:</small> &ensp; <small></small> <br> <b>10</b> &ensp; <small>IV-Em expressões adverbiais:</small> &ensp; <small></small> </p>   <p><small>[EXEMPLOS]</small><br> <br><b>9</b><br>a parvis referindo-se a vários, “desde pequeno”, “desde a infância” Cíc. Nat. 1. 81. <br> <br><b>10</b><br>a parvo referindo-se a um só, “desde pequeno”, “desde a infância” T. Lív. 1, 39, 6. </p>"
pater,Faria,"<b>pater</b> <b>-tris</b> <br> <small>subs. m.</small> <br> <small>Obs.: Pater não envolve a ideia de paternidade física, expressa por genitor ou parens; tem antes um valor social.</small>   <p> <b>1</b> &ensp; <small>I-Sent. próprio</small> &ensp; Pai: &ensp; <small></small> <br> <b>2</b> &ensp; <small>II-Daí, em sent. especial</small> &ensp; Pai título de respeito dado aos deuses, augusto, divino &ensp; <small>Verg. G. 1, 328; Hor. O. 3, 3, 13.</small> <br> <b>3</b> &ensp; <small>II-Donde:</small> &ensp; Divindade, deus &ensp; <small>Verg. En. 8,454.</small> <br> <b>4</b> &ensp; <small>III-Sent. figurado:</small> &ensp; Venerável, nobre &ensp; <small>tratando-se de homens Verg. En. 1. 699.</small> <br> <b>5</b> &ensp; <small>III-Sent. figurado:</small> &ensp; Pai da pátria &ensp; <small>título de honra Cíc. Pis. 6.</small> <br> <b>6</b> &ensp; <small>IV-Sent. concreto:</small> &ensp; Chefe de família, dono da casa &ensp; <small>Cíc. Rep. 5, 4.</small> <br> <b>7</b> &ensp; <small>IV-No pl.:</small> &ensp; Pais, antepassados, avós &ensp; <small>Cíc. Or. 18.</small> <br> <b>8</b> &ensp; <small>IV-No pl.:</small> &ensp; Senadores, senado, patrícios &ensp; <small>Cíc. Rep. 2, 14.</small> <br> <b>9</b> &ensp; <small>IV-No pl.:</small> &ensp; Fundador: &ensp; <small></small> <br> <b>10</b> &ensp; <small>IV-No pl.:</small> &ensp; Velho &ensp; <small>Verg. En. 5. 521.</small> </p>   <p><small>[EXEMPLOS]</small><br> <br><b>1</b><br>patre certo nasci Cíc. Amer. 46 “nascer de pai conhecido”. <br> <br><b>9</b><br>pater stoicorum Cíc. Nat. 3, 23 «fundador do estoicismo». </p>"
pecunia,Faria,"<b>pecūnĭa</b> <b>-ae</b> <br> <small>subs. f.</small> <br> <small></small>   <p> <b>1</b> &ensp; <small>I-Sent. primitivo</small> &ensp; Riqueza em gado &ensp; <small>Varr. L. Lat. 5, 95.</small> <br> <b>2</b> &ensp; <small>II-Daí, em sent. geral</small> &ensp; Riqueza, fortuna &ensp; <small>Cíc. Div. 1. 111.</small> <br> <b>3</b> &ensp; <small>II-Daí, em sent. geral</small> &ensp; Dinheiro &ensp; <small>Cíc. Verr. 1, 101.</small> <br> <b>4</b> &ensp; <small>III-Sent. especial:</small> &ensp; Pagamento &ensp; <small>Cíc. At. 10, 5, 3.</small> </p>"
per,Faria,"<b>per</b> <br> <small>prep. acus. e prevérbio. Prep.</small> <br> <small></small>   <p> <b>1</b> &ensp; <small>Sent. local:</small> &ensp; Através de, por, por entre: &ensp; <small></small> <br> <b>2</b> &ensp; <small>Sent. local:</small> &ensp; Por cima de: &ensp; <small></small> <br> <b>3</b> &ensp; <small>Sent. local:</small> &ensp; Diante de, ao longo de: &ensp; <small></small> <br> <b>4</b> &ensp; <small>Sent. local:</small> &ensp; Por, para, de &ensp; <small>ideia de distribuição e sucessão:</small> <br> <b>5</b> &ensp; <small>Sent. temporal:</small> &ensp; Durante, cada: &ensp; <small></small> <br> <b>6</b> &ensp; <small>Sents. diversos:</small> &ensp; Por meio de, com o auxílio de, por intermédio de: &ensp; <small></small> <br> <b>7</b> &ensp; <small>Sents. diversos:</small> &ensp; Por causa de, por amor de, por: &ensp; <small></small> <br> <b>8</b> &ensp; <small>Sents. diversos:</small> &ensp; Em nome de, por &ensp; <small>nas fórmulas de súplica:</small> </p>   <p><small>[EXEMPLOS]</small><br> <br><b>1</b><br>per forum Cíc. AI. 14, 16, 2 “pelo foro”. <br> <br><b>2</b><br>per corpora Cés. B. Gal. 2, 10, 2 “atravessar por cima dos cadáveres”. <br> <br><b>3</b><br>per ora vestra incedunt Sal. B. Jug. 31, 10 “passam diante dos olhos”. <br> <br><b>4</b><br>invitati per domos T. Lív. 1. 9. 9 “convidados para diferentes casas”: per manus Cés. B. Gal. 6, 38, 4 “de mão em mão”. <br> <br><b>5</b><br>per triennium Cíc. Verr. 4. 136 “durante 3 anos”. <br> <br><b>6</b><br>per litteras Cíc. Fam. 2. 6. 2 “por carta, isto é: por meio de uma carta”. <br> <br><b>7</b><br>per imprudentiam vestram Cíc. Agr. 2, 25 “por causa de vossa imprudência”. <br> <br><b>8</b><br>per deos! Cíc. Of. 2. 5 “em nome dos deuses”. </p>"
periculum,Faria,<b>perīclum</b> <br> <small></small> <br> <small>v. pericùlum.</small>
periculum,Faria,"<b>perīcŭlum</b> <b>-ī</b> <br> <b>perīclum</b> <b>-ī</b> <br> <small>subs. n.</small> <br> <small></small>   <p> <b>1</b> &ensp; <small>I-Sent. próprio</small> &ensp; Ensaio, experiência &ensp; <small>Cíc. Caecil. 27.</small> <br> <b>2</b> &ensp; <small>II-Sent. comum</small> &ensp; Risco, perigo &ensp; <small>Cíc. Pomp. 12: Cíc. Arch. 13.</small> <br> <b>3</b> &ensp; <small>II-Na língua jurídica:</small> &ensp; Processo, causa, ação, julgamento, sentença &ensp; <small>Cíc. Pomp. 2.</small> <br> <b>4</b> &ensp; <small>II-Na língua jurídica:</small> &ensp; Sentença escrita &ensp; <small>C.Nep.En. 8. 2.</small> </p>"
peto,Faria,"<b>petĭī</b> <br> <small>= petīvi, perf. de petō.</small> <br> <small></small>"
peto,Faria,"<b>petit</b> <br> <small>= petiit Ov. F. 1, 109.</small> <br> <small></small>"
peto,Faria,"<b>petō</b> <b>-is</b> <b>-ĕre</b> <b>-īvī -ĭī, -ītum</b> <br> <small>v. tr.</small> <br> <small>Obs.: Constrói-se com acus.: com acus. de coisa e abl. de pess.; com abl.; com duplo acus.: com abl. de pess. com ab ou ut.</small>   <p> <b>1</b> &ensp; <small>I-Sent. próprio</small> &ensp; Dirigir-se para, procurar atingir primeiramente com ideia secundária de violência ou hostilidade, atacar sents. físico e moral, visar &ensp; <small>Cíc. Nat. 2, 125; Verg. G. 3, 522; Cíc. Nat. 2, 2, 2; Cíc. Quinct. 29.</small> <br> <b>2</b> &ensp; <small>I-Daí, por enfraquecimento de sentido</small> &ensp; Acercar-se de, procurar, aspirar &ensp; <small>Cés. B. Gal. 3, 15, 2; Cíc. Or. 56.</small> <br> <b>3</b> &ensp; <small>II-Sent. figurado:</small> &ensp; Pedir, solicitar, declamar &ensp; <small>Cíc. Tusc. 5, 5; Cíc. At. 1, 16, 7; Cíc. Fam. 5, 15, 4.</small> <br> <b>4</b> &ensp; <small>II-Na língua política:</small> &ensp; Pretender um mandato, ser candidato &ensp; <small>Cíc. Phil. 2, 76.</small> </p>"
pono,Faria,"<b>pōnō</b> <b>-is</b> <b>-ĕre</b> <b>posŭī, posĭtum</b> <br> <small>v. tr.</small> <br> <small></small>   <p> <b>1</b> &ensp; <small>I-Sent. próprio</small> &ensp; Pôr de lado, depor, afastar &ensp; <small>Cés. B. Gal. 4, 37, 1; Cíc. Tusc. 5. 60; Cíc. Tusc. 3, 66.</small> <br> <b>2</b> &ensp; <small>I-Daí</small> &ensp; Pôr, colocar, pousar, pôr na mesa, servir &ensp; <small>Ov. Met. 8, 452; Cés. B. Civ. 3, 108, 6: Cat. Agr. 79, 81; Cíc. Verr. 3, 165.</small> <br> <b>3</b> &ensp; <small>II-Sent. figurado:</small> &ensp; Estabelecer, fixar, instalar, construir, edificar &ensp; <small>Cíc. Agr. 2. 96; Verg. En. 6, 19.</small> <br> <b>4</b> &ensp; <small>II-Sent. figurado:</small> &ensp; Propor, expor, apresentar &ensp; <small>Cíc. Fam. 1, 9, 21; Cíc. De Or. 2, 214.</small> <br> <b>5</b> &ensp; <small>II-Donde:</small> &ensp; Atribuir, considerar como, fazer consistir em &ensp; <small>Cíc. Fin. 2, 86.</small> <br> <b>6</b> &ensp; <small>II-Donde:</small> &ensp; Contar como, olhar como &ensp; <small>Cíc. Fin. 3, 29.</small> </p>"
pono,Faria,"<b>posīvī</b> <br> <small>= posŭī, perf. do pōno Plaut. Ps. 1. 281.</small> <br> <small></small>"
possum,Faria,"<b>possĭem</b> <br> <small>arc. = possim, pres. do subj. de possum Plaut. Capt 996.</small> <br> <small></small>"
possum,Faria,"<b>possum</b> <b>potes, posse, potŭī</b> <br> <small>v. tr.</small> <br> <small></small>   <p> <b>1</b> &ensp; <small>I-Sent. próprio</small> &ensp; Poder, ser capaz de &ensp; <small>Cíc. Fam. 5; 14, 2; Cíc. Fam. 6, 13, 1.</small> <br> <b>2</b> &ensp; <small>II-Daí</small> &ensp; Ter poder, ser eficaz, ter influência &ensp; <small>Cíc. Verr. 5, 97; Cíc. Tusc. 2, 34.</small> <br> <b>3</b> &ensp; <small>II-Impess.:</small> &ensp; É possível: &ensp; <small></small> </p>   <p><small>[EXEMPLOS]</small><br> <br><b>3</b><br>non potest ‘não é possível, é impossível’ Ter. Phorm. 303; Cíc. Tusc. 1, 23. </p>"
pono,Faria,<b>posŭī</b> <br> <small>perf. de pōno.</small> <br> <small></small>
possum,Faria,<b>potes</b> <b>potest</b> <br> <small>2ª e 3ª pess. sing. do pres. do indicat. de possum.</small> <br> <small></small>
possum,Faria,<b>potēsse</b> <br> <small>inf. pres. arc. de possum = posse Plaut. Cist. 30.</small> <br> <small></small>
possum,Faria,<b>potēssem</b> <br> <small>imperf. do subj. arc. de possum = possem.</small> <br> <small></small>
possum,Faria,<b>potŭī</b> <br> <small>perf. de possum.</small> <br> <small></small>
primum,Faria,"<b>prīmō</b> <br> <small>adv.</small> <br> <small></small>   <p> <b>1</b> &ensp; <small></small> &ensp; No começo, primeiramente, no primeiro momento &ensp; <small>Cíc. Verr. 4, 66.</small> </p>"
primum,Faria,"<b>prīmum</b> <br> <small>adv.</small> <br> <small></small>   <p> <b>1</b> &ensp; <small></small> &ensp; Primeiramente, em primeiro lugar &ensp; <small>Cíc. Verr. 2, 143.</small> <br> <b>2</b> &ensp; <small></small> &ensp; Pela primeira vez &ensp; <small>Cíc. Clu. 8.</small> </p>"
publicus,Faria,"<b>pūblĭcus</b> <b>-a</b> <b>-um</b> <br> <small>adj.</small> <br> <small></small>   <p> <b>1</b> &ensp; <small>I-Sent. próprio</small> &ensp; Relativo ao povo, ao Estado, público em oposição a privatus, oficial, à custa do Estado &ensp; <small>Cíc. Agr. 1, 2.</small> <br> <b>2</b> &ensp; <small>II-Daí</small> &ensp; De todos, que é propriedade pública ou de uso público, geral, comum a todos &ensp; <small>Cíc. Verr. 2, 66; Hor. Ep. 2. 1. 92.</small> <br> <b>3</b> &ensp; <small>III-Sent. poético:</small> &ensp; Ordinário, banal, trivial &ensp; <small>Ov. P. 4, 13, 4.</small> </p>"
puto,Faria,"<b>puta</b> <br> <small>imperat. de puto, tomado adverbialmente:</small> <br> <small></small>   <p> <b>1</b> &ensp; <small></small> &ensp; Por exemplo, como suposição &ensp; <small>Hor. Sát. 2. 5. 32.</small> </p>"
puto,Faria,"<b>putō</b> <b>-ās</b> <b>-āre</b> <b>-āvī, -ātum</b> <br> <small>v. tr.</small> <br> <small>Obs.: Constrói-se com acus.: com duplo acus.: com gen.: ou como absoluto.</small>   <p> <b>1</b> &ensp; <small>I-Sent. próprio</small> &ensp; Limpar, purificar &ensp; <small>Varr. R. Rust. 2. 2. 18.</small> <br> <b>2</b> &ensp; <small>I-Daí, nas línguas técnicas</small> &ensp; Desbastar, podar, cortar &ensp; <small>Verg. G. 2. 407.</small> <br> <b>3</b> &ensp; <small>II-Sent. figurado:</small> &ensp; Verificar uma conta, apurar &ensp; <small>Cíc. At. 4. 11. 1.</small> <br> <b>4</b> &ensp; <small>II-Daí:</small> &ensp; Contar, calcular &ensp; <small>Cal. Agr. 14. 4.</small> <br> <b>5</b> &ensp; <small>II-E depois:</small> &ensp; Avaliar, considerar, estimar &ensp; <small>Cíc. Phil. 7. 5: Cíc. De Or. 2. 344.</small> <br> <b>6</b> &ensp; <small>II-Donde, por generalização:</small> &ensp; Julgar, pensar, crer &ensp; <small>Cíc. C. M. 4: Cíc. At. 12. 18. 1.</small> <br> <b>7</b> &ensp; <small>II-Donde, por generalização:</small> &ensp; Imaginar, supor &ensp; <small>Sên. Contr. 3. 19. 4.</small> </p>"
quidam,Faria,<b>quādam</b> <br> <small>adv.</small> <br> <small>v. quádámtènus.</small>
qui,Faria,"<b>quae</b> <br> <small></small> <br> <small>v. qui, quis.</small>"
quis,Faria,"<b>quae</b> <br> <small></small> <br> <small>v. qui, quis.</small>"
quaero,Faria,"<b>quaerō</b> <b>-is</b> <b>-ĕre</b> <b>quaesīvī quaesĭī, quaesītum e quaestum</b> <br> <small>v. tr.</small> <br> <small>Obs.: Constrói-se com acus., com abl. com ab, de ou ex, com interr. indireta, com infinitivo ou ut, e como absoluto.</small>   <p> <b>1</b> &ensp; <small>I-Sent. próprio</small> &ensp; Procurar, buscar, fazer uma busca ou investigação &ensp; <small>Cíc. Nat. 2, 123; Cés. B. Gal. 2, 21, 6; Cíc. Leg. 1, 40.</small> <br> <b>2</b> &ensp; <small>I-Daí</small> &ensp; Informar-se, fazer um inquérito, procurar saber, perguntar &ensp; <small>Cés. B. Gal. 1, 18, 2, Cíc. Vat. 15.</small> <br> <b>3</b> &ensp; <small>II-Sent. figurado:</small> &ensp; Procurar obter, obter, adquirir &ensp; <small>Cíc. Clu. 29; Sal. B. Jug. 87, 2.</small> <br> <b>4</b> &ensp; <small>II-Sent. figurado:</small> &ensp; Procurar encontrar, procurar em vão &ensp; <small>Cíc. Verr. 3, 47.</small> <br> <b>5</b> &ensp; <small>II-Donde:</small> &ensp; Reclamar, pedir, exigir &ensp; <small>Varr. R. Rust. 1, 23, 4.</small> <br> <b>6</b> &ensp; <small>II-Na língua jurídica</small> &ensp; demandar, perseguir judicialmente &ensp; <small>Cíc. Caec. 97.</small> </p>"
quaero,Faria,"<b>quaesĭī</b> <br> <small>= quaesīvī, perf. de quaero e de quaeso.</small> <br> <small></small>"
quaero,Faria,"<b>quaesīsse</b> <b>quaesīssem</b> <br> <small>formas sincopadas de quaesiīsse, quaesiīssem, .inf. perf. e mais que-perf. do subj. de quaero.</small> <br> <small></small>"
quaero,Faria,<b>quaesīvī</b> <br> <small>perfeito de quaero e de quaeso.</small> <br> <small></small>
quantus,Faria,"<b>quantus</b> <b>-a</b> <b>-um</b> <br> <small>adj.</small> <br> <small></small>   <p> <b>1</b> &ensp; <small>I-Interr. exclam.:</small> &ensp; Quão grande, que: &ensp; <small></small> <br> <b>2</b> &ensp; <small>I-Interr. exclam.:</small> &ensp; Quão pequeno &ensp; <small>= quantulus Cíc. Or. 130.</small> <br> <b>3</b> &ensp; <small>II-Relativo em correlação com tantus:</small> &ensp; Quão grande, quanto, tão grande como, tal como &ensp; <small>Cíc. Verr. pr. 23.</small> <br> <b>4</b> &ensp; <small>III</small> &ensp; Quantus quantus = quantuscumque: &ensp; <small></small> </p>   <p><small>[EXEMPLOS]</small><br> <br><b>1</b><br>quantum adiit periculum C c. F in. 2. 56 ‘que grande perigo ele afrontou!’. <br> <br><b>4</b><br>tu, quantus quantu's Ter. Ad. 394 ‘tu, tão grande quanto és, i. e.. tu da cabeça aos pés’: quanta quanta haec mea paupertas est Ter. Phorm. 904 ‘por grande que seja a minha pobreza’. </p>"
qui,Faria,<b>quei</b> <br> <small>arc. v. qui.</small> <br> <small></small>
qui,Faria,<b>queis</b> <br> <small>e</small> <b>quīs</b> <br> <small>arc. = quibus.</small> <br> <small></small>
quia,Faria,"<b>quia</b> <br> <small>conj.</small> <br> <small>Obs.: Constrói-se em correlação com eo, hoc, ideo, idcirco, ob id, propterea, ea re Cíc. Tusc. 1, 13: Cíc. Rep. 3, 45: T. Lív. 2, 1, 7. Geralmente com o verbo no indicativo Cíc. Mur. 51, porém, o subjuntivo pode ser empregado no estilo indireto Cíc. Nat. 2, 69. ou indicando simples hipótese Cíc. Tusc. 1. 1.</small>   <p> <b>1</b> &ensp; <small></small> &ensp; Porque. &ensp; <small></small> </p>"
quisquam,Faria,<b>quicquam</b> <br> <small></small> <br> <small>v. quisquam.</small>
qui,Faria,<b>quīcum</b> <br> <small></small> <br> <small>v. qui.</small>
quidam,Faria,"<b>quīdam</b> <b>quaedam</b> <b>quoddam</b> <br> <small>pron. indef. adj.</small> <br> <small></small>   <p> <b>1</b> &ensp; <small>Forma adj.:</small> &ensp; Um certo, algum, um, alguma &ensp; <small>Cíc. Verr. 5, 153.</small> <br> <b>2</b> &ensp; <small>Forma subs.:</small> &ensp; Um certo, algum, alguma coisa &ensp; <small>Cíc. Or. 75; Cíc. Nat. 3, 88.</small> <br> <b>3</b> &ensp; <small>Forma subs.: No plural:</small> &ensp; Alguns, vários &ensp; <small>T. Lív. 23, 30, 7.</small> </p>"
quidem,Faria,"<b>quidem</b> <br> <small>part. enclítica afirmat.</small> <br> <small></small>   <p> <b>1</b> &ensp; <small></small> &ensp; Na verdade, certamente, é verdade &ensp; <small>preparando uma oposição Cíc. Phil. 2, 102.</small> <br> <b>2</b> &ensp; <small></small> &ensp; O certo é que, mas ao menos, ao menos &ensp; <small>Cíc. Or. 210.</small> <br> <b>3</b> &ensp; <small></small> &ensp; Et... quidem, is... quidem, ac... quidem: e o que é mais, e o que é melhor &ensp; <small>Cíc. Fin. 1, 1.</small> <br> <b>4</b> &ensp; <small></small> &ensp; <small></small> </p>   <p><small>[EXEMPLOS]</small><br> <br><b>4</b><br>Ne... quidem, v. ne. </p>"
quisquam,Faria,<b>quidquam</b> <br> <small></small> <br> <small>v. quisquam.</small>
quisque,Faria,<b>quidque</b> <br> <small></small> <br> <small>v. quisque.</small>
quis,Faria,"<b>quis</b> <b>quae qua, quid quod</b> <br> <small>pron. interr. ou indef.</small> <br> <small>Obs.: 1 A forma fem. quae é própria do relat. e emprega-se com significação interrogativa e raramente indefinida. 2 A forma fem. qua só ocorre com significação indefinida.</small>   <p> <b>1</b> &ensp; <small>I-Interr.-Subs.:</small> &ensp; Quem? qual? que pessoa? que coisa? que?: &ensp; <small></small> <br> <b>2</b> &ensp; <small>I-Interr.-Adj.:</small> &ensp; Qual? de que espécie? de que qualidade? como?: &ensp; <small></small> <br> <b>3</b> &ensp; <small>II-Indef.:</small> &ensp; Algum, alguma, alguém, alguma coisa &ensp; <small>Cíc. Par. 44.</small> <br> <b>4</b> &ensp; <small>II-Indef.:</small> &ensp; Algum, alguma, alguém. alguma coisa &ensp; <small>depois de si, nisi, ne, num, cum, etc.:</small> </p>   <p><small>[EXEMPLOS]</small><br> <br><b>1</b><br>quis clarior in Graecia Themistocle? Cíc. Lae. 42 'quem foi mais ilustre na Grecia do que Temístocles?’. <br> <br><b>2</b><br>quis senator. ..? Cíc. Cat. 2, 12 “qual o senador ...?”. <br> <br><b>4</b><br>num quis...? Cíc. Nat. 3, 87 “acaso alguém...?”. </p>"
quisquam,Faria,"<b>quisquam</b> <b>quaequam, quodquam e quidquam ou quicquam</b> <br> <small>pron. indef.</small> <br> <small>Obs.: Emprega-se, principalmente, em frases negativas e nas de caráter dubiativo ou interrogativo.</small>   <p> <b>1</b> &ensp; <small></small> &ensp; Algum, alguma coisa, alguém: &ensp; <small></small> </p>   <p><small>[EXEMPLOS]</small><br> <br><b>1</b><br>estne quisquam...? Cíc. Com: 18, “existe alguém ...?” T. Lív. 2, 9, 8: quisquam unus T. Lív. 3, 45, 4 “uma única pessoa”. </p>"
quisque,Faria,"<b>quisque</b> <b>quaeque, quodque e quidque ou quicque</b> <br> <small>pron. indef.</small> <br> <small></small>   <p> <b>1</b> &ensp; <small></small> &ensp; Cada um, cada: &ensp; <small></small> <br> <b>2</b> &ensp; <small></small> &ensp; Cada um de dois, ambos &ensp; <small>Ov. F. 2, 715.</small> <br> <b>3</b> &ensp; <small>= quicumque</small> &ensp; todo aquele que &ensp; <small>T. Lív. 1, 24, 3.</small> <br> <b>4</b> &ensp; <small>Em locuções:</small> &ensp; <small></small> </p>   <p><small>[EXEMPLOS]</small><br> <br><b>1</b><br>pro se quisque Cíc. Verr. 1, 68 “cada um por si”, i. e., por sua conta. <br> <br><b>4</b><br>quinto quoque anno Cíc. Verr. 2, 139 ‘cada cinco anos’, i. e., de cinco em cinco anos; primo quoque tempora Cíc. Phil. 3, 39 “logo que seja possível, na primeira ocasião”: cosilia cujusque modi Cés. B. Gal. 7, 22, 1 “disposições tomadas de uma maneira ou de outra”. </p>"
qui,Faria,<b>quōcum</b> <br> <small>= cum quo.</small> <br> <small></small>
qui,Faria,"<b>quod</b> <br> <small>acus. neutro de qui, tomado como conj.</small> <br> <small></small>   <p> <b>1</b> &ensp; <small></small> &ensp; Relativamente a que: &ensp; <small></small> <br> <b>2</b> &ensp; <small>donde:</small> &ensp; por causa de que, por que, em que &ensp; <small>Plaut. Ep. 456; Plaut. Poen. 547.</small> <br> <b>3</b> &ensp; <small>Iniciando frase:</small> &ensp; quanto a isso, relativamente a esse ponto &ensp; <small>Cíc. Phil. 10, 9.</small> <br> <b>4</b> &ensp; <small></small> &ensp; Porque &ensp; <small>muitas vezes em correlação com ec, ideo, idcirco, propterea: v. estas palavras Cíc. Verr. 3, 65.</small> <br> <b>5</b> &ensp; <small></small> &ensp; Por, pelo fato de &ensp; <small>Cíc. A t. 3, 3, 1.</small> <br> <b>6</b> &ensp; <small>Introduzindo uma oração completiva ou uma explicação</small> &ensp; <small>Cíc. Phil. 2. 91; Cés. B. Gal. 3. 18. 6; Cíc. Fam. 5. 13. 1.</small> </p>"
qui,Faria,<b>quoī</b> <br> <small>arc. = cui.</small> <br> <small></small>
quis,Faria,"<b>quōius</b> <br> <small>= cuius, gen. de qui, quae, quod, ou de quis, quae qua, quid quod.</small> <br> <small></small>"
cum,Faria,<b>quom</b> <br> <small></small> <br> <small>v. cum.</small>
ratio,Faria,"<b>ratĭō</b> <b>-ōnis</b> <br> <small>subs. f.</small> <br> <small></small>   <p> <b>1</b> &ensp; <small>I-Sent. próprio</small> &ensp; Cálculo, conta, objeto de cálculo, livro de contas, registro &ensp; <small>Cés. B. Gal. 7, 71, 4; Cic. Verr. 5, 71; Cíc. Verr. 5. 147.</small> <br> <b>2</b> &ensp; <small>II-Sent. figurado</small> &ensp; Cálculo, consideração, interesse, empenho, causa, partido &ensp; <small>Cic. Verr. 5. 38.</small> <br> <b>3</b> &ensp; <small>II-Daí:</small> &ensp; Faculdade de calcular, razão, inteligência, juízo, bom senso &ensp; <small>Cic. Fin. 1, 32.</small> <br> <b>4</b> &ensp; <small>II-Daí:</small> &ensp; Método, plano, disposição, sistema, regra, ordem, doutrina, opinião, pensamento, ponto de vista &ensp; <small>Cíc. Pomp. 1.</small> <br> <b>5</b> &ensp; <small>II-Daí:</small> &ensp; Argumentação, razão determinante, causa, motivo, prova &ensp; <small>na língua filosófica. Cíc. Nat. 2, 22.</small> <br> <b>6</b> &ensp; <small>II-Daí:</small> &ensp; Modo, maneira, meio, gênero, espécie, natureza &ensp; <small>Cés. B. Gal. 2, 19, 1.</small> <br> <b>7</b> &ensp; <small>II-Daí:</small> &ensp; Relação, trato, comércio, negócios &ensp; <small>sent. genérico Cíc. At. 2, 5, 2.</small> </p>"
refero,Faria,"<b>refĕrō</b> <b>-fers</b> <b>-fĕrre</b> <b>retŭlī rettŭllī, relātum</b> <br> <small>v. tr.</small> <br> <small></small>   <p> <b>1</b> &ensp; <small>I-Sent. próprio</small> &ensp; Trazer de novo, tornar a levar &ensp; <small>Cíc. At. 15, 16 a..</small> <br> <b>2</b> &ensp; <small>I-Daí</small> &ensp; Entregar, restituir &ensp; <small>Cíc. Div. 1, 54: Cíc. Verr. 3, 223.</small> <br> <b>3</b> &ensp; <small>I-Donde:</small> &ensp; Tornar a enviar, enviar, remeter, reenviar, devolver &ensp; <small>Cíc. Nat. 2. 144.</small> <br> <b>4</b> &ensp; <small>II-Sent. figurado:</small> &ensp; Reproduzir, repetir, representar, renovar, restabelecer, restaurar &ensp; <small>Cíc. De Or. 3. 75; Lucr. 1, 597.</small> <br> <b>5</b> &ensp; <small>II-Sent. figurado:</small> &ensp; Voltar, volver &ensp; <small>Cíc. Quinct. 47.</small> <br> <b>6</b> &ensp; <small>II-Sent. figurado:</small> &ensp; Responder, replicar &ensp; <small>Verg. En. 4, 31.</small> <br> <b>7</b> &ensp; <small>II-Sent. figurado:</small> &ensp; Referir, transcrever, consignar, pôr, incluir &ensp; <small>Cíc. Fam. 1. 9. 10: Cíc. Verr. 4, 134: Cíc. Verr. 5, 109.</small> <br> <b>8</b> &ensp; <small>III-Empregos especiais:-Na língua militar:</small> &ensp; Recuar, retroceder &ensp; <small>Cés. B. Gal. 1, 25, 5; T. Lív. 1. 14. 8.</small> <br> <b>9</b> &ensp; <small>III-Empregos especiais:</small> &ensp; Levar para, apresentar &ensp; <small>Cés. B. Gal. 7, 71, 6.</small> <br> <b>10</b> &ensp; <small>III-Na língua jurídica:</small> &ensp; Submeter à deliberação de, consultar &ensp; <small>Cíc. Verr. 4, 85; Cíc. Pomp. 58: Cíc. Dom. 136.</small> <br> <b>11</b> &ensp; <small>III-Com pedem; gressum, ou cursum:</small> &ensp; voltar’ &ensp; <small>emprego poético Ov. Her. 16, 88.</small> </p>"
relinquo,Faria,"<b>relinquō</b> <b>-is</b> <b>-ĕre</b> <b>-līquī, -līctum</b> <br> <small>v. tr.</small> <br> <small></small>   <p> <b>1</b> &ensp; <small>I-Sent. próprio</small> &ensp; Deixar para trás &ensp; <small>Cés. B. Gal. 7, 40, 3.</small> <br> <b>2</b> &ensp; <small>I-Daí, por enfraquecimento de sentido:</small> &ensp; Deixar, abandonar, depor &ensp; <small>Cíc. Fam. 4, 1, 2; Cés. B. Gal. 6, 38, 4; Cés. B. Gal. 1, 44, 2.</small> <br> <b>3</b> &ensp; <small>I-Donde:</small> &ensp; Deixar por morte, deixar como herança, transmitir &ensp; <small>Cíc. Amero 20; Cíc. Arch. 30.</small> <br> <b>4</b> &ensp; <small>II-Sent. figurado:</small> &ensp; Deixar de parte, omitir, desprezar &ensp; <small>Cíc. Prov. 6; Cíc. Caec. 50.</small> <br> <b>5</b> &ensp; <small>II-Sent. figurado:</small> &ensp; Deixar, permitir, fechar os olhos a &ensp; <small>Cíc. Pomp. 11; Ov. Mel. 14, 100.</small> <br> <b>6</b> &ensp; <small>II-Sent. figurado:</small> &ensp; Renunciar a &ensp; <small>sent. poético Lucr. 6, 654.</small> </p>"
res,Faria,"<b>res</b> <b>rĕī em poesia tambēm rēī ou rei monos.</b> <br> <small>subs. f.</small> <br> <small>Obs.: Do sentido de bens, propriedade, decorre o de proveito em alguma coisa, e daí: interesse a discutir, negócio a tratar ou discutir principalmente na Justiça, e depois em sua acepção geral. Res, designando bens concretos, passou a exprimir o que existe, a realidade, a coisa ou o fato, sendo assim, por seu sentido vago, como que um substituto polido de uma expressão que se quer evitar. Em poesia também aparece rei Luc. 1, 688 ou rei como monossílabo Lucr. 4, 885.</small>   <p> <b>1</b> &ensp; <small>I-Sent. próprio</small> &ensp; Bens, propriedade, posses, interesse em alguma coisa &ensp; <small>Cés. B. Gal. 1, 18, 4.</small> <br> <b>2</b> &ensp; <small>I-Daí</small> &ensp; Utilidade, vantagem, interesse &ensp; <small>em várias locuções:</small> <br> <b>3</b> &ensp; <small>II-Sent. particular:</small> &ensp; Assunto judiciário, litígio, questão judicial, processo &ensp; <small>Cíc. Mil. 15.</small> <br> <b>4</b> &ensp; <small>II-Daí:</small> &ensp; Negócio &ensp; <small>sent. genérico Cíc. Verr. 2, 172.</small> <br> <b>5</b> &ensp; <small>III-Sents. diversos:</small> &ensp; Fato, realidade &ensp; <small>Cíc. Verr. 5, 87.</small> <br> <b>6</b> &ensp; <small>III-Sents. diversos:</small> &ensp; Ação realizada, fato, coisa, acontecimento, empresa, façanhas, feitos militares, fatos históricos, feitos notáveis &ensp; <small>sent. mais comum Cíc. Verr. 4, 63.</small> <br> <b>7</b> &ensp; <small>III-Sents. diversos:</small> &ensp; Situação, condição, circunstância, ocasião &ensp; <small>Ter. Ad. 293; Cíc. At. 7, 8, 2.</small> <br> <b>8</b> &ensp; <small>III-Sents. diversos:</small> &ensp; A coisa pública, os negócios públicos, o Estado, poder, autoridade &ensp; <small>Cíc. Rep. 1, 12.</small> <br> <b>9</b> &ensp; <small>III-Sents. diversos:</small> &ensp; Motivo, causa, fim, plano &ensp; <small>Cíc. At. 8, 8, 1.</small> </p>   <p><small>[EXEMPLOS]</small><br> <br><b>2</b><br>in rem esse alicui Plaut. Aul. 129 ‘ser vantajoso para alguém’: ex tua re non est, ut Plaut. PS. 388 “não é vantajoso para ti que ...”: e re publica Cíc. De Or. 2. 124 ‘no interesse geral’; ab re aliquid orare Plau,t.Capt.338 “pedir alguma coisa contrária aos seus interesses”. </p>"
refero,Faria,"<b>rettŭlī</b> <br> <small>= retŭli, perf. de refĕro.</small> <br> <small></small>"
romanus,Faria,"<b>Rōmānus</b> <b>-a</b> <b>-um</b> <br> <small>adj.</small> <br> <small></small>   <p> <b>1</b> &ensp; <small></small> &ensp; Romanos, de Roma: &ensp; <small></small> </p>   <p><small>[EXEMPLOS]</small><br> <br><b>1</b><br>Romani ludi Cíc. Verr. 5. 36 “jogos romanos”. </p>"
saepe,Faria,"<b>saepĕ</b> <br> <small>adv.</small> <br> <small>Obs.: Comp.: saepìus: superl.: saepissìme Cíc..</small>   <p> <b>1</b> &ensp; <small></small> &ensp; Muitas vezes, frequentemente &ensp; <small>Cíc. Fin. 2, 41.</small> </p>"
scio,Faria,"<b>scībam</b> <br> <small>imperf. arcaico de scio = sciēbam Lucr. 5, 934.</small> <br> <small></small>"
scio,Faria,"<b>sciĕrim</b> <br> <small>= scivĕrim, perf. subj. de scio.</small> <br> <small></small>"
scio,Faria,<b>scĭī</b> <br> <small>perf. de scio.</small> <br> <small></small>
scio,Faria,<b>scin</b> <br> <small>= scisne.</small> <br> <small></small>
scio,Faria,"<b>sciō</b> <b>-īs</b> <b>-īre</b> <b>-īvī -ĭī, -itum</b> <br> <small>v. tr. e intr.</small> <br> <small>Obs.: A significação de decidir, decretar, com que aparece, às vezes, nos historiadores da época imperial, é devida a uma confusão com scisco, cujo perfeito e supino são idênticos ao de scio. Constrói-se com acus.: com inf. ou or. inf.: com interrogo indireta: com abl. com de: com advérbio. Imperf. arc. scibam Lucr. 5, 934; fut. arc. scibo Cal. Agr. 5, 5: perf. sincopado scisti Ov. F. 527.</small>   <p> <b>1</b> &ensp; <small>I-Sent. próprio</small> &ensp; Saber, conhecer, ter conhecimento &ensp; <small>Cíc. At. 12, 22, 2; Cíc. Lae. 77; Cíc. Rep. 1, 27; Cíc. De Or. 2, 265.</small> <br> <b>2</b> &ensp; <small>I-Sent. próprio</small> &ensp; Decidir, decretar &ensp; <small>T. Lív. 26, 33, 10.</small> </p>"
scio,Faria,"<b>scīsse</b> <b>scīsset</b> <br> <small>= sciīsse, sciīsset, inf. perf. e mais-que-perf. do subj. de scio Quint. 1, 6, 17.</small> <br> <small></small>"
scio,Faria,"<b>scīstī</b> <br> <small>perf. sincopado de scio Ov. F. 4, 527.</small> <br> <small></small>"
scio,Faria,<b>scīvī</b> <br> <small>perf. de scīsco e de scio.</small> <br> <small></small>
scribo,Faria,"<b>scrībō</b> <b>-is</b> <b>-ĕre</b> <b>scrīpsī, scrīptum</b> <br> <small>v. tr.</small> <br> <small></small>   <p> <b>1</b> &ensp; <small>I-Sent. próprio</small> &ensp; Escrever letras, obra ou carta, traçar caracteres &ensp; <small>Cíc. Tusc. 5, 113: Cíc. Leg. 2. 11: Cíc. Br. 287: Cíc. Tusc. 1, 116.</small> <br> <b>2</b> &ensp; <small>I-Sent. próprio</small> &ensp; Escrever, contar, descrever, mencionar &ensp; <small>Cíc. At. 3, 27: Cíc. Mil. 48: Cíc. N at. 2, 124: T. Liv. 21, 1, 1.</small> <br> <b>3</b> &ensp; <small>II-Na língua jurídica e militar:</small> &ensp; Inscrever, alistar &ensp; <small>Hor. Ep. 1, 9, 13: Cíc. Fam. 3, 3, 1.</small> </p>"
scribo,Faria,<b>scrīpse</b> <br> <small>= scrīpsīsse Lucil. Sal. 29. 26.</small> <br> <small></small>
scribo,Faria,<b>scrīpsī</b> <br> <small>perf. de scrībo.</small> <br> <small></small>
scribo,Faria,"<b>scrīpstī</b> <br> <small>= scrīpsīstī, perf. ind. sincopado de scrībo Plaut. As. 802.</small> <br> <small></small>"
sed,Faria,"<b>sed</b> <br> <small>conj.</small> <br> <small>Obs.: Na língua antiga sed ou se funcionava como prep., sendo neste emprego substituída por sine na língua literária. Nos textos literários sed, se ou so aparecem como prevérbio, indicando a separação, o afastamento, a privação: seditio, sedulo, secedo, sepono, socors.</small>   <p> <b>1</b> &ensp; <small></small> &ensp; Mas, porém &ensp; <small>Cíc. Mil. 59.</small> <br> <b>2</b> &ensp; <small>Notem-se as expressões:</small> &ensp; <small></small> <br> <b>3</b> &ensp; <small></small> &ensp; Iniciando ou voltando a um assunto: &ensp; <small></small> <br> <b>4</b> &ensp; <small></small> &ensp; Ora, mas também &ensp; <small>Verg. En. 10. 576.</small> </p>   <p><small>[EXEMPLOS]</small><br> <br><b>2</b><br>a non solum ... sed. nom modo... sed “não somente ... mas”. b sed etiam Cíc. Mil. 61 ‘mas também, mas ainda’. c sed tamen Cíc. Phil. 2. 104 “mas em todos os casos”. <br> <br><b>3</b><br>sed redeamus ad hortensium Cíc. Br. 291 “mas voltemos a Hortênsio”. </p>"
semper,Faria,"<b>semper</b> <br> <small>adv.</small> <br> <small></small>   <p> <b>1</b> &ensp; <small></small> &ensp; De uma vez por todas, para sempre, sem cessar &ensp; <small>Cíc. Tusc. 1. 53.</small> </p>"
senatus,Faria,"<b>senātus</b> <b>-ūs</b> <br> <small>ou</small> <b>senātus</b> <b>-ī</b> <br> <small>subs. m.</small> <br> <small></small>   <p> <b>1</b> &ensp; <small>I-Sent. próprio</small> &ensp; Assembléia dos velhos, senado: &ensp; <small></small> <br> <b>2</b> &ensp; <small>I-Por extensão:</small> &ensp; Sala do senado, lugares dos senadores &ensp; <small>no teatro Suet. Ner. 12.</small> <br> <b>3</b> &ensp; <small>I-Por extensão:</small> &ensp; Reunião do senado: &ensp; <small></small> <br> <b>4</b> &ensp; <small>II-Sent. figurado:</small> &ensp; Conselho deliberativo &ensp; <small>Plaut. Most. 688.</small> </p>   <p><small>[EXEMPLOS]</small><br> <br><b>1</b><br>senatus populusque Romanus Cíc. Planc. 90 ‘o senado e o povo romano’. <br> <br><b>3</b><br>senatum habere Cíc. Phil. 3, 9 ‘realizar uma reunião do senado’. </p>"
sequor,Faria,"<b>sequor</b> <b>-ĕris</b> <b>sequī, secūtus sum</b> <br> <small>v. dep. tr.</small> <br> <small></small>   <p> <b>1</b> &ensp; <small>I-Sent. próprio</small> &ensp; Seguir, acompanhar, ir atrás &ensp; <small>sents. físico e moral Cés. B. Gal. 7, 50, 4; Cés. B. Gal. 1, 24, 4; Cíc. Lae. 19:' Cíc. Dej. 25.</small> <br> <b>2</b> &ensp; <small>I-Daí:</small> &ensp; Dirigir-se para &ensp; <small>Cíc. At. 10, 18, 2.</small> <br> <b>3</b> &ensp; <small>II-Sent. figurado:</small> &ensp; Perseguir, ir no encalço de, ir buscar &ensp; <small>Cés. B. Gal. 1. 22. 5.</small> <br> <b>4</b> &ensp; <small>II-Sent. figurado:</small> &ensp; Ceder sem resistência. conformar-se, obedecer &ensp; <small>Verg. En. 6. 146.</small> <br> <b>5</b> &ensp; <small>III-Sents. especiais:</small> &ensp; Segue-se, conclui-se &ensp; <small>indicando uma sequência ou consequência Cíc. Div. 2. 105: Cíc. Of. 2, 54.</small> <br> <b>6</b> &ensp; <small>III-Sents. especiais:</small> &ensp; Cair por sorte a, caber a &ensp; <small>T. Lív. 33, 13, 10.</small> </p>"
sui,Faria,<b>sēsē</b> <br> <small>acus. e abl. de sui forma reduplicada = sē.</small> <br> <small></small>
si,Faria,"<b>sī</b> <br> <small>conj.</small> <br> <small>Obs.: Geralmente é empregada no princípio da oração, introduzindo quase sempre uma frase condicional: leva o verbo para o inicativo, se a suposição é considerada real: ou para o subjuntivo, se for considerada irreal ou eventual. Pode ser reforçada por um advérbio, como por exemplo: si modo ‘se ao menos’; si quidem ‘se realmente’; si forte ‘se por acaso’. E empregada com relativa frequência para introduzir uma oração completiva, apresentando ainda a tendência para substituir num nas interrogaçoes completivas. sibi, dat. de sui.</small>   <p> <b>1</b> &ensp; <small>I-Sent. condicional</small> &ensp; Se, se porventura, se por acaso &ensp; <small>verbo no ind. ou no subj. Cíc. Fam. 5, 12, 10; Cíc. C M. 83.</small> <br> <b>2</b> &ensp; <small>I-Sent. condicional</small> &ensp; Pois que, já que, visto que &ensp; <small>Cíc. Br. 4.</small> <br> <b>3</b> &ensp; <small>II-Sent. explicativo:</small> &ensp; Que, de que &ensp; <small>Cíc. Of. 2, 31; Cés. B. Gal. 3, 5, 2.</small> <br> <b>4</b> &ensp; <small>II-Sent. explicativo:</small> &ensp; Mesmo se, ainda que, posto que &ensp; <small>Cíc. Mur. 8; Cíc. At. 5, 4.</small> <br> <b>5</b> &ensp; <small>II-Sent. explicativo:</small> &ensp; Se, oxalá &ensp; <small>= utinam Verg. En.6, 187.</small> </p>"
sic,Faria,"<b>sīc</b> <br> <small>adv.</small> <br> <small></small>   <p> <b>1</b> &ensp; <small></small> &ensp; Assim, desta maneira, eis como &ensp; <small>Cíc. Br. 310.</small> <br> <b>2</b> &ensp; <small></small> &ensp; Consequentemente, nestas condições &ensp; <small>Cíc. Sest. 55.</small> <br> <b>3</b> &ensp; <small></small> &ensp; Assim, nem mais nem menos, pura e simplesmente &ensp; <small>Cíc. Fin. 5, 7.</small> <br> <b>4</b> &ensp; <small>Em correlação:</small> &ensp; <small></small> </p>   <p><small>[EXEMPLOS]</small><br> <br><b>4</b><br>sic ... ut Cíc. Br. 250 ‘de tal modo que, a tal ponto que’. </p>"
sic,Faria,<b>sīccĭne</b> <br> <b>sīcĭne</b> <br> <small>ou</small> <b>sīcin</b> <br> <small>adv.</small> <br> <small></small>   <p> <b>1</b> &ensp; <small></small> &ensp; É desta maneira quê? É assim quê? &ensp; <small>Cíc. Flac. 82.</small> </p>
sum,Faria,"<b>siem</b> <b>sies, siet</b> <br> <small>= sim, sis, sit, v. sum.</small> <br> <small></small>"
si,Faria,"<b>sīn</b> <br> <small>conj.</small> <br> <small>Obs.: Pode ou não vir precedido de si, nisi. Introduz uma segunda hipótese contrária à primeira.</small>   <p> <b>1</b> &ensp; <small></small> &ensp; Mas se, ão contrário &ensp; <small>Cíc. Cat. 1, 18.</small> <br> <b>2</b> &ensp; <small></small> &ensp; Em caso contrário: sin autem &ensp; <small>Cíc. Agr. 3, 2.</small> </p>"
audio,Faria,"<b>sōdēs</b> <br> <small>= si audes.</small> <br> <small>Obs.: Fórmula de polidez.</small>   <p> <b>1</b> &ensp; <small></small> &ensp; Peço-te, se te apraz, por favor &ensp; <small>Cíc. At. 7, 3, 11.</small> </p>"
locus,Faria,"<b>stlocus</b> <br> <small>= locus Quint. 1, 4, 16.</small> <br> <small></small>"
uolo,Faria,<b>sultis</b> <br> <small>= si vultis.</small> <br> <small></small>   <p> <b>1</b> &ensp; <small></small> &ensp; Se quereis &ensp; <small>Plaut. As...1.</small> </p>
sum,Faria,"<b>sum</b> <b>es, esse, fuī</b> <br> <small>v. de existência e copulativo, intr.</small> <br> <small>Obs.: Constrói-se como intr. absoluto; com predicativo; locativo; com abl. com in; com gen.; com dat.; com duplo dat.; com acus. com in. Obs.: Formas arcaicas: siem, sies, siet, sient Plaut. Amph. 57; Lucr. 3, 101, etc.: fuam, fuas, fuat, fuant Plaut. Bac. 156; Plaut. Amph. 985, etc. = subj. pres.</small>   <p> <b>1</b> &ensp; <small>I-Sent. próprio</small> &ensp; Ser, existir &ensp; <small>Cic. Fam. 11, 21, 1; Cíc. Fam. 6, 18, 4; Cíc. Phil. 5, 42; Cíc. Rep. 1, 12; Cíc. Opt. 15.</small> <br> <b>2</b> &ensp; <small>I-Sent. próprio</small> &ensp; Estar, viver, morar &ensp; <small>com locativo ou abl. com in:</small> <br> <b>3</b> &ensp; <small>I-Daí:</small> &ensp; Ser de, ser próprio de, pertencer a &ensp; <small>Cíc. C. M. 20; Cíc. Fam. 5, 16, 5; Cíc. Verr. 1, 66.</small> <br> <b>4</b> &ensp; <small>II-Empregos especiais:</small> &ensp; Impessoal: Haver &ensp; <small>Cés. B. Gal. 1, 12, 1; Cíc. Fam. 1, 9, 25.</small> <br> <b>5</b> &ensp; <small>II-Empregos especiais:</small> &ensp; Ser avaliado, custar, valer &ensp; <small>Cíc. Com. 33; Cíc. Of. 3, 92.</small> <br> <b>6</b> &ensp; <small>II-Empregos especiais:</small> &ensp; Ter, possuir &ensp; <small>Cíc. Verr. 3, 168; Cíc. Phil. 2, 77; Cés. B. Gal. 5, 40, 7.</small> <br> <b>7</b> &ensp; <small>II-Empregos especiais:</small> &ensp; Servir de, causar, dar, trazer &ensp; <small>T. Lív. 4, 13, 2; Cíc. Verr. 5, 100.</small> <br> <b>8</b> &ensp; <small>II-Empregos especiais:</small> &ensp; Tratar de, versar sobre, compor-se de &ensp; <small>Cíc. Tusc. 1, 24; Cíc. Verr. 5, 110; Cíc. De Or. 3, 183.</small> </p>   <p><small>[EXEMPLOS]</small><br> <br><b>2</b><br>esse apud aliquem Cíc. Rep. 1, 21 «estar em casa de alguém»; esse cum aliquo Cíc. Br. 309 «viver estar com alguém»; Cíc. Verr. 2, 100. </p>"
sum,Faria,<b>sunto</b> <br> <small>imperat. fut. de sum.</small> <br> <small></small>
super,Faria,"<b>supĕrus</b> <b>-a</b> <b>-um</b> <br> <small>adj.</small> <br> <small></small>   <p> <b>1</b> &ensp; <small>I-Sent. próprio</small> &ensp; Que está em cima, superior, alto &ensp; <small>Cíc. Lae. 12.</small> <br> <b>2</b> &ensp; <small>II-Por extensão</small> &ensp; Do céu, celeste &ensp; <small>Cíc. Nat. 2, 140.</small> <br> <b>3</b> &ensp; <small>III-Como subs. m. pl. supĕrī, -ōrum:</small> &ensp; os habitantes da terra, os mortais, os homens &ensp; <small>em oposição aos mortos, habitantes das regiões infernais Verg. En. 6, 481.</small> <br> <b>4</b> &ensp; <small>III-Supĕrī diī, -ōrum:</small> &ensp; os deuses superiores, habitantes do céu ou das regiões superiores &ensp; <small>em oposição aos infèri, habitantes das regiões inferiores Verg. En. 10, 34.</small> </p>"
suus,Faria,"<b>suus</b> <b>-a</b> <b>-um</b> <br> <small>pron. poss.</small> <br> <small></small>   <p> <b>1</b> &ensp; <small>I-Sent. próprio</small> &ensp; Seu, sua &ensp; <small>sent. reflexivo Cíc. Cat. 3, 3.</small> <br> <b>2</b> &ensp; <small>I-Sent. próprio</small> &ensp; Próprio, que pertence como propriedade particular, particular, especial &ensp; <small>Cíc. Cal. 1, 32.</small> <br> <b>3</b> &ensp; <small>II-Sent. particular:</small> &ensp; Favorável, afeiçoado, dedicado, útil, propício &ensp; <small>Cíc. Mil. 89.</small> <br> <b>4</b> &ensp; <small>II-No m. pl.:</small> &ensp; Os seus, os seus parentes, os seus partidários, os seus concidadãos &ensp; <small>Cíc. Fin. 2, 97.</small> <br> <b>5</b> &ensp; <small>II-No n. pl.: sua, -ōrum:</small> &ensp; As suas propriedades, os seus bens, a sua fortuna &ensp; <small>Cés. B. Gal. 1, 43.</small> </p>"
suus,Faria,"<b>suūsmet</b> <b>suāmet, suūmmet</b> <br> <small>pron. poss. com reforço da enclítica -met:</small> <br> <small></small>   <p> <b>1</b> &ensp; <small></small> &ensp; Seu próprio &ensp; <small>Cíc. De Or. 3, 10.</small> </p>"
tam,Faria,"<b>tam</b> <br> <small>adv. demonstr.</small> <br> <small>Obs.: Este advérbio pode ser empregado tendo como correlativo: quam, quase, ut ou qui, quae, quod. com subjuntivo; quin com subjuntivo, quando a or. principal é negativa Cíc. At. 13, 20, 4; Cíc. Nat. 1, 1; Cíc. Div. 2, 119; Cíc. Verr. 4, 95.</small>   <p> <b>1</b> &ensp; <small></small> &ensp; Tão, tanto, de tal forma &ensp; <small>Cíc. Verr. 3, 85.</small> </p>"
tamen,Faria,"<b>tamen</b> <br> <small>conj.</small> <br> <small>Obs.: Pode ser empregado introduzindo uma restrição a uma afirmação Cíc. Tusc. 4, 52, ou uma restrição depois de uma pontuação forte Cíc. Or. 6, ou ainda depois de uma subordinada de sentido concessivo Cíc. Br. 143.</small>   <p> <b>1</b> &ensp; <small></small> &ensp; Todavia, contudo, entretanto, ainda que &ensp; <small>Cíc:. Verr. 4, 123.</small> </p>"
tantus,Faria,"<b>tantī</b> <br> <small>adv. gen. n. de tantus, indicando preço.</small> <br> <small></small>   <p> <b>1</b> &ensp; <small>I-Sent. próprio</small> &ensp; Tão caro, por preço tão alto &ensp; <small>Cíc. Verr. 3, 194.</small> <br> <b>2</b> &ensp; <small>II-Sent. figurado</small> &ensp; Tão importante, de tanto valor &ensp; <small>Cés. B. Gal. 1, 20, 5.</small> </p>"
tantus,Faria,"<b>tantus</b> <b>-a</b> <b>-um</b> <br> <small>pron.</small> <br> <small></small>   <p> <b>1</b> &ensp; <small>I-Sent. próprio</small> &ensp; Tanto, tão grande, tamanho, tão grande quanto &ensp; <small>em correlação com quantus Cés. B. Gal. 2, 11, 6.</small> <br> <b>2</b> &ensp; <small>II-Sent. moral:</small> &ensp; Tão importante, tão célebre, tal, de tal qualidade &ensp; <small>Cíc. Fam. 13, 66, 1.</small> <br> <b>3</b> &ensp; <small>II-Sent. moral:</small> &ensp; Tão pouco importante, tão pequeno, tão fraco &ensp; <small>Cíc. Pomp. 14.</small> </p>"
tu,Faria,<b>tē</b> <br> <small>acus. e abl. de tu.</small> <br> <small></small>
tu,Faria,<b>tecum</b> <br> <small>= cum te.</small> <br> <small></small>   <p> <b>1</b> &ensp; <small></small> &ensp; Contigo. &ensp; <small></small> </p>
tu,Faria,<b>ted</b> <br> <small>arc. = te Plaut. Bac. 571.</small> <br> <small></small>
teneo,Faria,"<b>tenĕō</b> <b>-ēs</b> <b>-ēre</b> <b>tenŭī, tentum.</b> <br> <small>v. tr. e intr.</small> <br> <small>Obs.: Constrói-se com acus.; com ne ou quin; com inf.; ou como intr. absoluto.</small>   <p> <b>1</b> &ensp; <small>A-Tr.-Sent. próprio</small> &ensp; Segurar, ter &ensp; <small>Cíc. Cael. 63; Cíc. Sest. 69.</small> <br> <b>2</b> &ensp; <small>A-Tr.-Daí:</small> &ensp; Possuir, ocupar, ser senhor de, ganhar, obter, conseguir &ensp; <small>Cíc. Br. 137; Cés. B. Gal. 3, 22, 1; Verg. Buc. 1, 31; Cíc. Tusc. 1, 97.</small> <br> <b>3</b> &ensp; <small>A-Tr.-Daí:</small> &ensp; Estar imóvel, manter, parar, reter, conter, fazer parar &ensp; <small>Cés. B. Gal. 1, 40, 8; Cíc. At. 11, 3, 1; Cíc. Fam. 16, 7.</small> <br> <b>4</b> &ensp; <small>A-Tr.-Daí:</small> &ensp; Guardar, conversar, observar &ensp; <small>Cíc. Clu. 128; Cíc. Verr. pr. 13; Cíc. Phil. 1, 27.</small> <br> <b>5</b> &ensp; <small>A-Tr.-Donde:</small> &ensp; Deter no espírito, lembrar-se &ensp; <small>Cíc. Cal. 3, 19; Hor. A. Poét. 336.</small> <br> <b>6</b> &ensp; <small>A-Tr.-Sent. figurado:</small> &ensp; Compreender, saber, perceber &ensp; <small>Cíc. Sest. 22; Cíc. De Or. 1, 165.</small> <br> <b>7</b> &ensp; <small>A-Tr.-Sent. figurado:</small> &ensp; Cativar, encantar, seduzir &ensp; <small>Cíc. Br. 232; Cíc. Fin. 5, 48.</small> <br> <b>8</b> &ensp; <small>A-Tr.-Sent. figurado:</small> &ensp; Abrigar, sujeitar, prender &ensp; <small>Cíc. Phil. 5, 10; Cíc. At. 12, 18, 1.</small> <br> <b>9</b> &ensp; <small>B-Intr.:-Na língua militar:</small> &ensp; Manter uma posição &ensp; <small>Cés. B. Civ. 1, 44, 4.</small> <br> <b>10</b> &ensp; <small>B-Intr.:-Daí:</small> &ensp; Dirigir, chegar &ensp; <small>Verg. En. 1, 370; T. Lív. 1, 37, 4; Tác. Agr. 38.</small> <br> <b>11</b> &ensp; <small>B-Intr.:-Na língua náutica:</small> &ensp; Manter-se numa direção, singrar para &ensp; <small>T. Lív. 1, 1, 4.</small> <br> <b>12</b> &ensp; <small>B-Intr.:</small> &ensp; Durar, subsistir, persistir &ensp; <small>T. Lív. 23, 44, 6; Tit. Lív. 23, 12, 2.</small> </p>"
teneo,Faria,<b>tenŭī</b> <br> <small>perf. de tenĕo.</small> <br> <small></small>
tu,Faria,<b>tēte</b> <br> <small>acus. e abl. de tute.</small> <br> <small></small>
fero,Faria,<b>tetŭlī</b> <br> <small>perf. arcaico de fero com redobro = tuli Plaut. Men. 629.</small> <br> <small></small>
tu,Faria,<b>tibi</b> <br> <small>dat. de tu.</small> <br> <small></small>
tu,Faria,<b>tis</b> <br> <small>gen. arc. do pr. n. tu.</small> <br> <small></small>
totus,Faria,<b>tōtī</b> <br> <small>dat. de totus.</small> <br> <small></small>
totus,Faria,<b>tōtīus</b> <br> <small>ou</small> <b>tōtĭus</b> <br> <small>gen. de totus.</small> <br> <small></small>
tu,Faria,"<b>tū</b> <b>tuī, tibi, tē</b> <br> <small>pron. pess.</small> <br> <small>Pode vir reforçado: 1 por -te: tute Cíc. Rep. 1, 59, tete Cíc. Tusc. 2, 63 tutin? = tutene Plaut. Mil. 299; 2 por te e met tutimet Ter. Heaut. 374, tutemes Lucr. 1, 102. Genit. pl. arc. tis Plaut. Mil. 1.034.</small>   <p> <b>1</b> &ensp; <small></small> &ensp; Tu, te, ti &ensp; <small>Cíc. De Or. 2, 94.</small> </p>"
tu,Faria,<b>tuī</b> <br> <small>gen. de tu.</small> <br> <small></small>
fero,Faria,<b>tulī</b> <br> <small>perf. de fero.</small> <br> <small></small>
tum,Faria,"<b>tum</b> <br> <small>adv.</small> <br> <small>Obs.: Frequentemente é usado junto de outro advérbio de tempo para reforça-lo; muitas vezes o valor temporal de tum é nulo, sendo empregado na língua falada como simples partícula de insistência: tum ... cum Cíc. Div. 1, 118. ""quando"".</small>   <p> <b>1</b> &ensp; <small>I-Sent. próprio</small> &ensp; Então, naquele tempo &ensp; <small>Cíc. Rep. 2, 16:</small> <br> <b>2</b> &ensp; <small>II-Daí:</small> &ensp; Depois disso, depois &ensp; <small>Cés. B. Gal. 5, 26, 4.</small> <br> <b>3</b> &ensp; <small>II-Donde:</small> &ensp; Além disso, por outro lado &ensp; <small>Cés. B. Gal. 7, 56, 2.</small> </p>"
tu,Faria,"<b>tūte</b> <br> <small>pron. pess. forma de reforço, com a enclítica -te</small> <br> <small>v. tu.</small>   <p> <b>1</b> &ensp; <small></small> &ensp; Tu mesmo &ensp; <small>Cíc. Rep. 1, 59.</small> </p>"
tu,Faria,<b>tutemet</b> <br> <small>e</small> <b>tutimet</b> <br> <small></small> <br> <small>v. tu.</small>
tu,Faria,<b>tutin</b> <br> <small></small> <br> <small>v. tu.</small>
tuus,Faria,"<b>tuus</b> <b>-a</b> <b>-um</b> <br> <small>pron. possessivo</small> <br> <small></small>   <p> <b>1</b> &ensp; <small>I-Sent. próprio</small> &ensp; Teu, tua &ensp; <small>Plaut. Amph. 375.</small> <br> <b>2</b> &ensp; <small>II-Sent. particular</small> &ensp; Teu querido &ensp; <small>Cic. De Or. 1, 45.</small> <br> <b>3</b> &ensp; <small>III-Sents. diversos:-Tuī, -ōrum, m. pl.</small> &ensp; Os teus &ensp; <small>parentes, amigos, partidários Cíc. Fam. 13, 16, 3.</small> <br> <b>4</b> &ensp; <small>III-Sents. diversos:-Tuum, -ī e tua, -ōrum, n. sing. e pl.:</small> &ensp; os teus bens, a tua fortuna &ensp; <small>Cíc. Tull. 53.</small> <br> <b>5</b> &ensp; <small>III-Sents. diversos:</small> &ensp; <small></small> <br> <b>6</b> &ensp; <small>III-Loc.</small> &ensp; <small></small> </p>   <p><small>[EXEMPLOS]</small><br> <br><b>5</b><br>Tuum est mais inf.: cabe a ti ... Plaut. St. 718. <br> <br><b>6</b><br>tempore tuo, occasio tua, ‘ocasião oportuna para ti’ T. Lív. 22, 39, 21. </p>"
ubi,Faria,"<b>ubī</b> <br> <small>ou</small> <b>ubĭ</b> <br> <small></small> <br> <small>Obs.: Como adv. pode estar construído: com um antecedente de lugar, como ibi Cés.B. Gal 1, 13, 3; como substituto de um relativo em ablativo, precedido de in, ou em acusativo precedido de apud Cíc. De Or. 1, 243; com subj. Consecutivo Cíc. Quinct. 5; inicialmente Cíc. Leg. 1, 14 ou em interrogação direta Cíc. De Or. 2, 59 e indireta Cic. At. 9. 1, 2</small>   <p> <b>1</b> &ensp; <small>I-Adv. de lugar relativo-interrogativo:</small> &ensp; No lugar em que, onde &ensp; <small>Cíc. Phil. 2, 48</small> <br> <b>2</b> &ensp; <small>I-Adv. de lugar relativo-interrogativo:</small> &ensp; Onde? Em que lugar? &ensp; <small>interr. dir. ou indir. Cic. De Or. 2, 59. Cíc. At. 9, 1, 2.</small> <br> <b>3</b> &ensp; <small>II-Conj. sent. próprio:</small> &ensp; No momento em que, quando &ensp; <small>Cíc. Verr. 2, 61.</small> <br> <b>4</b> &ensp; <small>II-Conj. sent. próprio:</small> &ensp; Do momento em que, depois de &ensp; <small>com subj. Hor. O. 3, 6, 41.</small> </p>"
ullus,Faria,"<b>ūllae</b> <br> <small>dat. f. de ūllus Tib. 4, 6, 9.</small> <br> <small></small>"
ullus,Faria,"<b>ūllī</b> <br> <small>dat., v. ūllus.</small> <br> <small></small>"
ullus,Faria,"<b>ūllīus</b> <br> <small>gen., v. ūllus.</small> <br> <small></small>"
ullus,Faria,"<b>ūllus</b> <b>-a</b> <b>-um</b> <br> <small>pron.</small> <br> <small>Obs.: Geralmente é empregado em frases negativas, interrogativas ou condicionais. Gen. normalmente ullíus, mas em Catulo 4, 3: ullìus. Gen. ulli Plaut. Truc. 293. Dat. normalmente ullí, mas f. ullae Tib. 4, 6, 9.</small>   <p> <b>1</b> &ensp; <small></small> &ensp; Algum, alguma, alguém, alguma coisa, coisa alguma, ninguém, nada &ensp; <small>com uma negação Cíc. Br. 312; Cíc. Clu. 39; Cíc. Planc. 6.</small> </p>"
unus,Faria,"<b>ūnae</b> <br> <small>dat. f. de unus, Cíc. Tull. 36.</small> <br> <small></small>"
unus,Faria,<b>ūnīus</b> <br> <small>gen. de unus.</small> <br> <small></small>
unus,Faria,"<b>ūnus</b> <b>-a</b> <b>-um</b> <br> <small>adj. num.</small> <br> <small>Obs.: O gen. normal é únìus, mas únìus é frequente Verg. En. 1, 41. Gen. uni Catul. 17, 17. Dat.: unae Cíc. Tull. 36. Voe. une Catul. 37, 17.</small>   <p> <b>1</b> &ensp; <small>I-Sent. próprio</small> &ensp; Um, um só, único &ensp; <small>Cíc. Fam. 2, 7, 3.</small> <br> <b>2</b> &ensp; <small>II-Sents. diversos</small> &ensp; Um mesmo, o mesmo &ensp; <small>Cíc. Clu. 28.</small> <br> <b>3</b> &ensp; <small>II-Sents. diversos</small> &ensp; Um mais que todos os outros, o primeiro &ensp; <small>Verg. En. 1, 15.</small> <br> <b>4</b> &ensp; <small>II-Sents. diversos</small> &ensp; Um certo, certa pessoa &ensp; <small>Cíc. De Or. 1, 132.</small> </p>"
urbs,Faria,"<b>urbs</b> <b>urbis</b> <br> <small>subs. f.</small> <br> <small></small>   <p> <b>1</b> &ensp; <small>I-Sent. próprio</small> &ensp; Cidade &ensp; <small>em oposição a rus “campo”, e arx ‘a cidadela’ T. Lív. 9, 41, 16.</small> <br> <b>2</b> &ensp; <small>I-Daí</small> &ensp; Roma, a cidade por excelência &ensp; <small>Cés. B. Gal. 1, 7, 1.</small> <br> <b>3</b> &ensp; <small>II-Por extensão:</small> &ensp; Cidade, população de uma cidade, cidadãos &ensp; <small>Verg. En. 2, 265.</small> </p>"
ut2,Faria,"<b>ut</b> <br> <b>uti</b> <br> <small>adv. e conj. I. Adv.</small> <br> <small></small>   <p> <b>1</b> &ensp; <small></small> &ensp; Como, de que modo, de que maneira: &ensp; <small></small> <br> <b>2</b> &ensp; <small></small> &ensp; Assim como, como, do mesmo modo &ensp; <small>em correlação com sic, ou ita:</small> <br> <b>3</b> &ensp; <small></small> &ensp; Como, de que modo &ensp; <small>nas interrogações diretas ou indiretas, e nas exclamações:</small> <br> <b>4</b> &ensp; <small></small> &ensp; Que, oxalá &ensp; <small>com o subjuntivo optativo:</small> </p>   <p><small>[EXEMPLOS]</small><br> <br><b>1</b><br>Ciceronem et ut rogas, amo, et ut meretur, et ut debeo Cíc. Q. Fr. 3, 9, 9 “amo teu filho Cícero como me pedes, como ele merece e como devo”: Cíc. Ac. 2. 69: Cíc. Fin. 4, 51. <br> <br><b>2</b><br>ut optasti, ita est CÍc. Fam. 2, 10 “é assim como o desejaste”: Pomponium Atticum sic amo, ut alterum fratrem Cíc. Fam. 13,1 “gosto de Pompônio Ático assim como de um segundo irmão”. <br> <br><b>3</b><br>ut vales? Plaut. Most. 718 ‘como vais?’; videmusne, ut pueri aliquid scire se gaudeant? Cíc. Fin. 5, 48 ‘não vemos como as crianças gostam de saber alguma coisa?’ quae ut sustinuit! Cíc. Mil. 64 “como suportou estas coisas!”. <br> <br><b>4</b><br>ut te di deaeque perduint Ter. Heaut. 810 “que ou oxalá os deuses e as deusas causem a tua perda”. </p>"
ut,Faria,"<b>ut</b> <br> <b>uti</b> <br> <small>adv. e conj. II. Conj. subordinativa:</small> <br> <small></small>   <p> <b>1</b> &ensp; <small></small> &ensp; Que &ensp; <small>integrante:</small> <br> <b>2</b> &ensp; <small></small> &ensp; Que &ensp; <small>correlativa, ou consecutiva, construindo-se geralmente em correlação com um pronome ou advérbio da oração principal: is, talis, tantus, adeo, ita, sic, tam, tantum:</small> <br> <b>3</b> &ensp; <small></small> &ensp; Para que, a fim de que &ensp; <small>final:</small> <br> <b>4</b> &ensp; <small></small> &ensp; Quando, desde quando &ensp; <small>temporal:</small> <br> <b>5</b> &ensp; <small></small> &ensp; Como &ensp; <small>comparativa:</small> <br> <b>6</b> &ensp; <small></small> &ensp; Ainda que, embora &ensp; <small>concessiva:</small> <br> <b>7</b> &ensp; <small></small> &ensp; Porque, como &ensp; <small>causal:</small> </p>   <p><small>[EXEMPLOS]</small><br> <br><b>1</b><br>volo ut facias Plaut. Bac. 988a “quero que faças”; huic mandat ut ad se quam primum revertatur Cés. B. Gal. 4, 21, 2 ‘recomenda a este que volte o mais depressa possível’; Cíc. At. 13, 45, 1; Cíc. Nat. 2, 41; T. Lív. 2, 43, 11. <br> <br><b>2</b><br>ea celeritate atque eo impetu milites ierunt.... ut hostes impetum legionum atque equitum sustinere non possent Cés. B. Gal. 5, 18, 5 ‘Os soldados avançaram com tal rapidez e com tal impetuosidade... que os inimigos não puderam sustentar o embate das legiões e da cavalaria’; idque natura loci sic muniebatur ut magna ad ducendum bellum daret facultatem Cés. B. Gal. 1, 38, 4 “e a referida cidade era de tal maneira defendida pela natureza do terreno que havia uma grande possibilidade de prolongar a guerra”; Cés. B. Gal. 1, 39, 1; Cíc. Arch. 17. <br> <br><b>3</b><br>Dumnorigi custodes ponit ut, quae agat, quibuscum loquatur, scire possit Cés. B. Gal. 1, 20, 6 “César põe guardas para vigiar a Dunorige, para que possa saber o que ele faz e com quem fala”; Cíc. Verr. 4, 32. <br> <br><b>4</b><br>ut illos de republica libros edidisti Cíc. Br. 19 ‘desde quando publicaste aqueles levros sobre a república’. <br> <br><b>5</b><br>perge ut instituisti Cíc. De Or. 2, 124 “continua como começaste”. <br> <br><b>6</b><br>ut desint vires, tamen est laudanda voluntas Ov. P. 3, 4, 79 “embora faltem as forças, entretanto deve ser louvada a vontade. i. e., o espírito de determinação”. <br> <br><b>7</b><br>ego, ut contendere durum cum victore, sequor Hor. Sát. 1, 9, 42 “quanto a mim, como é difícil lutar com o vencedor, sigo”. </p>"
uolo,Faria,<b>velim</b> <br> <small>pres. do subj. de volo 2.</small> <br> <small></small>
uolo,Faria,<b>velle</b> <b>vellem</b> <br> <small>inf. pres. e imperf. do subj. de volo 2.</small> <br> <small></small>
uenio,Faria,<b>vēnī</b> <br> <small>perf. de venĭo.</small> <br> <small></small>
uenio,Faria,"<b>venĭō</b> <b>-īs</b> <b>-īre</b> <b>vēnī. ventum</b> <br> <small>v. intr.</small> <br> <small>Obs.: Imperf.: venibat Ter. Phorm. 652; gen. pl. do part. pres.: venientum Verg. En. 1, 434.</small>   <p> <b>1</b> &ensp; <small>I-Sent. próprio</small> &ensp; Vir, chegar &ensp; <small>Cíc. At. 5, 12, 1; Cic. Clu. 93; Plaut. Bae. 631; Cés. B. Gal. 7, 66, 2; Cíc. Mare. 25.</small> <br> <b>2</b> &ensp; <small>I-Daí:</small> &ensp; Vir sobre, avançar, chegar a, cair sobre &ensp; <small>Cíc. Of. 1, 113; Cés. B. Civ. 1, 17, 2.</small> <br> <b>3</b> &ensp; <small>I-Donde:</small> &ensp; Apresentar-se, mostrar-se &ensp; <small>Cíc. Fin. 1, 24.</small> <br> <b>4</b> &ensp; <small>II-Sent. figurado:</small> &ensp; Provir, nascer, crescer &ensp; <small>Quint. 2, 4, 4; Verg. G. 1, 54.</small> <br> <b>5</b> &ensp; <small>II-Sent. figurado:</small> &ensp; Incorrer em, cair em, suportar, sofrer &ensp; <small>Cés. B. Civ. 2, 32, 4; Cés. B. Gal. 3, 17, 5.</small> <br> <b>6</b> &ensp; <small>II-Sent. figurado:</small> &ensp; Impess.: Vir ao espírito, chegar-se a &ensp; <small>Cíc. Br. 139.</small> </p>"
uenio,Faria,<b>ventum est</b> <br> <small>impess. de venĭo:</small> <br> <small></small>   <p> <b>1</b> &ensp; <small></small> &ensp; «chegou-se». &ensp; <small></small> </p>
uerbum,Faria,"<b>verbum</b> <b>-ī</b> <br> <small>subs. n.</small> <br> <small></small>   <p> <b>1</b> &ensp; <small>I-Sent. próprio</small> &ensp; Palavra, termo &ensp; <small>Cíc. De Oro 2, 150.</small> <br> <b>2</b> &ensp; <small>I-No pl.</small> &ensp; Palavras, linguagem, conversa &ensp; <small>Cíc. Rep. 6, 9.</small> <br> <b>3</b> &ensp; <small>II-Sent. particular:</small> &ensp; Forma &ensp; <small>Cíc. Oro 77.</small> <br> <b>4</b> &ensp; <small>II-Sent. particular:</small> &ensp; Palavra em oposição a res, aparência &ensp; <small>Cíc. Verr. 3, 1.33.</small> <br> <b>5</b> &ensp; <small>III-Locuções:</small> &ensp; <small></small> <br> <b>6</b> &ensp; <small>III-Locuções:</small> &ensp; <small></small> </p>   <p><small>[EXEMPLOS]</small><br> <br><b>5</b><br>Ad verbum Cíc. Fin. 1, 4 ‘palavra por palavra’. <br> <br><b>6</b><br>Verbum pro verbo reddere Cíc. Opt. 14 «traduzir literalmente, isto é, palavra por palavra». </p>"
uester,Faria,"<b>vester</b> <b>-tra</b> <b>-trum</b> <br> <b>voster</b> <b>-tra</b> <b>-trum</b> <br> <small>pron. poss.</small> <br> <small>Obs.: Gen. pl.: vestrum = vestrorum Plaut. Mil. 174.</small>   <p> <b>1</b> &ensp; <small>I-Sent. próprio</small> &ensp; Vosso, vossa &ensp; <small>subjetivo e objetivo Cíc. Rep. 6, 14; T. Lív. 30, 44, 7.</small> <br> <b>2</b> &ensp; <small>II-Sent. figurado</small> &ensp; O vosso senhor &ensp; <small>Plaut. St. 664.</small> <br> <b>3</b> &ensp; <small>II-Como neutro:</small> &ensp; Vossa maneira de ser &ensp; <small>Ter. Eun. 1.066.</small> <br> <b>4</b> &ensp; <small>II-Como neutro:</small> &ensp; Vossos bens, vossos haveres &ensp; <small>T. Lív. 6, 15, 10.</small> <br> <b>5</b> &ensp; <small>II-Como masc. pl.:</small> &ensp; Os vossos, vossos amigos, vosso século &ensp; <small>Cíc. Nat. 3, 35.</small> <br> <b>6</b> &ensp; <small>II-Como neutro pl.:</small> &ensp; Vossas obras, vossas teorias &ensp; <small>Cíc. Nat. 2, 73.</small> </p>"
uos,Faria,<b>vestrī</b> <br> <small>gen. de vōs.</small> <br> <small></small>
uos,Faria,<b>vestrum</b> <br> <b>vostrum</b> <br> <small>gen. de vōs.</small> <br> <small></small>
uinco,Faria,<b>vīcī</b> <br> <small>perf. de vinco.</small> <br> <small></small>
uideo,Faria,"<b>viden</b> <br> <small>= vidēsne, pres. do ind. de vidĕo.</small> <br> <small></small>   <p> <b>1</b> &ensp; <small></small> &ensp; Vês? Vês por acaso? &ensp; <small>Cíc. Fam. 9, 22, 3; Ter. Eun. 241.</small> </p>"
uideo,Faria,"<b>vidĕō</b> <b>-ēs</b> <b>-ēre</b> <b>vīdī, vīsum</b> <br> <small>v. tr. e intr.</small> <br> <small>Obs.: Constrói-se com acus.; como intr. absoluto; com ut ou ne com subj.; com ut e ind ou subj.; com acus. e inf.</small>   <p> <b>1</b> &ensp; <small>I-Sent. próprio</small> &ensp; Ver &ensp; <small>Cíc. Of. 1, 105; Cíc. Phil. 2, 63; Cíc. Verr. 4, 146; Cíc. Planc. 29; Cíc. Mil. 77.</small> <br> <b>2</b> &ensp; <small>I-Daí:</small> &ensp; Olhar, ir ver &ensp; <small>Cíc. Phil. 1, 9.</small> <br> <b>3</b> &ensp; <small>II-Por extensão:</small> &ensp; Perceber &ensp; <small>Cíc. At. 2, 2, 2; Cíc. Br. 1; Cíc. De Or. 1, 116.</small> <br> <b>4</b> &ensp; <small>III-Sent. figurado:</small> &ensp; Compreender, examinar, observar &ensp; <small>Cíc. Ac. 2, 40.</small> <br> <b>5</b> &ensp; <small>III-Daí:</small> &ensp; Verificar, encontrar &ensp; <small>Cíc. Tusc. 3, 59.</small> <br> <b>6</b> &ensp; <small>III-Daí:</small> &ensp; Ocupar-se de &ensp; <small>Cíc. At. 5, 1, 3.</small> <br> <b>7</b> &ensp; <small>III-Daí:</small> &ensp; Ver, presenciar, ter testemunha &ensp; <small>Cíc. At. 16, 11, 1.</small> <br> <b>8</b> &ensp; <small>III-Daí:</small> &ensp; Evitar &ensp; <small>Cíc. Of. 1, 42.</small> </p>"
uideo,Faria,"<b>vidĕsīs</b> <br> <small>imperat.</small> <br> <small></small>   <p> <b>1</b> &ensp; <small></small> &ensp; Vê lá, toma cuidado &ensp; <small>Plaut. PS. 153.</small> </p>"
uideo,Faria,<b>vīdī</b> <br> <small>perf. de vidĕo.</small> <br> <small></small>
uolo,Faria,"<b>vin</b> <br> <small>= visne?</small> <br> <small></small>   <p> <b>1</b> &ensp; <small></small> &ensp; Queres ou não? &ensp; <small>Hor. Sat. 1, 9, 69.</small> </p>"
uinco,Faria,"<b>vincō</b> <b>-is</b> <b>-ĕre</b> <b>vīcī, victum</b> <br> <small>v. tr. e intr.</small> <br> <small></small>   <p> <b>1</b> &ensp; <small>I-Sent. próprio</small> &ensp; Ser vencedor, vencer &ensp; <small>sents. físico e moral Cés. B. Gal. 1, 36, 1; Cés. B. Gal. 1, 34, 4; Cíc. Of. 1, 68; Cíc. Verr. 1, 139.</small> <br> <b>2</b> &ensp; <small>I-Daí</small> &ensp; Ganhar no jogo &ensp; <small>Suet. Aug. 71.</small> <br> <b>3</b> &ensp; <small>II-Sent figurado:</small> &ensp; Triunfar de, triunfar, superar &ensp; <small>Verg. En. 1, 127; Cíc. Amer. 73.</small> <br> <b>4</b> &ensp; <small>II-Sent figurado:</small> &ensp; Convencer, demonstrar, provar &ensp; <small>Cíc. Clu. 124; Plaut. Amph. 433; Hor. Sát. 1, 3, 115.</small> </p>"
uir,Faria,"<b>vir</b> <b>virī</b> <br> <small>subs. m.</small> <br> <small>Obs.: O gen. pl. virum é frequente em poesia Catul. 68, 90; Verg. G. 2, 142.</small>   <p> <b>1</b> &ensp; <small>I-Sent. próprio</small> &ensp; Homem &ensp; <small>em oposição a mulier ou femina Ter. Phorm. 791.</small> <br> <b>2</b> &ensp; <small>I-Sent. próprio</small> &ensp; Homem indicando as qualidades másculas do homem, virilidade &ensp; <small>Cíc. Br. 293.</small> <br> <b>3</b> &ensp; <small>II-Daí:</small> &ensp; Marido, esposo &ensp; <small>Cic. Tusc. 3, 31.</small> <br> <b>4</b> &ensp; <small>II-Daí:</small> &ensp; O macho &ensp; <small>falando dos animais Verg. Bue. 7, 7.</small> <br> <b>5</b> &ensp; <small>II-Daí:</small> &ensp; Homem feito &ensp; <small>em oposição a puer Cíc. Tusc. 2, 34.</small> <br> <b>6</b> &ensp; <small>II-Daí:</small> &ensp; Soldado, soldado de infantaria &ensp; <small>T. Lív. 38, 17, 8.</small> <br> <b>7</b> &ensp; <small>II-Daí:</small> &ensp; Indivíduo, pessoa, cabeça &ensp; <small>Plaut. Aul. 108.</small> <br> <b>8</b> &ensp; <small>II-Daí:</small> &ensp; Personagem, varão, homem ilustre &ensp; <small>Cíc. C. M. 77.</small> <br> <b>9</b> &ensp; <small>II-Daí:</small> &ensp; Os homens, a humanidade &ensp; <small>no plural Ov. Met. 1, 286.</small> </p>"
uis,Faria,<b>vīrēs</b> <b>-ĭum</b> <br> <small>pl. de vis.</small> <br> <small></small>
uirtus,Faria,"<b>virtūs</b> <b>-tūtis</b> <br> <small>subs. f.</small> <br> <small></small>   <p> <b>1</b> &ensp; <small>I-Sent. etimológico</small> &ensp; Força própria do vir, vigor &ensp; <small>Verg. En. 2 390.</small> <br> <b>2</b> &ensp; <small>II-Sent. próprio</small> &ensp; Valor, coragem &ensp; <small>Cés. B. Gal. 1, 1, 4.</small> <br> <b>3</b> &ensp; <small>II-Sent. próprio</small> &ensp; Energia, qualidades viris, vigor, mérito &ensp; <small>Cíc. Phil. 5, 1.</small> <br> <b>4</b> &ensp; <small>III-Sent moral:</small> &ensp; Virtude amor e prática do bem, mérito &ensp; <small>Cíc. Fin. 5, 38.</small> <br> <b>5</b> &ensp; <small>III-Daí:</small> &ensp; O mérito, o valor de alguma coisa ou alguém, as qualidades &ensp; <small>Cíc. Verr. 5, 181.</small> <br> <b>6</b> &ensp; <small>III-Daí:</small> &ensp; Virtude, perfeição moral &ensp; <small>Cíc. Lae. 20.</small> <br> <b>7</b> &ensp; <small>III-Daí:</small> &ensp; A Virtude &ensp; <small>deusa dos Romanos Cíc. Nat. 2. 61.</small> <br> <b>8</b> &ensp; <small>IV-Sent figurado:</small> &ensp; Mérito, valor &ensp; <small>Cíc. Leg. 1, 45.</small> </p>"
uita,Faria,"<b>vīta</b> <b>-ae</b> <br> <small>subs. f.</small> <br> <small></small>   <p> <b>1</b> &ensp; <small>I-Sent. próprio</small> &ensp; Vida &ensp; <small>em oposição a mors Tác. An. 2, 88.</small> <br> <b>2</b> &ensp; <small>II-Sent figurado</small> &ensp; Maneira de viver, subsistência, recursos &ensp; <small>Plaut. Trin. 477.</small> <br> <b>3</b> &ensp; <small>II-Sent figurado</small> &ensp; A vida, realidade &ensp; <small>Cíc. Tusc. 4, 45.</small> <br> <b>4</b> &ensp; <small>II-Sent figurado</small> &ensp; Pessoa querida, objeto querido &ensp; <small>Cíc. Fam. 14, 2, 3.</small> <br> <b>5</b> &ensp; <small>II-Sent figurado</small> &ensp; A vida, a humanidade &ensp; <small>Tib. 2, 1, 37.</small> <br> <b>6</b> &ensp; <small>II-Sent figurado</small> &ensp; Modo de vida, condição, estado, vida &ensp; <small>Cíc. Amer. 48.</small> <br> <b>7</b> &ensp; <small>II-Sent figurado</small> &ensp; Vida, biografia, história &ensp; <small>C. Nep. pref. 8.</small> <br> <b>8</b> &ensp; <small>II-Sent figurado</small> &ensp; Almas, sombras &ensp; <small>dos mortos Verg. En. 6, 292.</small> </p>"
uiuo,Faria,"<b>vīvō</b> <b>-is</b> <b>-ĕre</b> <b>vīxī, vīctum</b> <br> <small>v. intr.</small> <br> <small></small>   <p> <b>1</b> &ensp; <small>I-Sent. próprio</small> &ensp; Viver, ter vida, existir &ensp; <small>Cíc. Sest. 108; Cíc. C. M. 24; Cíc. Of. 3, 8; Cíc. Verr. 2, 118; Cíc. Cat. 1, 2.</small> <br> <b>2</b> &ensp; <small>II-Daí</small> &ensp; Passar a vida, morar, residir &ensp; <small>Cíc. Amer. 39.</small> <br> <b>3</b> &ensp; <small>II-Donde:</small> &ensp; Viver de, alimentar-se de &ensp; <small>Cés. B. Gal. 4, 1,8; T. Lív. 27, 12, 5; Plaut. Mil. 706.</small> <br> <b>4</b> &ensp; <small>II-Donde:</small> &ensp; Viver, durar, subsistir, conservar-se &ensp; <small>Cíc. Lae. 102; Verg. En. 4, 67.</small> <br> <b>5</b> &ensp; <small>II-Loc.:</small> &ensp; <small></small> <br> <b>6</b> &ensp; <small>II-Loc.:</small> &ensp; <small></small> <br> <b>7</b> &ensp; <small>II-Loc.:</small> &ensp; <small></small> <br> <b>8</b> &ensp; <small>II-Loc.:</small> &ensp; <small></small> <br> <b>9</b> &ensp; <small>II-Loc.:</small> &ensp; <small></small> <br> <b>10</b> &ensp; <small>II-Loc.:</small> &ensp; <small></small> </p>   <p><small>[EXEMPLOS]</small><br> <br><b>5</b><br>Ita vivam Cíc. Fam. 2, 13, 3 «pela minha vida»; <br> <br><b>6</b><br>Ne vivam, si scio Cíc. At. 4, 16, 8 «morto seja eu, se sei»; <br> <br><b>7</b><br>Si vivo Plaut. Aul. 555 ‘se eu viver’ i. e., ‘se os deuses me derem vida’; <br> <br><b>8</b><br>Vive valeque Hor. Sát. 2, 5, 110 ‘goza a vida e passa bem’; <br> <br><b>9</b><br>Vivite, silvae Verg. Buc. 8, 58 «adeus, florestas»; <br> <br><b>10</b><br>Vixit plaut. Most. 1.002 ‘viveu’ i. e., ‘seus dias estão terminados’. </p>"
uiuo,Faria,"<b>vīxet</b> <br> <small>= vīxīsset, mais-que-perfeito do subj. de vīvo Verg. En. 11, 118.</small> <br> <small></small>"
uiuo,Faria,<b>vīxī</b> <br> <small>perf. de vivēsco e de vīvo.</small> <br> <small></small>
uos,Faria,<b>vōbis</b> <br> <small>dat. abl. de vōs.</small> <br> <small></small>
uos,Faria,<b>vōbīscum</b> <br> <small></small> <br> <small>v. vós.</small>   <p> <b>1</b> &ensp; <small></small> &ensp; Convosco. &ensp; <small></small> </p>
uox,Faria,<b>vōcis</b> <br> <small>gen. de vōx.</small> <br> <small></small>
uoco,Faria,"<b>vocō</b> <b>-ās</b> <b>-āre</b> <b>-āvī, -ātum</b> <br> <small>v. tr.</small> <br> <small></small>   <p> <b>1</b> &ensp; <small>I-Sent. próprio</small> &ensp; Chamar, mandar vir &ensp; <small>Cés. B. Gal. 1, 20. 6; Verg. En. 7. 614.</small> <br> <b>2</b> &ensp; <small>I-Daí:</small> &ensp; Convocar &ensp; <small>T. Lív. 23. 32,3; Cíc. Ac. 2. 144.</small> <br> <b>3</b> &ensp; <small>I-Donde:</small> &ensp; Nomear, pronunciar o nome de alguém, designar &ensp; <small>Cíc. Leg. 1, 22; Cíc. Val. 29; Verg. En. 6, 247; Verg. G: 1. 157.</small> <br> <b>4</b> &ensp; <small>II-Sent. figurado:</small> &ensp; Convidar &ensp; <small>Cic. Mur. 72; Cíc. Mur. 71.</small> <br> <b>5</b> &ensp; <small>II-Donde:</small> &ensp; Exortar, incitar &ensp; <small>Cíc. At. 3. 15. 6.</small> <br> <b>6</b> &ensp; <small>II-Na língua jurídica:</small> &ensp; Intimar, citar, fazer vir, processar &ensp; <small>Cíc. Quinct. 61; Cíc. Verr. 2, 34.</small> <br> <b>7</b> &ensp; <small>II-Na língua militar:</small> &ensp; Provocar &ensp; <small>Cés. B. Gal. 5. 43. 6; Tác. Germ. 14.</small> <br> <b>8</b> &ensp; <small>II-Na língua militar:</small> &ensp; Causar, suscitar &ensp; <small>Cíc. At. 3, 7. 2; Cíc. Verr. 5. 10.</small> <br> <b>9</b> &ensp; <small>II-Na língua militar:</small> &ensp; Destinar a, levar a &ensp; <small>Cíc. Cal. 1. 12.</small> </p>"
uolo,Faria,"<b>volt</b> <br> <small>= vult, 3ª pess. sing. do ind. pres. de volo 2 Cíc. Rep. 3. 45.</small> <br> <small></small>"
uolo,Faria,<b>volŭī</b> <br> <small>perf. de volo 2.</small> <br> <small></small>
uos,Faria,"<b>vōs</b> <b>vēstrī e vēstrūm, vōbīs</b> <br> <small>pron. pess.</small> <br> <small></small>   <p> <b>1</b> &ensp; <small></small> &ensp; Vós &ensp; <small>Cíc. Phil. 4. 4.</small> <br> <b>2</b> &ensp; <small>Vobiscum Cíc. Rep., 1, 70</small> &ensp; “convosco”. &ensp; <small></small> </p>"
uos,Faria,<b>vōsmet</b> <br> <small>pron. pess. forma reforçada de vos</small> <br> <small></small>   <p> <b>1</b> &ensp; <small></small> &ensp; Vós mesmos &ensp; <small>Cíc. Cael. 43.</small> </p>
uos,Faria,<b>vōspte</b> <br> <small>= vōsmet.</small> <br> <small></small>
uester,Faria,<b>voster</b> <br> <small></small> <br> <small>v. vester.</small>
uox,Faria,"<b>vōx</b> <b>vōcis</b> <br> <small>subs. f.</small> <br> <small></small>   <p> <b>1</b> &ensp; <small>I-Sent. próprio</small> &ensp; Voz &ensp; <small>Cíc. C. M. 14.</small> <br> <b>2</b> &ensp; <small>I-No pl.</small> &ensp; Sons emitidos pela voz, notas, tons, sons articulados, palavras, ditos, opiniões &ensp; <small>Cés. B. Gal. 1, 39, 1.</small> <br> <b>3</b> &ensp; <small>I-Daí, no sing.:</small> &ensp; Palavra, linguagem, palavra, termo, vocábulo &ensp; <small>Cíc. Lae. 37.</small> <br> <b>4</b> &ensp; <small>II-Sents. diversos:</small> &ensp; Voz modificada pelo canto, canto, voz dos animais, som dos instrumentos, ruído, murmúrio &ensp; <small>Cíc. De Or. 3, 1, 97.</small> <br> <b>5</b> &ensp; <small>III-Sent. figurado:</small> &ensp; Voz &ensp; <small>Cíc. Scaur. 16.</small> <br> <b>6</b> &ensp; <small>III-Sent. figurado:</small> &ensp; Palavra = língua, linguagem &ensp; <small>Hor. O. 1, 10, 3.</small> </p>"
uolo,Faria,<b>vult</b> <br> <b>volt</b> <br> <small>3ª pess. sing. do ind. pres. de volo 2.</small> <br> <small></small>
uolo,Faria,<b>vultis</b> <br> <small>2ª pess. pl. do ind. pres. de volo 2.</small> <br> <small></small>
qui,Faria,<small>1</small> <b>cūjus</b> <br> <small>gen. de qui e quis.</small> <br> <small></small>
cum2,Faria,"<small>1</small> <b>cum</b> <br> <small>prep. abl.</small> <br> <small></small>   <p> <b>1</b> &ensp; <small></small> &ensp; Com, em companhia de, juntamente com &ensp; <small>ideia de companhia Cíc. At. 8, 2, 3.</small> <br> <b>2</b> &ensp; <small></small> &ensp; Com, logo que &ensp; <small>indicando simultaneidade no tempo:</small> <br> <b>3</b> &ensp; <small></small> &ensp; Com &ensp; <small>ideia de modo ou maneira de ser, qualificado:</small> <br> <b>4</b> &ensp; <small></small> &ensp; Com &ensp; <small>ideia de instrumento:</small> </p>   <p><small>[EXEMPLOS]</small><br> <br><b>2</b><br>cum prima luce Cíc. At. 4, 3, 4 “ao raiar do dia, logo que amanhece”: exit cum nuntio Cés. B. Gal. 5, 46, 3 «sai logo que recebe a notícia”. <br> <br><b>3</b><br>magno cum lucto Cíc. Verr. 4, 76 “com grande dor”. <br> <br><b>4</b><br>cum lingua lingere Catul. 98, 3 “lamber com a língua”. </p>"
do,Faria,<small>1</small> <b>dĕdi</b> <br> <small>perf. de dō.</small> <br> <small></small>
dies,Faria,"<small>1</small> <b>diēs</b> <b>-ēī</b> <br> <small>subs. m. e f. no pl. quase sempre m.</small> <br> <small>Obs.: o gênero masculino, que é muito mais frequente no pl., também predomina no sing. Gen. arc. dies Lucr. 4, 1.083; dii Verg. En. 1,636; Cíc. Rosc. 131; die Verg. G. 1, 208. Dat. die A. Gel. 9,14,21.</small>   <p> <b>1</b> &ensp; <small>I-Sent. próprio</small> &ensp; Dia em oposição à noite, espaço de tempo desde o nascer atá ao pôr do sol &ensp; <small>T. Lív. 22, 1,20; Ov. Met. 13, 677.</small> <br> <b>2</b> &ensp; <small>I-Sent. próprio</small> &ensp; Dia &ensp; <small>espaço de 24 horas. de meia-noite a meia-noite Cés. B. Gal. 1, 16,4.</small> <br> <b>3</b> &ensp; <small>II-Daí:</small> &ensp; Dia unidade de tempo, ocasião, data fixada &ensp; <small>Cés. B. Gal. 1, 42, 3.</small> <br> <b>4</b> &ensp; <small>II-Daí:</small> &ensp; Duração, sucessão do tempo, tempo, demora &ensp; <small>Cés. B. Gal. 1, 7, 6.</small> <br> <b>5</b> &ensp; <small>II-Daí:</small> &ensp; Dia &ensp; <small>do nascimento, morte, etc. Cíc. At. 13, 42, 2.</small> <br> <b>6</b> &ensp; <small>II-Daí:</small> &ensp; Dia de caminho, jornada &ensp; <small>T. Lív. 38, 59, 6.</small> <br> <b>7</b> &ensp; <small>II-Daí:</small> &ensp; Dia, acontecimento memorável &ensp; <small>Cíc. Fam. 1,2,3.</small> <br> <b>8</b> &ensp; <small>II-Daí:</small> &ensp; Luz do dia, dia &ensp; <small>Plín. H. N at. 33, 70.</small> <br> <b>9</b> &ensp; <small>II-Daí:</small> &ensp; Clima, temperatura, ar, céu &ensp; <small>Plín. H. Nat. 2, 115.</small> </p>"
deus,Faria,<small>1</small> <b>Diī</b> <b>deōrum</b> <br> <small>pl. de deus.</small> <br> <small></small>
dies,Faria,"<small>1</small> <b>dĭū</b> <br> <small>antigo locat. de dies.</small> <br> <small>Obs.: Usado unicamente na expressão noctu diuque e em interdiu. Só apareee nos escritores arcaicos ou arcaizantes.</small>   <p> <b>1</b> &ensp; <small></small> &ensp; Durante o dia &ensp; <small>Sal. B. Jug. 38, 3.</small> </p>"
is,Faria,<small>1</small> <b>eă</b> <br> <small>nom. sing. f. e pI. n. de is.</small> <br> <small></small>
is,Faria,<small>1</small> <b>eam</b> <br> <small>acus. f. de is.</small> <br> <small></small>
ago,Faria,<small>1</small> <b>ēgĕro</b> <b>-is</b> <br> <small>fut. perf. de ago.</small> <br> <small></small>
ergo,Faria,"<small>1</small> <b>ergō</b> <br> <small>conj.</small> <br> <small>Obs.: Quanto à quantidade, observe-se que por vezes apareee com -ò a partir de Ovídio Ov. Tr. 1. 1.87; Juv. 13.204.</small>   <p> <b>1</b> &ensp; <small></small> &ensp; Portanto, por conseguinte, pois logo &ensp; <small>Cíc. Fin. 2, 97.</small> </p>"
sum,Faria,<small>1</small> <b>Ĕs</b> <br> <small>2ª pess. do ind. Pres. ou do imper. de sum.</small> <br> <small></small>
et,Faria,"<small>1</small> <b>et</b> <br> <small>conj.</small> <br> <small>Obs.: A conj. et pode repetir-se uma ou mais vezes para indicar uma conexão especial entre os termos ou frases que une.</small>   <p> <b>1</b> &ensp; <small>I-Sent. próprio</small> &ensp; E &ensp; <small>Cíc. Of. 2, 57.</small> <br> <b>2</b> &ensp; <small>II-Daí</small> &ensp; E também, e além disso, e até &ensp; <small>Cíc. Verr. 5, 121.</small> <br> <b>3</b> &ensp; <small>II-Com valor temporal:</small> &ensp; E então, e depois &ensp; <small>Verg. En. 6. 498.</small> </p>"
fides,Faria,"<small>1</small> <b>Fidēs</b> <b>-ēī -ĕī</b> <br> <small>subs. f.</small> <br> <small></small>   <p> <b>1</b> &ensp; <small></small> &ensp; A boa-fé &ensp; <small>Cíc. Of. 3. 104.</small> <br> <b>2</b> &ensp; <small></small> &ensp; A constelação da Lira &ensp; <small>Varr. R. Rust. 2. 5, 12.</small> </p>"
is,Faria,<small>1</small> <b>ĭī</b> <br> <small>nom. pl. m. de is.</small> <br> <small></small>
ille,Faria,"<small>1</small> <b>illic</b> <b>illaec, illuc</b> <br> <small>formas arcaicas = ille, illa, illud Plaut. Mil. 657.</small> <br> <small></small>"
in,Faria,"<small>1</small> <b>in</b> <br> <small>prep. e prevérbio</small> <br> <small></small>   <p> <b>1</b> &ensp; <small>I-Com acus. indicando resultado de um movimento. Sent. próprio e figurado:-Sent. local:</small> &ensp; Em: &ensp; <small></small> <br> <b>2</b> &ensp; <small>I-Com acus. indicando resultado de um movimento. Sent. próprio e figurado:-Sent. local:</small> &ensp; Do lado de &ensp; <small>indicando direção:</small> <br> <b>3</b> &ensp; <small>I-Com acus. indicando resultado de um movimento. Sent. próprio e figurado:-Sent. temporal:</small> &ensp; Até, para &ensp; <small>Hor. Ep. I, 18, 34: Cíc. Fam. 5, 15, 1.</small> <br> <b>4</b> &ensp; <small>I-Com acus. indicando resultado de um movimento. Sent. próprio e figurado:-Em expressões:</small> &ensp; <small></small> <br> <b>5</b> &ensp; <small>I-Com acus. indicando resultado de um movimento. Sent. próprio e figurado:-Sents. diversos:</small> &ensp; Em &ensp; <small>indicando dimensão:</small> <br> <b>6</b> &ensp; <small>I-Com acus. indicando resultado de um movimento. Sent. próprio e figurado:-Sents. diversos:</small> &ensp; Para, por &ensp; <small>sent. distributivo:</small> <br> <b>7</b> &ensp; <small>I-Com acus. indicando resultado de um movimento. Sent. próprio e figurado:-Sents. diversos:</small> &ensp; Para, a fim de, em vista de: &ensp; <small></small> <br> <b>8</b> &ensp; <small>I-Com acus. indicando resultado de um movimento. Sent. próprio e figurado:-Sents. diversos:</small> &ensp; Conforme, segundo, à maneira de: &ensp; <small></small> <br> <b>9</b> &ensp; <small>I-Com acus. indicando resultado de um movimento. Sent. próprio e figurado:-Sents. diversos:</small> &ensp; Por, a favor de ou contra: &ensp; <small></small> <br> <b>10</b> &ensp; <small>II-Com abl. sem movimento. Sent. próprio e figurado:-Sent. local:</small> &ensp; Em, dentro de, sobre: &ensp; <small></small> <br> <b>11</b> &ensp; <small>II-Com abl. sem movimento. Sent. próprio e figurado:-Sent. local:</small> &ensp; Em, com: &ensp; <small></small> <br> <b>12</b> &ensp; <small>II-Com abl. sem movimento. Sent. próprio e figurado:-Sent. local:</small> &ensp; Em, em tal obra ou autor: &ensp; <small></small> <br> <b>13</b> &ensp; <small>II-Com abl. sem movimento. Sent. próprio e figurado:-Sent. temporal:</small> &ensp; Em, por: &ensp; <small></small> <br> <b>14</b> &ensp; <small>II-Com abl. sem movimento. Sent. próprio e figurado:-Sent. temporal:</small> &ensp; Durante: &ensp; <small></small> <br> <b>15</b> &ensp; <small>II-Com abl. sem movimento. Sent. próprio e figurado:-Sents. diversos:</small> &ensp; No meio de: &ensp; <small></small> <br> <b>16</b> &ensp; <small>II-Com abl. sem movimento. Sent. próprio e figurado:-Sents. diversos:</small> &ensp; A propósito de, quando se trata de, a respeito de: &ensp; <small></small> <br> <b>17</b> &ensp; <small>II-Com abl. sem movimento. Sent. próprio e figurado:-Sents. diversos:</small> &ensp; Apesar de, dado que: &ensp; <small></small> <br> <b>18</b> &ensp; <small>II-Com abl. sem movimento. Sent. próprio e figurado:-Sents. diversos:</small> &ensp; Entre, no meio de: &ensp; <small></small> </p>   <p><small>[EXEMPLOS]</small><br> <br><b>1</b><br>in partum accedere Cíc. Verr. 5, 138 “penetrar no porto”. <br> <br><b>2</b><br>in meridiem Tác. Agr. 10 “do lado do meio-dia”. <br> <br><b>4</b><br>in praesens, in posterum, in futurum Cíc. Cat. I, 22; T. Lív. 34, 27, 10 “no presente, para o futuro”: in dies T. Lív. 22, 39, 15 “cada dia, dia a dia”; in annos singulos Cés. B. Gal. 5, 22,4 “cada ano”. <br> <br><b>5</b><br>in agrum Hor. Sát. I, 8, 12 “no sentido do campo” i. e., em profundidade. <br> <br><b>6</b><br>in militem T. Lív. 22, 23, 6 “por soldado”. <br> <br><b>7</b><br>venire in funus Cíc. At. 16, IB, 1 “vir para os funerais”. <br> <br><b>8</b><br>servilem in modum Cíc. Verr. pr. 13 “à maneira dos escravos” . <br> <br><b>9</b><br>carmen in aliquem scribere Cíc. De qr. 2, 352 “compor um poema a favor de alguém”; oratio, quam in Ctesiphontem contra Demosthenem dixerat Cíc. De Or. 3, 213 “o discurso que ele pronunciava contra Ctesifonte, visando Demóstenes”. <br> <br><b>10</b><br>in senatu litteras recitare Cíc. Fam. 3, 3,2 “fazer a leitura de uma carta no senado”. <br> <br><b>11</b><br>in veste candida T. Lív. 45, 20, 5 «com uma veste branca» . <br> <br><b>12</b><br>in Thucydide Cíc. Oro 234 “na obra de Tucídides”. <br> <br><b>13</b><br>bis in die Cíc. Tusc. 5, 100 “duas vezes por dia”. <br> <br><b>14</b><br>in cosulatu Cés. B. Gal. I, 35, 2 “durante o consulado” <br> <br><b>15</b><br>in summo timore omnium advolavit Cíc. Clu. 25: “ele acorreu no meio da consternação geral”. <br> <br><b>16</b><br>in hoc ipso Cotta Cíc. Br. 137 “a propósito precisamente desse Cota». <br> <br><b>17</b><br>in tanta multitudine dediticiorum suam fugam occultari posse existimabant Cés. B. Gal. 1, 27, 4. “eles pensavam que, dada esta afluência enorme de pessoas que se rendiam, poderia passar despercebida a sua fuga”. <br> <br><b>18</b><br>in mediocribus oratoribus habitus Cíc. Br. 100 “tido no meio dos oradores medianos”. </p>"
inquam,Faria,"<small>1</small> <b>inquĭēs</b> <br> <small>2ª pess, sing, fut. de inquam Cíc.Or. 101.</small> <br> <small></small>"
iste,Faria,<small>1</small> <b>isti</b> <br> <small>dat. de iste.</small> <br> <small></small>
iste,Faria,"<small>1</small> <b>istic</b> <b>istaec, istoc ou istuc</b> <br> <small>= iste:</small> <br> <small></small>   <p> <b>1</b> &ensp; <small>pl. n.: istaec Cíc. AI. 12, 18a, 2</small> &ensp; “as coisas que dizes”. &ensp; <small></small> </p>"
iste,Faria,<small>1</small> <b>isticĭne</b> <b>istaecĭne</b> <br> <small>pron. interrog.</small> <br> <small></small>   <p> <b>1</b> &ensp; <small></small> &ensp; Porventura esse? porventura essa? &ensp; <small>Plaut. PS. 81.</small> </p>
itaque,Faria,"<small>1</small> <b>ităque</b> <br> <small>adv.</small> <br> <small></small>   <p> <b>1</b> &ensp; <small></small> &ensp; E assim, desta maneira &ensp; <small>Cíc. Fin. 1, 34.</small> </p>"
ius,Faria,"<small>1</small> <b>jūs</b> <b>jūris iūris</b> <br> <b>iūs</b> <b>jūris iūris</b> <br> <small>subs. n.</small> <br> <small></small>   <p> <b>1</b> &ensp; <small>I-Sent. próprio</small> &ensp; Títulos que estabelecem o direito, justiça, direito &ensp; <small>Cíc. Tusc. 1. 64.</small> <br> <b>2</b> &ensp; <small>II-Daí</small> &ensp; Direito escrito, leis, legislação: &ensp; <small></small> <br> <b>3</b> &ensp; <small>II-Daí</small> &ensp; Lugar onde se ministra a justiça: &ensp; <small></small> <br> <b>4</b> &ensp; <small>II-Daí</small> &ensp; Direito &ensp; <small>em relação às pessoas ou às coisas:</small> <br> <b>5</b> &ensp; <small>II-Daí</small> &ensp; Direito &ensp; <small>sent. genérico:</small> <br> <b>6</b> &ensp; <small>II-Daí</small> &ensp; Direito sobre alguém ou alguma coisa, poder, autoridade: &ensp; <small></small> </p>   <p><small>[EXEMPLOS]</small><br> <br><b>2</b><br>jus civile Cíc. Top. 10 «direito civil»: T. Lív. 23. 10. 2. <br> <br><b>3</b><br>ad praetorem in jus adire Cíc. Verr. 4, 147 “apresentar-se à justiça ao tribunal, diante do pretoi”. <br> <br><b>4</b><br>jus suum recuperare Cíc. Caec. 8 «recuperar os seus direitos». <br> <br><b>5</b><br>jus societatis humanae Cíc. Of. 1. 60 «os direitos da sociedade humana». <br> <br><b>6</b><br>jus patrium T. Lív. I. 26. 9 «autoridade paterna». </p>"
licet,Faria,"<small>1</small> <b>licet</b> <b>-ĕre</b> <b>licŭit ou licĭtum est</b> <br> <small>v. intr. e impess.</small> <br> <small>Obs.: Constrói-se com inf.. com subj .. ou com inf. passivo.</small>   <p> <b>1</b> &ensp; <small></small> &ensp; Ser permitido, poder, ter o direito &ensp; <small>Cíc. Verr. 1, 188; C íc. Amero 127: Cés. B. Civ. 3. 27, I: Cíc. Balb. 29.</small> </p>"
magnus,Faria,"<small>1</small> <b>magnus</b> <b>-a</b> <b>-um</b> <br> <small>adj.</small> <br> <small>Obs.: Abl. e gen. de preço: magno, magni. Difere de grandis porque muitas vezes contém a ideia acessória de força, poder ou nobreza que grandis não designa.</small>   <p> <b>1</b> &ensp; <small>I-Sent. próprio</small> &ensp; Grande, elevado, vasto, abundante, espaçoso &ensp; <small>Cíc. Nat. 2, 17.</small> <br> <b>2</b> &ensp; <small>I-Daí</small> &ensp; Grande &ensp; <small>como quantidade Cíc. Verr. 2, 176.</small> <br> <b>3</b> &ensp; <small>I-Daí</small> &ensp; Grande como força, alto, forte tratando-se da voz &ensp; <small>Cíc. Caec. 92.</small> <br> <b>4</b> &ensp; <small>I-Daí</small> &ensp; Longo, de longa duração &ensp; <small>tratando-se de tempo Cíc. Nat. 2, 51.</small> <br> <b>5</b> &ensp; <small>II-Sent. figurado:</small> &ensp; Idoso: &ensp; <small></small> <br> <b>6</b> &ensp; <small>II-Sent. figurado:</small> &ensp; Importante, considerável &ensp; <small>Cíc. Arch. 21.</small> <br> <b>7</b> &ensp; <small>II-Sent. figurado:</small> &ensp; Orgulhoso, soberbo &ensp; <small>sent. pejorativo:</small> </p>   <p><small>[EXEMPLOS]</small><br> <br><b>5</b><br>natu major Cíc. Tusc.1. 3 “mais idoso” <br> <br><b>7</b><br>lingua magna Hor. O. 4. 6. 2 “língua orgulhosa”. </p>"
meus,Faria,<small>1</small> <b>mī</b> <br> <small>voc. sing. m. de meus.</small> <br> <small></small>
mos,Faria,<small>1</small> <b>mōris</b> <br> <small>gen. sing. de mos.</small> <br> <small></small>
ne3,Faria,"<small>1</small> <b>nē</b> <br> <small>adv. de afirmação</small> <br> <small>Obs.: Ne é uma partícula afirmativa, geralmente empregada na língua da conversação, antes de um pron. pessoal ou demonstrativo.</small>   <p> <b>1</b> &ensp; <small></small> &ensp; Certamente, sim &ensp; <small>Plaut. Men. 899.</small> </p>"
nemo,Faria,"<small>1</small> <b>nēmō</b> <b>-ĭnis</b> <br> <small>pron. subs. m. e f. não tem pl.</small> <br> <small>Obs.: No período clássico ocorrem as formas nemo, nemini, neminem.</small>   <p> <b>1</b> &ensp; <small></small> &ensp; Ninguém, nenhuma pessoa &ensp; <small>Cíc. AI. 8, 2, 4:</small> <br> <b>2</b> &ensp; <small></small> &ensp; Homem desprezível, sem valor &ensp; <small></small> </p>   <p><small>[EXEMPLOS]</small><br> <br><b>1</b><br>nemo non Cíc. Lae. 99, “todos, sem exceção”; non nemo Cíc. Cal. 4, 10 “alguns, algumas pessoas”. <br> <br><b>2</b><br>is quem tu neminem putas Cíc. At. 7, 3, 8 “esse que tu julgas um joão-ninguém”. </p>"
nos,Faria,<small>1</small> <b>nostrī</b> <br> <small>gen. de nos.</small> <br> <small></small>
populus,Faria,"<small>1</small> <b>popŭlus</b> <b>-ī</b> <br> <small>subs. m.</small> <br> <small></small>   <p> <b>1</b> &ensp; <small>I-Sent. próprio</small> &ensp; Povo &ensp; <small>conjunto dos cidadãos Cíc. Phil. 6. 12.</small> <br> <b>2</b> &ensp; <small>II-Sent. particular</small> &ensp; O público, a população &ensp; <small>Cíc. Tusc. 2. 64.</small> <br> <b>3</b> &ensp; <small>II-Sent. particular</small> &ensp; O povo &ensp; <small>com exclusão do senado.</small> <br> <b>4</b> &ensp; <small>II-Sent. particular</small> &ensp; O povo &ensp; <small>em oposição a plebs, como o todo de uma parte Cíc. Mur. 1.</small> <br> <b>5</b> &ensp; <small>II-Sent. particular</small> &ensp; Plebe, populaça &ensp; <small>= plebs Marc. 8. 15. 3 sent. raro</small> <br> <b>6</b> &ensp; <small>II-Sent. particular</small> &ensp; Grande agrupamento de pessoas, população, habitantes &ensp; <small>Ter. Ad. 93.</small> <br> <b>7</b> &ensp; <small>II-Sent. particular</small> &ensp; Região, povoação &ensp; <small>sent. raro T. Lív. 21. 34. 1.</small> </p>"
primus,Faria,"<small>1</small> <b>prīmus</b> <b>-a</b> <b>-um</b> <br> <small>num. or.</small> <br> <small>Obs.: E um superlativo que serve de ordinal a unus.</small>   <p> <b>1</b> &ensp; <small>I-Sent. próprio</small> &ensp; Que está na frente de tudo, o primeiro &ensp; <small>no tempo, no lugar Cíc. At. 9, 6, 5.</small> <br> <b>2</b> &ensp; <small>II-Daí, em sent. moral</small> &ensp; O mais importante, o principal, o primeiro, o melhor &ensp; <small>pela sua categoria:</small> <br> <b>3</b> &ensp; <small>II-Por extensão:</small> &ensp; Que está no começo, que começa, próximo: &ensp; <small></small> <br> <b>4</b> &ensp; <small>II-Em locuções:</small> &ensp; <small></small> <br> <b>5</b> &ensp; <small>II-Em locuções:</small> &ensp; <small></small> <br> <b>6</b> &ensp; <small>II-Em locuções:</small> &ensp; <small></small> </p>   <p><small>[EXEMPLOS]</small><br> <br><b>2</b><br>primos civitatis Cíc. Verr. 4, 15 ‘o principal homem da cidade’. <br> <br><b>3</b><br>prima nocte Cés. B. Gal. 1, 27, 7 ‘ao cair da noite’; primo vere Cés. B. Gal. 6, 3, 4 ‘no começo da primavera’. <br> <br><b>4</b><br>a primo, ‘desde o princípio’ Cíc. Or. 26. <br> <br><b>5</b><br>in primo «no começo» Cíc. Or. 215. <br> <br><b>6</b><br>in primo língua militar ‘na primeira linha’ T. Lív. 25, 21, 6. </p>"
quis,Faria,<small>1</small> <b>qua</b> <br> <small></small> <br> <small>v. quis.</small>
qua,Faria,"<small>1</small> <b>quam</b> <br> <small>adv.</small> <br> <small></small>   <p> <b>1</b> &ensp; <small></small> &ensp; Quão, quão grande, quanto, a que ponto &ensp; <small>C íc. Br. 265; Cíc. Cael. 64.</small> <br> <b>2</b> &ensp; <small></small> &ensp; Quão pouco &ensp; <small>sent. raro Cíc. De Or. 2, 180; Cíc. SuB. 33.</small> <br> <b>3</b> &ensp; <small></small> &ensp; Quanto possível &ensp; <small>com superl.: quam maxime Cíc. Inv. 2, 20.</small> </p>"
qui,Faria,"<small>1</small> <b>quī</b> <b>quae, quod</b> <br> <small>pron. relat.</small> <br> <small>Obs.: Além das formas de abl. sing. qui e pl. quis ou queis, ocorrem ainda o gen. sing. quoius, o dat. sing. quoi, o nom. e ac. n. pl. qua, e as formas com a prep. cum enclítica: quocum, quibuscum, quicum, etc.</small>   <p> <b>1</b> &ensp; <small>I-Relativo:</small> &ensp; Que, o qual, quem &ensp; <small>Cés. B. Gal. 1, 3, 1.</small> <br> <b>2</b> &ensp; <small>I-Relativo:-Sent. particular.</small> &ensp; O que &ensp; <small>com omissão do antecedente Cíc, Of. 1, 118.</small> <br> <b>3</b> &ensp; <small>I-Relativo:-Sent. particular.</small> &ensp; Visto que, pois que, porque &ensp; <small>matiz causal:</small> <br> <b>4</b> &ensp; <small>I-Relativo:-Sent. particular.</small> &ensp; Se bem que, que, portanto &ensp; <small>matiz concessivo:</small> <br> <b>5</b> &ensp; <small>I-Relativo:-Sent. particular.</small> &ensp; A fim de que, para que &ensp; <small>matiz final:</small> <br> <b>6</b> &ensp; <small>I-Relativo:-Sent. particular.</small> &ensp; De tal sorte que, tal que &ensp; <small>matiz consecutivo:</small> <br> <b>7</b> &ensp; <small>II-Interrogativo com valor adj. e subs .. salvo o neutro quod, sempre adj.:</small> &ensp; Quê? quem? qual?: &ensp; <small></small> <br> <b>8</b> &ensp; <small>III-Indefinido:</small> &ensp; Alguém, algum: &ensp; <small></small> </p>   <p><small>[EXEMPLOS]</small><br> <br><b>3</b><br>Antiochus qui animo puerili esset... Cíc. Verr. 4, 65 «Antíoco, porque tinha uma alma pueril». <br> <br><b>4</b><br>egomet, quí sero Graecas litteras attigisem Cíc De Or. 1, 82 ‘eu mesmo, se bem que me tenha aproximado das letras gregas tardiamente’. <br> <br><b>5</b><br>eripiunt aliis quod aliis largiantur Cíc. Of. 1, 43 ‘tiram a uns a fim de dar a outros’. <br> <br><b>6</b><br>is es, qui nescias Cíc. Fam. 5, 12, 6 ‘tu és homem capaz de ignorar’. <br> <br><b>7</b><br>qui esse ignorabas Cíc. Verr. 5: 166 ‘ignoravas quem ele era? <br> <br><b>8</b><br>si qui in foro cantet Cíc. Of. 1, 145 ‘se alguém cantasse ou cantar no foro’. </p>"
qua,Faria,"<small>1</small> <b>quō</b> <br> <small>adv. indica movimento</small> <br> <small></small>   <p> <b>1</b> &ensp; <small>I-Interr.:</small> &ensp; Para onde? para que lugar? &ensp; <small>Cíc. Verr. 5. 126; Cíc. Ac. 2, 93.</small> <br> <b>2</b> &ensp; <small>I-Interr.:</small> &ensp; Para que = ad quam rem: &ensp; <small></small> <br> <b>3</b> &ensp; <small>II-Indef.:</small> &ensp; Para algum lugar, para alguma parte &ensp; <small>Cíc. Verr. 5, 45.</small> </p>   <p><small>[EXEMPLOS]</small><br> <br><b>2</b><br>quo tantum pecuniam Cíc. Verr. 2. 137 “para que tanto dinheiro?”. </p>"
quisque,Faria,<small>1</small> <b>quōque</b> <br> <small>abl. de quisque.</small> <br> <small></small>
rex,Faria,"<small>1</small> <b>Rēx</b> <b>Rēgis</b> <br> <small>subs. pr. m.</small> <br> <small></small>   <p> <b>1</b> &ensp; <small></small> &ensp; Rei, sobrenome da gens Marcia &ensp; <small>Sal. C. Cat. 30. 3.</small> </p>"
sui,Faria,<small>1</small> <b>sē</b> <br> <small>acus. e abl. de sui.</small> <br> <small></small>
sine,Faria,"<small>1</small> <b>sine</b> <br> <small>prep. abl.</small> <br> <small>Obs.: É usada isoladamente ou com uma negativa em litotes: haud sine ""não sem"".</small>   <p> <b>1</b> &ensp; <small></small> &ensp; Sem: &ensp; <small></small> </p>   <p><small>[EXEMPLOS]</small><br> <br><b>1</b><br>sine regibus Cíc. Rep. 1, 58 ‘sem reis’. </p>"
uolo,Faria,"<small>1</small> <b>sīs</b> <br> <small>= sī vis.</small> <br> <small>Obs.: Expressão de polidez a que corresponde o plural sultis.</small>   <p> <b>1</b> &ensp; <small></small> &ensp; Se queres, se te agrada, peço-te, por favor &ensp; <small>Cíc. Amer, 48.</small> </p>"
tempus,Faria,"<small>1</small> <b>tempus</b> <b>-oris</b> <br> <small>subs. n.</small> <br> <small>Obs.: Tempus é considerado principalmente como uma fração da duração, donde seu emprego, no pl. tempora, como porções de tempo, épccas, momento, instante, hora, estação do ano e, especialmente, momento favorável, oportunidade; ocasião, circunstâncias.</small>   <p> <b>1</b> &ensp; <small>I-Sent. próprio</small> &ensp; Tempo &ensp; <small>sent. genérico Cíc. Rep. 1, 14.</small> <br> <b>2</b> &ensp; <small>I-Daí</small> &ensp; Momento, hora, instante, ano, estação &ensp; <small>Cíc. Verr. 4, 107.</small> <br> <b>3</b> &ensp; <small>II-Sent. particular:</small> &ensp; Momento favorável, oportunidade, ocasião &ensp; <small>Cíc. Fam. 11, 16, 1.</small> <br> <b>4</b> &ensp; <small>II-Sent. particular:</small> &ensp; Circunstância, posição, situação moral, interesses &ensp; <small>Cíc. Agr. 2, 80.</small> <br> <b>5</b> &ensp; <small>II-Na língua poética e retórica:</small> &ensp; Tempo, medida &ensp; <small>Hor. Sát. 1, 4, 58.</small> <br> <b>6</b> &ensp; <small>II-Na língua poética e retórica:</small> &ensp; Tempo &ensp; <small>de verbo Quint. 1, 5, 47.</small> <br> <b>7</b> &ensp; <small>III-Em expressões adverbiais:-Tempore, in tempore</small> &ensp; em tempo oportuno’ &ensp; <small>Cíc. Of. 1, 104.</small> <br> <b>8</b> &ensp; <small>III-Em expressões adverbiais:</small> &ensp; <small></small> <br> <b>9</b> &ensp; <small>III-Em expressões adverbiais:</small> &ensp; <small></small> <br> <b>10</b> &ensp; <small>III-Em expressões adverbiais:</small> &ensp; <small></small> <br> <b>11</b> &ensp; <small>III-Em expressões adverbiais:</small> &ensp; <small></small> <br> <b>12</b> &ensp; <small>III-Em expressões adverbiais:</small> &ensp; <small></small> <br> <b>13</b> &ensp; <small>III-Em expressões adverbiais:</small> &ensp; <small></small> <br> <b>14</b> &ensp; <small>III-Em expressões adverbiais:</small> &ensp; <small></small> </p>   <p><small>[EXEMPLOS]</small><br> <br><b>8</b><br>In tempus ‘temporariamente’ Tác. An. 14. 20. <br> <br><b>9</b><br>In omne tempus ‘para sempre, para nunca mais’ Cíc. Fam. 5, 15, 1. <br> <br><b>10</b><br>Ad tempus ‘a propósito, momentaneamente’ Cíc. At. 13. 45. 2. <br> <br><b>11</b><br>Ante tempus ‘prematuramente’ Cíc. Lae. 11. <br> <br><b>12</b><br>Ex tempore ‘prematuramente’ Cíc. Arch. 18. <br> <br><b>13</b><br>Pro tempore “segundo as circunstâncias” Cés. B. Gal. 5. 8. 1. <br> <br><b>14</b><br>Per tempus ‘oportunamente’ Plaut. Men. 139. </p>"
terra,Faria,"<small>1</small> <b>terra</b> <b>-ae</b> <br> <small>subs. f.</small> <br> <small>Obs.: Gen. arc. terráí Lucr. 1, 212.</small>   <p> <b>1</b> &ensp; <small>I-Sent. próprio</small> &ensp; Terra, a terra firme, o continente &ensp; <small>Cíc. Mur. 33.</small> <br> <b>2</b> &ensp; <small>I-Daí</small> &ensp; A Terra planeta em que habitamos, o globo terrestre &ensp; <small>Cíc. Tusc. 1, 40.</small> <br> <b>3</b> &ensp; <small>I-Daí</small> &ensp; A parte da terra em que se habita, região, país &ensp; <small>Cíc. Lae. 13.</small> <br> <b>4</b> &ensp; <small>I-Daí</small> &ensp; Solo, terreno, chão &ensp; <small>Cíc. Na!. 2, 120.</small> <br> <b>5</b> &ensp; <small>II-Sent. particular:</small> &ensp; A Terra &ensp; <small>personificada e divinizada Ov. F. 6, 299.</small> <br> <b>6</b> &ensp; <small>II-No pl.:</small> &ensp; As nações, o universo &ensp; <small>Cíc. Agr. 2, 33.</small> <br> <b>7</b> &ensp; <small>III-Sent figurado:</small> &ensp; Um homem da terra, um desconhecido &ensp; <small>Cíc. At. 1, 13, 4.</small> </p>"
totus,Faria,"<small>1</small> <b>tōtus</b> <b>-a</b> <b>-um</b> <br> <small>pron. adj.</small> <br> <small>Obs.: Notem-se as expressões: ex toto Sên. Ir. 1, 12,  e in totum Sên. Ep. 72. 6 ‘totalmente, inteiramente’.</small>   <p> <b>1</b> &ensp; <small></small> &ensp; Todo, inteiro: &ensp; <small></small> </p>   <p><small>[EXEMPLOS]</small><br> <br><b>1</b><br>tota res publica Cíc. Mil. 61 ‘a república inteira’. </p>"
ut2,Faria,<small>1</small> <b>utī</b> <br> <small></small> <br> <small>v. ut.</small>
ut,Faria,<small>1</small> <b>utī</b> <br> <small></small> <br> <small>v. ut.</small>
uel,Faria,"<small>1</small> <b>vel</b> <br> <small>adv.</small> <br> <small></small>   <p> <b>1</b> &ensp; <small></small> &ensp; Ou se o queres, ou, ou melhor &ensp; <small>permitindo escolha Cíc. Cal. 2, 1.</small> <br> <b>2</b> &ensp; <small></small> &ensp; Ou se o queres, ou, ou melhor &ensp; <small>retificando:</small> <br> <b>3</b> &ensp; <small></small> &ensp; Mesmo: &ensp; <small></small> <br> <b>4</b> &ensp; <small></small> &ensp; Por exemplo &ensp; <small>Cíc. Fam. 2, 13, 1.</small> <br> <b>5</b> &ensp; <small></small> &ensp; Talvez: &ensp; <small></small> </p>   <p><small>[EXEMPLOS]</small><br> <br><b>2</b><br>a plerisque, vel dicam ab omnibus Cíc. Fam. 4, 7, 3 «pela maior parte, ou direi melhor, por todos». <br> <br><b>3</b><br>vel mediocris orator Cíc. Br. 193 “O orador mesmo de valor medíocre”. <br> <br><b>5</b><br>domus vel optima, notissima quidem certe Cíc. Verr. 4, 3 «talvez a melhor casa, mas certamente a mais conhecida». </p>"
uero,Faria,"<small>1</small> <b>vērō</b> <br> <small>adv.</small> <br> <small></small>   <p> <b>1</b> &ensp; <small></small> &ensp; Verdadeiramente, com toda certeza, em verdade &ensp; <small>Cíc. Of. 3, 1.</small> <br> <b>2</b> &ensp; <small></small> &ensp; Sim, perfeitamente &ensp; <small>nas respostas Cíc. Br. 300.</small> <br> <b>3</b> &ensp; <small></small> &ensp; Em verdade, de fato, a verdade é que &ensp; <small>Cíc. Mil. 12.</small> <br> <b>4</b> &ensp; <small></small> &ensp; Até, também, ainda &ensp; <small>no meio da frase, para inserir outro fato Cíc. Mur. 45.</small> </p>"
uis,Faria,"<small>1</small> <b>vīs</b> <small>sing.</small> <b>e pl. vīres, -ĭum</b> <br> <small>subs. f.</small> <br> <small>Obs.: No sing. são usados o nom. vis, o acus vim e o abl. vi. Do gen. e dat, há poucos vestígios.</small>   <p> <b>1</b> &ensp; <small>I-Sent. próprio</small> &ensp; Força, força usada contra alguém, violência &ensp; <small>Cíc. Verr. 4, 116.</small> <br> <b>2</b> &ensp; <small>II-Sents. diversos</small> &ensp; Quantidade, número, grande número &ensp; <small>Cíc. Verr. 4, 131.</small> <br> <b>3</b> &ensp; <small>II-No pl.:</small> &ensp; Forças físicas, forças &ensp; <small>Cíc. C. M. 27.</small> <br> <b>4</b> &ensp; <small>II-No pl.:</small> &ensp; Forças militares, tropas &ensp; <small>na língua militar T. Lív. 9, 13, 12.</small> <br> <b>5</b> &ensp; <small>III-Sent. particular:</small> &ensp; Força das coisas, violência &ensp; <small>Cíc. Div. 1, 144.</small> <br> <b>6</b> &ensp; <small>III-Sent. particular:</small> &ensp; Assalto, ataque &ensp; <small>Cés. B. Gal. 4, 4, 4.</small> <br> <b>7</b> &ensp; <small>IV-Sent figurado:</small> &ensp; Natureza das coisas, propriedade, eficácia, valor, virtude, mérito &ensp; <small>Ov. Met. 13, 942.</small> <br> <b>8</b> &ensp; <small>IV-Sent figurado:</small> &ensp; Poder, influência, autoridade &ensp; <small>Cíc. Br. 39.</small> <br> <b>9</b> &ensp; <small>IV-Sent figurado:</small> &ensp; Animosidade &ensp; <small>Cíc. Verr. 4, 69.</small> <br> <b>10</b> &ensp; <small>IV-Sent figurado:</small> &ensp; Sentido &ensp; <small>de uma palavra Cíc. Fin, 2. 15.</small> <br> <b>11</b> &ensp; <small>IV-Sent figurado:</small> &ensp; Essência, substância &ensp; <small>Cíc. Lae. 15.</small> </p>"
alius,Faria,"<small>2</small> <b>aliī</b> <br> <small>gen., v. alĭus.</small> <br> <small></small>"
amicus,Faria,"<small>2</small> <b>amīcus</b> <b>-ī</b> <br> <small>subs. m.</small> <br> <small>Obs.: Gen. pl. amicum Ter. Heaut. 24.</small>   <p> <b>1</b> &ensp; <small>I-Sent. próprio</small> &ensp; Amigo &ensp; <small>Cíc. Of. 1, 63.</small> <br> <b>2</b> &ensp; <small>II-Daí, em sentido figurado</small> &ensp; Confidente, favorito &ensp; <small>Cíc. Div. 2, 135.</small> <br> <b>3</b> &ensp; <small>II-Daí, em sentido figurado</small> &ensp; Aliado &ensp; <small>Cíc. Verr. 4, 67.</small> </p>"
cum,Faria,"<small>2</small> <b>cum</b> <br> <small>ou</small> <b>quom</b> <br> <small>conj.</small> <br> <small>Obs.: No sentido temporal a conj. cum se constrói geralmente com o indicativo, aparecendo, porém, também o subjuntivo. No sentido causal ou concessivo constrói-se unicamente com o subjuntivo.</small>   <p> <b>1</b> &ensp; <small></small> &ensp; No momento em que, quando, logo que &ensp; <small>sent. temporal Cíc. Inv. 1, 2; Cíc. Fam. 6, 4, 1; Cíc. Cat. 1, 21.</small> <br> <b>2</b> &ensp; <small></small> &ensp; Visto que, pois que, desde que, já que, como &ensp; <small>sent. causal Cíc. Lac. 92; Cíc. Br. 69; Cíc. Arch. 7.</small> <br> <b>3</b> &ensp; <small></small> &ensp; Ainda que, embora, posto que, conquanto &ensp; <small>sent. concessivo Cíc. Br. 26; Cíc. Verr. 2, 25.; Lucr. 5, 394.</small> </p>"
deus,Faria,"<small>2</small> <b>di</b> <br> <small>= dii, v. deus.</small> <br> <small></small>"
dico,Faria,"<small>2</small> <b>dīcō</b> <b>-is</b> <b>-ĕre</b> <b>dīxī, dīctum</b> <br> <small>v. tr.</small> <br> <small>Obs.: Constrói-se com acus.; com acus. e inf.; com dat. Na passiva impess. constrói-se com nom. e inf. Formas arcaicas: imper. dice Plaut. Capt. 359; subj. dixis Plaut. Aul. 744; info dicier Plaut. Cist. 83.</small>   <p> <b>1</b> &ensp; <small>I-Sent. próprio</small> &ensp; Dizer com um caráter solene e técnico, pois que se trata de um vocábulo da língua religiosa e jurídica, afirmar, expor,pronunciar, falar em tom solene e ameaçador &ensp; <small>Cíc. Fin. 2, 85; Cíc. De Or. 3, 213; Cíc. Fam. 3, 8, 5; Cíc. Dom. 70.</small> <br> <b>2</b> &ensp; <small>II-Outros sentidos</small> &ensp; Criar, eleger, nomear: &ensp; <small></small> <br> <b>3</b> &ensp; <small>II-Outros sentidos</small> &ensp; Chamar, denominar, designar &ensp; <small>Cíc Ac. 1, 17.</small> <br> <b>4</b> &ensp; <small>II-Outros sentidos</small> &ensp; Cantar, celebrar &ensp; <small>Hor. O. 1, 21, 1.</small> <br> <b>5</b> &ensp; <small>II-Outros sentidos</small> &ensp; Fixar, determinar, regular &ensp; <small>Cés. B. Gal. 1, 41, 4; Cés. B. Gal. 1, 42, 3.</small> <br> <b>6</b> &ensp; <small>II-Outros sentidos</small> &ensp; Advertir, notificar, avisar &ensp; <small>Cíc. Arch. 8.</small> <br> <b>7</b> &ensp; <small>II-Outros sentidos</small> &ensp; Por enfraquecimento de sentido: falar, dizer &ensp; <small>Cíc. Or. 153; Cíc. Cael. 28.</small> </p>   <p><small>[EXEMPLOS]</small><br> <br><b>2</b><br>consules dicere T. Lív. 26, 22, 9 nomear os cônsules. </p>"
dies,Faria,<small>2</small> <b>Diī</b> <br> <small>gen. dat. v. dies 1.</small> <br> <small></small>
ex,Faria,<small>2</small> <b>ē</b> <br> <small>prepos.</small> <br> <small>v. ex.</small>
idem,Faria,<small>2</small> <b>eădem</b> <br> <small>nom. sing. f. e pI. n. de idem.</small> <br> <small></small>
eo,Faria,<small>2</small> <b>eam</b> <br> <small>pres. subj. de eo.</small> <br> <small></small>
is,Faria,<small>2</small> <b>eī</b> <br> <small>dat. de is e nom. pI. masc.</small> <br> <small></small>
is,Faria,<small>2</small> <b>eōs</b> <br> <small>acus. pI. m. de is.</small> <br> <small></small>
et2,Faria,"<small>2</small> <b>et</b> <br> <small>adv.</small> <br> <small></small>   <p> <b>1</b> &ensp; <small></small> &ensp; Também, do mesmo modo: &ensp; <small></small> </p>   <p><small>[EXEMPLOS]</small><br> <br><b>1</b><br>gere et tu tuum bene Cíc. Com. 32, “tambem tu, administra bem os teus negócios”. </p>"
exercitus,Faria,"<small>2</small> <b>exercĭtus</b> <b>-ūs</b> <br> <small>subs. m.</small> <br> <small></small>   <p> <b>1</b> &ensp; <small>I-Sent. próprio abstrato:</small> &ensp; Exercício &ensp; <small>plaut. Rud. 293.</small> <br> <b>2</b> &ensp; <small>I-Daí, em sent. concreto:</small> &ensp; Exército, corpo de tropas &ensp; <small>Cíc. Pis. 37.</small> <br> <b>3</b> &ensp; <small>I-Daí, em sent. concreto:</small> &ensp; Infantaria &ensp; <small>Cés. B. Gal. 2, 11, 2.</small> <br> <b>4</b> &ensp; <small>II-Sent. figurado:</small> &ensp; Multidão, grande número &ensp; <small>Verg. G. 1, 382.</small> </p>"
facio,Faria,<small>2</small> <b>face</b> <br> <small>imperat. arcaico de facĭo.</small> <br> <small></small>
facio,Faria,<small>2</small> <b>facis</b> <br> <small>ind. pres. de facĭo.</small> <br> <small></small>
fides,Faria,"<small>2</small> <b>fīdēs</b> <b>-ēī -ĕī</b> <br> <small>subs. f.</small> <br> <small>Obs.: Embora primitivo. o primeiro sentido só vai aparecer atestado na língua cristã. O gen. sing. -èí ocorre em Luc. 5, 103. Gen. e dat. sing. fide além dos arcaicos. ainda aparece em Hor. O. 3, 7, 4. O gen. -èi, só vai aparecer em Manílio 2, 605.</small>   <p> <b>1</b> &ensp; <small>I-Sent. próprio</small> &ensp; Fé, crença &ensp; <small>sent. religioso Isid. Or. 8. 2, 4.</small> <br> <b>2</b> &ensp; <small>II-Daí. na língua jurídica</small> &ensp; Palavra dada, juramento, promessa solene &ensp; <small>Cíc. Of. I, 39.</small> <br> <b>3</b> &ensp; <small>III-Sents. diversos:</small> &ensp; Boa-fé, lealdade, fidelidade a palavra dada. sinceridade. consciência. retidão, honra. honestidade &ensp; <small>Cíc. Cat. 2. 25; Cíc. Yerr. 5, 177.</small> <br> <b>4</b> &ensp; <small>III-Sents. diversos:</small> &ensp; Garantia, confiaça, salvo-conduto &ensp; <small>Cíc. Cat. 3, 8.</small> <br> <b>5</b> &ensp; <small>III-Sents. diversos:</small> &ensp; Proteção, auxílio, patrocínio. socorro &ensp; <small>Cíc. Fam. 13, 65, 2.</small> <br> <b>6</b> &ensp; <small>III-Sents. diversos:</small> &ensp; Crédito, confiança. segurança &ensp; <small>Cíc. Oiv. 2. 113; Sal. B. Jug. 73, 6; Cíc. Br. 142.</small> <br> <b>7</b> &ensp; <small>III-Sents. diversos:</small> &ensp; Responsabilidade, autoridade &ensp; <small>Cíc. Arch. 9.</small> <br> <b>8</b> &ensp; <small>IV-Sent. poético:</small> &ensp; Cumprimento. execução, efeito. realidade &ensp; <small>Ov. Met. 8, 711.</small> </p>"
genus,Faria,"<small>2</small> <b>genus</b> <b>-ĕris</b> <br> <small>subs. n.</small> <br> <small></small>   <p> <b>1</b> &ensp; <small>I-Sent. próprio</small> &ensp; Nascimento, raça, origem, tronco &ensp; <small>T. Lív. 6, 34, II.</small> <br> <b>2</b> &ensp; <small>I-Daí:</small> &ensp; Conjunto de seres que têm origem comum e semelhanças naturais, gênero, raça, espécie &ensp; <small>Cíc. Lae. 20.</small> <br> <b>3</b> &ensp; <small>II-Sent. figurado:</small> &ensp; Nação, raça &ensp; <small>Cíc. Phil. 4. 13.</small> <br> <b>4</b> &ensp; <small>II-Sent. figurado:</small> &ensp; Família, casa &ensp; <small>Cíc. Verr. 5, 180.</small> <br> <b>5</b> &ensp; <small>III-Sent. poético:</small> &ensp; Filho. descendente &ensp; <small>Verg. En. 4, 12.</small> <br> <b>6</b> &ensp; <small>IV-Sents. diversos:</small> &ensp; Gênero, sorte, espécie &ensp; <small>Cíc. Dom. 75.</small> </p>"
hic,Faria,<small>2</small> <b>hāc</b> <br> <small>abl. f. de hic.</small> <br> <small></small>
hic,Faria,"<small>2</small> <b>hic</b> <b>haec, hoc</b> <br> <small>pron. demonstr.</small> <br> <small>Obs.: Principalmente no período arcaico ocorrem as seguintes formas: hic, nom. m. pl. Plaut. PS. 822; haec, nom. f. pl. Plaut. Bac. 1.142; Lucr. 3. 599; Cie. Tusc. I. 22; hibus. dat.. abl. pl. P laut. Cure. 506.</small>   <p> <b>1</b> &ensp; <small>I-Sent. genérico</small> &ensp; Este, esta, isto &ensp; <small>de que falo, que mostro Cíc. Rep. 1, 1.</small> <br> <b>2</b> &ensp; <small>II-Sents. especiais</small> &ensp; Tal &ensp; <small>com acus. de exclamação:</small> <br> <b>3</b> &ensp; <small>II-Sents. especiais</small> &ensp; Um ou outro &ensp; <small>tratando-se de dois objetos T. Lív. 24. . 17.</small> <br> <b>4</b> &ensp; <small>II-Sents. especiais</small> &ensp; Eis &ensp; <small>designando o que se vai seguir:</small> <br> <b>5</b> &ensp; <small>II-Sents. especiais</small> &ensp; Eis. tal é &ensp; <small>resumindo o que precede Cíc. Ac. I. 22.</small> <br> <b>6</b> &ensp; <small>II-Sents. especiais</small> &ensp; Neutro hoc + gen.: &ensp; <small></small> </p>   <p><small>[EXEMPLOS]</small><br> <br><b>2</b><br>hanc audaciam! Cíc. Verr. 5, 62 “uma tal audácia”. <br> <br><b>4</b><br>hic est ille Demosthenes Cíc. Tusc. 5. 103 “eis o famoso Demóstenes”. <br> <br><b>6</b><br>hoc muneris C íc. Or. 2. 50 «este cargo». </p>"
hic,Faria,<small>2</small> <b>Hōc</b> <br> <small>nom. acus. sg. n. de hic.</small> <br> <small></small>
eo,Faria,<small>2</small> <b>ĭī</b> <br> <small>perf. de eo.</small> <br> <small></small>
ille,Faria,<small>2</small> <b>illa</b> <br> <small>nom. sing. f. e nom. acus. pl. n. de ille.</small> <br> <small></small>
iste,Faria,<small>2</small> <b>istoc</b> <br> <small>n. de istic.</small> <br> <small></small>
iste,Faria,<small>2</small> <b>istuc</b> <br> <small>n. de istic.</small> <br> <small></small>
itaque,Faria,"<small>2</small> <b>itāque</b> <br> <small>conj.</small> <br> <small></small>   <p> <b>1</b> &ensp; <small></small> &ensp; Pois, assim pois, por consequência &ensp; <small>Cés. B. Gal. 1,9.4.</small> <br> <b>2</b> &ensp; <small></small> &ensp; Assim, por exemplo &ensp; <small>Cíc. Fin. 2. 12.</small> </p>"
lex,Faria,<small>2</small> <b>lēge</b> <br> <small>abl. de lex.</small> <br> <small></small>
licet,Faria,"<small>2</small> <b>licet</b> <br> <small>conj.</small> <br> <small>Obs.: Constrói-se com subj.</small>   <p> <b>1</b> &ensp; <small></small> &ensp; Embora, ainda que &ensp; <small>Cíc. Tusc. 4. 54.</small> </p>"
magnus,Faria,"<small>2</small> <b>Magnus</b> <b>-ī</b> <br> <small>subs. pr. m.</small> <br> <small></small>   <p> <b>1</b> &ensp; <small></small> &ensp; Magno, epíteto de Pompeu e Alexandre. &ensp; <small></small> </p>"
ego,Faria,"<small>2</small> <b>mī</b> <br> <small>= mihi, dat. de ego.</small> <br> <small></small>"
ne3,Faria,"<small>2</small> <b>nĕ</b> <br> <small>adv. de negação, arcaico</small> <br> <small>Obs.: Ocorre como primeiro elemento de numerosos compostos: nec, neque, neuter, nemo, etc.</small>   <p> <b>1</b> &ensp; <small>= non, mas nunca aparece isolado.</small> &ensp; Não: &ensp; <small></small> </p>   <p><small>[EXEMPLOS]</small><br> <br><b>1</b><br>nevolt Plaut. Most. 110 «não quer» </p>"
nemo,Faria,"<small>2</small> <b>nēmō</b> <b>-ĭnis</b> <br> <small>pron. adj. = nullus</small> <br> <small></small>   <p> <b>1</b> &ensp; <small></small> &ensp; Nenhum: &ensp; <small></small> </p>   <p><small>[EXEMPLOS]</small><br> <br><b>1</b><br>nemo homo Cíc. Nat. 2, 96 “nenhum homem”. </p>"
noster,Faria,<small>2</small> <b>nostrī</b> <br> <small>gen. de noster.</small> <br> <small></small>
pro,Faria,"<small>2</small> <b>prō</b> <br> <small>prep. abl.</small> <br> <small>Obs.: Como prevérbio, alternam as formas pro e prod, empregando-se esta última apenas antes de vogal e de forma não sistemática: proconsul, profero, prodeo, proavus, prout, etc.</small>   <p> <b>1</b> &ensp; <small>I-Sent. próprio</small> &ensp; Diante de, defronte de, em presença de: &ensp; <small></small> <br> <b>2</b> &ensp; <small>II-Daí</small> &ensp; Por, a favor de, no interesse de &ensp; <small>em oposição a contra:</small> <br> <b>3</b> &ensp; <small>II-Daí</small> &ensp; Por causa de: &ensp; <small></small> <br> <b>4</b> &ensp; <small>II-Daí</small> &ensp; Em vez de, em lugar de &ensp; <small>ideia de substituição:</small> <br> <b>5</b> &ensp; <small>II-Daí</small> &ensp; Como, por: &ensp; <small></small> <br> <b>6</b> &ensp; <small>II-Daí</small> &ensp; Pelo preço de, por: &ensp; <small></small> <br> <b>7</b> &ensp; <small>II-Daí</small> &ensp; Segundo, conforme, em proporção, proporcionalmente: &ensp; <small></small> <br> <b>8</b> &ensp; <small>II-Daí</small> &ensp; Em virtude de, em atenção a: &ensp; <small></small> </p>   <p><small>[EXEMPLOS]</small><br> <br><b>1</b><br>pro castris copias producere Cés. B. Gal. 1, 48 «fazer avançar as tropas defronte do acampamento». <br> <br><b>2</b><br>contra aliquem, pro aliquo Cíc. Clu. 88 «contra alguém, a favor de alguém». <br> <br><b>3</b><br>pro commerita noxia amicum hodie meum concastigabo Plaut. Trin. 26 «hoje castigarei meu amigo pela falta cometida». <br> <br><b>4</b><br>pro consule Cíc. De Or. 1, 82 «como proconsul» veja proconsul. <br> <br><b>5</b><br>pro occiso relictus Cíc. Ses. 81 «deixado como morto». <br> <br><b>6</b><br>aliquid pro carmine dare Cíc. De Or. 2, 351 ‘dar alguma coisa por um poema’. <br> <br><b>7</b><br>pro hostium numero Cés. B. Gal. 1, 51, 1 «proporcionalmente ao número de inimigos». <br> <br><b>8</b><br>pro tua prudentia Cíc. Fam. 4, 10, 2 «em virtude de tua sabedoria». </p>"
qua,Faria,"<small>2</small> <b>quā</b> <br> <small>adv. abl. f. de qui</small> <br> <small></small>   <p> <b>1</b> &ensp; <small>I-Sent. próprio</small> &ensp; Por onde, pelo lugar em que &ensp; <small>Cíc. Verr. 5, 66.</small> <br> <b>2</b> &ensp; <small>I-Sent. próprio</small> &ensp; Do lado que &ensp; <small>T. Lív. 39, 48, 6.</small> <br> <b>3</b> &ensp; <small>I-Sent. próprio</small> &ensp; Pelo meio que &ensp; <small>Verg. En. 11, 293.</small> <br> <b>4</b> &ensp; <small>II-Interrogativo:</small> &ensp; Interr. direta: por que meio? como? &ensp; <small>Cíc. At. 8, 16, 1.</small> <br> <b>5</b> &ensp; <small>II-Interrogativo:</small> &ensp; Interr. indireta: por onde &ensp; <small>Cíc. AI. 9, I. 2.</small> <br> <b>6</b> &ensp; <small>III-Indefinido:</small> &ensp; Por qualquer meio &ensp; <small>Cíc. Verr. 4, 29.</small> <br> <b>7</b> &ensp; <small>III-Indefinido:</small> &ensp; qua... qua: por um lado... por outro lado: tanto... quanto &ensp; <small>Cíc. At. 2, 19, 3.</small> </p>"
qua2,Faria,"<small>2</small> <b>quī</b> <br> <small>antigo abl. sing. de quis</small> <br> <small></small>   <p> <b>1</b> &ensp; <small>I-Adv. interr.:</small> &ensp; Em quê, com quê? Como? &ensp; <small>Cíc. Nat. 3. 76: Cíc. Verr. 5, 7.</small> <br> <b>2</b> &ensp; <small>I-Adv. interr.:</small> &ensp; Pelo quê? por quê? graças a quê? &ensp; <small>Cíc. Ac. 2. 48.</small> <br> <b>3</b> &ensp; <small>II-Indef.:</small> &ensp; De algum modo, de qualquer modo &ensp; <small>Plaut. As. 930.</small> <br> <b>4</b> &ensp; <small>II-Indef.:</small> &ensp; Nas expressões que exprimem desejo, súplica &ensp; <small>substituído por utinam na língua clássica:</small> </p>   <p><small>[EXEMPLOS]</small><br> <br><b>4</b><br>qui illi di irati Cíc. At. 4, 7,1 “que os deuses se encolerizem com ele!”. </p>"
qua,Faria,"<small>2</small> <b>quō</b> <br> <small>conj. abl. de qui empregado como conj.</small> <br> <small>Obs.: Quo é muito frequente diante de comparações: a negação que a acompanha é ne Cíc. Fam. 7, 2, 1.</small>   <p> <b>1</b> &ensp; <small></small> &ensp; Pelo que, é por isso que, porque &ensp; <small>Cíc. Lae. 86; Cíc. Fin. 3, 4.</small> <br> <b>2</b> &ensp; <small>Correlativo de eo, hoc:</small> &ensp; por isso, pelo fato de que, para que &ensp; <small>final Hor. Sát. 2, 1, 37; Cíc. Quinct. 5; Cíc. Fin. 3, 43;</small> <br> <b>3</b> &ensp; <small></small> &ensp; Para que, a fim de que &ensp; <small>Cíc. Of. 3, 33; Cíc. Verr. 4, 26; Cíc. Clú. 9. 140.</small> </p>   <p><small>[EXEMPLOS]</small><br> <br><b>2</b><br>quo... eo Cíc. Amer. 121 ‘quanto mais ... tanto mais?'. </p>"
qui,Faria,"<small>2</small> <b>quōius</b> <br> <small>= cuius, gen. de qui, quae, quod, ou de quis, quae qua, quid quod.</small> <br> <small></small>"
qui,Faria,<small>2</small> <b>quōque</b> <br> <small>= et quo.</small> <br> <small></small>
rex,Faria,<small>2</small> <b>rēgis</b> <br> <small>gen. de rex.</small> <br> <small></small>
relinquo,Faria,<small>2</small> <b>reliquī</b> <br> <small>perf. de relīnquo.</small> <br> <small></small>
rex,Faria,"<small>2</small> <b>rēx</b> <b>rēgis</b> <br> <small>subs. m.</small> <br> <small></small>   <p> <b>1</b> &ensp; <small>I-Sent. próprio</small> &ensp; O que dirige os negócios do Estado, rei, soberano, monarca &ensp; <small>Cíc. Rep. 2, 5.</small> <br> <b>2</b> &ensp; <small>II-Sent. particular</small> &ensp; Rei &ensp; <small>entre os deuses:</small> <br> <b>3</b> &ensp; <small>II-Sent. particular</small> &ensp; Rei &ensp; <small>dos sacrifícios:</small> <br> <b>4</b> &ensp; <small>II-Sent. particular</small> &ensp; Rei &ensp; <small>de um festim ou de jogos Marc. Saturn. 2. 1. 3.</small> <br> <b>5</b> &ensp; <small>II-Sent. particular</small> &ensp; A família real &ensp; <small>T. Lív. 1, 59, 5.</small> <br> <b>6</b> &ensp; <small>II-Sent. particular</small> &ensp; Príncipe, filho de rei &ensp; <small>Cíc. Verr. 4. 61.</small> <br> <b>7</b> &ensp; <small>II-Sent. particular</small> &ensp; Senhor absoluto, déspota &ensp; <small>no período republicano Cíc. Of. 3, 83.</small> <br> <b>8</b> &ensp; <small>II-Sent. particular</small> &ensp; Soberano, chefe, senhor e que dirige &ensp; <small>Verg. En. 1. 544.</small> <br> <b>9</b> &ensp; <small>II-Sent. particular</small> &ensp; Protetor, patrono &ensp; <small>dos parasitas Plaut. Capt. 92.</small> <br> <b>10</b> &ensp; <small>III-Sent. poético:</small> &ensp; Os ricos, os nababos &ensp; <small>Hor. Sat. 1, 2, 86.</small> <br> <b>11</b> &ensp; <small>III-No pl. reges T. Lív. 1, 39, 2</small> &ensp; O rei e a rainha, o casal real’. &ensp; <small></small> </p>   <p><small>[EXEMPLOS]</small><br> <br><b>2</b><br>rex aquarom Ov. Met. 10, 606 ‘rei das águas. i. e.. Netuno. <br> <br><b>3</b><br>rex Nemorensis Suet. Cal. 35 ‘sacerdote de Diana Aricina’. </p>"
sine,Faria,"<small>2</small> <b>sē</b> <br> <small>prep. arc. e prevérbio</small> <br> <small></small>   <p> <b>1</b> &ensp; <small>I-Prep.:</small> &ensp; Sem: &ensp; <small></small> <br> <b>2</b> &ensp; <small>II-Prevérbio:</small> &ensp; Sem: &ensp; <small></small> </p>   <p><small>[EXEMPLOS]</small><br> <br><b>1</b><br>se fraude esto XII T. apud Cíc. Leg. 2, 60, “que esteja sem erro”. <br> <br><b>2</b><br>sécúrus “sem cuidado”, sédùló “sem engano”. </p>"
sum,Faria,<small>2</small> <b>sīs</b> <br> <small>2ª pess. do sing. do subj. pres. de sum.</small> <br> <small></small>
sui,Faria,"<small>2</small> <b>sŭī</b> <b>sibī sibĭ, sē</b> <br> <small>pron. reflex. da 3ª pess. do sing. e do pl.</small> <br> <small>Obs.: Formas com enclíticas: sepse Cíc. Rep. 3, 12; semet T. Lív. 2, 12, 7. Forma reduplicada: sese Cés. B. Gal. 2, 6, 4.</small>   <p> <b>1</b> &ensp; <small></small> &ensp; De si, dele, dela, deles, delas; para si, a si, lhe, lhes; se, a si, a ele, a ela, a eles, a elas &ensp; <small>Cíc. lae. 98.</small> </p>"
tantus,Faria,"<small>2</small> <b>tantum</b> <br> <small>forma n. usada substantivadamente.</small> <br> <small></small>   <p> <b>1</b> &ensp; <small></small> &ensp; Tanto, tão grande quantidade de &ensp; <small>Cíc. C. M. 44.</small> <br> <b>2</b> &ensp; <small></small> &ensp; Tão pouco, tão fraco &ensp; <small>Cés. B. Gal. 6, 35, 9.</small> <br> <b>3</b> &ensp; <small></small> &ensp; Tão somente, não mais &ensp; <small>Cic. Leg. 2, 6.</small> </p>"
ubi,Faria,"<small>2</small> <b>ubīquĕ</b> <br> <small>= et ubi Hor. Sāt. 2, 2, 84.</small> <br> <small></small>"
ut2,Faria,<small>2</small> <b>utĭquĕ</b> <br> <small>= et uti e et ut.</small> <br> <small></small>
ut,Faria,<small>2</small> <b>utĭquĕ</b> <br> <small>= et uti e et ut.</small> <br> <small></small>
uel,Faria,"<small>2</small> <b>vel</b> <br> <small>conj. coord.</small> <br> <small></small>   <p> <b>1</b> &ensp; <small></small> &ensp; Ou, ou melhor &ensp; <small>Cíc. Rep. 1, 41.</small> <br> <b>2</b> &ensp; <small></small> &ensp; Vel ... vel, ou ... ou, seja ... seja &ensp; <small>Cés. B. Ga1. 1, 6, 3.</small> </p>"
uero,Faria,"<small>2</small> <b>vērō</b> <br> <small>conj.</small> <br> <small></small>   <p> <b>1</b> &ensp; <small></small> &ensp; Mas que, e que &ensp; <small>Cés. B. Gal. 1, 12, 2.</small> <br> <b>2</b> &ensp; <small></small> &ensp; Mas em verdade, mas, porém &ensp; <small>Cíc. Sest. 143.</small> <br> <b>3</b> &ensp; <small></small> &ensp; Quanto a &ensp; <small>para destacar uma palavra Cíc. Arch. 19.</small> </p>"
uolo,Faria,"<small>2</small> <b>vīs</b> <br> <small>2ª pess. do sing. do ind. pres, de volo 2.</small> <br> <small></small>"
uolo,Faria,"<small>2</small> <b>volō</b> <b>vīs, vult, velle, volŭī</b> <br> <small>v. tr.</small> <br> <small>Obs.: Constrói-se como intr. absoluto; com acus. de pessoa ou de coisa; com pronome neutro; com inf.; com or. inf. com acus. e inf.; com duplo acus.; e com ut ou ne.</small>   <p> <b>1</b> &ensp; <small>I-Sent. próprio</small> &ensp; Querer, desejar &ensp; <small>Ter. Eun. 813; Cíc. Nat. 1, 17; Cíc. Verr. 3, 196; Cíc. At. 13, 32, 2; Cíc. Rep. 1, 38; Cíc. Tusc. 1, 34; Cíc. C. M. 73; Ter. Ad. 432; Cíc. Of. 2, 78; Cíc. Rep. 1, 15.</small> <br> <b>2</b> &ensp; <small>I-Sent. próprio</small> &ensp; Ter vontade de, ter intenção de, consentir &ensp; <small>Cíc. AI. 9, 1, 3; Cíc. Tusc. 1, 88.</small> <br> <b>3</b> &ensp; <small>I-Sent. próprio</small> &ensp; Querer bem ou mal &ensp; <small>bene, male Plaut. Cas. 464.</small> <br> <b>4</b> &ensp; <small>I-Sent. próprio</small> &ensp; Querer ver &ensp; <small>Cíc. Q. Fr. 3, 9, 3.</small> <br> <b>5</b> &ensp; <small>I-Sent. próprio</small> &ensp; Querer falar a &ensp; <small>Cíc. AI. 10, 16, 4; Ter. And. 536.</small> <br> <b>6</b> &ensp; <small>I-Sent. próprio</small> &ensp; Querer dizer, significar &ensp; <small>Cíc. Verr. 2, 150.</small> <br> <b>7</b> &ensp; <small>II-Locução na língua jurídica:</small> &ensp; <small></small> </p>   <p><small>[EXEMPLOS]</small><br> <br><b>7</b><br>velitis, jubeatis, Quirites, ut Cíc. Dom. 44; Pis. 72 ‘ordenai, se vos apraz, Romanos, que’. </p>"
eo,Faria,"<small>3</small> <b>eō</b> <b>is, īre, ĭī ou īvī, ītum</b> <br> <small>v. intr.</small> <br> <small>Obs.: Usa-se frequentemente com o supino para indicar fim ou intenção.</small>   <p> <b>1</b> &ensp; <small>I-Sent. próprio</small> &ensp; Ir &ensp; <small>Plaut. As. 108: Cíc. As. 4, 9, 2; Cíc. Div. 2, 122.</small> <br> <b>2</b> &ensp; <small>I-Daí:</small> &ensp; Dirigir-se, caminhar, andar, marchar, vir &ensp; <small>Cés. B. Gal. 7, 67, 2.</small> <br> <b>3</b> &ensp; <small>II-Sent. figurado:</small> &ensp; Recorrer, procurar &ensp; <small>Verg . En. 4, 413.</small> <br> <b>4</b> &ensp; <small>II-Sent. figurado:</small> &ensp; Passar de um estado a outro, correr de, espalhar-se &ensp; <small>Hor. O. 2, 14,5.</small> <br> <b>5</b> &ensp; <small>II-Sent. figurado:</small> &ensp; Sair, retirar-se, escapar-se, fugir, refugiar-se &ensp; <small>Verg. Hue. 1, 65.</small> <br> <b>6</b> &ensp; <small>III-Sent. especial:</small> &ensp; Ser vendido, vender-se per certo preço &ensp; <small>Plín. H. Nat. 18, 194.</small> </p>"
ne3,Faria,"<small>3</small> <b>nē</b> <br> <small>adv. e conj. negativa. I. Adv.</small> <br> <small></small>   <p> <b>1</b> &ensp; <small></small> &ensp; Não. Nas orações independentes exprime: &ensp; <small></small> <br> <b>2</b> &ensp; <small></small> &ensp; Nem ... sequer &ensp; <small>ne... quidem:</small> </p>   <p><small>[EXEMPLOS]</small><br> <br><b>1</b><br>a Proibição com imperativo, nos textos de lei, ou subjuntivo: ne audeto Cíc. Leg. 2, 22 “não ouse”: Plaut. Pers. 490; Verg. En. 6, 832: T. Lív. 3, 2, 9; ne repugnetis Cic. Clu. 6 “não resistais”: hoc ne feceris Cíc. Div. 2, 127 “não faças isto”; b suposição ou concessão: ne sint in senectute vires Cíc. C. M. 34 “admitamos que: não haja forças na velhice”; c desejo: ne istuc Juppiter sirit T. Lív. 28, 28, 11 “que Júpiter não o permita”. <br> <br><b>2</b><br>ne sues quidem Cíc. Tusc. 1, 92 «nem sequer os porcos». </p>"
qua2,Faria,"<small>3</small> <b>quoque</b> <br> <small>adv.</small> <br> <small></small>   <p> <b>1</b> &ensp; <small></small> &ensp; Também, igualmente, do mesmo modo &ensp; <small>Cés. B. Gal. 1, 1, 4: Cíc. Verr. 3. 206.</small> </p>"
nec,Faria,"<small>ou</small> <b>nec</b> <br> <small>conj. v. nec</small> <br> <small></small>   <p> <b>1</b> &ensp; <small></small> &ensp; E não, nem &ensp; <small>Cíc. Leg. 2, 26; T. Lív. 7, 9, 1.</small> <br> <b>1</b> &ensp; <small></small> &ensp; E não, nem &ensp; <small>Cíc. Leg. 2, 26; T. Lív. 7, 9, 1.</small> </p>"
