lemma,lila_id,source,entry_id,senseGroup,sense_prefix,sense_predef,sense_def,sense_posdef
iste,lilaLemma:109122,Faria,Faria1994.n17057.e01,Faria1994.n17057.sg01,1,"pl. n.: istaec Cíc. AI. 12, 18a, 2",“as coisas que dizes”.,
uos,lilaIpoLemma:110488,Faria,Faria1994.n34208.e01,Faria1994.n34208.sg01,2,"Vobiscum Cíc. Rep., 1, 70",“convosco”.,
nihil,lilaLemma:114071,Faria,Faria1994.n20517.e01,Faria1994.n20517.sg01,4,I-Expressões particulares:-Nihilo mais comp.,“nada mais”:,
nullus,lilaLemma:114081,Faria,Faria1994.n20779.e01,Faria1994.n20779.sg01,4,III-Empregos especiais:-= nemo,“ninguém”,Cíc. Lae. 30
uenio,lilaLemma:129790,Faria,Faria1994.n33504.e01,Faria1994.n33504.sg01,1,,«chegou-se».,
corpus,lilaLemma:96667,Faria,Faria1994.n07899.e01,Faria1994.n07899.sg01,10,II-Sent. poético:,"A alma, sombra","dos mortos Verg. En. 6, 303."
fides,lilaLemma:103260,Faria,Faria1994.n12728.e01,Faria1994.n12728.sg01,1,,A boa-fé,Cíc. Of. 3. 104.
domus,lilaLemma:100071,Cardoso,Cardoso1570.n06331.e01,Cardoso1570.n06331.sg01,1,,a casa. ou familia,
ciuitas,lilaLemma:94400,Cardoso,Cardoso1570.n03890.e01,Cardoso1570.n03890.sg01,1,,a cidade,
urbs,lilaLemma:130822,Cardoso,Cardoso1570.n26720.e01,Cardoso1570.n26720.sg01,1,,a cidade,
ciuitas,lilaLemma:94400,Velez,Velez1744.n0683.e01,Velez1744.n0683.sg01,1,,a Cidade,"Urbs, & Civitas in hoc differunt, quód incolae dicuntur propriè Civitas; Urbs verò complectitur aedificia."
res,lilaLemma:121868,Faria,Faria1994.n27428.e01,Faria1994.n27428.sg01,8,III-Sents. diversos:,"A coisa pública, os negócios públicos, o Estado, poder, autoridade","Cíc. Rep. 1, 12."
fides,lilaLemma:103260,Faria,Faria1994.n12728.e01,Faria1994.n12728.sg01,2,,A constelação da Lira,"Varr. R. Rust. 2. 5, 12."
res,lilaLemma:121868,Velez,Velez1744.n2971.e01,Velez1744.n2971.sg01,1,,"a cousa, contenda, demanda, negocio, poder, utilidade, riqueza, etc",
causa,lilaLemma:93253,Cardoso,Cardoso1570.n03477.e01,Cardoso1570.n03477.sg01,1,,a cousa. ou achaque,
res,lilaLemma:121868,Cardoso,Cardoso1570.n20660.e01,Cardoso1570.n20660.sg01,1,,a cousa. ou fazenda,
res,lilaLemma:121868,Cardoso,Cardoso1570.n20666.e01,Cardoso1570.n20666.sg01,1,,a demanda,
hinc,lilaLemma:105454,Faria,Faria1994.n14649.e01,Faria1994.n14649.sg01,2,I-No sent. próprio:,"A este lugar, a este ponto, a tal ponto","Cíc. Cal. 2, 4."
is,lilaLemma:109083,Faria,Faria1994.n17022.e01,Faria1994.n17022.sg01,8,Empregos especiais: in eo =,a este ponto:,
rex,lilaLemma:122013,Faria,Faria1994.n27678.e01,Faria1994.n27678.sg01,5,II-Sent. particular,A família real,"T. Lív. 1, 59, 5."
fides,lilaLemma:103260,Cardoso,Cardoso1570.n07975.e01,Cardoso1570.n07975.sg01,1,,a fee. ou credito,
qui,lilaLemma:121354,Faria,Faria1994.n26549.e01,Faria1994.n26549.sg01,5,I-Relativo:-Sent. particular.,"A fim de que, para que",matiz final:
fortuna,lilaLemma:103696,Cardoso,Cardoso1570.n08316.e01,Cardoso1570.n08316.sg01,1,,a fortuna,
fortuna,lilaLemma:103696,Faria,Faria1994.n13047.e01,Faria1994.n13047.sg01,1,I-Sent. próprio,A Fortuna,"divindade Cíc. Verr. 4, 119."
exercitus,lilaLemma:101960,Cardoso,Cardoso1570.n07201.e01,Cardoso1570.n07201.sg01,1,,a gente de guerra,
bellum,lilaLemma:91461,Cardoso,Cardoso1570.n02614.e01,Cardoso1570.n02614.sg01,1,,a guerra,
bellum,lilaLemma:91461,Cardoso,Cardoso1570.n06399.e01,Cardoso1570.n06399.sg01,1,,a guerra de dous. ou desafio,
legio,lilaLemma:110166,Cardoso,Cardoso1570.n12068.e01,Cardoso1570.n12068.sg01,1,,a legião de gente de pee,
lex,lilaLemma:110351,Cardoso,Cardoso1570.n12205.e01,Cardoso1570.n12205.sg01,1,,a ley,
alter,lilaLemma:88457,Cardoso,Cardoso1570.n01116.e01,Cardoso1570.n01116.sg01,1,,a maça de chumbo,
modus,lilaLemma:112553,Cardoso,Cardoso1570.n14050.e01,Cardoso1570.n14050.sg01,1,,a maneyra. ou fim. ou medida,
manus,lilaLemma:111585,Cardoso,Cardoso1570.n13242.e01,Cardoso1570.n13242.sg01,1,,a mão. ou companha,
meus,lilaLemma:112262,Faria,Faria1994.n19333.e01,Faria1994.n19333.sg01,1,,A mim mesmo.,
mors,lilaLemma:112807,Cardoso,Cardoso1570.n14219.e01,Cardoso1570.n14219.sg01,1,,a morte,
natura,lilaLemma:113421,Cardoso,Cardoso1570.n14661.e01,Cardoso1570.n14661.sg01,1,,a naturaleza,
uerbum,lilaLemma:131057,Cardoso,Cardoso1570.n25840.e01,Cardoso1570.n25840.sg01,1,,a palaura,
pars,lilaLemma:116084,Velez,Velez1744.n2477.e01,Velez1744.n2477.sg01,1,,a parte,
terra,lilaLemma:127912,Faria,Faria1994.n31558.e01,Faria1994.n31558.sg01,3,I-Daí,"A parte da terra em que se habita, região, país",Cíc. Lae. 13.
pars,lilaLemma:116084,Cardoso,Cardoso1570.n16829.e01,Cardoso1570.n16829.sg01,1,,a parte. ou quinhão,
hinc,lilaLemma:105454,Faria,Faria1994.n14447.e01,Faria1994.n14447.sg01,2,Donde:,A partir daqui. deste ponto,T. Lív. 2. I. 1.
in,lilaLemma:106748,Faria,Faria1994.n15371.e01,Faria1994.n15371.sg01,16,II-Com abl. sem movimento. Sent. próprio e figurado:-Sents. diversos:,"A propósito de, quando se trata de, a respeito de:",
de,lilaLemma:97932,Faria,Faria1994.n08711.e01,Faria1994.n08711.sg01,11,Sent. moral:,"A respeito de, quanto a","Cíc. Of. 1,47."
ab,lilaLemma:86824,Faria,Faria1994.n00003.e01,Faria1994.n00003.sg01,7,III-Em sent. figurado:,"A respeito de, quanto a, acerca de:",
ratio,lilaLemma:121458,Cardoso,Cardoso1570.n20133.e01,Cardoso1570.n20133.sg01,1,,a rezão. ou conta,
terra,lilaLemma:127912,Cardoso,Cardoso1570.n24596.e01,Cardoso1570.n24596.sg01,1,,a terra,
terra,lilaLemma:127912,Faria,Faria1994.n31558.e01,Faria1994.n31558.sg01,5,II-Sent. particular:,A Terra,"personificada e divinizada Ov. F. 6, 299."
terra,lilaLemma:127912,Faria,Faria1994.n31558.e01,Faria1994.n31558.sg01,2,I-Daí,"A Terra planeta em que habitamos, o globo terrestre","Cíc. Tusc. 1, 40."
uita,lilaLemma:130393,Cardoso,Cardoso1570.n26330.e01,Cardoso1570.n26330.sg01,1,,a vida,
uita,lilaLemma:130393,Faria,Faria1994.n34014.e01,Faria1994.n34014.sg01,5,II-Sent figurado,"A vida, a humanidade","Tib. 2, 1, 37."
uita,lilaLemma:130393,Faria,Faria1994.n34014.e01,Faria1994.n34014.sg01,3,II-Sent figurado,"A vida, realidade","Cíc. Tusc. 4, 45."
uirtus,lilaLemma:130356,Faria,Faria1994.n33990.e01,Faria1994.n33990.sg01,7,III-Daí:,A Virtude,deusa dos Romanos Cíc. Nat. 2. 61.
uirtus,lilaLemma:130356,Cardoso,Cardoso1570.n26303.e01,Cardoso1570.n26303.sg01,1,,a virtude. ou valẽtia,
uox,lilaLemma:130806,Cardoso,Cardoso1570.n26708.e01,Cardoso1570.n26708.sg01,1,,a voz,
ad,lilaLemma:87344,Faria,Faria1994.n00519.e01,Faria1994.n00519.sg01,1,"I-indica: aproximação, direção para geralmente com idéia de movimento, aplicando-se ao espaço e ao tempo:","A, para, até:",
nullus,lilaLemma:114081,Fonseca,Fonseca1798.n19530.e01,Fonseca1798.n19530.sg01,3,Hor.,"abjecto, desconhecido.",
paruus,lilaLemma:116136,Fonseca,Fonseca1798.n21052.e01,Fonseca1798.n21052.sg01,2,,"abjecto, humilde, desprezado, vil.",
teneo,lilaLemma:127822,Faria,Faria1994.n31462.e01,Faria1994.n31462.sg01,8,A-Tr.-Sent. figurado:,"Abrigar, sujeitar, prender","Cíc. Phil. 5, 10; Cíc. At. 12, 18, 1."
uenio,lilaLemma:129790,Saraiva,Saraiva1910.xVenio,Saraiva1910.xVenio.sg01,5,,abrolhar;,
uis,lilaLemma:130360,Fonseca,Fonseca1798.n31852.e01,Fonseca1798.n31852.sg01,5,,"abundancia, quantidade, multidaõ.",
multus,lilaLemma:112998,Faria,Faria1994.n19957.e01,Faria1994.n19957.sg01,1,I-Sent. próprio,"Abundante, numeroso, em grande quantidade","CíC. Verr. 5, 119."
castra,lilaLemma:138599,Faria,Faria1994.n05136.e01,Faria1994.n05136.sg01,1,I-Sent. próprio,"Acampamento, lugar fortificado, quartel","de inverno, verão Cés. B. Gal. 1, 48, 1."
manus,lilaLemma:111585,Faria,Faria1994.n18917.e01,Faria1994.n18917.sg01,7,II-Sent. figurado,Ação,"T. Lív. 2, 33, 5."
natura,lilaLemma:113421,Faria,Faria1994.n20218.e01,Faria1994.n20218.sg01,1,I-Sent. primitivo,"Ação de fazer nascer, nascimento",Cíc. Verr. 3. 162.
iudicium,lilaLemma:109170,Faria,Faria1994.n17211.e01,Faria1994.n17211.sg01,1,I-Sent. próprio termo técnico:,"Ação de julgar, ofício de juiz","C. N ep. A I. 6, 3."
iudicium,lilaLemma:109170,Faria,Faria1994.n17211.e01,Faria1994.n17211.sg01,2,I-Daí:,"Ação judicial, investigação judicial, processo",Cíc. Br. 197.
res,lilaLemma:121868,Faria,Faria1994.n27428.e01,Faria1994.n27428.sg01,6,III-Sents. diversos:,"Ação realizada, fato, coisa, acontecimento, empresa, façanhas, feitos militares, fatos históricos, feitos notáveis","sent. mais comum Cíc. Verr. 4, 63."
ago,lilaLemma:88140,Saraiva,Saraiva1910.xAgo,Saraiva1910.xAgo.sg01,9,,"accusar, perseguir em juizo;",
de,lilaLemma:97932,Velez,Velez1744.n0953.e01,Velez1744.n0953.sg01,1,,"ácerca, ou sobre",
ad,lilaLemma:87344,Cardoso,Cardoso1570.n00402.e01,Cardoso1570.n00402.sg01,1,,acerca. ou para,
peto,lilaLemma:117549,Faria,Faria1994.n23702.e01,Faria1994.n23702.sg01,2,"I-Daí, por enfraquecimento de sentido","Acercar-se de, procurar, aspirar","Cés. B. Gal. 3, 15, 2; Cíc. Or. 56."
sum,lilaLemma:126689,Saraiva,Saraiva1910.xSum,Saraiva1910.xSum.sg01,2,,achar-se em;,
habeo,lilaLemma:105044,Saraiva,Saraiva1910.xHabeo,Saraiva1910.xHabeo.sg01,15,"Habere se, ou simpleste Habere.","achar-se n’um estado qualquer, estar;",
peto,lilaLemma:117549,Fonseca,Fonseca1798.n22343.e01,Fonseca1798.n22343.sg01,3,,"acommetter, assaltar, investir.",
uenio,lilaLemma:129790,Fonseca,Fonseca1798.n31367.e01,Fonseca1798.n31367.sg01,3,,"acontecer, succeder.",
fio,lilaLemma:103328,Fonseca,Fonseca1798.n11854.e01,Fonseca1798.n11854.sg01,2,nas terceiras pessoas,acontecer.,
facio,lilaLemma:102758,Saraiva,Saraiva1910.xFacio,Saraiva1910.xFacio.sg01,11,,"adaptar-se a, convir a, sêr bom, fazer bem ter. med., sêr salutar;",
multus,lilaLemma:112998,Faria,Faria1994.n19957.e01,Faria1994.n19957.sg01,5,III-Sents. diversos:,"Adiantado, que vai alto","tratando-se do dia, da noite ou da manhã:"
ago,lilaLemma:88140,Saraiva,Saraiva1910.xAgo,Saraiva1910.xAgo.sg01,12,,"administrar, exercer um cargo, emprego, profissão, desempenhar, preencher as obrigações;",
quaero,lilaLemma:121047,Fonseca,Fonseca1798.n24888.e01,Fonseca1798.n24888.sg01,6,,"adquirir, ajuntar, grangear.",
facio,lilaLemma:102758,Saraiva,Saraiva1910.xFacio,Saraiva1910.xFacio.sg01,6,,"adquirir, grangear, ajunctar, arranjar, tomar;",
capio,lilaLemma:92686,Faria,Faria1994.n04907.e01,Faria1994.n04907.sg01,7,II-Sent. figurado:,"Adquirir, obter:",
dico,lilaLemma:99302,Saraiva,Saraiva1910.xDico,Saraiva1910.xDico.sg01,9,,"advertir, avisar ameaçando, dar a saber, notificar;",
dico,lilaLemma:99302,Faria,Faria1994.n09678.e01,Faria1994.n09678.sg01,6,II-Outros sentidos,"Advertir, notificar, avisar",Cíc. Arch. 8.
ago,lilaLemma:88140,Saraiva,Saraiva1910.xAgo,Saraiva1910.xAgo.sg01,9,,"advogar, defender em juizo;",
animus,lilaLemma:89094,Fonseca,Fonseca1798.n01750.e01,Fonseca1798.n01750.sg01,3,,"affecto, paixão.",
dico,lilaLemma:99302,Saraiva,Saraiva1910.xDico,Saraiva1910.xDico.sg01,2,,affirmar;,
ago,lilaLemma:88140,Saraiva,Saraiva1910.xAgo,Saraiva1910.xAgo.sg01,4,,"afundar, cravar, fazer penetrar, introduzir, atirar, precipitar, levar por força;",
ago,lilaLemma:88140,Faria,Faria1994.n01300.e01,Faria1994.n01300.sg01,8,II-Empregos especiais:,"Agere em oposição a quiescere: agir principalmenle com gerúndio, fazer, ocupar-se","Cíc. Nat. 2, 132."
ago,lilaLemma:88140,Faria,Faria1994.n01300.e01,Faria1994.n01300.sg01,5,II-Sent. figurado ideia de atividade com sentido durativo:,"Agir, fazer:",
ago,lilaLemma:88140,Saraiva,Saraiva1910.xAgo,Saraiva1910.xAgo.sg01,2,,"agitar, avivar;",
nunc,lilaLemma:113990,Cardoso,Cardoso1570.n15438.e01,Cardoso1570.n15438.sg01,1,,agora,
modo,lilaLemma:113289,Faria,Faria1994.n19698.e01,Faria1994.n19698.sg01,6,Sent. temporal:,"Agora mesmo, ainda há pouco, ainda agora","Cíc. Verr. 4, 7."
iam,lilaLemma:106025,Faria,Faria1994.n17144.e01,Faria1994.n17144.sg01,1,I-Sent. próprio,"Agora, já, neste momento",Plaut. Rud. 584; Cíc. Rep. 1. 58.
iam,lilaLemma:106025,Fonseca,Fonseca1798.n13816.e01,Fonseca1798.n13816.sg01,2,Virg.,"agora, logo.",
nunc,lilaLemma:113990,Faria,Faria1994.n20824.e01,Faria1994.n20824.sg01,1,,"Agora, no momento presente","sent. temporal Cíc. Tusc. 1, 23."
modo,lilaLemma:113289,Velez,Velez1744.n2141.e01,Velez1744.n2141.sg01,1,,"agora, pouco ha, ou logo, somente, com tanto que",
nunc,lilaLemma:113990,Fonseca,Fonseca1798.n19555.e01,Fonseca1798.n19555.sg01,1,Cic.,"agora, presentemente.",
modo,lilaLemma:113289,Cardoso,Cardoso1570.n14041.e01,Cardoso1570.n14041.sg01,1,,ainda agora. ou âs vezes. ou tam somente,
licet,lilaLemma:110432,Cardoso,Cardoso1570.n12273.e01,Cardoso1570.n12273.sg01,1,,ainda que,
licet,lilaLemma:110432,Cardoso,Cardoso1570.n12283.e01,Cardoso1570.n12283.sg01,1,,ainda que,
ut,lilaLemma:130906,Faria,Faria1994.n33117.e11,Faria1994.n33117.sg11,6,,"Ainda que, embora",concessiva:
cum,lilaLemma:97202,Faria,Faria1994.n08332.e01,Faria1994.n08332.sg01,3,,"Ainda que, embora, posto que, conquanto","sent. concessivo Cíc. Br. 26; Cíc. Verr. 2, 25.; Lucr. 5, 394."
si,lilaLemma:124676,Fonseca,Fonseca1798.n27705.e01,Fonseca1798.n27705.sg01,2,Ter.,"ainda que, posto que.",
etiam,lilaLemma:101554,Faria,Faria1994.n11430.e01,Faria1994.n11430.sg01,2,"Daí, em sent. mais geral:","Ainda, além disso, também","Cíc. Fin. 2, 17."
uel,lilaLemma:129695,Fonseca,Fonseca1798.n31278.e01,Fonseca1798.n31278.sg01,2,,"ainda, tambem.",
et2,lilaLemma:101541,Fonseca,Fonseca1798.n10490.e02,Fonseca1798.n10490.sg02,2,,ainda.,
tu,lilaLemma:129131,Velez,Velez1744.n3352.e01,Velez1744.n3352.sg01,1,,ajunta-se ao pronome tu,
uinco,lilaLemma:130232,Fonseca,Fonseca1798.n31750.e01,Fonseca1798.n31750.sg01,2,,"alcançar, obter.",
fero,lilaLemma:103126,Fonseca,Fonseca1798.n11688.e01,Fonseca1798.n11688.sg01,5,,"alcançar, obter.",
tum,lilaLemma:129198,Faria,Faria1994.n32658.e01,Faria1994.n32658.sg01,3,II-Donde:,"Além disso, por outro lado","Cés. B. Gal. 7, 56, 2."
aliquis,lilaLemma:91108,Faria,Faria1994.n01560.e01,Faria1994.n01560.sg01,3,,Alguém ou alguma coisa,"de importância Cíc. Verr. 5, II."
qui,lilaLemma:121354,Faria,Faria1994.n26549.e01,Faria1994.n26549.sg01,8,III-Indefinido:,"Alguém, algum:",
quisquam,lilaLemma:121315,Velez,Velez1744.n2887.e01,Velez1744.n2887.sg01,1,,"alguem, ou algum",
aliquis,lilaLemma:91108,Velez,Velez1744.n0228.e01,Velez1744.n0228.sg01,1,,"alguem, ou alguma cousa",
ullus,lilaLemma:130494,Cardoso,Cardoso1570.n26423.e01,Cardoso1570.n26423.sg01,1,,algum,
aliquis,lilaLemma:91108,Faria,Faria1994.n01560.e01,Faria1994.n01560.sg01,1,,"Algum, alguém, alguma coisa","indeterminado, mas existente:"
aliquis,lilaLemma:91108,Faria,Faria1994.n01560.e01,Faria1994.n01560.sg01,2,,"Algum, alguém, alguma coisa",não importa qual:
quisquam,lilaLemma:121315,Fonseca,Fonseca1798.n25106.e01,Fonseca1798.n25106.sg01,1,Cic.,"algum, alguem, qualquer.",
quisquam,lilaLemma:121315,Faria,Faria1994.n26656.e01,Faria1994.n26656.sg01,1,,"Algum, alguma coisa, alguém:",
quis,lilaLemma:121165,Faria,Faria1994.n26653.e01,Faria1994.n26653.sg01,3,II-Indef.:,"Algum, alguma, alguém, alguma coisa",Cíc. Par. 44.
ullus,lilaLemma:130494,Faria,Faria1994.n32885.e01,Faria1994.n32885.sg01,1,,"Algum, alguma, alguém, alguma coisa, coisa alguma, ninguém, nada",com uma negação Cíc. Br. 312; Cíc. Clu. 39; Cíc. Planc. 6.
quis,lilaLemma:121165,Faria,Faria1994.n26653.e01,Faria1994.n26653.sg01,4,II-Indef.:,"Algum, alguma, alguém. alguma coisa","depois de si, nisi, ne, num, cum, etc.:"
aliquis,lilaLemma:91108,Fonseca,Fonseca1798.n01272.e01,Fonseca1798.n01272.sg01,1,Cic.,algum.,
ullus,lilaLemma:130494,Fonseca,Fonseca1798.n31961.e01,Fonseca1798.n31961.sg01,1,Cic.,algum.,
aliquis,lilaLemma:91108,Cardoso,Cardoso1570.n01045.e01,Cardoso1570.n01045.sg01,1,,algum. ou algũa,
aliquis,lilaLemma:91108,Faria,Faria1994.n01560.e01,Faria1994.n01560.sg01,4,,"Alguma, alguém = qualquer","com sentido irônico Cíc. Phil. 2, 14."
quidam,lilaLemma:121313,Faria,Faria1994.n26561.e01,Faria1994.n26561.sg01,3,Forma subs.: No plural:,"Alguns, vários","T. Lív. 23, 30, 7."
amicus,lilaLemma:88684,Faria,Faria1994.n01866.e01,Faria1994.n01866.sg01,3,"II-Daí, em sentido figurado",Aliado,"Cíc. Verr. 4, 67."
uita,lilaLemma:130393,Fonseca,Fonseca1798.n31872.e01,Fonseca1798.n31872.sg01,3,Plaut.,"alimento, sustento.",
dico,lilaLemma:99302,Saraiva,Saraiva1910.xDico,Saraiva1910.xDico.sg01,11,,"alistar-se, assentar praça.",
do,lilaLemma:99970,Saraiva,Saraiva1910.xDo,Saraiva1910.xDo.sg01,9,Dare nomen.,alistar-se;,
alius,lilaLemma:88481,Faria,Faria1994.n01575.e01,Faria1994.n01575.sg01,6,Em locuções:,"alius ac, atque, et, praeter, quam, diferente de: unicamente","Cíc. Verr. 2, 128."
alius,lilaLemma:88481,Faria,Faria1994.n01575.e01,Faria1994.n01575.sg01,8,,Alius alium marcando reciprocidade ou alternativa: um a outro,"Cíc. Rep. 3, 23."
uita,lilaLemma:130393,Fonseca,Fonseca1798.n31872.e01,Fonseca1798.n31872.sg01,2,Virg.,alma.,
uita,lilaLemma:130393,Faria,Faria1994.n34014.e01,Faria1994.n34014.sg01,8,II-Sent figurado,"Almas, sombras","dos mortos Verg. En. 6, 292."
alter,lilaLemma:88457,Faria,Faria1994.n01673.e01,Faria1994.n01673.sg01,5,,"Alter ...alter: um...outro, o primeiro ... o segundo; alteri ... alteri",sentido coletivo Cíc. Sest. 96.
alter,lilaLemma:88457,Faria,Faria1994.n01673.e01,Faria1994.n01673.sg01,9,,Alter alterum: um ao outro,Cíc. Clu. 122.
alter,lilaLemma:88457,Faria,Faria1994.n01673.e01,Faria1994.n01673.sg01,6,,"Alterum fantum: outro tanto, o dobro","T. Lív. 1, 36, 7."
dominus,lilaLemma:98084,Faria,Faria1994.n10328.e01,Faria1994.n10328.sg01,4,II-Daí,Amante,"Ov. Am. 3, 7, 1."
amicus,lilaLemma:88684,Faria,Faria1994.n01866.e01,Faria1994.n01866.sg01,1,I-Sent. próprio,Amigo,"Cíc. Of. 1, 63."
amicus,lilaLemma:88684,Fonseca,Fonseca1798.n01527.e01,Fonseca1798.n01527.sg01,1,Cic.,amigo.,
saepe,lilaLemma:123106,Fonseca,Fonseca1798.n26505.e01,Fonseca1798.n26505.sg01,1,,"amiude, muitas vezes.",
facio,lilaLemma:102758,Saraiva,Saraiva1910.xFacio,Saraiva1910.xFacio.sg01,13,,"andar, percorrer um espaço, completar, passar tempo, viver;",
animus,lilaLemma:89094,Fonseca,Fonseca1798.n01750.e01,Fonseca1798.n01750.sg01,1,Cic.,"animo, alma.",
uis,lilaLemma:130360,Faria,Faria1994.n33993.e01,Faria1994.n33993.sg01,9,IV-Sent figurado:,Animosidade,"Cíc. Verr. 4, 69."
annus,lilaLemma:89129,Fonseca,Fonseca1798.n01789.e01,Fonseca1798.n01789.sg01,1,Cic.,anno.,
fero,lilaLemma:103126,Saraiva,Saraiva1910.xFero,Saraiva1910.xFero.sg01,9,,"annunciar, dizer, referir, contar, relatar;",
annus,lilaLemma:89129,Faria,Faria1994.n02220.e01,Faria1994.n02220.sg01,1,I-Sent. próprio,Ano,Cíc. C. M. 24.
pater,lilaLemma:116203,Fonseca,Fonseca1798.n21104.e01,Fonseca1798.n21104.sg01,2,No plur.,"antepassados, maiores.",
magis,lilaLemma:111271,Faria,Faria1994.n18702.e01,Faria1994.n18702.sg01,3,I-Nas comparações:,"Antes, de preferência",Cíc. Lae. 25: Cíc. At. 10. 8. 2.
at,lilaLemma:87415,Velez,Velez1744.n0417.e01,Velez1744.n0417.sg01,2,ponitur & pro Saltem,ao menos,
capio,lilaLemma:92686,Faria,Faria1994.n04907.e01,Faria1994.n04907.sg01,1,I-Sent. próprio,"Apanhar, tomar nas mãos, agarrar",com ideia accessória de conter:
in,lilaLemma:106748,Faria,Faria1994.n15371.e01,Faria1994.n15371.sg01,17,II-Com abl. sem movimento. Sent. próprio e figurado:-Sents. diversos:,"Apesar de, dado que:",
capio,lilaLemma:92686,Fonseca,Fonseca1798.n03927.e01,Fonseca1798.n03927.sg01,3,,"apoderar-se, cativar.",
accipio,lilaLemma:87119,Faria,Faria1994.n00281.e01,Faria1994.n00281.sg01,4,"II-Donde, em sentido intelectual:",Aprender,Cíc. Arch. 18.
uenio,lilaLemma:129790,Saraiva,Saraiva1910.xVenio,Saraiva1910.xVenio.sg01,6,,"apresentar-se aos olhos, dar na vista;",
uenio,lilaLemma:129790,Faria,Faria1994.n33489.e01,Faria1994.n33489.sg01,3,I-Donde:,"Apresentar-se, mostrar-se","Cíc. Fin. 1, 24."
capio,lilaLemma:92686,Faria,Faria1994.n04907.e01,Faria1994.n04907.sg01,5,II-Sent. figurado:,"Aprisionar, fazer prisioneiro","Cíc. Verr. 5, 72."
ille,lilaLemma:106221,Faria,Faria1994.n14953.e01,Faria1994.n14953.sg01,1,I-Sent. próprio,"Aquele, aquela, aquilo; ele, ela, o, a","designando o que está mais longe com referência a quem fala Cíc. Verr. 4, 147."
ille,lilaLemma:106221,Cardoso,Cardoso1570.n09536.e01,Cardoso1570.n09536.sg01,1,,aquelle,
ille,lilaLemma:106221,Fonseca,Fonseca1798.n13971.e01,Fonseca1798.n13971.sg01,1,Cic.,"aquelle, aquella, aquillo.",
hinc,lilaLemma:105454,Fonseca,Fonseca1798.n13673.e01,Fonseca1798.n13673.sg01,2,Virg.,aqui.,
miles,lilaLemma:112318,Fonseca,Fonseca1798.n18283.e01,Fonseca1798.n18283.sg01,3,Ulp.,"archeiro, homem que levava as insignias dos Magistrados.",
ratio,lilaLemma:121458,Faria,Faria1994.n26805.e01,Faria1994.n26805.sg01,5,II-Daí:,"Argumentação, razão determinante, causa, motivo, prova","na língua filosófica. Cíc. Nat. 2, 22."
grauis,lilaLemma:104903,Faria,Faria1994.n13918.e01,Faria1994.n13918.sg01,4,II-Em particular:,Armado pesadamente,"T. Lív. 3 I, 39, 2."
arma,lilaLemma:89998,Fonseca,Fonseca1798.n02337.e01,Fonseca1798.n02337.sg01,1,Cic.,"armas defensivas, e offensivas.",
arma,lilaLemma:89998,Faria,Faria1994.n02868.e01,Faria1994.n02868.sg01,1,I-Sent. próprio,"Armas em geral, armas defensivas",em oposição a «tela» Cés. B. Gal. 3. 14. 2.
arma,lilaLemma:89998,Velez,Velez1744.n0377.e01,Velez1744.n0377.sg01,1,,"armas, ou instrumentos de quasi todas as artes, e officios",
manus,lilaLemma:111585,Fonseca,Fonseca1798.n17865.e01,Fonseca1798.n17865.sg01,4,Luc.,"arpéo, manópla com que se afferrão as náos na guerra.",
castra,lilaLemma:138599,Fonseca,Fonseca1798.n04143.e01,Fonseca1798.n04143.sg01,1,Cic.,"arraial, acampamento do exercito.",
ago,lilaLemma:88140,Saraiva,Saraiva1910.xAgo,Saraiva1910.xAgo.sg01,2,,"arrastar, levar após si;",
refero,lilaLemma:122494,Fonseca,Fonseca1798.n25507.e01,Fonseca1798.n25507.sg01,5,Virg.,"arremedar, assimilhar, imitar.",
mitto,lilaLemma:112499,Fonseca,Fonseca1798.n18454.e01,Fonseca1798.n18454.sg01,3,Caes.,"arrojar, atirar.",
nomen,lilaLemma:113797,Fonseca,Fonseca1798.n19378.e01,Fonseca1798.n19378.sg01,6,,"articulo de huma conta, ou de huma memoria.",
arma,lilaLemma:89998,Cardoso,Cardoso1570.n02032.e01,Cardoso1570.n02032.sg01,1,,as armas. ou aparelhos pera fazer qualquer cousa,
paruus,lilaLemma:116136,Faria,Faria1994.n22415.e01,Faria1994.n22415.sg01,8,III-No m. pl. usado substantivadamente:,As crianças,Cíc. Fin. 3. 16.
terra,lilaLemma:127912,Faria,Faria1994.n31558.e01,Faria1994.n31558.sg01,6,II-No pl.:,"As nações, o universo","Cíc. Agr. 2, 33."
suus,lilaLemma:127165,Faria,Faria1994.n31048.e01,Faria1994.n31048.sg01,5,"II-No n. pl.: sua, -ōrum:","As suas propriedades, os seus bens, a sua fortuna","Cés. B. Gal. 1, 43."
uis,lilaLemma:130360,Faria,Faria1994.n33993.e01,Faria1994.n33993.sg01,6,III-Sent. particular:,"Assalto, ataque","Cés. B. Gal. 4, 4, 4."
senatus,lilaLemma:124309,Faria,Faria1994.n28939.e01,Faria1994.n28939.sg01,1,I-Sent. próprio,"Assembléia dos velhos, senado:",
cognosco,lilaLemma:94738,Fonseca,Fonseca1798.n05328.e01,Fonseca1798.n05328.sg01,3,,"asseverar em juizo, que conhece alguem.",
ita,lilaLemma:109126,Cardoso,Cardoso1570.n11514.e01,Cardoso1570.n11514.sg01,1,,assi,
sic,lilaLemma:124690,Cardoso,Cardoso1570.n22398.e01,Cardoso1570.n22398.sg01,1,,assi,
ut2,lilaLemma:130905,Cardoso,Cardoso1570.n26792.e01,Cardoso1570.n26792.sg01,1,,assi como,
igitur,lilaLemma:106127,Cardoso,Cardoso1570.n09483.e01,Cardoso1570.n09483.sg01,1,,assi que,
dico,lilaLemma:99302,Saraiva,Saraiva1910.xDico,Saraiva1910.xDico.sg01,8,,"assignar, determinar, fixar, regular;",
itaque,lilaLemma:109129,Velez,Velez1744.n1869.e01,Velez1744.n1869.sg01,2,"cum duae sunt partes, habet accentum in penult. Itaq. significat que & ita",assim,
ita,lilaLemma:109126,Faria,Faria1994.n17074.e01,Faria1994.n17074.sg01,3,Como correlativo de ut nas comparações:,assim ... como,Plaut. Merc. 262.
ut2,lilaLemma:130905,Velez,Velez1744.n3613.e01,Velez1744.n3613.sg01,1,,assim como,
si,lilaLemma:124676,Fonseca,Fonseca1798.n27705.e01,Fonseca1798.n27705.sg01,7,Plaut.,"assim como, como se.",
ut2,lilaLemma:130905,Faria,Faria1994.n33117.e01,Faria1994.n33117.sg01,2,,"Assim como, como, do mesmo modo","em correlação com sic, ou ita:"
ut2,lilaLemma:130905,Fonseca,Fonseca1798.n32299.e01,Fonseca1798.n32299.sg01,1,Cic.,"assim como, como.",
uel,lilaLemma:129695,Fonseca,Fonseca1798.n31278.e01,Fonseca1798.n31278.sg01,3,Ter.,assim como.,
itaque,lilaLemma:109129,Velez,Velez1744.n1869.e01,Velez1744.n1869.sg01,1,"unica dictio ex Ita, & Que accentum habent in prima, poniturque pro Ergo, vel Igitur","assim que, por tanto",
sic,lilaLemma:124690,Fonseca,Fonseca1798.n27711.e01,Fonseca1798.n27711.sg01,1,Cic.,"assim, de tal maneira, de sorte, de modo.",
ita,lilaLemma:109126,Fonseca,Fonseca1798.n16312.e01,Fonseca1798.n16312.sg01,1,Cic.,"assim, de tal sorte, sim, tambem, na verdade, sem duvida, por tanto.",
sic,lilaLemma:124690,Faria,Faria1994.n29246.e01,Faria1994.n29246.sg01,1,,"Assim, desta maneira, eis como",Cíc. Br. 310.
ita,lilaLemma:109126,Faria,Faria1994.n17074.e01,Faria1994.n17074.sg01,1,Especifica uma coisa dita ou que vai ser dita:,"assim, deste modo, como disse, como se segue","Cíc. Clu. 51; C ic. Verr. 5, 110."
sic,lilaLemma:124690,Velez,Velez1744.n3127.e01,Velez1744.n3127.sg01,1,,"assim, deste, ou de tal modo",
sic,lilaLemma:124690,Faria,Faria1994.n29246.e01,Faria1994.n29246.sg01,3,,"Assim, nem mais nem menos, pura e simplesmente","Cíc. Fin. 5, 7."
ita,lilaLemma:109126,Faria,Faria1994.n17074.e01,Faria1994.n17074.sg01,4,"Daí, nas fórmulas de afirmação, exprimindo um desejo podendo aliás ut vir explícito ou não:","assim, oxalá:",
itaque,lilaLemma:109129,Faria,Faria1994.n17084.e01,Faria1994.n17084.sg01,2,,"Assim, por exemplo",Cíc. Fin. 2. 12.
nam,lilaLemma:113344,Faria,Faria1994.n20149.e01,Faria1994.n20149.sg01,6,II-Conj.:,"Assim, por exemplo",Cíc. Br. 81.
sic,lilaLemma:124690,Fonseca,Fonseca1798.n27721.e01,Fonseca1798.n27721.sg01,1,Prop.,assim.,
itaque,lilaLemma:109129,Cardoso,Cardoso1570.n11517.e01,Cardoso1570.n11517.sg01,1,,assique,
res,lilaLemma:121868,Faria,Faria1994.n27428.e01,Faria1994.n27428.sg01,3,II-Sent. particular:,"Assunto judiciário, litígio, questão judicial, processo",Cíc. Mil. 15.
uenio,lilaLemma:129790,Saraiva,Saraiva1910.xVenio,Saraiva1910.xVenio.sg01,2,Venire contra.,"atacar, aggredir",fig.;
etiam,lilaLemma:101554,Cardoso,Cardoso1570.n06949.e01,Cardoso1570.n06949.sg01,1,,atê,
dum,lilaLemma:100236,Faria,Faria1994.n10480.e01,Faria1994.n10480.sg01,2,,Até que,"Plaut. As. 327-328: Cíc Fam. 12, 19, 3: Cés. B. Gal. 7, 23, 4."
ad,lilaLemma:87344,Faria,Faria1994.n00519.e01,Faria1994.n00519.sg01,3,I-Sent. Temporal:,"Até, em, durante, por, dentro de:",
in,lilaLemma:106748,Faria,Faria1994.n15371.e01,Faria1994.n15371.sg01,3,I-Com acus. indicando resultado de um movimento. Sent. próprio e figurado:-Sent. temporal:,"Até, para","Hor. Ep. I, 18, 34: Cíc. Fam. 5, 15, 1."
uero,lilaIpoLemma:111474,Faria,Faria1994.n33589.e01,Faria1994.n33589.sg01,4,,"Até, também, ainda","no meio da frase, para inserir outro fato Cíc. Mur. 45."
do,lilaLemma:99970,Saraiva,Saraiva1910.xDo,Saraiva1910.xDo.sg01,5,,"atirar, deitar, lançar;",
per,lilaLemma:116569,Faria,Faria1994.n22800.e01,Faria1994.n22800.sg01,1,Sent. local:,"Através de, por, por entre:",
pono,lilaLemma:118414,Faria,Faria1994.n24532.e01,Faria1994.n24532.sg01,5,II-Donde:,"Atribuir, considerar como, fazer consistir em","Cíc. Fin. 2, 86."
uideo,lilaLemma:130163,Saraiva,Saraiva1910.xVideo,Saraiva1910.xVideo.sg01,6,,"attender, observar;",
ago,lilaLemma:88140,Saraiva,Saraiva1910.xAgo,Saraiva1910.xAgo.sg01,2,,"attrahir, convidar, engodar, ter attractivo;",
uoco,lilaLemma:130729,Fonseca,Fonseca1798.n32139.e01,Fonseca1798.n32139.sg01,5,Cic.,"attrahir, convidar.",
do,lilaLemma:99970,Saraiva,Saraiva1910.xDo,Saraiva1910.xDo.sg01,12,,"attribuir, imputar, lançar a culpa a;",
do,lilaLemma:99970,Velez,Velez1744.n1100.e01,Velez1744.n1100.sg01,2,por,"attribuir, ou imputar",duos dativ. praeter accus.
do,lilaLemma:99970,Fonseca,Fonseca1798.n09326.e01,Fonseca1798.n09326.sg01,2,,attribuir.,
aut,lilaLemma:90827,Faria,Faria1994.n03588.e01,Faria1994.n03588.sg01,3,,aut .. aut; ou ... ou; ou ... ou então; ou ... pelo menos,"Cíc. Caec. 57; Cíc. Tusc. 3, 38."
uis,lilaLemma:130360,Fonseca,Fonseca1798.n31852.e01,Fonseca1798.n31852.sg01,4,,"autoridade, credito, poder.",
locus,lilaLemma:110019,Fonseca,Fonseca1798.n17311.e01,Fonseca1798.n17311.sg01,6,,"autoridade, gráo.",
manus,lilaLemma:111585,Faria,Faria1994.n18917.e01,Faria1994.n18917.sg01,4,II-Sent. figurado,"Autoridade, poder",termo jurídico:
imperium,lilaLemma:106532,Fonseca,Fonseca1798.n14239.e01,Fonseca1798.n14239.sg01,2,,"autoridade, poder, imperio dos Magistrados civis, e militares.",
ius,lilaLemma:109252,Fonseca,Fonseca1798.n16407.e01,Fonseca1798.n16407.sg01,2,,"autoridade, poder.",
imperium,lilaLemma:106532,Faria,Faria1994.n15225.e01,Faria1994.n15225.sg01,5,I-No pl.:,"Autoridades. magistrados ou comandantes, generais",Cés. B. C iv. I. 31. 1.
puto,lilaLemma:120610,Faria,Faria1994.n26280.e01,Faria1994.n26280.sg01,5,II-E depois:,"Avaliar, considerar, estimar",Cíc. Phil. 7. 5: Cíc. De Or. 2. 344.
habeo,lilaLemma:105044,Saraiva,Saraiva1910.xHabeo,Saraiva1910.xHabeo.sg01,10,,"avaliar, presar, estimar;",
uenio,lilaLemma:129790,Saraiva,Saraiva1910.xVenio,Saraiva1910.xVenio.sg01,2,,"avançar, accommetter, atacar, aggredir, vir, cair sobre, dar sobre;",
at,lilaLemma:87415,Cardoso,Cardoso1570.n02262.e01,Cardoso1570.n02262.sg01,1,,ay. ou mas,
fortuna,lilaLemma:103696,Faria,Faria1994.n13047.e01,Faria1994.n13047.sg01,5,"II-Daí, no pl.:","Azares da sorte, circunstâncias felizes ou infelizes, sorte. situação",Cíc. Sull. 66.
bene,lilaLemma:91473,Cardoso,Cardoso1570.n02621.e01,Cardoso1570.n02621.sg01,1,,bem,
bonum,lilaLemma:91351,Faria,Faria1994.n04248.e01,Faria1994.n04248.sg01,1,I-Sent. próprio,Bem,"moral Cíc. De Or. 1, 222."
bene,lilaLemma:91473,Fonseca,Fonseca1798.n03179.e01,Fonseca1798.n03179.sg01,1,Cic.,"bem, excellentemente.",
bene,lilaLemma:91473,Velez,Velez1744.n0494.e01,Velez1744.n0494.sg01,1,,"bem, ou muito",
bonum,lilaLemma:91351,Fonseca,Fonseca1798.n03389.e01,Fonseca1798.n03389.sg01,1,Cic.,"bem, utilidade, proveito, commodo.",
bene,lilaLemma:91473,Faria,Faria1994.n03984.e01,Faria1994.n03984.sg01,1,I-Sent. próprio e geral:,"bem. Junto a verbos e advérbios, reforçando-lhes o sentido","Cíc. C. M. 57; Cic. Sest. 23; Verr. 2, 169."
res,lilaLemma:121868,Faria,Faria1994.n27428.e01,Faria1994.n27428.sg01,1,I-Sent. próprio,"Bens, propriedade, posses, interesse em alguma coisa","Cés. B. Gal. 1, 18, 4."
fortuna,lilaLemma:103696,Fonseca,Fonseca1798.n12178.e01,Fonseca1798.n12178.sg01,4,No plur.,"bens, riquezas.",
fides,lilaLemma:103260,Fonseca,Fonseca1798.n11800.e01,Fonseca1798.n11800.sg01,1,Cic.,"boa fé, fidelidade.",
fortuna,lilaLemma:103696,Faria,Faria1994.n13047.e01,Faria1994.n13047.sg01,3,II-Especializou-se em:,"Boa sorte, bom êito, felicidade","C ic. At. 5. II, I."
fides,lilaLemma:103260,Faria,Faria1994.n12729.e01,Faria1994.n12729.sg01,3,III-Sents. diversos:,"Boa-fé, lealdade, fidelidade a palavra dada. sinceridade. consciência. retidão, honra. honestidade","Cíc. Cat. 2. 25; Cíc. Yerr. 5, 177."
consilium,lilaLemma:96060,Faria,Faria1994.n07368.e01,Faria1994.n07368.sg01,5,I-Com ideia de relevo:,"Bom conselho, opinião, prudência",Cíc. Clu. 85.
bonus,lilaLemma:91782,Faria,Faria1994.n04249.e01,Faria1994.n04249.sg01,1,I-Sent. próprio,"Bom, boa",Cíc. Clu. 108: Cíc. Sest. 98.
bonus,lilaLemma:91782,Fonseca,Fonseca1798.n03390.e01,Fonseca1798.n03390.sg01,1,Cic.,"bom, propicio, favoravel.",
bonus,lilaLemma:91782,Fonseca,Fonseca1798.n03390.e01,Fonseca1798.n03390.sg01,2,,bono genere natus.,
paruus,lilaLemma:116136,Faria,Faria1994.n22415.e01,Faria1994.n22415.sg01,2,II-Sent. particular,"Breve, curto","Cíc. Verr. 5, 165."
paruus,lilaLemma:116136,Fonseca,Fonseca1798.n21052.e01,Fonseca1798.n21052.sg01,3,Ter.,breve.,
mitto,lilaLemma:112499,Fonseca,Fonseca1798.n18454.e01,Fonseca1798.n18454.sg01,4,Plin.,"brotar, arrebentar as arvores, & c.",
quaero,lilaLemma:121047,Velez,Velez1744.n2845.e01,Velez1744.n2845.sg01,1,,"buscar, ou acquirir",accus.
quaero,lilaLemma:121047,Fonseca,Fonseca1798.n24888.e01,Fonseca1798.n24888.sg01,1,Cic.,"buscar, procurar.",
quaero,lilaLemma:121047,Cardoso,Cardoso1570.n19766.e01,Cardoso1570.n19766.sg01,1,,buscar. ou pregũtar,
quisque,lilaLemma:121320,Fonseca,Fonseca1798.n25107.e01,Fonseca1798.n25107.sg01,2,,cada hum.,
quisque,lilaLemma:121320,Faria,Faria1994.n26657.e01,Faria1994.n26657.sg01,2,,"Cada um de dois, ambos","Ov. F. 2, 715."
quisque,lilaLemma:121320,Faria,Faria1994.n26657.e01,Faria1994.n26657.sg01,1,,"Cada um, cada:",
mors,lilaLemma:112807,Faria,Faria1994.n19851.e01,Faria1994.n19851.sg01,2,I-Daí:,"Cadáver, corpo morto","Prop. 3, 5, 22."
mors,lilaLemma:112807,Fonseca,Fonseca1798.n18666.e01,Fonseca1798.n18666.sg01,2,Plin.,cadaver.,
uenio,lilaLemma:129790,Saraiva,Saraiva1910.xVenio,Saraiva1910.xVenio.sg01,12,,cair em;,
sequor,lilaLemma:124461,Faria,Faria1994.n29068.e01,Faria1994.n29068.sg01,6,III-Sents. especiais:,"Cair por sorte a, caber a","T. Lív. 33, 13, 10."
uenio,lilaLemma:129790,Saraiva,Saraiva1910.xVenio,Saraiva1910.xVenio.sg01,3,,"cair, tombar;",
ratio,lilaLemma:121458,Faria,Faria1994.n26805.e01,Faria1994.n26805.sg01,2,II-Sent. figurado,"Cálculo, consideração, interesse, empenho, causa, partido",Cic. Verr. 5. 38.
ratio,lilaLemma:121458,Faria,Faria1994.n26805.e01,Faria1994.n26805.sg01,1,I-Sent. próprio,"Cálculo, conta, objeto de cálculo, livro de contas, registro","Cés. B. Gal. 7, 71, 4; Cic. Verr. 5, 71; Cíc. Verr. 5. 147."
ago,lilaLemma:88140,Saraiva,Saraiva1910.xAgo,Saraiva1910.xAgo.sg01,1,"Agere se, ou Agi, e tambem Agere","caminhar, ir, vir;",
dico,lilaLemma:99302,Faria,Faria1994.n09678.e01,Faria1994.n09678.sg01,4,II-Outros sentidos,"Cantar, celebrar","Hor. O. 1, 21, 1."
animus,lilaLemma:89094,Faria,Faria1994.n02174.e01,Faria1994.n02174.sg01,4,"Donde, na língua poética:","Carater, condição, natureza",Verg. G. 2. 51.
corpus,lilaLemma:96667,Faria,Faria1994.n07899.e01,Faria1994.n07899.sg01,8,II-Sent. figurado:,"Carne, gordura","Cíc. Nat. 2, 139."
domus,lilaLemma:100071,Faria,Faria1994.n10345.e01,Faria1994.n10345.sg01,1,I-Sent. próprio,"Casa, domicílio, morada","Cíc. Fin. 5, 42; Cíc. Or. 89."
domus,lilaLemma:100071,Fonseca,Fonseca1798.n09397.e01,Fonseca1798.n09397.sg01,1,Cic.,"casa, habitação.",
castra,lilaLemma:138599,Faria,Faria1994.n05136.e01,Faria1994.n05136.sg01,2,I-Daí:,Caserna,"Tác An. 4, 2."
locus,lilaLemma:110019,Faria,Faria1994.n18255.e01,Faria1994.n18255.sg01,4,II-Sents. diversos:,"Categoria, posição, situação, condição, estado, emprego",Cíc. Clu. 150.
capio,lilaLemma:92686,Cardoso,Cardoso1570.n03228.e01,Cardoso1570.n03228.sg01,1,,catiuar. ou namorar,
teneo,lilaLemma:127822,Faria,Faria1994.n31462.e01,Faria1994.n31462.sg01,7,A-Tr.-Sent. figurado:,"Cativar, encantar, seduzir","Cíc. Br. 232; Cíc. Fin. 5, 48."
fides,lilaLemma:103260,Fonseca,Fonseca1798.n11800.e01,Fonseca1798.n11800.sg01,6,Ulp.,"caução, fiança.",
causa,lilaLemma:93253,Faria,Faria1994.n05244.e01,Faria1994.n05244.sg01,2,"II-Daí, na língua do direito","Causa de uma das partes num processo, processo, questão, litígio","Cíc. De Or. 2, 114."
causa,lilaLemma:93253,Faria,Faria1994.n05244.e01,Faria1994.n05244.sg01,1,I-Sent. próprio,"Causa, motivo, razão","Cíc. Tusc. 3, 23."
causa,lilaLemma:93253,Fonseca,Fonseca1798.n04262.e01,Fonseca1798.n04262.sg01,1,Cic.,"causa, origem, principio.",
do,lilaLemma:99970,Saraiva,Saraiva1910.xDo,Saraiva1910.xDo.sg01,1,,"causar, grangear, agenciar;",
do,lilaLemma:99970,Faria,Faria1994.n10264.e01,Faria1994.n10264.sg01,6,II-Empregos diversos:,"Causar, produzir",Ter. And. 143.
uoco,lilaLemma:130729,Faria,Faria1994.n34099.e01,Faria1994.n34099.sg01,8,II-Na língua militar:,"Causar, suscitar","Cíc. At. 3, 7. 2; Cíc. Verr. 5. 10."
sequor,lilaLemma:124461,Faria,Faria1994.n29068.e01,Faria1994.n29068.sg01,4,II-Sent. figurado:,"Ceder sem resistência. conformar-se, obedecer",Verg. En. 6. 146.
do,lilaLemma:99970,Saraiva,Saraiva1910.xDo,Saraiva1910.xDo.sg01,3,,"ceder, entregar;",
habeo,lilaLemma:105044,Saraiva,Saraiva1910.xHabeo,Saraiva1910.xHabeo.sg01,12,,celebrar uma assemblêa;,
ad,lilaLemma:87344,Faria,Faria1994.n00519.e01,Faria1994.n00519.sg01,9,Desses Sentidos gerais e básicos de “em direção a” ou “na vizinhança de” decorrem numerosas acepções derivadas:,"Cerca de, pouco mais ou menos","com numerais Cés. B. Gal. 1, 4, 2."
aliquis,lilaLemma:91108,Faria,Faria1994.n01560.e01,Faria1994.n01560.sg01,5,,"Cerca de, uns","com números Plaut, Men. 950."
uero,lilaIpoLemma:111474,Velez,Velez1744.n3543.e01,Velez1744.n3543.sg01,1,,"certamente, na verdade, porem, mas",
uero,lilaIpoLemma:111474,Fonseca,Fonseca1798.n31472.e01,Fonseca1798.n31472.sg01,1,Cic.,"certamente, na verdade.",
ne3,lilaLemma:113490,Faria,Faria1994.n20284.e01,Faria1994.n20284.sg01,1,,"Certamente, sim",Plaut. Men. 899.
Caesar,lilaLemma:1947,Faria,Faria1994.n04547.e01,Faria1994.n04547.sg01,1,,"César, nome de família na “gens” Júlia, da qual Caio Júlio César foi o membro mais proeminente. «Caesar». no Império passou a ser o título dos imperadores romanos.",
uoco,lilaLemma:130729,Cardoso,Cardoso1570.n26632.e01,Cardoso1570.n26632.sg01,1,,chamar,
gero,lilaLemma:104536,Faria,Faria1994.n13657.e01,Faria1994.n13657.sg01,2,II-Sent. figurado,"Chamar a si, incumbir-se voluntariamente de, sair-se bem",Varr. L. Lat. 6. 77.
dico,lilaLemma:99302,Saraiva,Saraiva1910.xDico,Saraiva1910.xDico.sg01,6,,"chamar, appellidar;",
dico,lilaLemma:99302,Faria,Faria1994.n09678.e01,Faria1994.n09678.sg01,3,II-Outros sentidos,"Chamar, denominar, designar","Cíc Ac. 1, 17."
uoco,lilaLemma:130729,Faria,Faria1994.n34099.e01,Faria1994.n34099.sg01,1,I-Sent. próprio,"Chamar, mandar vir","Cés. B. Gal. 1, 20. 6; Verg. En. 7. 614."
uoco,lilaLemma:130729,Fonseca,Fonseca1798.n32139.e01,Fonseca1798.n32139.sg01,1,Cic.,chamar.,
pater,lilaLemma:116203,Faria,Faria1994.n22464.e01,Faria1994.n22464.sg01,6,IV-Sent. concreto:,"Chefe de família, dono da casa","Cíc. Rep. 5, 4."
dominus,lilaLemma:98084,Faria,Faria1994.n10328.e01,Faria1994.n10328.sg01,2,II-Daí,"Chefe, soberano, árbitro","sent. próprio e figurado Cíc. Rep. 1, 48."
uenio,lilaLemma:129790,Saraiva,Saraiva1910.xVenio,Saraiva1910.xVenio.sg01,6,,chegar um arremessão;,
uenio,lilaLemma:129790,Saraiva,Saraiva1910.xVenio,Saraiva1910.xVenio.sg01,6,,"chegar um som, um ruído;",
ciuis,lilaLemma:94399,Faria,Faria1994.n06022.e01,Faria1994.n06022.sg01,1,,"Cidadão ou cidadã membros livres de uma cidade a que pertencem por origem ou adoção, concidadão","Cíc. Cat. 1, 17."
ciuis,lilaLemma:94399,Fonseca,Fonseca1798.n05045.e01,Fonseca1798.n05045.sg01,1,Cic.,"cidadão, Cidadoa.",
urbs,lilaLemma:130822,Faria,Faria1994.n33062.e01,Faria1994.n33062.sg01,1,I-Sent. próprio,Cidade,"em oposição a rus “campo”, e arx ‘a cidadela’ T. Lív. 9, 41, 16."
urbs,lilaLemma:130822,Fonseca,Fonseca1798.n32232.e01,Fonseca1798.n32232.sg01,2,Hor.,cidade de Roma.,
urbs,lilaLemma:130822,Faria,Faria1994.n33062.e01,Faria1994.n33062.sg01,3,II-Por extensão:,"Cidade, população de uma cidade, cidadãos","Verg. En. 2, 265."
ciuitas,lilaLemma:94400,Fonseca,Fonseca1798.n05046.e01,Fonseca1798.n05046.sg01,1,Cic.,cidade.,
urbs,lilaLemma:130822,Fonseca,Fonseca1798.n32232.e01,Fonseca1798.n32232.sg01,1,Cic.,cidade.,
tempus,lilaLemma:127522,Faria,Faria1994.n31440.e01,Faria1994.n31440.sg01,4,II-Sent. particular:,"Circunstância, posição, situação moral, interesses","Cíc. Agr. 2, 80."
lex,lilaLemma:110351,Faria,Faria1994.n17969.e01,Faria1994.n17969.sg01,3,II-Daí,"Cláusula, condição",C. Nep. Timot. 2.
dies,lilaLemma:99334,Faria,Faria1994.n09718.e01,Faria1994.n09718.sg01,9,II-Daí:,"Clima, temperatura, ar, céu","Plín. H. Nat. 2, 115."
tempus,lilaLemma:127522,Fonseca,Fonseca1798.n29967.e01,Fonseca1798.n29967.sg01,3,Varr.,clima.,
uos,lilaIpoLemma:110488,Cardoso,Cardoso1570.n26619.e01,Cardoso1570.n26619.sg01,1,,cõ vosoutros,
cum2,lilaLemma:97201,Cardoso,Cardoso1570.n05201.e01,Cardoso1570.n05201.sg01,1,,com,
cum2,lilaLemma:97201,Velez,Velez1744.n0913.e01,Velez1744.n0913.sg01,1,,com,
cum2,lilaLemma:97201,Faria,Faria1994.n08331.e01,Faria1994.n08331.sg01,3,,Com,"ideia de modo ou maneira de ser, qualificado:"
cum2,lilaLemma:97201,Faria,Faria1994.n08331.e01,Faria1994.n08331.sg01,4,,Com,ideia de instrumento:
enim,lilaLemma:101119,Faria,Faria1994.n11081.e01,Faria1994.n11081.sg01,2,I-Donde,Com efeito,Plaut. As. 808.
nos,lilaIpoLemma:110487,Cardoso,Cardoso1570.n15091.e01,Cardoso1570.n15091.sg01,1,,com nos outros,
ut,lilaLemma:130906,Fonseca,Fonseca1798.n32299.e10,Fonseca1798.n32299.sg10,2,,com tanto que.,
tamen,lilaLemma:127607,Cardoso,Cardoso1570.n24351.e01,Cardoso1570.n24351.sg01,1,,com tudo,
at,lilaLemma:87415,Velez,Velez1744.n0417.e01,Velez1744.n0417.sg01,3,pro Tamen,com tudo,
tamen,lilaLemma:127607,Fonseca,Fonseca1798.n29827.e01,Fonseca1798.n29827.sg01,1,Cic.,"com tudo, mas, porém, todavia.",
atque,lilaLemma:90490,Fonseca,Fonseca1798.n02707.e01,Fonseca1798.n02707.sg01,3,Ter.,com tudo.,
cum2,lilaLemma:97201,Faria,Faria1994.n08331.e01,Faria1994.n08331.sg01,1,,"Com, em companhia de, juntamente com","ideia de companhia Cíc. At. 8, 2, 3."
cum2,lilaLemma:97201,Fonseca,Fonseca1798.n07375.e01,Fonseca1798.n07375.sg01,1,Cic.,"com, juntamente, em companhia.",
cum2,lilaLemma:97201,Faria,Faria1994.n08331.e01,Faria1994.n08331.sg01,2,,"Com, logo que",indicando simultaneidade no tempo:
imperium,lilaLemma:106532,Faria,Faria1994.n15225.e01,Faria1994.n15225.sg01,4,I-Em sent. especial:,Comando militar,Cés. B. Gal. 2. 23. 4.
imperium,lilaLemma:106532,Faria,Faria1994.n15225.e01,Faria1994.n15225.sg01,6,II-Sents. diversos:,"Comando, ordem. autoridade",sent. geral Cíc. Verr. 4. 76.
bellum,lilaLemma:91461,Faria,Faria1994.n03974.e01,Faria1994.n03974.sg01,2,I-Daí,"Combate, batalha","T. Liv. 8, 10, 7."
bellum,lilaLemma:91461,Fonseca,Fonseca1798.n03169.e01,Fonseca1798.n03169.sg01,2,Sall.,"combate, peleja.",
ego,lilaLemma:100712,Cardoso,Cardoso1570.n13437.e01,Cardoso1570.n13437.sg01,1,,comigo,
ego,lilaLemma:100712,Faria,Faria1994.n19108.e01,Faria1994.n19108.sg01,1,,"Comigo, v. cum.",
facio,lilaLemma:102758,Saraiva,Saraiva1910.xFacio,Saraiva1910.xFacio.sg01,1,,commetter;,
ut,lilaLemma:130906,Faria,Faria1994.n33117.e11,Faria1994.n33117.sg11,5,,Como,comparativa:
ita,lilaLemma:109126,Faria,Faria1994.n17074.e01,Faria1994.n17074.sg01,2,Nas respostas:,"como disse, como disseste, sim, certamente, exatamente:",
ut,lilaLemma:130906,Fonseca,Fonseca1798.n32299.e10,Fonseca1798.n32299.sg10,3,,como se.,
nouus,lilaLemma:113900,Faria,Faria1994.n20735.e01,Faria1994.n20735.sg01,9,III-Sents. particulares:,"Como subs. m. pl.: os escritores novos, modernos","Quint. 2, 5, 26."
ut2,lilaLemma:130905,Faria,Faria1994.n33117.e01,Faria1994.n33117.sg01,3,,"Como, de que modo","nas interrogações diretas ou indiretas, e nas exclamações:"
ut2,lilaLemma:130905,Faria,Faria1994.n33117.e01,Faria1994.n33117.sg01,1,,"Como, de que modo, de que maneira:",
pro,lilaLemma:118468,Faria,Faria1994.n25463.e01,Faria1994.n25463.sg01,5,II-Daí,"Como, por:",
ut2,lilaLemma:130905,Fonseca,Fonseca1798.n32314.e01,Fonseca1798.n32314.sg01,1,Plaut.,como.,
scribo,lilaLemma:123840,Velez,Velez1744.n3075.e01,Velez1744.n3075.sg01,1,,"compôr alguma obra, escrever",
scribo,lilaLemma:123840,Fonseca,Fonseca1798.n27054.e01,Fonseca1798.n27054.sg01,2,,"compôr, fazer huma obra em prosa, ou em verso.",
facio,lilaLemma:102758,Saraiva,Saraiva1910.xFacio,Saraiva1910.xFacio.sg01,2,,compôr;,
mos,lilaLemma:112831,Faria,Faria1994.n19868.e01,Faria1994.n19868.sg01,2,I-Donde,"Comportamento, procedimento e, mais frequentemente, no plural: caráter, costumes","Cíc. Of. 1, 64; Cíc. Rep. 5, 2."
uideo,lilaLemma:130163,Faria,Faria1994.n33827.e01,Faria1994.n33827.sg01,4,III-Sent. figurado:,"Compreender, examinar, observar","Cíc. Ac. 2, 40."
accipio,lilaLemma:87119,Faria,Faria1994.n00281.e01,Faria1994.n00281.sg01,3,"II-Donde, em sentido intelectual:","Compreender, interpretar, entender",Cíc. Dej. 26.
teneo,lilaLemma:127822,Faria,Faria1994.n31462.e01,Faria1994.n31462.sg01,6,A-Tr.-Sent. figurado:,"Compreender, saber, perceber","Cíc. Sest. 22; Cíc. De Or. 1, 165."
capio,lilaLemma:92686,Fonseca,Fonseca1798.n03927.e01,Fonseca1798.n03927.sg01,2,,comprender.,
teneo,lilaLemma:127822,Fonseca,Fonseca1798.n29988.e01,Fonseca1798.n29988.sg01,6,Ter.,"conceber, entender, comprehender, perceber.",
do,lilaLemma:99970,Saraiva,Saraiva1910.xDo,Saraiva1910.xDo.sg01,2,,"conceder, permittir, convir em",term. log.;
do,lilaLemma:99970,Saraiva,Saraiva1910.xDo,Saraiva1910.xDo.sg01,13,,"condescender, accommodar-se a, comprazer;",
ciuitas,lilaLemma:94400,Faria,Faria1994.n06023.e01,Faria1994.n06023.sg01,1,I-Sent. próprio,"Condição de cidadão, direito de cidadão",Cíc. Balb. 20.
lex,lilaLemma:110351,Fonseca,Fonseca1798.n17016.e01,Fonseca1798.n17016.sg01,2,Ter.,"condição, pacto, ajuste, concerto.",
ago,lilaLemma:88140,Saraiva,Saraiva1910.xAgo,Saraiva1910.xAgo.sg01,1,,conduzir uma coisa;,
ago,lilaLemma:88140,Fonseca,Fonseca1798.n01131.e01,Fonseca1798.n01131.sg01,2,,"conduzir, levar, representar.",
credo,lilaLemma:96881,Faria,Faria1994.n08087.e01,Faria1994.n08087.sg01,2,I-Daí,"Confiar algo a alguém, emprestar","Cés. B. Gal. 6, 31, 4. Cíc. Of. 2, 78."
credo,lilaLemma:96881,Fonseca,Fonseca1798.n07134.e01,Fonseca1798.n07134.sg01,2,,"confiar, commetter, encommendar.",
amicus,lilaLemma:88684,Faria,Faria1994.n01866.e01,Faria1994.n01866.sg01,2,"II-Daí, em sentido figurado","Confidente, favorito","Cíc. Div. 2, 135."
ex,lilaLemma:101716,Faria,Faria1994.n11629.e01,Faria1994.n11629.sg01,7,Daí:,"Conforme, segundo",Cíc. Clu. 177.
in,lilaLemma:106748,Faria,Faria1994.n15371.e01,Faria1994.n15371.sg01,8,I-Com acus. indicando resultado de um movimento. Sent. próprio e figurado:-Sents. diversos:,"Conforme, segundo, à maneira de:",
consilium,lilaLemma:96060,Fonseca,Fonseca1798.n06489.e01,Fonseca1798.n06489.sg01,3,,congresso dos que aconselhão.,
cognosco,lilaLemma:94738,Cardoso,Cardoso1570.n04050.e01,Cardoso1570.n04050.sg01,1,,conhecer de nouo,
cognosco,lilaLemma:94738,Velez,Velez1744.n0715.e01,Velez1744.n0715.sg01,1,,"conhecer de novo, o que nunca temos visto;",
cognosco,lilaLemma:94738,Faria,Faria1994.n06324.e01,Faria1994.n06324.sg01,1,I-Sent. próprio,"Conhecer pelos sentidos, ver, ser informado, saber, tomar conhecimento","Cíc. Fam. 1, 5b, 1; Cés. B. Gal. 1, 22, 4."
cognosco,lilaLemma:94738,Faria,Faria1994.n06324.e01,Faria1994.n06324.sg01,2,I-Daí,"Conhecer por experiência, aprender, saber, tomar conhecimento","Cés. B. Gal. 7, 1, I; Cés. B. Gal. 2, 26, 5."
cognosco,lilaLemma:94738,Fonseca,Fonseca1798.n05328.e01,Fonseca1798.n05328.sg01,2,,"conhecer, devaçar, inquirir de huma causa.",
cognosco,lilaLemma:94738,Fonseca,Fonseca1798.n05328.e01,Fonseca1798.n05328.sg01,1,Cic.,"conhecer, entender, saber.",
habeo,lilaLemma:105044,Faria,Faria1994.n14003.e01,Faria1994.n14003.sg01,6,II-Sent. figurado:,Conhecer. saber,"Cíc. Rep. 2, 33."
ciuitas,lilaLemma:94400,Faria,Faria1994.n06023.e01,Faria1994.n06023.sg01,2,II-Daí,"Conjunto de cidadãos, sede de um governo, Estado, cidade","Cés. B. Gal. 4, 3. 3; Cíc. Verr. 2, 145."
lex,lilaLemma:110351,Faria,Faria1994.n17969.e01,Faria1994.n17969.sg01,4,II-Daí,"Conjunto de preceitos jurídicos aceitos pela assembléia dos cidadãos romanos, depois de terem sido ouvidos sobre o assunto",Cíc. Br. 305:
genus,lilaLemma:104504,Faria,Faria1994.n13629.e01,Faria1994.n13629.sg01,2,I-Daí:,"Conjunto de seres que têm origem comum e semelhanças naturais, gênero, raça, espécie",Cíc. Lae. 20.
nos,lilaIpoLemma:110487,Faria,Faria1994.n20595.e01,Faria1994.n20595.sg01,1,,Conosco.,
senatus,lilaLemma:124309,Faria,Faria1994.n28939.e01,Faria1994.n28939.sg01,4,II-Sent. figurado:,Conselho deliberativo,Plaut. Most. 688.
consilium,lilaLemma:96060,Fonseca,Fonseca1798.n06489.e01,Fonseca1798.n06489.sg01,1,Cic.,"conselho, parecer.",
sic,lilaLemma:124690,Faria,Faria1994.n29246.e01,Faria1994.n29246.sg01,2,,"Consequentemente, nestas condições",Cíc. Sest. 55.
ratio,lilaLemma:121458,Fonseca,Fonseca1798.n25265.e01,Fonseca1798.n25265.sg01,2,,"consideração, cuidado.",
consul,lilaLemma:96181,Faria,Faria1994.n07474.e01,Faria1994.n07474.sg01,1,,"Cônsul, o primeiro magistrado romano",Cíc. Arch. 5.
consul,lilaLemma:96181,Fonseca,Fonseca1798.n06590.e01,Fonseca1798.n06590.sg01,1,Cic.,consul.,Supremo Magistrado dos Romanos em os tempos da Republica.
iudex,lilaLemma:109161,Fonseca,Fonseca1798.n16335.e01,Fonseca1798.n16335.sg01,2,Varr.,consul.,
ratio,lilaLemma:121458,Fonseca,Fonseca1798.n25265.e01,Fonseca1798.n25265.sg01,5,,"conta, calculo.",
dum,lilaLemma:100236,Faria,Faria1994.n10480.e01,Faria1994.n10480.sg01,3,,"Contanto que, desde que","frequentemente acompanhado de modo Ac. apud Cíc. Of. 1, 97; T. Lív. 37, 35. 7."
modo,lilaLemma:113289,Faria,Faria1994.n19698.e01,Faria1994.n19698.sg01,2,Com subj. ou com ut:,"contanto que, sob a condição de","Cíc. Oi. 2, 51."
pono,lilaLemma:118414,Faria,Faria1994.n24532.e01,Faria1994.n24532.sg01,6,II-Donde:,"Contar como, olhar como","Cíc. Fin. 3, 29."
puto,lilaLemma:120610,Faria,Faria1994.n26280.e01,Faria1994.n26280.sg01,4,II-Daí:,"Contar, calcular",Cal. Agr. 14. 4.
refero,lilaLemma:122494,Fonseca,Fonseca1798.n25507.e01,Fonseca1798.n25507.sg01,4,,"contar, entremetter no numero.",
refero,lilaLemma:122494,Fonseca,Fonseca1798.n25507.e01,Fonseca1798.n25507.sg01,2,,"contar, referir, relatar, propor, representar.",
capio,lilaLemma:92686,Faria,Faria1994.n04907.e01,Faria1994.n04907.sg01,2,I-Daí,Conter,"sent. próprio e figurado Cíc. Phil. 2, 16."
capio,lilaLemma:92686,Faria,Faria1994.n04907.e01,Faria1994.n04907.sg01,3,II-Sent. figurado:,"Conter, conceber, compreender",Cíc. Mil. 87.
tu,lilaLemma:129131,Cardoso,Cardoso1570.n24424.e01,Cardoso1570.n24424.sg01,1,,contigo,
tu,lilaLemma:129131,Faria,Faria1994.n31343.e01,Faria1994.n31343.sg01,1,,Contigo.,
ad,lilaLemma:87344,Faria,Faria1994.n00519.e01,Faria1994.n00519.sg01,10,Desses Sentidos gerais e básicos de “em direção a” ou “na vizinhança de” decorrem numerosas acepções derivadas:,Contra,"na língua militar Cés. B. Gal. 5, 9, 1."
tamen,lilaLemma:127607,Velez,Velez1744.n3338.e01,Velez1744.n3338.sg01,1,,"contudo, todavia",
lex,lilaLemma:110351,Faria,Faria1994.n17969.e01,Faria1994.n17969.sg01,2,II-Daí,"Convenção entre particulares, contrato:",
uinco,lilaLemma:130232,Faria,Faria1994.n33892.e01,Faria1994.n33892.sg01,4,II-Sent figurado:,"Convencer, demonstrar, provar","Cíc. Clu. 124; Plaut. Amph. 433; Hor. Sát. 1, 3, 115."
teneo,lilaLemma:127822,Fonseca,Fonseca1798.n29988.e01,Fonseca1798.n29988.sg01,11,Cic.,convencer.,
uoco,lilaLemma:130729,Faria,Faria1994.n34099.e01,Faria1994.n34099.sg01,4,II-Sent. figurado:,Convidar,Cic. Mur. 72; Cíc. Mur. 71.
iubeo,lilaLemma:109152,Faria,Faria1994.n17194.e01,Faria1994.n17194.sg01,3,II-Sent. figurado-Na língua familiar:,"convidar a, levar a, desejar","Cíc. Fam. 14, 1, 2."
uenio,lilaLemma:129790,Saraiva,Saraiva1910.xVenio,Saraiva1910.xVenio.sg01,11,,convir a;,
uoco,lilaLemma:130729,Faria,Faria1994.n34099.e01,Faria1994.n34099.sg01,2,I-Daí:,Convocar,"T. Lív. 23. 32,3; Cíc. Ac. 2. 144."
uos,lilaIpoLemma:110488,Faria,Faria1994.n34082.e01,Faria1994.n34082.sg01,1,,Convosco.,
animus,lilaLemma:89094,Faria,Faria1994.n02174.e01,Faria1994.n02174.sg01,2,Daí,"Coração como sede da coragem, do desejo, das inclinações e das paixões, vontade, desejo, ânimo",Cíc. Marc. 8.
bonus,lilaLemma:91782,Faria,Faria1994.n04249.e01,Faria1994.n04249.sg01,2,II-Sent. figurado,"Corajoso, valente, bravo","Cíc. Fin. 1,25."
corpus,lilaLemma:96667,Faria,Faria1994.n07899.e01,Faria1994.n07899.sg01,1,I-Sent. próprio,Corpo,"em oposição à alma Cíc. Fin. 1, 55."
corpus,lilaLemma:96667,Faria,Faria1994.n07899.e01,Faria1994.n07899.sg01,2,I-Daí:,"Corpo inanimado, cadáver","Cés. B. Gal. 2, 10, 3."
corpus,lilaLemma:96667,Faria,Faria1994.n07899.e01,Faria1994.n07899.sg01,9,II-Sent. figurado:,Corpo ou texto,em oposição às notas de um trabalho:
corpus,lilaLemma:96667,Fonseca,Fonseca1798.n06979.e01,Fonseca1798.n06979.sg01,1,Cic.,corpo.,
uenio,lilaLemma:129790,Saraiva,Saraiva1910.xVenio,Saraiva1910.xVenio.sg01,3,,correr um liquido;,
mos,lilaLemma:112831,Velez,Velez1744.n2160.e01,Velez1744.n2160.sg01,1,,costume,
mos,lilaLemma:112831,Fonseca,Fonseca1798.n18688.e01,Fonseca1798.n18688.sg01,1,Cic.,"costume, uso, moda, prática, habito.",
bonus,lilaLemma:91782,Cardoso,Cardoso1570.n02774.e01,Cardoso1570.n02774.sg01,1,,cousa boa,
bonus,lilaLemma:91782,Velez,Velez1744.n0526.e01,Velez1744.n0526.sg01,1,,cousa boa,
super,lilaLemma:126999,Cardoso,Cardoso1570.n24084.e01,Cardoso1570.n24084.sg01,1,,cousa de cima,
super,lilaLemma:126999,Velez,Velez1744.n3296.e10,Velez1744.n3296.sg10,1,,cousa de cima,
alius,lilaLemma:88481,Velez,Velez1744.n0233.e01,Velez1744.n0233.sg01,1,,"cousa diversa, ou contraria",
magnus,lilaLemma:111319,Cardoso,Cardoso1570.n12984.e01,Cardoso1570.n12984.sg01,1,,cousa grande,
magnus,lilaLemma:111319,Velez,Velez1744.n2031.e01,Velez1744.n2031.sg01,1,,cousa grande,
grauis,lilaLemma:104903,Cardoso,Cardoso1570.n08992.e01,Cardoso1570.n08992.sg01,1,,cousa graue ou pesada,
grauis,lilaLemma:104903,Velez,Velez1744.n1481.e01,Velez1744.n1481.sg01,1,,"cousa grave, modesta, confiante, severa, pesada",abl.
meus,lilaLemma:112262,Cardoso,Cardoso1570.n13770.e01,Cardoso1570.n13770.sg01,1,,cousa minha,
meus,lilaLemma:112262,Velez,Velez1744.n2111.e01,Velez1744.n2111.sg01,1,,cousa minha,
grauis,lilaLemma:104903,Velez,Velez1744.n1481.e01,Velez1744.n1481.sg01,2,,"cousa molesta, perniciosa, ou acerba",dat.
multus,lilaLemma:112998,Velez,Velez1744.n2171.e01,Velez1744.n2171.sg01,1,,"cousa muita, ou mui grande",
multus,lilaLemma:112998,Cardoso,Cardoso1570.n14401.e01,Cardoso1570.n14401.sg01,1,,cousa muyta,
noster,lilaLemma:113882,Cardoso,Cardoso1570.n15251.e01,Cardoso1570.n15251.sg01,1,,cousa nossa,
noster,lilaLemma:113882,Velez,Velez1744.n2263.e01,Velez1744.n2263.sg01,1,,cousa nossa,
nouus,lilaLemma:113900,Cardoso,Cardoso1570.n15315.e01,Cardoso1570.n15315.sg01,1,,cousa noua,
nouus,lilaLemma:113900,Velez,Velez1744.n2269.e01,Velez1744.n2269.sg01,1,,"cousa nova, admiravel, nunca ouvida",
paruus,lilaLemma:116136,Velez,Velez1744.n2483.e01,Velez1744.n2483.sg01,1,,cousa pequena,
paruus,lilaLemma:116136,Cardoso,Cardoso1570.n16854.e01,Cardoso1570.n16854.sg01,1,,cousa piquena,
primus,lilaLemma:119498,Velez,Velez1744.n2743.e02,Velez1744.n2743.sg02,1,,"cousa primeira, ou principal",
primus,lilaLemma:119498,Cardoso,Cardoso1570.n18828.e01,Cardoso1570.n18828.sg01,1,,cousa primeyra & principal,
publicus,lilaLemma:120358,Cardoso,Cardoso1570.n19421.e01,Cardoso1570.n19421.sg01,1,,cousa pubrica comum a todos,
suus,lilaLemma:127165,Cardoso,Cardoso1570.n24230.e01,Cardoso1570.n24230.sg01,1,,cousa sua. ou propria,
tantus,lilaLemma:127630,Velez,Velez1744.n3346.e01,Velez1744.n3346.sg01,1,,"cousa tanta, ou taõ grande",
tantus,lilaLemma:127630,Cardoso,Cardoso1570.n24374.e01,Cardoso1570.n24374.sg01,1,,cousa tanta. ou tã grãde,
totus,lilaLemma:128484,Velez,Velez1744.n3427.e01,Velez1744.n3427.sg01,1,,"cousa toda, e inteira","refertur ad quantitatem, Omnis ad numerum, ut: Totus orbis, omnis scholasticus: interdum confunduntur."
uester,lilaLemma:130009,Cardoso,Cardoso1570.n26005.e01,Cardoso1570.n26005.sg01,1,,cousa vosa,
res,lilaLemma:121868,Fonseca,Fonseca1798.n25883.e01,Fonseca1798.n25883.sg01,1,Cic.,cousa.,
fero,lilaLemma:103126,Saraiva,Saraiva1910.xFero,Saraiva1910.xFero.sg01,8,,"crear, dar, produzir, render;",
facio,lilaLemma:102758,Saraiva,Saraiva1910.xFacio,Saraiva1910.xFacio.sg01,2,,"crear, dar, produzir;",
facio,lilaLemma:102758,Saraiva,Saraiva1910.xFacio,Saraiva1910.xFacio.sg01,3,,"crear, instituir;",
fides,lilaLemma:103260,Fonseca,Fonseca1798.n11800.e01,Fonseca1798.n11800.sg01,3,,"credito, confiança, que se faz em alguem.",
fides,lilaLemma:103260,Faria,Faria1994.n12729.e01,Faria1994.n12729.sg01,6,III-Sents. diversos:,"Crédito, confiança. segurança","Cíc. Oiv. 2. 113; Sal. B. Jug. 73, 6; Cíc. Br. 142."
credo,lilaLemma:96881,Velez,Velez1744.n0891.e01,Velez1744.n0891.sg01,1,,crer,
credo,lilaLemma:96881,Faria,Faria1994.n08087.e01,Faria1994.n08087.sg01,3,II-Sent. figurado:,"Crer em alguém ou alguma coisa, ter como certo, dar crédito","Cés. B. Gal. 3, 18, 6."
credo,lilaLemma:96881,Fonseca,Fonseca1798.n07134.e01,Fonseca1798.n07134.sg01,1,Cic.,"crer, dar credito.",
credo,lilaLemma:96881,Cardoso,Cardoso1570.n05051.e01,Cardoso1570.n05051.sg01,1,,crêr. ou cõfiar,
ago,lilaLemma:88140,Saraiva,Saraiva1910.xAgo,Saraiva1910.xAgo.sg01,1,,"crescer, augmentar-se;",
uenio,lilaLemma:129790,Saraiva,Saraiva1910.xVenio,Saraiva1910.xVenio.sg01,5,,"crescer, brotar;",
filius,lilaLemma:103307,Faria,Faria1994.n12756.e01,Faria1994.n12756.sg01,1,I-Sent. próprio,"Crianças de peito, e daí: filho","Hor. Sát. 2, 6, 49."
facio,lilaLemma:102758,Saraiva,Saraiva1910.xFacio,Saraiva1910.xFacio.sg01,2,,"criar, educar;",
dico,lilaLemma:99302,Faria,Faria1994.n09678.e01,Faria1994.n09678.sg01,2,II-Outros sentidos,"Criar, eleger, nomear:",
facio,lilaLemma:102758,Faria,Faria1994.n12363.e01,Faria1994.n12363.sg01,5,III-Empregos especiais - Na língua poética:,"Criar. nomear, eleger",Cíc. Verr. 2. 132; Cíc. Provo 20.
puto,lilaLemma:120610,Velez,Velez1744.n2832.e01,Velez1744.n2832.sg01,2,,"cuidar, ou considerar",accus.
fides,lilaLemma:103260,Faria,Faria1994.n12729.e01,Faria1994.n12729.sg01,8,IV-Sent. poético:,"Cumprimento. execução, efeito. realidade","Ov. Met. 8, 711."
ago,lilaLemma:88140,Faria,Faria1994.n01300.e01,Faria1994.n01300.sg01,11,II-Na língua religiosa:,"Cumprir os ritos dos sacrifícios rituais, sacrificar","Ov. F. 1, 322."
hinc,lilaLemma:105454,Cardoso,Cardoso1570.n09236.e01,Cardoso1570.n09236.sg01,1,,d´aqui,
ut2,lilaLemma:130905,Fonseca,Fonseca1798.n32299.e01,Fonseca1798.n32299.sg01,2,,"da maneira que, de que modo.",
ex,lilaLemma:101716,Faria,Faria1994.n11629.e01,Faria1994.n11629.sg01,3,Indica ponto de partida sent. local:,"Da parte de, de entre, do número de, entre","ideia partitiva Cíc. De Or. 2, 357."
ex,lilaLemma:101716,Fonseca,Fonseca1798.n10633.e01,Fonseca1798.n10633.sg01,1,Cic.,"da, das, de, des, do, dos, desde, depois, de dentro, em, por.",
ab,lilaLemma:86824,Fonseca,Fonseca1798.n00001.e01,Fonseca1798.n00001.sg01,1,Cic.,"da, das, de, do, dos, depois, por, por causa.",
ex,lilaLemma:101716,Fonseca,Fonseca1798.n09591.e01,Fonseca1798.n09591.sg01,1,Cic.,"da, das, de, do, dos.",
deinde,lilaLemma:98386,Fonseca,Fonseca1798.n07994.e01,Fonseca1798.n07994.sg01,2,Curt.,"dahi, desse lugar para diante.",
hinc,lilaLemma:105454,Faria,Faria1994.n14447.e01,Faria1994.n14447.sg01,5,Donde:,daí,= ex hac re Cíc. De 01'. I. 65.
hinc,lilaLemma:105454,Faria,Faria1994.n14447.e01,Faria1994.n14447.sg01,6,Donde:,Daí. a partir deste momento,= abhinc Plín. H. Nat: 23. 43.
hinc,lilaLemma:105454,Velez,Velez1744.n1526.e01,Velez1744.n1526.sg01,1,,daqui,
hinc,lilaLemma:105454,Fonseca,Fonseca1798.n13471.e01,Fonseca1798.n13471.sg01,1,Cic.,"daqui, deste lugar.",
hinc,lilaLemma:105454,Faria,Faria1994.n14447.e01,Faria1994.n14447.sg01,1,Sent. próprio,Daqui. deste lugar,"Cíc. Agr. 2, 94."
do,lilaLemma:99970,Cardoso,Cardoso1570.n06248.e01,Cardoso1570.n06248.sg01,1,,dar,
do,lilaLemma:99970,Faria,Faria1994.n10264.e01,Faria1994.n10264.sg01,1,I-Sent. próprio,Dar,"Cíc. Lae. 26; Cés. B. Gal. 1, 19, 1."
do,lilaLemma:99970,Cardoso,Cardoso1570.n06261.e01,Cardoso1570.n06261.sg01,1,,dar a molher o seu corpo,
do,lilaLemma:99970,Faria,Faria1994.n10264.e01,Faria1994.n10264.sg01,9,II-Empregos diversos:-Na língua militar:,"dar o seu nome para o serviço militar, alistar-se","Cés. B. Gal. 5, 31, 3; Cíc. At. 2, 22, 2."
do,lilaLemma:99970,Saraiva,Saraiva1910.xDo,Saraiva1910.xDo.sg01,13,,dar por condescendencia;,
fero,lilaLemma:103126,Saraiva,Saraiva1910.xFero,Saraiva1910.xFero.sg01,10,,"dar um parecer, a sua opinião, lavrar um decreto;",
do,lilaLemma:99970,Saraiva,Saraiva1910.xDo,Saraiva1910.xDo.sg01,8,,"dar um som, entoar;",
do,lilaLemma:99970,Saraiva,Saraiva1910.xDo,Saraiva1910.xDo.sg01,11,,"dar uma composição theatral, jogos, espectaculos;",
do,lilaLemma:99970,Faria,Faria1994.n10264.e01,Faria1994.n10264.sg01,10,II-Empregos diversos:-Na língua jurídica:,"dar uma sentença, dar um acórdão comum na fórmula solene que o pretor pronunciava, como resumo de suas atribuições jurídicas",
sum,lilaLemma:126689,Saraiva,Saraiva1910.xSum,Saraiva1910.xSum.sg01,4,,"dar-se, acontecer, succeder;",
do,lilaLemma:99970,Faria,Faria1994.n10264.e01,Faria1994.n10264.sg01,7,II-Empregos diversos:,"Dar-se, consagrar-se","Cíc. Rep. 1, 16."
do,lilaLemma:99970,Velez,Velez1744.n1100.e01,Velez1744.n1100.sg01,1,,"dar, conceder",accus. & dat.
do,lilaLemma:99970,Fonseca,Fonseca1798.n09326.e01,Fonseca1798.n09326.sg01,1,Cic.,"dar, conceder.",
facio,lilaLemma:102758,Saraiva,Saraiva1910.xFacio,Saraiva1910.xFacio.sg01,5,,"dar, fazer obter, fornecer;",
facio,lilaLemma:102758,Faria,Faria1994.n12363.e01,Faria1994.n12363.sg01,6,III-Empregos especiais - Na língua poética:,"Dar, fornecer, obter:",
do,lilaLemma:99970,Saraiva,Saraiva1910.xDo,Saraiva1910.xDo.sg01,1,,"dar, presentear;",
ab,lilaLemma:86824,Cardoso,Cardoso1570.n00138.e01,Cardoso1570.n00138.sg01,1,significat.,de,
ex,lilaLemma:101716,Cardoso,Cardoso1570.n06473.e01,Cardoso1570.n06473.sg01,1,,de,
ex,lilaLemma:101716,Cardoso,Cardoso1570.n07005.e01,Cardoso1570.n07005.sg01,1,,de,
ab,lilaLemma:86824,Velez,Velez1744.n0025.e01,Velez1744.n0025.sg01,1,,de,
ex,lilaLemma:101716,Velez,Velez1744.n1130.e01,Velez1744.n1130.sg01,1,,de,
de,lilaLemma:97932,Faria,Faria1994.n08711.e01,Faria1994.n08711.sg01,4,Indicando ponto de partida:,De,"ideia de afastamento, separação"
de,lilaLemma:97932,Faria,Faria1994.n08711.e01,Faria1994.n08711.sg01,5,Indicando ponto de partida:,De,"movimento de cima para baixo, ideia acessoria Cíc. Fin. 1, 62."
qua2,lilaIpoLemma:110467,Faria,Faria1994.n26550.e01,Faria1994.n26550.sg01,3,II-Indef.:,"De algum modo, de qualquer modo",Plaut. As. 930.
dies,lilaLemma:99334,Cardoso,Cardoso1570.n06199.e01,Cardoso1570.n06199.sg01,1,,de dia,
nam,lilaLemma:113344,Faria,Faria1994.n20149.e01,Faria1994.n20149.sg01,1,I-Partic. afirmativa:,"De fato, em Verdade, realmente, com efeito",Plaut. Caso 196.
nam,lilaLemma:113344,Faria,Faria1994.n20149.e01,Faria1994.n20149.sg01,4,II-Conj.:,"De fato, realmente","Cíc. Leg. 2, 17."
magnus,lilaLemma:111319,Faria,Faria1994.n18718.e01,Faria1994.n18718.sg01,1,,"De grande valor, muito.",
nihil,lilaLemma:114071,Faria,Faria1994.n20517.e01,Faria1994.n20517.sg01,5,II-Adv.:,"De modo nenhum, de forma nenhuma","Hor. Sát. 2, 3, 54."
nihil,lilaLemma:114071,Faria,Faria1994.n20517.e01,Faria1994.n20517.sg01,2,I-Expressões particulares:-Nihili,"de nada, sem valor:",
hinc,lilaLemma:105454,Faria,Faria1994.n14447.e01,Faria1994.n14447.sg01,3,Donde:,De onde. desta fonte,Cíc. Of. 3. 36
paruus,lilaLemma:116136,Faria,Faria1994.n22415.e01,Faria1994.n22415.sg01,5,II-Sent. particular,"De pouca idade, muito jovem","Cíc. Cal. 3, 19."
sui,lilaLemma:131255,Faria,Faria1994.n30711.e01,Faria1994.n30711.sg01,1,,"De si, dele, dela, deles, delas; para si, a si, lhe, lhes; se, a si, a ele, a ela, a eles, a elas",Cíc. lae. 98.
sui,lilaLemma:131255,Fonseca,Fonseca1798.n29293.e01,Fonseca1798.n29293.sg01,1,Cic.,"de si, para si, se, & c.",
super,lilaLemma:126999,Fonseca,Fonseca1798.n29520.e01,Fonseca1798.n29520.sg01,1,Cic.,"de sima, da parte de sima.",
ita,lilaLemma:109126,Velez,Velez1744.n1867.e01,Velez1744.n1867.sg01,3,ita,"de tal modo, ou maneira","cum Ut, & conjunctivo."
qui,lilaLemma:121354,Faria,Faria1994.n26549.e01,Faria1994.n26549.sg01,6,I-Relativo:-Sent. particular.,"De tal sorte que, tal que",matiz consecutivo:
omnis,lilaLemma:114954,Faria,Faria1994.n21562.e01,Faria1994.n21562.sg01,2,Sent. próprio,"De toda a espécie, qualquer","com sent. indefinido Cés. B. Gal. 5, 6, 3."
publicus,lilaLemma:120358,Faria,Faria1994.n26097.e01,Faria1994.n26097.sg01,2,II-Daí,"De todos, que é propriedade pública ou de uso público, geral, comum a todos","Cíc. Verr. 2, 66; Hor. Ep. 2. 1. 92."
semper,lilaLemma:124294,Faria,Faria1994.n28922.e01,Faria1994.n28922.sg01,1,,"De uma vez por todas, para sempre, sem cessar",Cíc. Tusc. 1. 53.
de,lilaLemma:97932,Faria,Faria1994.n08711.e01,Faria1994.n08711.sg01,1,Indicando ponto de partida:,"De, a partir de",Cíc. Sest. 129.
ab,lilaLemma:86824,Faria,Faria1994.n00003.e01,Faria1994.n00003.sg01,4,"II-Desses empregos concretos passou a ser usada em outras acepções deles derivadas, indicando:-Procedência:","de, da parte de:",
de,lilaLemma:97932,Fonseca,Fonseca1798.n07631.e01,Fonseca1798.n07631.sg01,1,Cic.,"de, da, das, do, dos, ácerca, conforme, depois.",
de,lilaLemma:97932,Faria,Faria1994.n08711.e01,Faria1994.n08711.sg01,6,Indicando ponto de partida:,"De, dentre",ideia partitiva Cíc. Falc. 9.
ab,lilaLemma:86824,Faria,Faria1994.n00003.e01,Faria1994.n00003.sg01,5,"II-Desses empregos concretos passou a ser usada em outras acepções deles derivadas, indicando:-Descendência:","de, descendente de:",
ex,lilaLemma:101716,Faria,Faria1994.n11629.e01,Faria1994.n11629.sg01,4,Daí:,"De, desde, a partir de","sent. temporal Cíc. Rep. 1, 25."
de,lilaLemma:97932,Faria,Faria1994.n08711.e01,Faria1994.n08711.sg01,12,Sents. diversos:,"De, durante","Ideia temporal Cés. B. Gal. 1, 12, 2."
ex,lilaLemma:101716,Faria,Faria1994.n11629.e01,Faria1994.n11629.sg01,8,Daí:,"De, feito de","indicando a matéria de que uma coisa é feita Cíc. Verr. 2, 50."
de,lilaLemma:97932,Faria,Faria1994.n08711.e01,Faria1994.n08711.sg01,14,Sents. diversos:,"De, feito de, composto de","Verg. G. 3, 13."
ab,lilaLemma:86824,Faria,Faria1994.n00003.e01,Faria1994.n00003.sg01,2,"I-Sent. próprio-Afastamento, separação:","de, longe de:",
de,lilaLemma:97932,Faria,Faria1994.n08711.e01,Faria1994.n08711.sg01,3,Indicando ponto de partida:,"De, originário de",Ov. Met. 9. 613.
ex,lilaLemma:101716,Velez,Velez1744.n1235.e01,Velez1744.n1235.sg01,1,,"de, ou depois",
de,lilaLemma:97932,Faria,Faria1994.n08711.e01,Faria1994.n08711.sg01,13,Sents. diversos:,"De, por causa de","ideia causal Cíc. Ac. 1, 1."
ex,lilaLemma:101716,Faria,Faria1994.n11629.e01,Faria1994.n11629.sg01,2,Indica ponto de partida sent. local:,"De, procedente de","ideia de origem Cés. B. Gal. 5, 13, 1."
de,lilaLemma:97932,Faria,Faria1994.n08711.e01,Faria1994.n08711.sg01,2,Indicando ponto de partida:,"De, saído de",Cíc. Clu. 163.
de,lilaLemma:97932,Faria,Faria1994.n08711.e01,Faria1994.n08711.sg01,7,Indicando ponto de partida:,"De, tirando de","com ideia de extração Cíc. Verr. 4, 71;"
iubeo,lilaLemma:109152,Faria,Faria1994.n17194.e01,Faria1994.n17194.sg01,2,"I-Na língua do direito público, tratando-se das resoluções políticas, das leis votadas pelo populus, significa:","decidir, autorizar, sancionar","Cíc. Verr. 2, 161."
uideo,lilaLemma:130163,Saraiva,Saraiva1910.xVideo,Saraiva1910.xVideo.sg01,6,,"decidir, consultar, deliberar;",
scio,lilaLemma:123732,Faria,Faria1994.n28538.e01,Faria1994.n28538.sg01,2,I-Sent. próprio,"Decidir, decretar","T. Lív. 26, 33, 10."
ago,lilaLemma:88140,Saraiva,Saraiva1910.xAgo,Saraiva1910.xAgo.sg01,13,,"declamar, representar;",
relinquo,lilaLemma:122569,Faria,Faria1994.n27210.e01,Faria1994.n27210.sg01,4,II-Sent. figurado:,"Deixar de parte, omitir, desprezar",Cíc. Prov. 6; Cíc. Caec. 50.
mitto,lilaLemma:112499,Faria,Faria1994.n19659.e01,Faria1994.n19659.sg01,1,I-Sent. próprio,"Deixar ir, deixar partir, soltar, largar",Ter. Ad. 780; Hor. A. Poét. 476.
relinquo,lilaLemma:122569,Faria,Faria1994.n27210.e01,Faria1994.n27210.sg01,1,I-Sent. próprio,Deixar para trás,"Cés. B. Gal. 7, 40, 3."
relinquo,lilaLemma:122569,Faria,Faria1994.n27210.e01,Faria1994.n27210.sg01,3,I-Donde:,"Deixar por morte, deixar como herança, transmitir",Cíc. Amero 20; Cíc. Arch. 30.
relinquo,lilaLemma:122569,Faria,Faria1994.n27210.e01,Faria1994.n27210.sg01,2,"I-Daí, por enfraquecimento de sentido:","Deixar, abandonar, depor","Cíc. Fam. 4, 1, 2; Cés. B. Gal. 6, 38, 4; Cés. B. Gal. 1, 44, 2."
relinquo,lilaLemma:122569,Fonseca,Fonseca1798.n25656.e01,Fonseca1798.n25656.sg01,1,Cic.,"deixar, abandonar.",
mitto,lilaLemma:112499,Fonseca,Fonseca1798.n18454.e01,Fonseca1798.n18454.sg01,2,,"deixar, depôr.",
relinquo,lilaLemma:122569,Velez,Velez1744.n2945.e01,Velez1744.n2945.sg01,1,,"deixar, desamparar",Activ.
pono,lilaLemma:118414,Fonseca,Fonseca1798.n22976.e01,Fonseca1798.n22976.sg01,3,,"deixar, omittir, depôr.",
relinquo,lilaLemma:122569,Faria,Faria1994.n27210.e01,Faria1994.n27210.sg01,5,II-Sent. figurado:,"Deixar, permitir, fechar os olhos a","Cíc. Pomp. 11; Ov. Mel. 14, 100."
hinc,lilaLemma:105454,Faria,Faria1994.n14447.e01,Faria1994.n14447.sg01,4,Donde:,Dele,= ex hoc homine Ter. Ad. 361;
consilium,lilaLemma:96060,Faria,Faria1994.n07368.e01,Faria1994.n07368.sg01,2,"I-Daí, em sent. abstrato","Deliberação, resolução tomada","Cíc. Verr. 5, 103."
quaero,lilaLemma:121047,Faria,Faria1994.n26424.e01,Faria1994.n26424.sg01,6,II-Na língua jurídica,"demandar, perseguir judicialmente",Cíc. Caec. 97.
habeo,lilaLemma:105044,Fonseca,Fonseca1798.n13130.e01,Fonseca1798.n13130.sg01,5,Sall.,"demorar, retardar, deter.",
deus,lilaLemma:99132,Velez,Velez1744.n1028.e01,Velez1744.n1028.sg01,1,,deos,à dando paecipué dictus
deus,lilaLemma:99132,Fonseca,Fonseca1798.n08645.e01,Fonseca1798.n08645.sg01,1,Cic.,deos.,"Os Poetas Latinos á imitação dos Gregos denominão Dei tanto os machos, como as femeas. Toma-se tambem por tudo que he excellente, v. gr. Plato Philosophorum Deus. Cic. Platão o mais admiravel entre os Filosofos."
deus,lilaLemma:99132,Cardoso,Cardoso1570.n05824.e01,Cardoso1570.n05824.sg01,1,,deos. ou deosa,
deinde,lilaLemma:98386,Faria,Faria1994.n09015.e01,Faria1994.n09015.sg01,1,I-Sent. próprio,Depois,"com ideia de lugar T. Lív. 22, 4, 2."
deinde,lilaLemma:98386,Faria,Faria1994.n09015.e01,Faria1994.n09015.sg01,2,I-Daí,Depois,"com ideia de tempo Cés. B. Gal. 4, 35, 3."
tum,lilaLemma:129198,Velez,Velez1744.n3470.e01,Velez1744.n3470.sg01,6,"tum, vel Tum verò non praecedente Cùm pro Deinde",depois disso,
tum,lilaLemma:129198,Faria,Faria1994.n32658.e01,Faria1994.n32658.sg01,2,II-Daí:,"Depois disso, depois","Cés. B. Gal. 5, 26, 4."
deinde,lilaLemma:98386,Velez,Velez1744.n0988.e01,Velez1744.n0988.sg01,1,,depois disto,
deinde,lilaLemma:98386,Fonseca,Fonseca1798.n07994.e01,Fonseca1798.n07994.sg01,1,Cic.,depois disto.,
ut2,lilaLemma:130905,Velez,Velez1744.n3609.e10,Velez1744.n3609.sg10,1,,"depois que, como, assim como, praza a Deos",
ubi,lilaLemma:129639,Velez,Velez1744.n3513.e01,Velez1744.n3513.sg01,2,significat item Ubi,"depois que, ou tanto que",
ubi,lilaLemma:129639,Fonseca,Fonseca1798.n31232.e01,Fonseca1798.n31232.sg01,3,,depois que.,
deinde,lilaLemma:98386,Fonseca,Fonseca1798.n07992.e01,Fonseca1798.n07992.sg01,1,Cic.,depois.,
tum,lilaLemma:129198,Fonseca,Fonseca1798.n30943.e01,Fonseca1798.n30943.sg01,2,,depois.,
credo,lilaLemma:96881,Faria,Faria1994.n08087.e01,Faria1994.n08087.sg01,1,I-Sent. próprio,"Depositar confiança em, confiar em, fiar-se, crer em",Cíc. Mur. 50.
puto,lilaLemma:120610,Faria,Faria1994.n26280.e01,Faria1994.n26280.sg01,2,"I-Daí, nas línguas técnicas","Desbastar, podar, cortar",Verg. G. 2. 407.
genus,lilaLemma:104504,Fonseca,Fonseca1798.n12736.e01,Fonseca1798.n12736.sg01,4,,"descendencia, filhos.",
bonus,lilaLemma:91782,Fonseca,Fonseca1798.n03390.e01,Fonseca1798.n03390.sg01,3,Cic.,descendente de huma illustre familia.,
dico,lilaLemma:99302,Saraiva,Saraiva1910.xDico,Saraiva1910.xDico.sg01,4,,"descrever, expôr, contar, referir, compôr, annunciar, predizer;",
iam,lilaLemma:106025,Faria,Faria1994.n17144.e01,Faria1994.n17144.sg01,2,I-Donde,"Desde agora, daqui por diante, a partir deste momento",Plaut. Aul. 820.
ille,lilaLemma:106221,Faria,Faria1994.n14953.e01,Faria1994.n14953.sg01,2,II-Sent. poético,Desde então:,
ab,lilaLemma:86824,Faria,Faria1994.n00003.e01,Faria1994.n00003.sg01,9,IV-Sent. temporal:,"Desde, depois de:",
peto,lilaLemma:117549,Fonseca,Fonseca1798.n22343.e01,Fonseca1798.n22343.sg01,5,Virg.,desejar.,
facio,lilaLemma:102758,Saraiva,Saraiva1910.xFacio,Saraiva1910.xFacio.sg01,1,,"desempenhar, cumprir;",
fortuna,lilaLemma:103696,Fonseca,Fonseca1798.n12178.e01,Fonseca1798.n12178.sg01,3,,desgraça.,
consilium,lilaLemma:96060,Fonseca,Fonseca1798.n06489.e01,Fonseca1798.n06489.sg01,2,,"designio, projecto, deliberação.",
deinde,lilaLemma:98386,Cardoso,Cardoso1570.n05465.e01,Cardoso1570.n05465.sg01,1,,despois,
uoco,lilaLemma:130729,Faria,Faria1994.n34099.e01,Faria1994.n34099.sg01,9,II-Na língua militar:,"Destinar a, levar a",Cíc. Cal. 1. 12.
fero,lilaLemma:103126,Saraiva,Saraiva1910.xFero,Saraiva1910.xFero.sg01,4,,"destruir, acabar com, levar, matar;",
teneo,lilaLemma:127822,Faria,Faria1994.n31462.e01,Faria1994.n31462.sg01,5,A-Tr.-Donde:,"Deter no espírito, lembrar-se","Cíc. Cal. 3, 19; Hor. A. Poét. 336."
teneo,lilaLemma:127822,Fonseca,Fonseca1798.n29988.e01,Fonseca1798.n29988.sg01,3,Cic.,"deter, demorar.",
iubeo,lilaLemma:109152,Velez,Velez1744.n1875.e01,Velez1744.n1875.sg01,2,,"determinar, decretar",accus.
deus,lilaLemma:99132,Faria,Faria1994.n09569.e01,Faria1994.n09569.sg01,1,I-Sent. próprio,"Deus, divindade",Cíc. Balb. 23.
quaero,lilaLemma:121047,Fonseca,Fonseca1798.n24888.e01,Fonseca1798.n24888.sg01,3,,devassar.,
nomen,lilaLemma:113797,Fonseca,Fonseca1798.n19378.e01,Fonseca1798.n19378.sg01,4,,devedor.,
debeo,lilaLemma:97963,Faria,Faria1994.n08726.e01,Faria1994.n08726.sg01,1,I-Sent. próprio,"Dever dinheiro ou qualquer outro objeto, ser devedor","Cíc. Fam. 13, 14, 1."
debeo,lilaLemma:97963,Faria,Faria1994.n08726.e01,Faria1994.n08726.sg01,5,I-Daí,"Dever obrigações a, estar obrigado por","Cíc. Fam. 2, 6, 5."
debeo,lilaLemma:97963,Saraiva,Saraiva1910.xDebeo,Saraiva1910.xDebeo.sg01,4,,dever obrigações.,
debeo,lilaLemma:97963,Saraiva,Saraiva1910.xDebeo,Saraiva1910.xDebeo.sg01,2,Fig.,"dever, estar obrigado a;",
debeo,lilaLemma:97963,Saraiva,Saraiva1910.xDebeo,Saraiva1910.xDebeo.sg01,3,,"dever, ser constrangido a;",
debeo,lilaLemma:97963,Fonseca,Fonseca1798.n07653.e01,Fonseca1798.n07653.sg01,1,Cic.,"dever, ser devedor, estar obrigado.",
debeo,lilaLemma:97963,Saraiva,Saraiva1910.xDebeo,Saraiva1910.xDebeo.sg01,1,,"dever, ser devedor;",
possum,lilaLemma:118569,Saraiva,Saraiva1910.xPossum,Saraiva1910.xPossum.sg01,2,Cic.,"dever, ter obrigação de.",
relinquo,lilaLemma:122569,Cardoso,Cardoso1570.n20484.e01,Cardoso1570.n20484.sg01,1,,deyxar,
dies,lilaLemma:99334,Faria,Faria1994.n09718.e01,Faria1994.n09718.sg01,2,I-Sent. próprio,Dia,"espaço de 24 horas. de meia-noite a meia-noite Cés. B. Gal. 1, 16,4."
dies,lilaLemma:99334,Faria,Faria1994.n09718.e01,Faria1994.n09718.sg01,5,II-Daí:,Dia,"do nascimento, morte, etc. Cíc. At. 13, 42, 2."
dies,lilaLemma:99334,Faria,Faria1994.n09718.e01,Faria1994.n09718.sg01,6,II-Daí:,"Dia de caminho, jornada","T. Lív. 38, 59, 6."
castra,lilaLemma:138599,Faria,Faria1994.n05136.e01,Faria1994.n05136.sg01,3,II-Sent. figurado:,Dia de marcha,"Cés. B. Gal. 7, 36, 1."
dies,lilaLemma:99334,Faria,Faria1994.n09718.e01,Faria1994.n09718.sg01,1,I-Sent. próprio,"Dia em oposição à noite, espaço de tempo desde o nascer atá ao pôr do sol","T. Lív. 22, 1,20; Ov. Met. 13, 677."
dies,lilaLemma:99334,Faria,Faria1994.n09718.e01,Faria1994.n09718.sg01,3,II-Daí:,"Dia unidade de tempo, ocasião, data fixada","Cés. B. Gal. 1, 42, 3."
dies,lilaLemma:99334,Faria,Faria1994.n09718.e01,Faria1994.n09718.sg01,7,II-Daí:,"Dia, acontecimento memorável","Cíc. Fam. 1,2,3."
dies,lilaLemma:99334,Fonseca,Fonseca1798.n08758.e01,Fonseca1798.n08758.sg01,1,Cic.,dia.,
apud,lilaLemma:89686,Faria,Faria1994.n02576.e01,Faria1994.n02576.sg01,3,Com nomes de lugar:,Diante de,"em lugar de ad, marcando proximidade, com nomes de coisas Cés. B. Gal. 2,7,3."
per,lilaLemma:116569,Faria,Faria1994.n22800.e01,Faria1994.n22800.sg01,3,Sent. local:,"Diante de, ao longo de:",
pro,lilaLemma:118468,Faria,Faria1994.n25463.e01,Faria1994.n25463.sg01,1,I-Sent. próprio,"Diante de, defronte de, em presença de:",
apud,lilaLemma:89686,Fonseca,Fonseca1798.n02104.e01,Fonseca1798.n02104.sg01,2,,diante.,
alius,lilaLemma:88481,Faria,Faria1994.n01575.e01,Faria1994.n01575.sg01,3,,"Diferente, outro, diverso","Cíc. Fam. 11, 12, 2."
inquam,lilaLemma:108033,Faria,Faria1994.n16201.e01,Faria1994.n16201.sg01,1,,"Digo, dizes, diz:",
pecunia,lilaLemma:116369,Faria,Faria1994.n22609.e01,Faria1994.n22609.sg01,3,"II-Daí, em sent. geral",Dinheiro,"Cíc. Verr. 1, 101."
pecunia,lilaLemma:116369,Fonseca,Fonseca1798.n21239.e01,Fonseca1798.n21239.sg01,1,Cic.,"dinheiro, moeda.",
ius,lilaLemma:109252,Faria,Faria1994.n17271.e01,Faria1994.n17271.sg01,4,II-Daí,Direito,em relação às pessoas ou às coisas:
ius,lilaLemma:109252,Faria,Faria1994.n17271.e01,Faria1994.n17271.sg01,5,II-Daí,Direito,sent. genérico:
ius,lilaLemma:109252,Faria,Faria1994.n17271.e01,Faria1994.n17271.sg01,2,II-Daí,"Direito escrito, leis, legislação:",
ius,lilaLemma:109252,Faria,Faria1994.n17271.e01,Faria1994.n17271.sg01,6,II-Daí,"Direito sobre alguém ou alguma coisa, poder, autoridade:",
ius,lilaLemma:109252,Fonseca,Fonseca1798.n16407.e01,Fonseca1798.n16407.sg01,1,Cic.,"direito, justiça, equidade.",
ago,lilaLemma:88140,Saraiva,Saraiva1910.xAgo,Saraiva1910.xAgo.sg01,8,,"dirigir-se a, fallar, dizer, practicar;",
sequor,lilaLemma:124461,Faria,Faria1994.n29068.e01,Faria1994.n29068.sg01,2,I-Daí:,Dirigir-se para,"Cíc. At. 10, 18, 2."
ago,lilaLemma:88140,Faria,Faria1994.n01300.e01,Faria1994.n01300.sg01,2,I-Daí:,"Dirigir-se para, ir, vir",reflexivo ou passivo com sentido reflexivo Verg. En. 6. 337.
peto,lilaLemma:117549,Faria,Faria1994.n23702.e01,Faria1994.n23702.sg01,1,I-Sent. próprio,"Dirigir-se para, procurar atingir primeiramente com ideia secundária de violência ou hostilidade, atacar sents. físico e moral, visar","Cíc. Nat. 2, 125; Verg. G. 3, 522; Cíc. Nat. 2, 2, 2; Cíc. Quinct. 29."
eo,lilaLemma:101183,Faria,Faria1994.n11132.e01,Faria1994.n11132.sg01,2,I-Daí:,"Dirigir-se, caminhar, andar, marchar, vir","Cés. B. Gal. 7, 67, 2."
teneo,lilaLemma:127822,Faria,Faria1994.n31462.e01,Faria1994.n31462.sg01,10,B-Intr.:-Daí:,"Dirigir, chegar","Verg. En. 1, 370; T. Lív. 1, 37, 4; Tác. Agr. 38."
refero,lilaLemma:122494,Fonseca,Fonseca1798.n25507.e01,Fonseca1798.n25507.sg01,3,,"dirigir, encaminhar a algum fim.",
quaero,lilaLemma:121047,Fonseca,Fonseca1798.n24888.e01,Fonseca1798.n24888.sg01,5,,"disputar, questionar.",
alius,lilaLemma:88481,Fonseca,Fonseca1798.n01288.e01,Fonseca1798.n01288.sg01,2,,"diverso, differente.",
nomen,lilaLemma:113797,Fonseca,Fonseca1798.n19378.e01,Fonseca1798.n19378.sg01,5,,divida.,
pater,lilaLemma:116203,Faria,Faria1994.n22464.e01,Faria1994.n22464.sg01,3,II-Donde:,"Divindade, deus","Verg. En. 8,454."
inquam,lilaLemma:108033,Faria,Faria1994.n16201.e01,Faria1994.n16201.sg01,2,Sent. indeterminado:,diz-se,C íc. Tusc. 3. 71.
do,lilaLemma:99970,Faria,Faria1994.n08617.e01,Faria1994.n08617.sg01,1,,"Dize, vejamos","Verg. Buc. 1, 18."
dico,lilaLemma:99302,Cardoso,Cardoso1570.n05864.e01,Cardoso1570.n05864.sg01,1,,dizer,actiuo.
inquam,lilaLemma:108033,Cardoso,Cardoso1570.n10729.e01,Cardoso1570.n10729.sg01,1,,dizer,
dico,lilaLemma:99302,Faria,Faria1994.n09678.e01,Faria1994.n09678.sg01,1,I-Sent. próprio,"Dizer com um caráter solene e técnico, pois que se trata de um vocábulo da língua religiosa e jurídica, afirmar, expor,pronunciar, falar em tom solene e ameaçador","Cíc. Fin. 2, 85; Cíc. De Or. 3, 213; Cíc. Fam. 3, 8, 5; Cíc. Dom. 70."
inquam,lilaLemma:108033,Velez,Velez1744.n1754.e01,Velez1744.n1754.sg01,1,,"dizer, affirmar",dat.
do,lilaLemma:99970,Saraiva,Saraiva1910.xDo,Saraiva1910.xDo.sg01,9,,"dizer, expôr, contar, referir, relatar;",
dico,lilaLemma:99302,Saraiva,Saraiva1910.xDico,Saraiva1910.xDico.sg01,3,,"dizer, exprimir, recitar;",
dico,lilaLemma:99302,Fonseca,Fonseca1798.n08731.e01,Fonseca1798.n08731.sg01,1,Cic.,"dizer, fallar.",
dico,lilaLemma:99302,Velez,Velez1744.n1038.e01,Velez1744.n1038.sg01,1,,"dizer, orar, fallar",
dico,lilaLemma:99302,Saraiva,Saraiva1910.xDico,Saraiva1910.xDico.sg01,1,,dizer;,
inquam,lilaLemma:108033,Fonseca,Fonseca1798.n15409.e01,Fonseca1798.n15409.sg01,1,Catul.,dizer.,
do,lilaLemma:99970,Fonseca,Fonseca1798.n09326.e01,Fonseca1798.n09326.sg01,3,,dizer.,
super,lilaLemma:126999,Faria,Faria1994.n30893.e01,Faria1994.n30893.sg01,2,II-Por extensão,"Do céu, celeste","Cíc. Nat. 2, 140."
ex,lilaLemma:101716,Faria,Faria1994.n11629.e01,Faria1994.n11629.sg01,1,Indica ponto de partida sent. local:,"Do interior de, de",com ideia de movimento de dentro para fora.
in,lilaLemma:106748,Faria,Faria1994.n15371.e01,Faria1994.n15371.sg01,2,I-Com acus. indicando resultado de um movimento. Sent. próprio e figurado:-Sent. local:,Do lado de,indicando direção:
ab,lilaLemma:86824,Faria,Faria1994.n00003.e01,Faria1994.n00003.sg01,6,III-Em sent. figurado:,"Do lado de, do partido de, em favor de:",
ab,lilaLemma:86824,Faria,Faria1994.n00003.e01,Faria1994.n00003.sg01,3,I-Sent. próprio-Ainda em sentido local:,do lado de:,
qua,lilaIpoLemma:110471,Faria,Faria1994.n26358.e01,Faria1994.n26358.sg01,2,I-Sent. próprio,Do lado que,"T. Lív. 39, 48, 6."
idem,lilaLemma:109082,Faria,Faria1994.n14852.e01,Faria1994.n14852.sg01,4,"II-Em correlação com qui, atque. et, ut, quasi, cum em comparações:","Do mesmo modo que, o mesmo que",Cíc. Tusc. 2.9.
qua,lilaIpoLemma:110471,Fonseca,Fonseca1798.n25116.e01,Fonseca1798.n25116.sg01,5,Ovid.,"do modo que, como.",
ubi,lilaLemma:129639,Faria,Faria1994.n32856.e01,Faria1994.n32856.sg01,4,II-Conj. sent. próprio:,"Do momento em que, depois de","com subj. Hor. O. 3, 6, 41."
atque,lilaLemma:90490,Faria,Faria1994.n03333.e01,Faria1994.n03333.sg01,4,II-Por enfraquecimento de sentido:,"Do que. como, do mesmo modo que",nas comparações:
causa,lilaLemma:93253,Fonseca,Fonseca1798.n04262.e01,Fonseca1798.n04262.sg01,7,Tib.,doença.,
grauis,lilaLemma:104903,Fonseca,Fonseca1798.n13041.e01,Fonseca1798.n13041.sg01,5,Cels.,"doentio, pouco sadio.",
duo,lilaLemma:100246,Faria,Faria1994.n10488.e01,Faria1994.n10488.sg01,1,,Dois,"Cíc. Rep. 1, 15."
dominus,lilaLemma:98084,Faria,Faria1994.n10328.e01,Faria1994.n10328.sg01,1,I-Sent. próprio,"Dono de casa, senhor, proprietário","Cíc. Of. 1, 139."
fortuna,lilaLemma:103696,Faria,Faria1994.n13047.e01,Faria1994.n13047.sg01,4,"II-Daí, no pl.:","Dons da fortuna. Riqueza, posses, bens, fortuna","Cíc. Cat. 2, 10."
duo,lilaLemma:100246,Cardoso,Cardoso1570.n06369.e01,Cardoso1570.n06369.sg01,1,,dous,
duo,lilaLemma:100246,Velez,Velez1744.n1124.e01,Velez1744.n1124.sg01,1,,dous,
duo,lilaLemma:100246,Fonseca,Fonseca1798.n09521.e01,Fonseca1798.n09521.sg01,1,Cic.,dous.,
bellum,lilaLemma:91461,Fonseca,Fonseca1798.n09496.e01,Fonseca1798.n09496.sg01,2,Eutrop.,"duéllo, peleja só por só.",
dies,lilaLemma:99334,Faria,Faria1994.n09718.e01,Faria1994.n09718.sg01,4,II-Daí:,"Duração, sucessão do tempo, tempo, demora","Cés. B. Gal. 1, 7, 6."
dies,lilaLemma:99334,Faria,Faria1994.n10203.e01,Faria1994.n10203.sg01,1,,Durante o dia,"Sal. B. Jug. 38, 3."
per,lilaLemma:116569,Faria,Faria1994.n22800.e01,Faria1994.n22800.sg01,5,Sent. temporal:,"Durante, cada:",
inter,lilaLemma:108392,Faria,Faria1994.n16502.e01,Faria1994.n16502.sg01,6,III-Com ideia temporal:,"Durante, no espaço de, dentro de:",
in,lilaLemma:106748,Faria,Faria1994.n15371.e01,Faria1994.n15371.sg01,14,II-Com abl. sem movimento. Sent. próprio e figurado:-Sent. temporal:,Durante:,
teneo,lilaLemma:127822,Fonseca,Fonseca1798.n29988.e01,Fonseca1798.n29988.sg01,12,Caes.,"durar, conservar-se.",
teneo,lilaLemma:127822,Faria,Faria1994.n31462.e01,Faria1994.n31462.sg01,12,B-Intr.:,"Durar, subsistir, persistir","T. Lív. 23, 44, 6; Tit. Lív. 23, 12, 2."
sum,lilaLemma:126689,Saraiva,Saraiva1910.xSum,Saraiva1910.xSum.sg01,1,,durar;,
et,lilaLemma:101542,Velez,Velez1744.n1214.e01,Velez1744.n1214.sg01,1,,e,
que,lilaLemma:131416,Velez,Velez1744.n2868.e01,Velez1744.n2868.sg01,1,,e,
et,lilaLemma:101542,Faria,Faria1994.n11417.e01,Faria1994.n11417.sg01,1,I-Sent. próprio,E,"Cíc. Of. 2, 57."
etiam,lilaLemma:101554,Faria,Faria1994.n11430.e01,Faria1994.n11430.sg01,1,Sent. próprio,"E agora, agora ainda",com ideia temporal Plaut. Trin. 572.
que,lilaLemma:131416,Faria,Faria1994.n26527.e01,Faria1994.n26527.sg01,4,,E ao contrário,oposição a uma negação Cíc. Tusc. 1. 71.
itaque,lilaLemma:109129,Faria,Faria1994.n17083.e01,Faria1994.n17083.sg01,1,,"E assim, desta maneira","Cíc. Fin. 1, 34."
sic,lilaLemma:124690,Faria,Faria1994.n29259.e01,Faria1994.n29259.sg01,1,,É desta maneira quê? É assim quê?,Cíc. Flac. 82.
et,lilaLemma:101542,Faria,Faria1994.n11417.e01,Faria1994.n11417.sg01,3,II-Com valor temporal:,"E então, e depois",Verg. En. 6. 498.
atque,lilaLemma:90490,Faria,Faria1994.n03333.e01,Faria1994.n03333.sg01,2,I-Sent. próprio,"E entretanto, e contudo",frequentemente reforçada por “tamen”;
sum,lilaLemma:126689,Saraiva,Saraiva1910.xSum,Saraiva1910.xSum.sg01,4,"Est ut, ou com infin.",é lícito ou permittido que;,
que,lilaLemma:131416,Faria,Faria1994.n26527.e01,Faria1994.n26527.sg01,3,,E mesmo,"Cés. B. Gal. 5, 14, 4."
nec,lilaLemma:113512,Faria,Faria1994.n20400.e01,Faria1994.n20400.sg01,1,,"E não, nem","Cíc. Leg. 2, 26; T. Lív. 7, 9, 1."
neque,lilaLemma:114120,Faria,Faria1994.n20400.e01,Faria1994.n20400.sg01,1,,"E não, nem","Cíc. Leg. 2, 26; T. Lív. 7, 9, 1."
igitur,lilaLemma:106127,Faria,Faria1994.n14872.e01,Faria1994.n14872.sg01,6,,E pois. portanto,usado para abordar um desenvolvimento já anunciado C íc. F in. I. 66.
atque,lilaLemma:90490,Faria,Faria1994.n03333.e01,Faria1994.n03333.sg01,1,I-Sent. próprio,"E por outro lado, e o que é mais:",
sum,lilaLemma:126689,Saraiva,Saraiva1910.xSum,Saraiva1910.xSum.sg01,4,"Est ut, ou com infin.",é possível que;,
possum,lilaLemma:118569,Faria,Faria1994.n24668.e01,Faria1994.n24668.sg01,3,II-Impess.:,É possível:,
sum,lilaLemma:126689,Saraiva,Saraiva1910.xSum,Saraiva1910.xSum.sg01,4,"Est ut, ou com infin.","é que, da-se o caso que;",
et,lilaLemma:101542,Faria,Faria1994.n11417.e01,Faria1994.n11417.sg01,2,II-Daí,"E também, e além disso, e até","Cíc. Verr. 5, 121."
que,lilaLemma:131416,Faria,Faria1994.n26527.e01,Faria1994.n26527.sg01,5,,"E também, semelhante","v. itemque Cíc. Of. 3, 96."
que,lilaLemma:131416,Fonseca,Fonseca1798.n24997.e01,Fonseca1798.n24997.sg01,1,Cic.,"e, ainda, tambem.",
atque,lilaLemma:90490,Fonseca,Fonseca1798.n02707.e01,Fonseca1798.n02707.sg01,1,Cic.,"e, do que, assim como.",
atque,lilaLemma:90490,Fonseca,Fonseca1798.n00232.e01,Fonseca1798.n00232.sg01,1,Cic.,"e, do que.",
que,lilaLemma:131416,Faria,Faria1994.n26527.e01,Faria1994.n26527.sg01,1,,"E, também:",
et,lilaLemma:101542,Fonseca,Fonseca1798.n10490.e01,Fonseca1798.n10490.sg01,1,Cic.,"e, tambem.",
atque,lilaLemma:90490,Faria,Faria1994.n03333.e01,Faria1994.n03333.sg01,3,II-Por enfraquecimento de sentido:,E.,
pono,lilaLemma:118414,Fonseca,Fonseca1798.n22976.e01,Fonseca1798.n22976.sg01,4,,edificar.,
domus,lilaLemma:100071,Faria,Faria1994.n10345.e01,Faria1994.n10345.sg01,4,II-Sent. figurado:,Edifício,"de qualquer espécie Tib. 3, 2, 22."
ago,lilaLemma:88140,Faria,Faria1994.n01239.e01,Faria1994.n01239.sg01,1,,Eia! Vamos! Coragem! Pois bem!,Cíc. Caec. 48; Cíc. Mil. 55.
hic,lilaLemma:105455,Faria,Faria1994.n14396.e01,Faria1994.n14396.sg01,4,II-Sents. especiais,Eis,designando o que se vai seguir:
hic,lilaLemma:105455,Faria,Faria1994.n14396.e01,Faria1994.n14396.sg01,5,II-Sents. especiais,Eis. tal é,resumindo o que precede Cíc. Ac. I. 22.
rex,lilaLemma:122013,Cardoso,Cardoso1570.n20868.e01,Cardoso1570.n20868.sg01,1,,el Rey. ou homem rico,
ille,lilaLemma:106221,Faria,Faria1994.n14953.e01,Faria1994.n14953.sg01,4,III-Empregos diversos:,Ele,interlocutor de um diálogo:
is,lilaLemma:109083,Faria,Faria1994.n17022.e01,Faria1994.n17022.sg01,1,,"Ele, ela, o, a, este, esta, isto, o supracitado, o referido","Cés. B. Gal. 1, 4. 1."
dico,lilaLemma:99302,Fonseca,Fonseca1798.n08731.e01,Fonseca1798.n08731.sg01,2,Liv.,eleger.,
iubeo,lilaLemma:109152,Fonseca,Fonseca1798.n16329.e01,Fonseca1798.n16329.sg01,2,Liv.,eleger.,
ille,lilaLemma:106221,Velez,Velez1744.n1595.e01,Velez1744.n1595.sg01,1,,"elle, aquelle;",
is,lilaLemma:109083,Velez,Velez1744.n1855.e01,Velez1744.n1855.sg01,1,,"elle, este, o tal",
apud,lilaLemma:89686,Faria,Faria1994.n02576.e01,Faria1994.n02576.sg01,2,Com nomes de lugar:,Em,"principalmente com nomes próprios de localidades: rios. cidades, ilhas, regiões, etc."
in,lilaLemma:106748,Faria,Faria1994.n15371.e01,Faria1994.n15371.sg01,5,I-Com acus. indicando resultado de um movimento. Sent. próprio e figurado:-Sents. diversos:,Em,indicando dimensão:
domus,lilaLemma:100071,Cardoso,Cardoso1570.n06310.e01,Cardoso1570.n06310.sg01,1,,em casa,
apud,lilaLemma:89686,Faria,Faria1994.n02576.e01,Faria1994.n02576.sg01,4,Com nomes de pessoa:,"Em casa de, ao pé de, junto a, perto de",Cíc. Pomp. 13.
si,lilaLemma:124676,Faria,Faria1994.n29400.e01,Faria1994.n29400.sg01,2,,Em caso contrário: sin autem,"Cíc. Agr. 3, 2."
ad,lilaLemma:87344,Faria,Faria1994.n00519.e01,Faria1994.n00519.sg01,8,Desses Sentidos gerais e básicos de “em direção a” ou “na vizinhança de” decorrem numerosas acepções derivadas:,Em comparação com,"Cíc. Tusc. 1, 40."
nullus,lilaLemma:114081,Fonseca,Fonseca1798.n19530.e01,Fonseca1798.n19530.sg01,4,Ter.,em lugar de Non.,
nomen,lilaLemma:113797,Faria,Faria1994.n20624.e01,Faria1994.n20624.sg01,9,III-No abl.:,Em nome de,"Cíc. At. 1, 16, 16."
per,lilaLemma:116569,Faria,Faria1994.n22800.e01,Faria1994.n22800.sg01,8,Sents. diversos:,"Em nome de, por",nas fórmulas de súplica:
dum,lilaLemma:100236,Fonseca,Fonseca1798.n09515.e01,Fonseca1798.n09515.sg01,1,Cic.,"em quanto, até que.",
qua2,lilaIpoLemma:110467,Faria,Faria1994.n26550.e01,Faria1994.n26550.sg01,1,I-Adv. interr.:,"Em quê, com quê? Como?","Cíc. Nat. 3. 76: Cíc. Verr. 5, 7."
ex,lilaLemma:101716,Faria,Faria1994.n11629.e01,Faria1994.n11629.sg01,5,Daí:,"Em seguida a, logo depois de",Cíc. Br. 318.
de,lilaLemma:97932,Faria,Faria1994.n08711.e01,Faria1994.n08711.sg01,8,"Do sent. de «a partir de», passou-se ao de:","Em seguida a, por","Cíc. At. 7, 7, 3."
deinde,lilaLemma:98386,Faria,Faria1994.n09015.e01,Faria1994.n09015.sg01,3,I-Donde:,"Em seguida, depois","com ideia de sucessão, no tempo e no espaço:"
tempus,lilaLemma:127522,Faria,Faria1994.n31440.e01,Faria1994.n31440.sg01,7,"III-Em expressões adverbiais:-Tempore, in tempore",em tempo oportuno’,"Cíc. Of. 1, 104."
quidem,lilaLemma:121168,Cardoso,Cardoso1570.n19876.e01,Cardoso1570.n19876.sg01,1,,em verdade,
uero,lilaIpoLemma:111474,Faria,Faria1994.n33589.e01,Faria1994.n33589.sg01,3,,"Em verdade, de fato, a verdade é que",Cíc. Mil. 12.
pro,lilaLemma:118468,Faria,Faria1994.n25463.e01,Faria1994.n25463.sg01,4,II-Daí,"Em vez de, em lugar de",ideia de substituição:
pro,lilaLemma:118468,Faria,Faria1994.n25463.e01,Faria1994.n25463.sg01,8,II-Daí,"Em virtude de, em atenção a:",
ex,lilaLemma:101716,Faria,Faria1994.n11629.e01,Faria1994.n11629.sg01,6,Daí:,"Em virtude de, por causa de, por","sent. causal Cíc. Of. 3, 99."
ad,lilaLemma:87344,Faria,Faria1994.n00519.e01,Faria1994.n00519.sg01,5,Desses Sentidos gerais e básicos de “em direção a” ou “na vizinhança de” decorrem numerosas acepções derivadas:,"Em vista, para:",
in,lilaLemma:106748,Faria,Faria1994.n15371.e01,Faria1994.n15371.sg01,11,II-Com abl. sem movimento. Sent. próprio e figurado:-Sent. local:,"Em, com:",
in,lilaLemma:106748,Faria,Faria1994.n15371.e01,Faria1994.n15371.sg01,10,II-Com abl. sem movimento. Sent. próprio e figurado:-Sent. local:,"Em, dentro de, sobre:",
in,lilaLemma:106748,Faria,Faria1994.n15371.e01,Faria1994.n15371.sg01,12,II-Com abl. sem movimento. Sent. próprio e figurado:-Sent. local:,"Em, em tal obra ou autor:",
in,lilaLemma:106748,Fonseca,Fonseca1798.n14406.e01,Fonseca1798.n14406.sg01,1,Cic.,"em, na, nas, no, nos, para, para com, contra, por amor, entre, até, depois.","Póde ter outras muitas significações, segundo os verbos, a que se ajunta. Ainda que as mais das vezes junta aos verbos de movimento reja accusativo, e aos de quietação ablativo, tambem se achão frequentes exemplos do contrario nos Autores classicos."
in,lilaLemma:106748,Faria,Faria1994.n15371.e01,Faria1994.n15371.sg01,13,II-Com abl. sem movimento. Sent. próprio e figurado:-Sent. temporal:,"Em, por:",
in,lilaLemma:106748,Faria,Faria1994.n15371.e01,Faria1994.n15371.sg01,1,I-Com acus. indicando resultado de um movimento. Sent. próprio e figurado:-Sent. local:,Em:,
licet,lilaLemma:110432,Faria,Faria1994.n18058.e01,Faria1994.n18058.sg01,1,,"Embora, ainda que",Cíc. Tusc. 4. 54.
uideo,lilaLemma:130163,Saraiva,Saraiva1910.xVideo,Saraiva1910.xVideo.sg01,1,,"empregar a vista, servir-se dos olhos;",
credo,lilaLemma:96881,Fonseca,Fonseca1798.n07134.e01,Fonseca1798.n07134.sg01,3,Plaut.,emprestar.,
ago,lilaLemma:88140,Faria,Faria1994.n01300.e01,Faria1994.n01300.sg01,1,I-Sent. próprio,"Empurrar para a frente, impelir, fazer marchar na frente, fazer avançar, tocar:",
mitto,lilaLemma:112499,Cardoso,Cardoso1570.n14006.e01,Cardoso1570.n14006.sg01,1,,emuiar,
ago,lilaLemma:88140,Faria,Faria1994.n01300.e01,Faria1994.n01300.sg01,9,II-Na língua jurídica intransitivamente:,"Encaminhar uma ação segundo a lei, agir, proceder segundo a lei, intentar uma ação, advogar, defender:",
teneo,lilaLemma:127822,Fonseca,Fonseca1798.n29988.e01,Fonseca1798.n29988.sg01,5,Virg.,encobrir.,
uirtus,lilaLemma:130356,Faria,Faria1994.n33990.e01,Faria1994.n33990.sg01,3,II-Sent. próprio,"Energia, qualidades viris, vigor, mérito","Cíc. Phil. 5, 1."
dum,lilaLemma:100236,Faria,Faria1994.n10480.e01,Faria1994.n10480.sg01,1,,"Enquanto, durante o tempo em que","Cíc. Lae. 14; Cés. B. Civ. 1. 51, 5."
periculum,lilaLemma:116930,Faria,Faria1994.n23118.e01,Faria1994.n23118.sg01,1,I-Sent. próprio,"Ensaio, experiência",Cíc. Caecil. 27.
nunc,lilaLemma:113990,Faria,Faria1994.n20824.e01,Faria1994.n20824.sg01,2,,Então,com verbos no pass. ou no fut. Cíc. Verr. 3. 47.
igitur,lilaLemma:106127,Faria,Faria1994.n14872.e01,Faria1994.n14872.sg01,4,,Então,usado para retomar um assunto interrompido Cíc. Tusc. I. 30.
tum,lilaLemma:129198,Fonseca,Fonseca1798.n30943.e01,Fonseca1798.n30943.sg01,1,Cic.,"entaõ, além disto, de mais disto.",
tum,lilaLemma:129198,Faria,Faria1994.n32658.e01,Faria1994.n32658.sg01,1,I-Sent. próprio,"Então, naquele tempo","Cíc. Rep. 2, 16:"
igitur,lilaLemma:106127,Faria,Faria1994.n14872.e01,Faria1994.n14872.sg01,5,,Então. assim pois. em resumo. numa palavra,"Cíc. Tusc. 1,70."
cognosco,lilaLemma:94738,Velez,Velez1744.n0715.e01,Velez1744.n0715.sg01,2,,"entender, certificar-se, ou inquirir",
audio,lilaLemma:90641,Faria,Faria1994.n03455.e01,Faria1994.n03455.sg01,2,I-Daí,"Entender, compreender",Plaut. Capt. 240.
dico,lilaLemma:99302,Saraiva,Saraiva1910.xDico,Saraiva1910.xDico.sg01,10,,"entender, querer dizer, ter intenção de;",
pono,lilaLemma:118414,Fonseca,Fonseca1798.n22976.e01,Fonseca1798.n22976.sg01,8,Ovid.,"enterrar, sepultar.",
tum,lilaLemma:129198,Cardoso,Cardoso1570.n25369.e01,Cardoso1570.n25369.sg01,1,,entonces,
habeo,lilaLemma:105044,Saraiva,Saraiva1910.xHabeo,Saraiva1910.xHabeo.sg01,3,,"entrar de posse, tomar;",
inter,lilaLemma:108392,Cardoso,Cardoso1570.n10994.e01,Cardoso1570.n10994.sg01,1,,entre,
apud,lilaLemma:89686,Faria,Faria1994.n02576.e01,Faria1994.n02576.sg01,5,Com nomes de pessoa:,Entre,principalmente com nomes de povos
inter,lilaLemma:108392,Fonseca,Fonseca1798.n15710.e01,Fonseca1798.n15710.sg01,1,Cic.,"entre, dentro, no tempo, no meio.",
inter,lilaLemma:108392,Faria,Faria1994.n16502.e01,Faria1994.n16502.sg01,1,I-Sent. próprio,"Entre, no meio de, no número de, junto de:",
in,lilaLemma:106748,Faria,Faria1994.n15371.e01,Faria1994.n15371.sg01,18,II-Com abl. sem movimento. Sent. próprio e figurado:-Sents. diversos:,"Entre, no meio de:",
inter,lilaLemma:108392,Velez,Velez1744.n1792.e01,Velez1744.n1792.sg01,1,medium quiddam significat,"entre, ou no meyo","Cum Gerundiis pro Dum ponitur, | Suo casui postponitur interdum."
do,lilaLemma:99970,Faria,Faria1994.n10264.e01,Faria1994.n10264.sg01,3,II-Sent. figurado,"Entregar, ceder, conceder, permitir","Cíc. Fam. 14, 14, I."
credo,lilaLemma:96881,Velez,Velez1744.n0891.e01,Velez1744.n0891.sg01,2,por,"entregar, ou confiar alguma cousa de alguem",accus. & dat
refero,lilaLemma:122494,Faria,Faria1994.n27057.e01,Faria1994.n27057.sg01,2,I-Daí,"Entregar, restituir","Cíc. Div. 1, 54: Cíc. Verr. 3, 223."
mitto,lilaLemma:112499,Faria,Faria1994.n19659.e01,Faria1994.n19659.sg01,4,II-Posteriormente:,"Enviar, mandar","Cés. B. Gal. 1, 18; 10; Cíc. Tusc. 1, 97."
legio,lilaLemma:110166,Faria,Faria1994.n17818.e01,Faria1994.n17818.sg01,1,I-Sent. próprio,"Escolha, faculdade de escolher:",
capio,lilaLemma:92686,Faria,Faria1994.n04907.e01,Faria1994.n04907.sg01,9,II-Sent. figurado:,"Escolher, receber, alcançar","Ces. B. Gal. 5, 9, 1."
scribo,lilaLemma:123840,Cardoso,Cardoso1570.n21758.e01,Cardoso1570.n21758.sg01,1,,escreuer,
scribo,lilaLemma:123840,Faria,Faria1994.n28598.e01,Faria1994.n28598.sg01,1,I-Sent. próprio,"Escrever letras, obra ou carta, traçar caracteres","Cíc. Tusc. 5, 113: Cíc. Leg. 2. 11: Cíc. Br. 287: Cíc. Tusc. 1, 116."
scribo,lilaLemma:123840,Faria,Faria1994.n28598.e01,Faria1994.n28598.sg01,2,I-Sent. próprio,"Escrever, contar, descrever, mencionar","Cíc. At. 3, 27: Cíc. Mil. 48: Cíc. N at. 2, 124: T. Liv. 21, 1, 1."
scribo,lilaLemma:123840,Fonseca,Fonseca1798.n27054.e01,Fonseca1798.n27054.sg01,1,Cic.,escrever.,
manus,lilaLemma:111585,Fonseca,Fonseca1798.n17865.e01,Fonseca1798.n17865.sg01,6,,"escrita, letra, escriturario, amanuense.",
causa,lilaLemma:93253,Fonseca,Fonseca1798.n04262.e01,Fonseca1798.n04262.sg01,3,,"escusa, apparencia.",
audio,lilaLemma:90641,Faria,Faria1994.n03455.e01,Faria1994.n03455.sg01,4,II-Sent. figurado:,"Escutar, obedecer, acreditar",Cíc. Verr. 5. 78.
fero,lilaLemma:103126,Saraiva,Saraiva1910.xFero,Saraiva1910.xFero.sg01,11,,"espalhar, disseminar, propalar, transmittir;",
pars,lilaLemma:116084,Fonseca,Fonseca1798.n21009.e01,Fonseca1798.n21009.sg01,3,,"especie, que divide o genero.",
iste,lilaLemma:109122,Cardoso,Cardoso1570.n11506.e01,Cardoso1570.n11506.sg01,1,,essé,
iste,lilaLemma:109122,Faria,Faria1994.n17050.e01,Faria1994.n17050.sg01,1,,"Esse, essa, isso:",
natura,lilaLemma:113421,Fonseca,Fonseca1798.n19065.e01,Fonseca1798.n19065.sg01,2,,"essencia, força, virtude de cada ser.",
uis,lilaLemma:130360,Faria,Faria1994.n33993.e01,Faria1994.n33993.sg01,11,IV-Sent figurado:,"Essência, substância",Cíc. Lae. 15.
pono,lilaLemma:118414,Faria,Faria1994.n24532.e01,Faria1994.n24532.sg01,3,II-Sent. figurado:,"Estabelecer, fixar, instalar, construir, edificar","Cíc. Agr. 2. 96; Verg. En. 6, 19."
annus,lilaLemma:89129,Faria,Faria1994.n02220.e01,Faria1994.n02220.sg01,3,II-No sent. poético:,"Estação das colheitas, outono","Verg. Buc. 2, 57."
annus,lilaLemma:89129,Fonseca,Fonseca1798.n01789.e01,Fonseca1798.n01789.sg01,2,,estação do anno.,
mos,lilaLemma:112831,Faria,Faria1994.n19868.e01,Faria1994.n19868.sg01,4,II-Sent. poético:,Estado,"do céu Verg. G. 1, 51."
imperium,lilaLemma:106532,Fonseca,Fonseca1798.n14239.e01,Fonseca1798.n14239.sg01,3,Virg.,"estado, républica, senhorio, dominio, & c.",
imperium,lilaLemma:106532,Faria,Faria1994.n15225.e01,Faria1994.n15225.sg01,7,II-Sents. diversos:,"Estado. império, governo imperial",Suet. Tib. 24.
sum,lilaLemma:126689,Saraiva,Saraiva1910.xSum,Saraiva1910.xSum.sg01,2,,estar com alguem;,
capio,lilaLemma:92686,Faria,Faria1994.n04907.e01,Faria1994.n04907.sg01,12,II-Passivo,"Estar doente, padecer, sofrer, suportar","Cíc. Ac. 2, 66."
possum,lilaLemma:118569,Saraiva,Saraiva1910.xPossum,Saraiva1910.xPossum.sg01,5,Cic.,"estar em bom estado, estar são, operar bem.",
ago,lilaLemma:88140,Faria,Faria1994.n01300.e01,Faria1994.n01300.sg01,14,II-Passivo,"Estar em jogo; estar na ordem do dia, estar em perigo",Cíc. Quinct. 9.
ago,lilaLemma:88140,Saraiva,Saraiva1910.xAgo,Saraiva1910.xAgo.sg01,11,Passiv.,"estar em tormento, estar em perigo;",
fero,lilaLemma:103126,Saraiva,Saraiva1910.xFero,Saraiva1910.xFero.sg01,6,,estar encarregado de;,
uenio,lilaLemma:129790,Saraiva,Saraiva1910.xVenio,Saraiva1910.xVenio.sg01,12,,"estar exposto, correr risco, perigo, supportar, aturar, soffrer;",
teneo,lilaLemma:127822,Faria,Faria1994.n31462.e01,Faria1994.n31462.sg01,3,A-Tr.-Daí:,"Estar imóvel, manter, parar, reter, conter, fazer parar","Cés. B. Gal. 1, 40, 8; Cíc. At. 11, 3, 1; Cíc. Fam. 16, 7."
sum,lilaLemma:126689,Saraiva,Saraiva1910.xSum,Saraiva1910.xSum.sg01,5,,estar para ou com tenção de;,
capio,lilaLemma:92686,Faria,Faria1994.n04907.e01,Faria1994.n04907.sg01,13,II-Daí:-Na língua jurídica:,Estar privado,"da utilização de um orgão Cíc. Tusc. 5, 117."
habeo,lilaLemma:105044,Saraiva,Saraiva1910.xHabeo,Saraiva1910.xHabeo.sg01,6,,"estar sujeito, exposto a, soffrer, supportar;",
sum,lilaLemma:126689,Faria,Faria1994.n30738.e01,Faria1994.n30738.sg01,2,I-Sent. próprio,"Estar, viver, morar",com locativo ou abl. com in:
ago,lilaLemma:88140,Saraiva,Saraiva1910.xAgo,Saraiva1910.xAgo.sg01,7,,"estar, viver, morar, demorar, estar situado;",
sum,lilaLemma:126689,Saraiva,Saraiva1910.xSum,Saraiva1910.xSum.sg01,2,,estar;,
is,lilaLemma:109083,Cardoso,Cardoso1570.n11500.e01,Cardoso1570.n11500.sg01,1,,este,
hic,lilaLemma:105455,Velez,Velez1744.n1523.e01,Velez1744.n1523.sg01,1,,este,
iste,lilaLemma:109122,Velez,Velez1744.n1860.e01,Velez1744.n1860.sg01,1,,este,"differt ab Hic, quòd hic cum suis derivatis, & compositis dicitur de persona loquente, vel de re ei proxima; nam de me loquens dicere debeo, Hoc caput, haec manus, hic locus, ubi sum: Iste verò cum suis spectat ad personam, cui loquimur, vel ad rem ei proximam, sic de te loquens dico: Istud caput, ista manas, iste locus, id est, istud tuum caput, ista tua manus, iste locus, in quo tu es."
iste,lilaLemma:109122,Fonseca,Fonseca1798.n16299.e02,Fonseca1798.n16299.sg01,1,Cic.,este mesmo.,
idem,lilaLemma:109082,Faria,Faria1994.n14852.e01,Faria1994.n14852.sg01,1,I-Sent. próprio,Este precisamente;,
hic,lilaLemma:105455,Faria,Faria1994.n14396.e01,Faria1994.n14396.sg01,1,I-Sent. genérico,"Este, esta, isto","de que falo, que mostro Cíc. Rep. 1, 1."
is,lilaLemma:109083,Fonseca,Fonseca1798.n16279.e01,Fonseca1798.n16279.sg01,1,Cic.,"este, esta, isto, aquelle, tanto, tal.",
iste,lilaLemma:109122,Fonseca,Fonseca1798.n16297.e01,Fonseca1798.n16297.sg01,1,Cic.,"este, esta, isto, esse, essa, isso.",
hic,lilaLemma:105455,Fonseca,Fonseca1798.n13438.e01,Fonseca1798.n13438.sg01,1,Cic.,"este, esta, isto.",
iste,lilaLemma:109122,Faria,Faria1994.n17050.e01,Faria1994.n17050.sg01,2,,"Este, tal, semelhante",
hic,lilaLemma:105455,Faria,Faria1994.n14397.e01,Faria1994.n14397.sg01,1,,Este. esta. isto:,
puto,lilaLemma:120610,Velez,Velez1744.n2832.e01,Velez1744.n2832.sg01,4,por,"estimar, aliquem magni, parvi, & c",
facio,lilaLemma:102758,Faria,Faria1994.n12363.e01,Faria1994.n12363.sg01,10,III-Na língua do teatro:,"Estimar, prezar",Cíc. Fin. 2. 88.
facio,lilaLemma:102758,Saraiva,Saraiva1910.xFacio,Saraiva1910.xFacio.sg01,8,,"estimar, prezar, ter na conta de, reputar em;",
facio,lilaLemma:102758,Fonseca,Fonseca1798.n11436.e01,Fonseca1798.n11436.sg01,2,,"estimar, prezar.",
habeo,lilaLemma:105044,Fonseca,Fonseca1798.n13130.e01,Fonseca1798.n13130.sg01,3,,"estimar, prezar.",
puto,lilaLemma:120610,Fonseca,Fonseca1798.n24761.e01,Fonseca1798.n24761.sg01,4,,estimar.,
manus,lilaLemma:111585,Fonseca,Fonseca1798.n17865.e01,Fonseca1798.n17865.sg01,7,Quinct.,"estocada, ou cutilada na esgrima.",
hostis,lilaLemma:105757,Fonseca,Fonseca1798.n13669.e01,Fonseca1798.n13669.sg01,2,Veter. apud Cic.,"estrangeiro, forasteiro, peregrino.",
hostis,lilaLemma:105757,Faria,Faria1994.n14646.e01,Faria1994.n14646.sg01,1,I-Sent. próprio,"Estrangeiro, hóspede. forasteiro","Cíc. Of. I, 37."
nouus,lilaLemma:113900,Faria,Faria1994.n20735.e01,Faria1994.n20735.sg01,4,II-Sent. figurado:,"Estranho, singular, inaudito",Cíc. Lig. 1.
quidem,lilaLemma:121168,Faria,Faria1994.n26562.e01,Faria1994.n26562.sg01,3,,"Et... quidem, is... quidem, ac... quidem: e o que é mais, e o que é melhor","Cíc. Fin. 1, 1."
ego,lilaLemma:100712,Faria,Faria1994.n10794.e01,Faria1994.n10794.sg01,1,,Eu,"Cíc. De Or. 1, 39; Cíc. Agr. 2, 55."
ego,lilaLemma:100712,Faria,Faria1994.n10795.e01,Faria1994.n10795.sg01,1,,Eu mesmo,"Cíc. Inv. 1, 52."
ego,lilaLemma:100712,Fonseca,Fonseca1798.n09822.e01,Fonseca1798.n09822.sg01,1,Cic.,eu.,
uideo,lilaLemma:130163,Faria,Faria1994.n33827.e01,Faria1994.n33827.sg01,8,III-Daí:,Evitar,"Cíc. Of. 1, 42."
uideo,lilaLemma:130163,Fonseca,Fonseca1798.n31678.e01,Fonseca1798.n31678.sg01,2,,"examinar, considerar, ponderar, reflectir.",
ipse,lilaLemma:108945,Faria,Faria1994.n16942.e01,Faria1994.n16942.sg01,2,,"Exatamente, precisamente","junto a um numeral, geralmente:"
magnus,lilaLemma:111319,Fonseca,Fonseca1798.n17680.e01,Fonseca1798.n17680.sg01,2,,excessivo.,
gero,lilaLemma:104536,Faria,Faria1994.n13657.e01,Faria1994.n13657.sg01,3,II-Por extensão:,"Executar, cumprir, fazer, administrar, gerir, exercer","Cíc. Quinct. 28; Cíc. Br. 103; Cíc. Sest. 79; Cés. B. Gal. I, I, 3."
facio,lilaLemma:102758,Saraiva,Saraiva1910.xFacio,Saraiva1910.xFacio.sg01,1,,"executar, levar a effeito, effectuar;",
facio,lilaLemma:102758,Faria,Faria1994.n12363.e01,Faria1994.n12363.sg01,3,I-Sent. próprio,"Exercer, praticar","Cíc. Verr. 5, 155."
exercitus,lilaLemma:101960,Faria,Faria1994.n11830.e01,Faria1994.n11830.sg01,1,I-Sent. próprio abstrato:,Exercício,plaut. Rud. 293.
exercitus,lilaLemma:101960,Fonseca,Fonseca1798.n10881.e01,Fonseca1798.n10881.sg01,2,Plaut.,exercicio.,
gero,lilaLemma:104536,Fonseca,Fonseca1798.n12760.e01,Fonseca1798.n12760.sg01,2,,"exercitar, administrar.",
legio,lilaLemma:110166,Faria,Faria1994.n17818.e01,Faria1994.n17818.sg01,4,IV-Sent. poético:,Exército,"Verg. En. 9, 368."
exercitus,lilaLemma:101960,Faria,Faria1994.n11830.e01,Faria1994.n11830.sg01,2,"I-Daí, em sent. concreto:","Exército, corpo de tropas",Cíc. Pis. 37.
arma,lilaLemma:89998,Faria,Faria1994.n02868.e01,Faria1994.n02868.sg01,3,II-Sent. figurado:,"Exército, homens armados",Cíc. Mil. 3.
exercitus,lilaLemma:101960,Fonseca,Fonseca1798.n10881.e01,Fonseca1798.n10881.sg01,1,Cic.,exercito.,
bellum,lilaLemma:91461,Faria,Faria1994.n03974.e01,Faria1994.n03974.sg01,3,II-Sent. figurado-No plural,exércitos,"Ov. Met. 12, 24."
uoco,lilaLemma:130729,Faria,Faria1994.n34099.e01,Faria1994.n34099.sg01,5,II-Donde:,"Exortar, incitar",Cíc. At. 3. 15. 6.
uideo,lilaLemma:130163,Saraiva,Saraiva1910.xVideo,Saraiva1910.xVideo.sg01,7,,experimentar;,
do,lilaLemma:99970,Faria,Faria1994.n10264.e01,Faria1994.n10264.sg01,5,II-Empregos diversos:,"Expor, dizer, proferir",Ter. Heaut. 10.
inter,lilaLemma:108392,Faria,Faria1994.n16502.e01,Faria1994.n16502.sg01,2,II-Sents. particulares,Exprimindo categorias:,
inter,lilaLemma:108392,Faria,Faria1994.n16502.e01,Faria1994.n16502.sg01,3,II-Sents. particulares,"Exprimindo debate, escolha:",
inter,lilaLemma:108392,Faria,Faria1994.n16502.e01,Faria1994.n16502.sg01,4,II-Sents. particulares,"Exprimindo troca, reciprocidade:",
an,lilaLemma:88828,Faria,Faria1994.n02014.e01,Faria1994.n02014.sg01,3,I-Na interrogativa direta simples:,"Exprimindo uma restrição, especialmente nas interrogações oratórias: acaso? Porventura?",Cíc. Amer. 148.
facio,lilaLemma:102758,Saraiva,Saraiva1910.xFacio,Saraiva1910.xFacio.sg01,2,,"fabricar, fazer, apparelhar, preparar;",
pars,lilaLemma:116084,Velez,Velez1744.n2477.e01,Velez1744.n2477.sg01,2,interdum in plur. pro factione,facçaõ,
ratio,lilaLemma:121458,Faria,Faria1994.n26805.e01,Faria1994.n26805.sg01,3,II-Daí:,"Faculdade de calcular, razão, inteligência, juízo, bom senso","Cic. Fin. 1, 32."
iudicium,lilaLemma:109170,Faria,Faria1994.n17211.e01,Faria1994.n17211.sg01,6,II-Sent. figurado:,"Faculdade de julgar, discemimento, razão, inteligência","Cíc. Fin. 2, 33."
dico,lilaLemma:99302,Saraiva,Saraiva1910.xDico,Saraiva1910.xDico.sg01,3,,fallar em publico;,
do,lilaLemma:99970,Saraiva,Saraiva1910.xDo,Saraiva1910.xDo.sg01,8,Dare animam.,"fallecer, expirar;",
genus,lilaLemma:104504,Faria,Faria1994.n13629.e01,Faria1994.n13629.sg01,4,II-Sent. figurado:,"Família, casa","Cíc. Verr. 5, 180."
domus,lilaLemma:100071,Faria,Faria1994.n10345.e01,Faria1994.n10345.sg01,3,II-Sent. figurado:,"Família, seita, escola","Cíc. At. 4, 12."
corpus,lilaLemma:96667,Fonseca,Fonseca1798.n06979.e01,Fonseca1798.n06979.sg01,4,Liv.,"familia, tribu.",
domus,lilaLemma:100071,Fonseca,Fonseca1798.n09397.e01,Fonseca1798.n09397.sg01,2,,familia.,
ille,lilaLemma:106221,Faria,Faria1994.n14953.e01,Faria1994.n14953.sg01,3,III-Empregos diversos:,"Famoso, célebre","enfaticamente Cíc. De Or. 2, 58."
res,lilaLemma:121868,Faria,Faria1994.n27428.e01,Faria1994.n27428.sg01,5,III-Sents. diversos:,"Fato, realidade","Cíc. Verr. 5, 87."
suus,lilaLemma:127165,Faria,Faria1994.n31048.e01,Faria1994.n31048.sg01,3,II-Sent. particular:,"Favorável, afeiçoado, dedicado, útil, propício",Cíc. Mil. 89.
bonus,lilaLemma:91782,Faria,Faria1994.n04249.e01,Faria1994.n04249.sg01,6,II-Sent. figurado,"Favorável, propício","Cíc. Nat. 3, 83."
facio,lilaLemma:102758,Faria,Faria1994.n12347.e01,Faria1994.n12347.sg01,1,,Faze. pois,Plaut. Rud. 1.023.
res,lilaLemma:121868,Fonseca,Fonseca1798.n25883.e01,Fonseca1798.n25883.sg01,5,,"fazenda, bens da fortuna.",
facio,lilaLemma:102758,Cardoso,Cardoso1570.n07599.e01,Cardoso1570.n07599.sg01,1,,fazer,
fero,lilaLemma:103126,Saraiva,Saraiva1910.xFero,Saraiva1910.xFero.sg01,1,,fazer alardo;,
uideo,lilaLemma:130163,Saraiva,Saraiva1910.xVideo,Saraiva1910.xVideo.sg01,6,,fazer caso de;,
facio,lilaLemma:102758,Saraiva,Saraiva1910.xFacio,Saraiva1910.xFacio.sg01,1,,"fazer de modo que, ter cuidado de, dizer que, mandar, ordenar que;",
ago,lilaLemma:88140,Faria,Faria1994.n01300.e01,Faria1994.n01300.sg01,4,"I-Donde, com dat.:","Fazer entrar, afundar, introduzir, enterrar","Cés. B. Gal. 4, 17, 9."
fero,lilaLemma:103126,Saraiva,Saraiva1910.xFero,Saraiva1910.xFero.sg01,1,,fazer gala de;,
quaero,lilaLemma:121047,Velez,Velez1744.n2845.e01,Velez1744.n2845.sg01,3,,fazer inquiriçaõ,"de aliquo, vel accus."
ago,lilaLemma:88140,Saraiva,Saraiva1910.xAgo,Saraiva1910.xAgo.sg01,13,fig.,"fazer o papel de, proceder como, haver-se, conduzir-se;",
ago,lilaLemma:88140,Cardoso,Cardoso1570.n00894.e01,Cardoso1570.n00894.sg01,1,,fazer o que não fica,
uideo,lilaLemma:130163,Saraiva,Saraiva1910.xVideo,Saraiva1910.xVideo.sg01,6,,fazer por;,
facio,lilaLemma:102758,Saraiva,Saraiva1910.xFacio,Saraiva1910.xFacio.sg01,12,,"fazer sacrificio a, sacrificar;",
ago,lilaLemma:88140,Faria,Faria1994.n01300.e01,Faria1994.n01300.sg01,3,"I-Donde, com dat.:","Fazer sair, lançar, expulsar, fazer ir, arrastar","Cíc. At. 11,21,2."
facio,lilaLemma:102758,Faria,Faria1994.n12363.e01,Faria1994.n12363.sg01,11,III-Na língua religiosa:,"Fazer um sacrifício, sacrificar",Verg. Buc. 3. 77.
habeo,lilaLemma:105044,Saraiva,Saraiva1910.xHabeo,Saraiva1910.xHabeo.sg01,12,,"fazer, cumprir, executar;",
facio,lilaLemma:102758,Velez,Velez1744.n1303.e01,Velez1744.n1303.sg01,1,,"fazer, estimar, dar, etc",
facio,lilaLemma:102758,Fonseca,Fonseca1798.n11436.e01,Fonseca1798.n11436.sg01,1,Cic.,"fazer, executar.",
ago,lilaLemma:88140,Velez,Velez1744.n0201.e01,Velez1744.n0201.sg01,1,,"fazer, obrar, tratar, etc",Pertinet enim ad omnes humanos actus.
facio,lilaLemma:102758,Saraiva,Saraiva1910.xFacio,Saraiva1910.xFacio.sg01,1,,"fazer, obrar;",
ago,lilaLemma:88140,Saraiva,Saraiva1910.xAgo,Saraiva1910.xAgo.sg01,5,,"fazer, obrar;",
ago,lilaLemma:88140,Fonseca,Fonseca1798.n01131.e01,Fonseca1798.n01131.sg01,1,Cic.,"fazer, tratar, obrar.",
fides,lilaLemma:103260,Faria,Faria1994.n12729.e01,Faria1994.n12729.sg01,1,I-Sent. próprio,"Fé, crença","sent. religioso Isid. Or. 8. 2, 4."
fides,lilaLemma:103260,Velez,Velez1744.n1345.e01,Velez1744.n1345.sg01,1,,"fé, lealdade, credito",
grauis,lilaLemma:104903,Fonseca,Fonseca1798.n13041.e01,Fonseca1798.n13041.sg01,4,Col.,fedorento.,
fortuna,lilaLemma:103696,Fonseca,Fonseca1798.n12178.e01,Fonseca1798.n12178.sg01,2,,"felicidade, bom successo.",
filius,lilaLemma:103307,Fonseca,Fonseca1798.n11836.e01,Fonseca1798.n11836.sg01,1,Cic.,filho.,
genus,lilaLemma:104504,Faria,Faria1994.n13629.e01,Faria1994.n13629.sg01,5,III-Sent. poético:,Filho. descendente,"Verg. En. 4, 12."
filius,lilaLemma:103307,Faria,Faria1994.n12756.e01,Faria1994.n12756.sg01,2,II-No pl.,Filhos,"de ambos os sexos Cíc. ad Br. I, 12, 2."
filius,lilaLemma:103307,Faria,Faria1994.n12756.e01,Faria1994.n12756.sg01,3,II-No pl.,Filhos dos animais,"sent. raro Col. 6, 37, 4."
tum,lilaLemma:129198,Fonseca,Fonseca1798.n30943.e01,Fonseca1798.n30943.sg01,3,,"finalmente, tanto assim.",
dico,lilaLemma:99302,Faria,Faria1994.n09678.e01,Faria1994.n09678.sg01,5,II-Outros sentidos,"Fixar, determinar, regular","Cés. B. Gal. 1, 41, 4; Cés. B. Gal. 1, 42, 3."
uis,lilaLemma:130360,Cardoso,Cardoso1570.n26313.e01,Cardoso1570.n26313.sg01,1,,força,
uis,lilaLemma:130360,Faria,Faria1994.n33993.e01,Faria1994.n33993.sg01,5,III-Sent. particular:,"Força das coisas, violência","Cíc. Div. 1, 144."
uirtus,lilaLemma:130356,Faria,Faria1994.n33990.e01,Faria1994.n33990.sg01,1,I-Sent. etimológico,"Força própria do vir, vigor",Verg. En. 2 390.
manus,lilaLemma:111585,Faria,Faria1994.n18917.e01,Faria1994.n18917.sg01,8,II-Sent. figurado,"Força, corpo de tropas, turba, punhado","de homens Cíc. Verr. 4, 96."
uis,lilaLemma:130360,Faria,Faria1994.n33993.e01,Faria1994.n33993.sg01,1,I-Sent. próprio,"Força, força usada contra alguém, violência","Cíc. Verr. 4, 116."
uis,lilaLemma:130360,Fonseca,Fonseca1798.n31852.e01,Fonseca1798.n31852.sg01,1,Cic.,"força, vigor.",
uis,lilaLemma:130360,Faria,Faria1994.n33993.e01,Faria1994.n33993.sg01,3,II-No pl.:,"Forças físicas, forças",Cíc. C. M. 27.
uis,lilaLemma:130360,Faria,Faria1994.n33993.e01,Faria1994.n33993.sg01,4,II-No pl.:,"Forças militares, tropas","na língua militar T. Lív. 9, 13, 12."
uerbum,lilaLemma:131057,Faria,Faria1994.n33544.e01,Faria1994.n33544.sg01,3,II-Sent. particular:,Forma,Cíc. Oro 77.
ciuitas,lilaLemma:94400,Fonseca,Fonseca1798.n05046.e01,Fonseca1798.n05046.sg01,3,,"fóro, privilegios de Cidadão.",
uirtus,lilaLemma:130356,Fonseca,Fonseca1798.n31849.e01,Fonseca1798.n31849.sg01,2,,"fortaleza, valentia.",
grauis,lilaLemma:104903,Faria,Faria1994.n13918.e01,Faria1994.n13918.sg01,3,II-Sent. figurado,Forte,"tratando-se do homem Verg. En. 5, 447."
grauis,lilaLemma:104903,Faria,Faria1994.n13918.e01,Faria1994.n13918.sg01,7,II-Em particular:,Forte,"tratando-se da comida Cíc. Nat. 2, 24."
grauis,lilaLemma:104903,Faria,Faria1994.n13918.e01,Faria1994.n13918.sg01,6,II-Em particular:,"Forte, fétido",tratando-se do cheiro:
fortuna,lilaLemma:103696,Fonseca,Fonseca1798.n12178.e01,Fonseca1798.n12178.sg01,1,Cic.,"fortuna, acaso, destino.",
fortuna,lilaLemma:103696,Faria,Faria1994.n13047.e01,Faria1994.n13047.sg01,2,II-Daí,"Fortuna, sorte boa ou má, destino, sina","Cíc. Dej. 29: Cíc. Nat. 3, 39."
pater,lilaLemma:116203,Faria,Faria1994.n22464.e01,Faria1994.n22464.sg01,9,IV-No pl.:,Fundador:,
locus,lilaLemma:110019,Faria,Faria1994.n18255.e01,Faria1994.n18255.sg01,3,II-Na língua retórica:,"Fundamento de um raciocínio, assunto de um discurso, pontos principais",Cíc: Of. 1. 152.
uinco,lilaLemma:130232,Faria,Faria1994.n33892.e01,Faria1994.n33892.sg01,2,I-Daí,Ganhar no jogo,Suet. Aug. 71.
fides,lilaLemma:103260,Faria,Faria1994.n12729.e01,Faria1994.n12729.sg01,4,III-Sents. diversos:,"Garantia, confiaça, salvo-conduto","Cíc. Cat. 3, 8."
genus,lilaLemma:104504,Fonseca,Fonseca1798.n12736.e01,Fonseca1798.n12736.sg01,2,,"genero, que abrange muitas especies.",
genus,lilaLemma:104504,Faria,Faria1994.n13629.e01,Faria1994.n13629.sg01,6,IV-Sents. diversos:,"Gênero, sorte, espécie",Cíc. Dom. 75.
genus,lilaLemma:104504,Fonseca,Fonseca1798.n12736.e01,Fonseca1798.n12736.sg01,6,Quinct.,"genero, termo Grammatico.",
genus,lilaLemma:104504,Fonseca,Fonseca1798.n12736.e01,Fonseca1798.n12736.sg01,5,Sall.,"gente, nação.",
genus,lilaLemma:104504,Velez,Velez1744.n1451.e01,Velez1744.n1451.sg01,1,,"geraçaõ, genero, naçaõ",
genus,lilaLemma:104504,Fonseca,Fonseca1798.n12736.e01,Fonseca1798.n12736.sg01,1,Cic.,"geração, raça, familia, parentesco.",
magnus,lilaLemma:111319,Faria,Faria1994.n18730.e01,Faria1994.n18730.sg01,2,I-Daí,Grande,"como quantidade Cíc. Verr. 2, 176."
populus,lilaLemma:118463,Faria,Faria1994.n24590.e01,Faria1994.n24590.sg01,6,II-Sent. particular,"Grande agrupamento de pessoas, população, habitantes",Ter. Ad. 93.
magnus,lilaLemma:111319,Faria,Faria1994.n18730.e01,Faria1994.n18730.sg01,3,I-Daí,"Grande como força, alto, forte tratando-se da voz",Cíc. Caec. 92.
magnus,lilaLemma:111319,Fonseca,Fonseca1798.n17680.e01,Fonseca1798.n17680.sg01,3,Virg.,grande em número.,
rex,lilaLemma:122013,Fonseca,Fonseca1798.n26126.e01,Fonseca1798.n26126.sg01,2,Hor.,grande senhor.,
magnus,lilaLemma:111319,Faria,Faria1994.n18730.e01,Faria1994.n18730.sg01,1,I-Sent. próprio,"Grande, elevado, vasto, abundante, espaçoso","Cíc. Nat. 2, 17."
magnus,lilaLemma:111319,Fonseca,Fonseca1798.n17680.e01,Fonseca1798.n17680.sg01,1,Cic.,"grande, poderoso, illustre, excellente.",
facio,lilaLemma:102758,Saraiva,Saraiva1910.xFacio,Saraiva1910.xFacio.sg01,5,,"grangear, alcançar, adquirir, obter;",
grauis,lilaLemma:104903,Faria,Faria1994.n13918.e01,Faria1994.n13918.sg01,5,II-Em particular:,"Grave, forte","tratando-se do som Quint. I, 5, 22."
grauis,lilaLemma:104903,Fonseca,Fonseca1798.n13041.e01,Fonseca1798.n13041.sg01,2,,"grave, serio, majestoso, de autoridade.",
teneo,lilaLemma:127822,Faria,Faria1994.n31462.e01,Faria1994.n31462.sg01,4,A-Tr.-Daí:,"Guardar, conversar, observar","Cíc. Clu. 128; Cíc. Verr. pr. 13; Cíc. Phil. 1, 27."
teneo,lilaLemma:127822,Fonseca,Fonseca1798.n29988.e01,Fonseca1798.n29988.sg01,4,Cic.,"guardar, defender.",
habeo,lilaLemma:105044,Saraiva,Saraiva1910.xHabeo,Saraiva1910.xHabeo.sg01,3,,"guardar, ter em segredo;",
bellum,lilaLemma:91461,Faria,Faria1994.n03974.e01,Faria1994.n03974.sg01,1,I-Sent. próprio,Guerra,"Cíc. Verr. 5, 124."
bellum,lilaLemma:91461,Faria,Faria1994.n03974.e01,Faria1994.n03974.sg01,4,II-Sent. figurado-Subs. pr.,Guerra,"divindade Verg. En. 1, 294."
bellum,lilaLemma:91461,Faria,Faria1994.n10465.e01,Faria1994.n10465.sg01,1,= bellum.,"Guerra, combate","Hor. O. 3, 5, 38."
bellum,lilaLemma:91461,Fonseca,Fonseca1798.n09496.e01,Fonseca1798.n09496.sg01,1,Cic.,"guerra, combate.",
arma,lilaLemma:89998,Fonseca,Fonseca1798.n02337.e01,Fonseca1798.n02337.sg01,2,Virg.,"guerra, combate.",
bellum,lilaLemma:91461,Fonseca,Fonseca1798.n03169.e01,Fonseca1798.n03169.sg01,1,Cic.,"guerra, estado ou tempo de guerra.",
fero,lilaLemma:103126,Saraiva,Saraiva1910.xFero,Saraiva1910.xFero.sg01,13,,"guiar, levar, conduzir;",
modo,lilaLemma:113289,Fonseca,Fonseca1798.n18494.e01,Fonseca1798.n18494.sg01,1,Cic.,"ha pouco, algumas vezes, na verdade, com tanto que, sómente, ao menos.",
bonus,lilaLemma:91782,Faria,Faria1994.n04249.e01,Faria1994.n04249.sg01,8,II-Sent. figurado,Hábil,"poético com infinitivo Verg. Buc. 5, 1."
homo,lilaLemma:105624,Faria,Faria1994.n14543.e01,Faria1994.n14543.sg01,5,"Por extensão, no pl.:","Habitantes, cidadãos","T. Lív. 34, 45, I."
habeo,lilaLemma:105044,Saraiva,Saraiva1910.xHabeo,Saraiva1910.xHabeo.sg01,13,,"habitar, morar;",
habeo,lilaLemma:105044,Fonseca,Fonseca1798.n13130.e01,Fonseca1798.n13130.sg01,2,,habitar.,
teneo,lilaLemma:127822,Fonseca,Fonseca1798.n29988.e01,Fonseca1798.n29988.sg01,2,Liv.,habitar.,
gero,lilaLemma:104536,Velez,Velez1744.n1455.e01,Velez1744.n1455.sg01,2,"cum accus. se, significa",haver-se,
res,lilaLemma:121868,Fonseca,Fonseca1798.n25883.e01,Fonseca1798.n25883.sg01,6,,"herança, patrimonio.",
hinc,lilaLemma:105454,Faria,Faria1994.n14447.e01,Faria1994.n14447.sg01,7,Donde:,"hinc... illinc ou hinc ... hinc, de um lado ... de outro",Cíc. Cat. 2. 25.
animus,lilaLemma:89094,Cardoso,Cardoso1570.n01450.e01,Cardoso1570.n01450.sg01,1,,ho animo. ou alma,
castra,lilaLemma:138599,Cardoso,Cardoso1570.n03405.e01,Cardoso1570.n03405.sg01,1,,ho arrayal de guerra,
bonum,lilaLemma:91351,Cardoso,Cardoso1570.n02775.e01,Cardoso1570.n02775.sg01,1,,ho bem,
ciuis,lilaLemma:94399,Cardoso,Cardoso1570.n03886.e01,Cardoso1570.n03886.sg01,1,,ho cidadão. ou cidadoa,
consilium,lilaLemma:96060,Cardoso,Cardoso1570.n04664.e01,Cardoso1570.n04664.sg01,1,,ho conselho,
corpus,lilaLemma:96667,Cardoso,Cardoso1570.n04972.e01,Cardoso1570.n04972.sg01,1,,ho corpo,
mors,lilaLemma:112807,Cardoso,Cardoso1570.n14260.e01,Cardoso1570.n14260.sg01,1,,ho costume,
ius,lilaLemma:109252,Cardoso,Cardoso1570.n11646.e01,Cardoso1570.n11646.sg01,1,,ho dereyto,
dies,lilaLemma:99334,Cardoso,Cardoso1570.n05882.e01,Cardoso1570.n05882.sg01,1,,ho dia,
pecunia,lilaLemma:116369,Cardoso,Cardoso1570.n17041.e01,Cardoso1570.n17041.sg01,1,,ho dinheyro,
filius,lilaLemma:103307,Cardoso,Cardoso1570.n08020.e01,Cardoso1570.n08020.sg01,1,,ho filho,
genus,lilaLemma:104504,Cardoso,Cardoso1570.n08741.e01,Cardoso1570.n08741.sg01,1,,ho genero. ou geração,
homo,lilaLemma:105624,Cardoso,Cardoso1570.n09294.e01,Cardoso1570.n09294.sg01,1,,ho homem,
hostis,lilaLemma:105757,Cardoso,Cardoso1570.n09365.e01,Cardoso1570.n09365.sg01,1,,ho imigo,
imperium,lilaLemma:106532,Cardoso,Cardoso1570.n09729.e01,Cardoso1570.n09729.sg01,1,,ho imperio. ou senhorio,
iudex,lilaLemma:109161,Cardoso,Cardoso1570.n11556.e01,Cardoso1570.n11556.sg01,1,,ho juyz,
iudicium,lilaLemma:109170,Cardoso,Cardoso1570.n11559.e01,Cardoso1570.n11559.sg01,1,,ho juyzo,
locus,lilaLemma:110019,Cardoso,Cardoso1570.n12541.e01,Cardoso1570.n12541.sg01,1,,ho lugar. ou passo de liuro,
natura,lilaLemma:113421,Cardoso,Cardoso1570.n14664.e01,Cardoso1570.n14664.sg01,1,,ho mesmo,
quisquam,lilaLemma:121315,Cardoso,Cardoso1570.n19952.e01,Cardoso1570.n19952.sg01,1,,ho mesmo,
nomen,lilaLemma:113797,Cardoso,Cardoso1570.n15131.e01,Cardoso1570.n15131.sg01,1,,ho nome. ou a diuida,
pater,lilaLemma:116203,Cardoso,Cardoso1570.n16894.e01,Cardoso1570.n16894.sg01,1,,ho pay,
periculum,lilaLemma:116930,Cardoso,Cardoso1570.n17362.e01,Cardoso1570.n17362.sg01,1,,ho perigo. ou esperiẽcia,
populus,lilaLemma:118463,Cardoso,Cardoso1570.n18277.e01,Cardoso1570.n18277.sg01,1,,ho pouo. ou alemo,
ceterus,lilaLemma:93624,Cardoso,Cardoso1570.n02996.e01,Cardoso1570.n02996.sg01,1,,ho restante,
senatus,lilaLemma:124309,Cardoso,Cardoso1570.n22073.e01,Cardoso1570.n22073.sg01,1,,ho senado. ou rolação,
pater,lilaLemma:116203,Cardoso,Cardoso1570.n16896.e01,Cardoso1570.n16896.sg01,1,,ho senador,
dominus,lilaLemma:98084,Cardoso,Cardoso1570.n06319.e01,Cardoso1570.n06319.sg01,1,,ho senhor,
miles,lilaLemma:112318,Cardoso,Cardoso1570.n13790.e01,Cardoso1570.n13790.sg01,1,,ho soldado,
tempus,lilaLemma:127522,Cardoso,Cardoso1570.n24481.e01,Cardoso1570.n24481.sg01,1,,ho tempo,
uir,lilaLemma:130300,Cardoso,Cardoso1570.n26249.e01,Cardoso1570.n26249.sg01,1,,ho varão,
consul,lilaLemma:96181,Cardoso,Cardoso1570.n04735.e01,Cardoso1570.n04735.sg01,1,,ho vereador. ou consul,
uir,lilaLemma:130300,Faria,Faria1994.n33945.e01,Faria1994.n33945.sg01,1,I-Sent. próprio,Homem,em oposição a mulier ou femina Ter. Phorm. 791.
homo,lilaLemma:105624,Faria,Faria1994.n14543.e01,Faria1994.n14543.sg01,3,Na língua familiar:,Homem,em oposição a mulier Plaut. Cisto 723
uir,lilaLemma:130300,Fonseca,Fonseca1798.n31803.e01,Fonseca1798.n31803.sg01,2,,homem casado.,
nemo,lilaLemma:113605,Fonseca,Fonseca1798.n19188.e01,Fonseca1798.n19188.sg01,2,,homem de nenhuma conta.,
nemo,lilaLemma:113605,Faria,Faria1994.n20364.e01,Faria1994.n20364.sg01,2,,"Homem desprezível, sem valor",
uir,lilaLemma:130300,Faria,Faria1994.n33945.e01,Faria1994.n33945.sg01,5,II-Daí:,Homem feito,"em oposição a puer Cíc. Tusc. 2, 34."
uir,lilaLemma:130300,Faria,Faria1994.n33945.e01,Faria1994.n33945.sg01,2,I-Sent. próprio,"Homem indicando as qualidades másculas do homem, virilidade",Cíc. Br. 293.
nouus,lilaLemma:113900,Faria,Faria1994.n20735.e01,Faria1994.n20735.sg01,8,III-Sents. particulares:,"Homem que não tem família nobre homo novus e que, ao exercer pela primeira vez um cargo público, como que inaugura sua própria nobreza","Cíc. Of. 1, 138."
homo,lilaLemma:105624,Velez,Velez1744.n1539.e01,Velez1744.n1539.sg01,1,,"homem, ou mulher",
homo,lilaLemma:105624,Faria,Faria1994.n14543.e01,Faria1994.n14543.sg01,2,Sent. próprio,"Homem, ser humano",em oposição a deus Cíc. Oro 129.
homo,lilaLemma:105624,Faria,Faria1994.n14543.e01,Faria1994.n14543.sg01,1,Sent. próprio,"Homem, ser racional","em oposição a fera, bestia Cíc. At. 2, 2, 2."
homo,lilaLemma:105624,Faria,Faria1994.n14543.e01,Faria1994.n14543.sg01,4,Na língua familiar:,"Homem, ser vivo, vivente, mortal",em oposição aos deuses e aos mortos Cíc. Amer. 76.
homo,lilaLemma:105624,Fonseca,Fonseca1798.n13559.e01,Fonseca1798.n13559.sg01,1,m. Cic.,homem.,
uir,lilaLemma:130300,Fonseca,Fonseca1798.n31803.e01,Fonseca1798.n31803.sg01,1,Cic.,homem.,
corpus,lilaLemma:96667,Fonseca,Fonseca1798.n06979.e01,Fonseca1798.n06979.sg01,3,Nep.,homem.,
homo,lilaLemma:105624,Faria,Faria1994.n14543.e01,Faria1994.n14543.sg01,6,"Por extensão, no pl.:","Homens, soldados, e especialmente a infantaria","em oposição à cavalaria Cés. B. Civ. 2, 39, 4."
bonus,lilaLemma:91782,Faria,Faria1994.n04249.e01,Faria1994.n04249.sg01,4,II-Sent. figurado,"Honesto, virtuoso","Cíc. Verr. 4, 10."
quidam,lilaLemma:121313,Velez,Velez1744.n2875.e01,Velez1744.n2875.sg01,1,,hum certo;,
quidam,lilaLemma:121313,Fonseca,Fonseca1798.n25027.e01,Fonseca1798.n25027.sg01,1,Cic.,hum certo.,
alter,lilaLemma:88457,Cardoso,Cardoso1570.n01108.e01,Cardoso1570.n01108.sg01,1,,hum dos dous,
unus,lilaLemma:85636,Fonseca,Fonseca1798.n32114.e01,Fonseca1798.n32114.sg01,1,Cic.,"hum só, unico.",
unus,lilaLemma:85636,Cardoso,Cardoso1570.n26611.e01,Cardoso1570.n26611.sg01,1,,hum soo. ou primeyro,
modo,lilaLemma:113289,Velez,Velez1744.n2141.e01,Velez1744.n2141.sg01,3,geminatum significat,humas vezes,
paruus,lilaLemma:116136,Faria,Faria1994.n22415.e01,Faria1994.n22415.sg01,7,III-Sent. moral:,"Humilde, de baixa categoria, pequeno",Hor. Ep. 1. 3. 28.
iam,lilaLemma:106025,Cardoso,Cardoso1570.n09437.e01,Cardoso1570.n09437.sg01,1,,ia. ou logo,
magnus,lilaLemma:111319,Faria,Faria1994.n18730.e01,Faria1994.n18730.sg01,5,II-Sent. figurado:,Idoso:,
habeo,lilaLemma:105044,Fonseca,Fonseca1798.n13130.e01,Fonseca1798.n13130.sg01,4,,"imaginar, crer, persuadir-se.",
puto,lilaLemma:120610,Fonseca,Fonseca1798.n24761.e01,Fonseca1798.n24761.sg01,3,Cic.,"imaginar, meditar, considerar.",
puto,lilaLemma:120610,Faria,Faria1994.n26280.e01,Faria1994.n26280.sg01,7,"II-Donde, por generalização:","Imaginar, supor",Sên. Contr. 3. 19. 4.
sequor,lilaLemma:124461,Fonseca,Fonseca1798.n27526.e01,Fonseca1798.n27526.sg01,3,,"imitar, tomar por modélo.",
fero,lilaLemma:103126,Faria,Faria1994.n12632.e01,Faria1994.n12632.sg01,5,II-Sent. figurado:,"Impelir, empurrar, conduzir","Cés. B. Civ. I. 27, 4."
ago,lilaLemma:88140,Saraiva,Saraiva1910.xAgo,Saraiva1910.xAgo.sg01,1,,"impelir, empurrar, fazer andar adiante de si;",
ago,lilaLemma:88140,Saraiva,Saraiva1910.xAgo,Saraiva1910.xAgo.sg01,3,,"impellir a, coagir, constranger, obrigar a;",
uenio,lilaLemma:129790,Faria,Faria1994.n33489.e01,Faria1994.n33489.sg01,6,II-Sent. figurado:,"Impess.: Vir ao espírito, chegar-se a",Cíc. Br. 139.
sum,lilaLemma:126689,Faria,Faria1994.n30738.e01,Faria1994.n30738.sg01,4,II-Empregos especiais:,Impessoal: Haver,"Cés. B. Gal. 1, 12, 1; Cíc. Fam. 1, 9, 25."
magnus,lilaLemma:111319,Faria,Faria1994.n18730.e01,Faria1994.n18730.sg01,6,II-Sent. figurado:,"Importante, considerável",Cíc. Arch. 21.
natura,lilaLemma:113421,Fonseca,Fonseca1798.n19065.e01,Fonseca1798.n19065.sg01,3,,"inclinação, genio, condição.",
uenio,lilaLemma:129790,Faria,Faria1994.n33489.e01,Faria1994.n33489.sg01,5,II-Sent. figurado:,"Incorrer em, cair em, suportar, sofrer","Cés. B. Civ. 2, 32, 4; Cés. B. Gal. 3, 17, 5."
uir,lilaLemma:130300,Faria,Faria1994.n33945.e01,Faria1994.n33945.sg01,7,II-Daí:,"Indivíduo, pessoa, cabeça",Plaut. Aul. 108.
exercitus,lilaLemma:101960,Faria,Faria1994.n11830.e01,Faria1994.n11830.sg01,3,"I-Daí, em sent. concreto:",Infantaria,"Cés. B. Gal. 2, 11, 2."
quaero,lilaLemma:121047,Faria,Faria1994.n26424.e01,Faria1994.n26424.sg01,2,I-Daí,"Informar-se, fazer um inquérito, procurar saber, perguntar","Cés. B. Gal. 1, 18, 2, Cíc. Vat. 15."
quaero,lilaLemma:121047,Fonseca,Fonseca1798.n24888.e01,Fonseca1798.n24888.sg01,2,,informar-se.,
sed,lilaLemma:123994,Faria,Faria1994.n28736.e01,Faria1994.n28736.sg01,3,,Iniciando ou voltando a um assunto:,
hostis,lilaLemma:105757,Faria,Faria1994.n14646.e01,Faria1994.n14646.sg01,5,III-Como subs. f.:,Inimiga,"T. Lív. 30, 14, 2:"
hostis,lilaLemma:105757,Faria,Faria1994.n14646.e01,Faria1994.n14646.sg01,3,II-Sent. particular,Inimigo,"em geral Cíc. Phil. 2, 64."
hostis,lilaLemma:105757,Fonseca,Fonseca1798.n13669.e01,Fonseca1798.n13669.sg01,1,,"inimigo ou inimiga, principalmente publicos.",
hostis,lilaLemma:105757,Faria,Faria1994.n14646.e01,Faria1994.n14646.sg01,2,II-Sent. particular,"Inimigo, inimigo público","Cés. B. Gal. 5, 56, 3."
scribo,lilaLemma:123840,Faria,Faria1994.n28598.e01,Faria1994.n28598.sg01,3,II-Na língua jurídica e militar:,"Inscrever, alistar","Hor. Ep. 1, 9, 13: Cíc. Fam. 3, 3, 1."
arma,lilaLemma:89998,Fonseca,Fonseca1798.n02337.e01,Fonseca1798.n02337.sg01,3,,"instrumentos da mechanica de todas as artes, e officios.",
res,lilaLemma:121868,Fonseca,Fonseca1798.n25883.e01,Fonseca1798.n25883.sg01,4,,interesse.,
qua,lilaIpoLemma:110471,Faria,Faria1994.n26358.e01,Faria1994.n26358.sg01,4,II-Interrogativo:,Interr. direta: por que meio? como?,"Cíc. At. 8, 16, 1."
qua,lilaIpoLemma:110471,Faria,Faria1994.n26358.e01,Faria1994.n26358.sg01,5,II-Interrogativo:,Interr. indireta: por onde,"Cíc. AI. 9, I. 2."
uoco,lilaLemma:130729,Faria,Faria1994.n34099.e01,Faria1994.n34099.sg01,6,II-Na língua jurídica:,"Intimar, citar, fazer vir, processar","Cíc. Quinct. 61; Cíc. Verr. 2, 34."
uoco,lilaLemma:130729,Fonseca,Fonseca1798.n32139.e01,Fonseca1798.n32139.sg01,3,Virg.,invocar.,
eo,lilaLemma:101183,Cardoso,Cardoso1570.n06808.e01,Cardoso1570.n06808.sg01,1,,ir,
eo,lilaLemma:101183,Faria,Faria1994.n11132.e01,Faria1994.n11132.sg01,1,I-Sent. próprio,Ir,"Plaut. As. 108: Cíc. As. 4, 9, 2; Cíc. Div. 2, 122."
peto,lilaLemma:117549,Velez,Velez1744.n2568.e01,Velez1744.n2568.sg01,2,por,"ir ter com alguem, demandar, buscar, ou partir-se para alguma parte",accus. Jungitur aliquando dat.
uideo,lilaLemma:130163,Saraiva,Saraiva1910.xVideo,Saraiva1910.xVideo.sg01,4,,"ir vêr, visitar;",
peto,lilaLemma:117549,Fonseca,Fonseca1798.n22343.e01,Fonseca1798.n22343.sg01,4,,"ir, caminhar, demandar algum lugar.",
eo,lilaLemma:101183,Fonseca,Fonseca1798.n10227.e01,Fonseca1798.n10227.sg01,1,Cic.,"ir, caminhar.",
sum,lilaLemma:126689,Saraiva,Saraiva1910.xSum,Saraiva1910.xSum.sg01,3,,"ir, chegar, vir;",
eo,lilaLemma:101183,Velez,Velez1744.n1182.e01,Velez1744.n1182.sg01,1,,"ir, ou irse",
uenio,lilaLemma:129790,Saraiva,Saraiva1910.xVenio,Saraiva1910.xVenio.sg01,1,,ir;,
que,lilaLemma:131416,Faria,Faria1994.n26527.e01,Faria1994.n26527.sg01,2,,"Isto é, a saber:",
apud,lilaLemma:89686,Cardoso,Cardoso1570.n01784.e01,Cardoso1570.n01784.sg01,1,,iunto. ou cerca,
iam,lilaLemma:106025,Fonseca,Fonseca1798.n13816.e01,Fonseca1798.n13816.sg01,1,Cic.,já.,
iudex,lilaLemma:109161,Fonseca,Fonseca1798.n16335.e01,Fonseca1798.n16335.sg01,1,Cic.,"juiz, juiza, avaliador.",
iudex,lilaLemma:109161,Velez,Velez1744.n1877.e01,Velez1744.n1877.sg01,1,,"juiz, ou juiza",
iudicium,lilaLemma:109170,Fonseca,Fonseca1798.n16343.e01,Fonseca1798.n16343.sg01,1,Cic.,"juizo, contenda, acção da causa em juizo.",
iudicium,lilaLemma:109170,Faria,Faria1994.n17211.e01,Faria1994.n17211.sg01,5,II-Sent. figurado:,"Juízo, opinião, parecer",Cíc. Br. 188.
iudicium,lilaLemma:109170,Fonseca,Fonseca1798.n16343.e01,Fonseca1798.n16343.sg01,3,,"juizo, parecer, opinião.",
iudicium,lilaLemma:109170,Faria,Faria1994.n17211.e01,Faria1994.n17211.sg01,3,I-Daí:,"Julgamento de uma questão, sentença, decisão",Cíc. Dom. 45.
puto,lilaLemma:120610,Faria,Faria1994.n26280.e01,Faria1994.n26280.sg01,6,"II-Donde, por generalização:","Julgar, pensar, crer",Cíc. C. M. 4: Cíc. At. 12. 18. 1.
quaero,lilaLemma:121047,Fonseca,Fonseca1798.n24888.e01,Fonseca1798.n24888.sg01,4,,"julgar, ser juiz em causas crimes.",
do,lilaLemma:99970,Saraiva,Saraiva1910.xDo,Saraiva1910.xDo.sg01,10,,julgar;,
ago,lilaLemma:88140,Saraiva,Saraiva1910.xAgo,Saraiva1910.xAgo.sg01,9,,julgar;,
apud,lilaLemma:89686,Faria,Faria1994.n02576.e01,Faria1994.n02576.sg01,1,Com nomes de lugar:,"Junto de, ao pé de, perto de:",
apud,lilaLemma:89686,Fonseca,Fonseca1798.n02104.e01,Fonseca1798.n02104.sg01,1,Cic.,"junto, ao pé.",
pars,lilaLemma:116084,Faria,Faria1994.n22363.e01,Faria1994.n22363.sg01,2,II-Daí,"Lado, direção, sentido",Cíc. Fin. 2. 63.
ago,lilaLemma:88140,Saraiva,Saraiva1910.xAgo,Saraiva1910.xAgo.sg01,3,,"lançar fóra, fazer-sair;",
mitto,lilaLemma:112499,Faria,Faria1994.n19659.e01,Faria1994.n19659.sg01,2,I-Daí,"Lançar, atirar","Cés. B. Civ. 3, 93, 1; Hor. Sál. 2, 7, 17."
legio,lilaLemma:110166,Faria,Faria1994.n17818.e01,Faria1994.n17818.sg01,2,II-Daí,Legião,"divisão do exército romano Cés. B. Gal. 1. 42, 6."
legio,lilaLemma:110166,Velez,Velez1744.n1945.e01,Velez1744.n1945.sg01,1,,"legiaõ, contem 6. ou 7. mil soldados",
legio,lilaLemma:110166,Fonseca,Fonseca1798.n16860.e01,Fonseca1798.n16860.sg01,1,Cic.,"legião, regimento, tropa de gente na milicia Romana.",
lex,lilaLemma:110351,Faria,Faria1994.n17969.e01,Faria1994.n17969.sg01,1,I-Sent. próprio,Lei,direito escrito e promulgado.
lex,lilaLemma:110351,Fonseca,Fonseca1798.n17016.e01,Fonseca1798.n17016.sg01,1,Cic.,"lei, Direito escrito, regra, modelo.",
mos,lilaLemma:112831,Faria,Faria1994.n19868.e01,Faria1994.n19868.sg01,5,II-Sent. poético:,"Lei, regra, preceito","Verg. En. 1, 264."
teneo,lilaLemma:127822,Velez,Velez1744.n3365.e01,Velez1744.n3365.sg01,3,tenere,lembrar-se de alguma cousa,accus. Apud Virg.
teneo,lilaLemma:127822,Fonseca,Fonseca1798.n29988.e01,Fonseca1798.n29988.sg01,8,Virg.,"lembrar-se, recordar-se.",
manus,lilaLemma:111585,Faria,Faria1994.n18917.e01,Faria1994.n18917.sg01,6,II-Sent. figurado,"Letra, modo de escrever","Cíc. AI. 7, 2, 3."
fero,lilaLemma:103126,Cardoso,Cardoso1570.n07880.e01,Cardoso1570.n07880.sg01,1,,leuar. trazer. soffrer,
fero,lilaLemma:103126,Saraiva,Saraiva1910.xFero,Saraiva1910.xFero.sg01,12,,"levantar, elevar, exaltar, alçar, elogiar, gabar;",
ago,lilaLemma:88140,Saraiva,Saraiva1910.xAgo,Saraiva1910.xAgo.sg01,4,,levantar;,
fero,lilaLemma:103126,Saraiva,Saraiva1910.xFero,Saraiva1910.xFero.sg01,7,,"levar a, excitar, estimular, convidar, pedir, exigir, requerer, querer;",
fero,lilaLemma:103126,Saraiva,Saraiva1910.xFero,Saraiva1910.xFero.sg01,1,,"levar ou trazer, ter;",
fero,lilaLemma:103126,Saraiva,Saraiva1910.xFero,Saraiva1910.xFero.sg01,2,,"levar para diante, transportar, mover, dirigir, levar, arrastar, impellir;",
refero,lilaLemma:122494,Faria,Faria1994.n27057.e01,Faria1994.n27057.sg01,9,III-Empregos especiais:,"Levar para, apresentar","Cés. B. Gal. 7, 71, 6."
ago,lilaLemma:88140,Saraiva,Saraiva1910.xAgo,Saraiva1910.xAgo.sg01,1,,"levar, conduzir, lançar, atiçar;",
fero,lilaLemma:103126,Velez,Velez1744.n1337.e01,Velez1744.n1337.sg01,1,,"levar, sofrer, trazer, receber, levantar",
gero,lilaLemma:104536,Faria,Faria1994.n13657.e01,Faria1994.n13657.sg01,1,I-Sent. próprio,"Levar, ter consigo, trazer, ter","T. Lív. 28, 19, 13; Lucr. 5, 1.420."
fero,lilaLemma:103126,Faria,Faria1994.n12632.e01,Faria1994.n12632.sg01,1,I-Sent. próprio,"Levar, trazer","Cíc. Tusc. 2, 37:"
lex,lilaLemma:110351,Velez,Velez1744.n1959.e01,Velez1744.n1959.sg01,1,,"ley, regra, condiçaõ",
mitto,lilaLemma:112499,Faria,Faria1994.n19659.e01,Faria1994.n19659.sg01,5,II-Posteriormente:,"Licenciar, despedir","Cíc. Br. 218; Cíc. Phil. 5, 53."
modus,lilaLemma:112553,Faria,Faria1994.n19706.e01,Faria1994.n19706.sg01,4,III-Sents. diversos:,"Limite, termo, fim","Cíc. Verr. 2, 145."
puto,lilaLemma:120610,Fonseca,Fonseca1798.n24761.e01,Fonseca1798.n24761.sg01,2,Col.,"limpar as arvores, cortar-lhes os ramos seccos, e inuteis.",
puto,lilaLemma:120610,Faria,Faria1994.n26280.e01,Faria1994.n26280.sg01,1,I-Sent. próprio,"Limpar, purificar",Varr. R. Rust. 2. 2. 18.
causa,lilaLemma:93253,Fonseca,Fonseca1798.n04262.e01,Fonseca1798.n04262.sg01,5,,"litigio, demanda.",
nouus,lilaLemma:113900,Faria,Faria1994.n20735.e01,Faria1994.n20735.sg01,7,III-Sents. particulares:,"Livros onde são registradas as dívidas, redução ou abolição de dívidas:",
de,lilaLemma:97932,Faria,Faria1994.n08711.e01,Faria1994.n08711.sg01,9,"Do sent. de «a partir de», passou-se ao de:",Logo depois de:,
iam,lilaLemma:106025,Faria,Faria1994.n17144.e01,Faria1994.n17144.sg01,3,I-Donde,"Logo, dentro em pouco, brevemente, imediatamente","Hor. O. 1. 4. 16; Verg. En. 4, 566."
igitur,lilaLemma:106127,Fonseca,Fonseca1798.n13889.e01,Fonseca1798.n13889.sg01,1,Cic.,"logo, por tanto.",
atque,lilaLemma:90490,Fonseca,Fonseca1798.n02707.e01,Fonseca1798.n02707.sg01,2,Virg.,logo.,
magnus,lilaLemma:111319,Faria,Faria1994.n18730.e01,Faria1994.n18730.sg01,4,I-Daí,"Longo, de longa duração","tratando-se de tempo Cíc. Nat. 2, 51."
senatus,lilaLemma:124309,Fonseca,Fonseca1798.n27398.e01,Fonseca1798.n27398.sg01,2,,lugar em que se ajuntavaõ os Senadores.,
consilium,lilaLemma:96060,Faria,Faria1994.n07368.e01,Faria1994.n07368.sg01,1,I-Sent. próprio,"Lugar em que se tomam as deliberações, conselho, assembléia deliberativa","Cíc. Verr. 1, 31; Cés. B. Gal. 3, 3, 1."
senatus,lilaLemma:124309,Velez,Velez1744.n3099.e01,Velez1744.n3099.sg01,3,,lugar onde se ajuntaõ,
ius,lilaLemma:109252,Faria,Faria1994.n17271.e01,Faria1994.n17271.sg01,3,II-Daí,Lugar onde se ministra a justiça:,
locus,lilaLemma:110019,Faria,Faria1994.n18255.e01,Faria1994.n18255.sg01,1,I-Sent. próprio,"Lugar, local, posição, situação",Cés. B. Gal. 2. 4. 2.
locus,lilaLemma:110019,Fonseca,Fonseca1798.n17311.e01,Fonseca1798.n17311.sg01,4,,"lugar, ou passo de hum autor.",
locus,lilaLemma:110019,Fonseca,Fonseca1798.n17311.e01,Fonseca1798.n17311.sg01,1,,lugar.,
dies,lilaLemma:99334,Faria,Faria1994.n09718.e01,Faria1994.n09718.sg01,8,II-Daí:,"Luz do dia, dia","Plín. H. N at. 33, 70."
alter,lilaLemma:88457,Fonseca,Fonseca1798.n01368.e01,Fonseca1798.n01368.sg01,1,Mart.,maça de chumbo para o exercicio da palestra.,
uir,lilaLemma:130300,Fonseca,Fonseca1798.n31803.e01,Fonseca1798.n31803.sg01,3,,macho entre os animaes.,
iubeo,lilaLemma:109152,Cardoso,Cardoso1570.n11541.e01,Cardoso1570.n11541.sg01,1,,mãdar como iussũ,
locus,lilaLemma:110019,Fonseca,Fonseca1798.n17311.e01,Fonseca1798.n17311.sg01,7,Loci. Varr. Loca. Col.,"madre das mulheres, e tambem dos animaes, ovario das aves.",
magnus,lilaLemma:111319,Faria,Faria1994.n18731.e01,Faria1994.n18731.sg01,1,,"Magno, epíteto de Pompeu e Alexandre.",
magis,lilaLemma:111271,Cardoso,Cardoso1570.n12930.e01,Cardoso1570.n12930.sg01,1,,mais,
magis,lilaLemma:111271,Cardoso,Cardoso1570.n12934.e01,Cardoso1570.n12934.sg01,1,,mais,
magis,lilaLemma:111271,Velez,Velez1744.n2028.e01,Velez1744.n2028.sg01,1,,mais,
magis,lilaLemma:111271,Faria,Faria1994.n18702.e01,Faria1994.n18702.sg01,1,I-Sent. geral,Mais,"Cés. B. Gal. 3, 16.6; Cíc. fin. 3. 76."
saepe,lilaLemma:123106,Cardoso,Cardoso1570.n21203.e01,Cardoso1570.n21203.sg01,1,,mais vezes,
magis,lilaLemma:111271,Fonseca,Fonseca1798.n17648.e01,Fonseca1798.n17648.sg01,1,Virg.,mais.,
magis,lilaLemma:111271,Fonseca,Fonseca1798.n17655.e01,Fonseca1798.n17655.sg01,1,Cic.,mais.,
iubeo,lilaLemma:109152,Velez,Velez1744.n1875.e01,Velez1744.n1875.sg01,1,,mandar com imperio,dat.
mitto,lilaLemma:112499,Velez,Velez1744.n2136.e01,Velez1744.n2136.sg01,1,,"mandar, enviar, lançar, deixar",
mitto,lilaLemma:112499,Fonseca,Fonseca1798.n18454.e01,Fonseca1798.n18454.sg01,1,Cic.,"mandar, remetter, enviar.",
mos,lilaLemma:112831,Faria,Faria1994.n19868.e01,Faria1994.n19868.sg01,1,I-Sent. próprio,"Maneira de se comportar, modo de proceder física ou moralmente, regulado, não pela lei mas pelo uso ou costume, daí: uso, costume","Cíc. Verr. 5, 22."
modus,lilaLemma:112553,Faria,Faria1994.n19706.e01,Faria1994.n19706.sg01,5,III-Sents. diversos:,"Maneira de se encaminhar, conduta, comportamento",Cíc. Marc. 1.
uita,lilaLemma:130393,Faria,Faria1994.n34014.e01,Faria1994.n34014.sg01,2,II-Sent figurado,"Maneira de viver, subsistência, recursos",Plaut. Trin. 477.
dico,lilaLemma:99302,Saraiva,Saraiva1910.xDico,Saraiva1910.xDico.sg01,3,,manejar a palavra;,
teneo,lilaLemma:127822,Faria,Faria1994.n31462.e01,Faria1994.n31462.sg01,9,B-Intr.:-Na língua militar:,Manter uma posição,"Cés. B. Civ. 1, 44, 4."
teneo,lilaLemma:127822,Faria,Faria1994.n31462.e01,Faria1994.n31462.sg01,11,B-Intr.:-Na língua náutica:,"Manter-se numa direção, singrar para","T. Lív. 1, 1, 4."
habeo,lilaLemma:105044,Faria,Faria1994.n14003.e01,Faria1994.n14003.sg01,1,I-Sent. próprio,"Manter, manter-se","Cés. B. Civ. 3, 31, 3: Sal. C. Cat. 52, 14."
manus,lilaLemma:111585,Faria,Faria1994.n18917.e01,Faria1994.n18917.sg01,1,I-Sent. próprio,Mão,"parte do corpo humano Cíc. Fam. 3, 6, 2."
manus,lilaLemma:111585,Faria,Faria1994.n18917.e01,Faria1994.n18917.sg01,2,II-Sent. figurado,Mão,Plaut. Pers. 855;
manus,lilaLemma:111585,Velez,Velez1744.n2058.e01,Velez1744.n2058.sg01,1,,"maõ, multidaõ, exercito, ou tromba de Elefante",
manus,lilaLemma:111585,Faria,Faria1994.n18917.e01,Faria1994.n18917.sg01,3,II-Sent. figurado,"Mão, símbolo da força e instrumento de luta ou trabalho, mão armada, força das armas, combate, peleja:",
manus,lilaLemma:111585,Faria,Faria1994.n18917.e01,Faria1994.n18917.sg01,5,II-Sent. figurado,"Mão, trabalho, obra do homem",Cíc. c. M. 38.
manus,lilaLemma:111585,Fonseca,Fonseca1798.n17865.e01,Fonseca1798.n17865.sg01,1,Cic.,"mão, tropa, esquadra, multidão de gente.",
uir,lilaLemma:130300,Faria,Faria1994.n33945.e01,Faria1994.n33945.sg01,3,II-Daí:,"Marido, esposo","Cic. Tusc. 3, 31."
at,lilaLemma:87415,Velez,Velez1744.n0417.e01,Velez1744.n0417.sg01,1,,mas,"Conjuctio principiis apta, praesertim, ut irae aestum, dolorem, minas, vel querelas significatiùs ostendamus"
nunc,lilaLemma:113990,Faria,Faria1994.n20824.e01,Faria1994.n20824.sg01,4,,"Mas em realidade, assim pois",Cíc. Arch. 29.
uero,lilaIpoLemma:111474,Faria,Faria1994.n33590.e01,Faria1994.n33590.sg01,2,,"Mas em verdade, mas, porém",Cíc. Sest. 143.
uero,lilaIpoLemma:111474,Faria,Faria1994.n33590.e01,Faria1994.n33590.sg01,1,,"Mas que, e que","Cés. B. Gal. 1, 12, 2."
si,lilaLemma:124676,Faria,Faria1994.n29400.e01,Faria1994.n29400.sg01,1,,"Mas se, ão contrário","Cíc. Cat. 1, 18."
si,lilaLemma:124676,Fonseca,Fonseca1798.n27855.e01,Fonseca1798.n27855.sg01,1,Cic.,"mas se, porém se.",
at,lilaLemma:87415,Faria,Faria1994.n03256.e01,Faria1994.n03256.sg01,3,,"Mas talvez, mas acaso","Cíc. At. 15, 4, 3."
ergo,lilaLemma:101415,Fonseca,Fonseca1798.n10374.e01,Fonseca1798.n10374.sg01,1,Cic.,"mas, assim que, por tanto, pois, por causa.",
at,lilaLemma:87415,Velez,Velez1744.n0417.e01,Velez1744.n0417.sg01,4,pro Atqui,"mas, com tudo, certamente",
autem,lilaLemma:90828,Velez,Velez1744.n0465.e01,Velez1744.n0465.sg01,1,,"mas, ou porem",
sed,lilaLemma:123994,Faria,Faria1994.n28736.e01,Faria1994.n28736.sg01,1,,"Mas, porém",Cíc. Mil. 59.
at,lilaLemma:87415,Fonseca,Fonseca1798.n02685.e01,Fonseca1798.n02685.sg01,1,Cic.,"mas, porém, ao menos.",
autem,lilaLemma:90828,Fonseca,Fonseca1798.n02961.e01,Fonseca1798.n02961.sg01,1,Cic.,"mas, porém, pois.",
sed,lilaLemma:123994,Fonseca,Fonseca1798.n27189.e01,Fonseca1798.n27189.sg01,1,Cic.,"mas, porém.",
causa,lilaLemma:93253,Fonseca,Fonseca1798.n04262.e01,Fonseca1798.n04262.sg01,2,,"materia, motivo, razão, pretexto.",
modus,lilaLemma:112553,Fonseca,Fonseca1798.n18504.e01,Fonseca1798.n18504.sg01,2,,"medição dos versos, compasso da musica.",
modus,lilaLemma:112553,Faria,Faria1994.n19706.e01,Faria1994.n19706.sg01,1,I-Sent. próprio,"Medida de superfície, medida agrária, medida, comprimento, altura, circunferência, dimensão:",
modus,lilaLemma:112553,Faria,Faria1994.n19706.e01,Faria1994.n19706.sg01,2,II-Sent. moral,"Medida que não deve ser ultrapassada, moderação, meio-termo, lei, regra","Cíc. Of. 1, 104."
modus,lilaLemma:112553,Faria,Faria1994.n19706.e01,Faria1994.n19706.sg01,3,II-Na língua retórica e musical:,"Medida rítmica, cadência, compasso musical","T. Lív. 7, 2, 4; Cíc. Br. 32."
ratio,lilaLemma:121458,Fonseca,Fonseca1798.n25265.e01,Fonseca1798.n25265.sg01,4,,"meio, modo, methodo, costume.",
uirtus,lilaLemma:130356,Faria,Faria1994.n33990.e01,Faria1994.n33990.sg01,8,IV-Sent figurado:,"Mérito, valor","Cíc. Leg. 1, 45."
si,lilaLemma:124676,Faria,Faria1994.n29237.e01,Faria1994.n29237.sg01,4,II-Sent. explicativo:,"Mesmo se, ainda que, posto que","Cíc. Mur. 8; Cíc. At. 5, 4."
etiam,lilaLemma:101554,Faria,Faria1994.n11430.e01,Faria1994.n11430.sg01,3,Donde:,"Mesmo, até","Cíc. Fin. 2, 18."
idem,lilaLemma:109082,Fonseca,Fonseca1798.n13868.e01,Fonseca1798.n13868.sg01,1,Cic.,"mesmo, mesma.",
ipse,lilaLemma:108945,Fonseca,Fonseca1798.n16192.e01,Fonseca1798.n16192.sg01,1,Cic.,"mesmo, mesma.",
uel,lilaLemma:129695,Faria,Faria1994.n33384.e01,Faria1994.n33384.sg01,3,,Mesmo:,
paruus,lilaLemma:116136,Faria,Faria1994.n22415.e01,Faria1994.n22415.sg01,6,III-Sent. moral:,"Mesquinho, baixo",Cíc. Arch. 30.
ratio,lilaLemma:121458,Faria,Faria1994.n26805.e01,Faria1994.n26805.sg01,4,II-Daí:,"Método, plano, disposição, sistema, regra, ordem, doutrina, opinião, pensamento, ponto de vista",Cíc. Pomp. 1.
meus,lilaLemma:112262,Faria,Faria1994.n19459.e01,Faria1994.n19459.sg01,1,I-Sing.:,meu bem.,
meus,lilaLemma:112262,Faria,Faria1994.n19460.e01,Faria1994.n19460.sg01,1,I-Sent. próprio,"Meu, minha, que me pertence",Cíc. Planc. 26.
noster,lilaLemma:113882,Faria,Faria1994.n20676.e01,Faria1994.n20676.sg01,3,III-Sent. enfático:,"Meu, minha:",
meus,lilaLemma:112262,Fonseca,Fonseca1798.n18271.e01,Fonseca1798.n18271.sg01,1,Cic.,"meu, que me pertence.",
meus,lilaLemma:112262,Faria,Faria1994.n19459.e01,Faria1994.n19459.sg01,2,II-Pl.:,meus bens,Cíc. Par. 8.
modus,lilaLemma:112553,Fonseca,Fonseca1798.n18504.e01,Fonseca1798.n18504.sg01,4,,moderação.,
uita,lilaLemma:130393,Faria,Faria1994.n34014.e01,Faria1994.n34014.sg01,6,II-Sent figurado,"Modo de vida, condição, estado, vida",Cíc. Amer. 48.
uita,lilaLemma:130393,Fonseca,Fonseca1798.n31872.e01,Fonseca1798.n31872.sg01,4,Cic.,modo de vida.,
modus,lilaLemma:112553,Fonseca,Fonseca1798.n18504.e01,Fonseca1798.n18504.sg01,6,Quinct.,modo nos verbos.,
mos,lilaLemma:112831,Faria,Faria1994.n19868.e01,Faria1994.n19868.sg01,3,II-Sent. poético:,"Modo, maneira","Ver-g. G. 1,245."
ratio,lilaLemma:121458,Faria,Faria1994.n26805.e01,Faria1994.n26805.sg01,6,II-Daí:,"Modo, maneira, meio, gênero, espécie, natureza","Cés. B. Gal. 2, 19, 1."
modus,lilaLemma:112553,Faria,Faria1994.n19706.e01,Faria1994.n19706.sg01,6,III-Sents. diversos:,"Modo, maneira, método, forma","Cíc. Rep. 1, 46."
modus,lilaLemma:112553,Fonseca,Fonseca1798.n18504.e01,Fonseca1798.n18504.sg01,1,Cic.,"modo, maneira.",
res,lilaLemma:121868,Fonseca,Fonseca1798.n25883.e01,Fonseca1798.n25883.sg01,7,,"modo, occasiaõ.",
modo,lilaLemma:113289,Faria,Faria1994.n19698.e01,Faria1994.n19698.sg01,8,,"Modo... modo: ora um... ora outro, ora... ora, sucessivamente, frequentemente","Cíc. Nat. 1, 47."
tempus,lilaLemma:127522,Faria,Faria1994.n31440.e01,Faria1994.n31440.sg01,3,II-Sent. particular:,"Momento favorável, oportunidade, ocasião","Cíc. Fam. 11, 16, 1."
tempus,lilaLemma:127522,Faria,Faria1994.n31440.e01,Faria1994.n31440.sg01,2,I-Daí,"Momento, hora, instante, ano, estação","Cíc. Verr. 4, 107."
sum,lilaLemma:126689,Saraiva,Saraiva1910.xSum,Saraiva1910.xSum.sg01,2,,"morar, residir;",
mors,lilaLemma:112807,Faria,Faria1994.n19851.e01,Faria1994.n19851.sg01,3,II-Sent. figurado:,Morte,"personificada Cíc. Nat. 3, 44."
mors,lilaLemma:112807,Faria,Faria1994.n19851.e01,Faria1994.n19851.sg01,1,I-Sent. próprio,"Morte, falecimento","Cíc. Phil. 5, 48; Cíc. Vat. 24; tic. Tusc. 1, 50."
mors,lilaLemma:112807,Fonseca,Fonseca1798.n18666.e01,Fonseca1798.n18666.sg01,1,Cic.,morte.,
fero,lilaLemma:103126,Saraiva,Saraiva1910.xFero,Saraiva1910.xFero.sg01,1,Ferre præ se.,"mostrar, manifestar, patentear, ostentar;",
causa,lilaLemma:93253,Faria,Faria1994.n05244.e01,Faria1994.n05244.sg01,3,III-Sents. diversos:,"Motivo alegado, pretexto, escusa","Cés. B. Civ. 1, 2, 3."
res,lilaLemma:121868,Faria,Faria1994.n27428.e01,Faria1994.n27428.sg01,9,III-Sents. diversos:,"Motivo, causa, fim, plano","Cíc. At. 8, 8, 1."
ratio,lilaLemma:121458,Fonseca,Fonseca1798.n25265.e01,Fonseca1798.n25265.sg01,3,,"motivo, causa, pretexto.",
multus,lilaLemma:112998,Faria,Faria1994.n19957.e01,Faria1994.n19957.sg01,3,I-Masculino tomado substant.:,"Muita gente, muitos, multidão",Cíc. Br. 333.
multus,lilaLemma:112998,Faria,Faria1994.n19957.e01,Faria1994.n19957.sg01,2,"I-Daí, o n. pl. ,-multa, usado, substantivamente",Muitas coisas:,
saepe,lilaLemma:123106,Cardoso,Cardoso1570.n21201.e01,Cardoso1570.n21201.sg01,1,,muitas vezes,
saepe,lilaLemma:123106,Velez,Velez1744.n3018.e01,Velez1744.n3018.sg01,1,,muitas vezes,
saepe,lilaLemma:123106,Faria,Faria1994.n28084.e01,Faria1994.n28084.sg01,1,,"Muitas vezes, frequentemente","Cíc. Fin. 2, 41."
uel,lilaLemma:129695,Velez,Velez1744.n3526.e01,Velez1744.n3526.sg01,2,interdum pro Valdé,muito,
per,lilaLemma:116569,Velez,Velez1744.n2523.e01,Velez1744.n2523.sg01,3,composita significat,muito,
parum,lilaLemma:116130,Faria,Faria1994.n22407.e01,Faria1994.n22407.sg01,2,e daí,muito pouco,Cíc. Verr. 4. 29.
multus,lilaLemma:112998,Fonseca,Fonseca1798.n18807.e01,Fonseca1798.n18807.sg01,1,Cic.,"muito, numeroso, em grande quantidade.",
multus,lilaLemma:112998,Faria,Faria1994.n19957.e01,Faria1994.n19957.sg01,4,II-Sent. poético sing.:,"Muitos, numerosos:",
homo,lilaLemma:105624,Fonseca,Fonseca1798.n13559.e01,Fonseca1798.n13559.sg01,2,Plaut. f.,mulher.,
genus,lilaLemma:104504,Fonseca,Fonseca1798.n12736.e01,Fonseca1798.n12736.sg01,3,,multidão de muitas cousas da mesma qualidade.,
exercitus,lilaLemma:101960,Faria,Faria1994.n11830.e01,Faria1994.n11830.sg01,4,II-Sent. figurado:,"Multidão, grande número","Verg. G. 1, 382."
quidem,lilaLemma:121168,Velez,Velez1744.n2876.e01,Velez1744.n2876.sg01,1,,"na verdade, certamente",
quidem,lilaLemma:121168,Faria,Faria1994.n26562.e01,Faria1994.n26562.sg01,1,,"Na verdade, certamente, é verdade","preparando uma oposição Cíc. Phil. 2, 102."
enim,lilaLemma:101119,Fonseca,Fonseca1798.n10168.e01,Fonseca1798.n10168.sg01,3,Cic. Ter.,"na verdade, certamente.",
enim,lilaLemma:101119,Faria,Faria1994.n11081.e01,Faria1994.n11081.sg01,1,I-Sent. próprio,"Na verdade, de fato, seguramente, realmente","Verg. G. 2, 104."
quidem,lilaLemma:121168,Fonseca,Fonseca1798.n25028.e01,Fonseca1798.n25028.sg01,1,Cic.,na verdade.,
genus,lilaLemma:104504,Faria,Faria1994.n13629.e01,Faria1994.n13629.sg01,3,II-Sent. figurado:,"Nação, raça",Cíc. Phil. 4. 13.
nihil,lilaLemma:114071,Cardoso,Cardoso1570.n15004.e01,Cardoso1570.n15004.sg01,1,,nada,
nihil,lilaLemma:114071,Velez,Velez1744.n2246.e01,Velez1744.n2246.sg01,1,,nada,
nihil,lilaLemma:114071,Faria,Faria1994.n20517.e01,Faria1994.n20517.sg01,1,I-Subs.:,"Nada, coisa nenhuma",Cíc. Div. 2. 37.
nihil,lilaLemma:114071,Fonseca,Fonseca1798.n19291.e01,Fonseca1798.n19291.sg01,1,Cic.,"nada, cousa nenhuma.",
nihil,lilaLemma:114071,Faria,Faria1994.n20513.e01,Faria1994.n20513.sg01,2,I-Subs.:-Sent. próprio:,"Nada, nulidade, inutilidade","Cíc. Tusc. 3, 77."
nihil,lilaLemma:114071,Faria,Faria1994.n20513.e01,Faria1994.n20513.sg01,1,I-Subs.:-Sent. próprio:,Nada:,
nihil,lilaLemma:114071,Fonseca,Fonseca1798.n19288.e01,Fonseca1798.n19288.sg01,1,Cic.,nada.,
nihil,lilaLemma:114071,Fonseca,Fonseca1798.n19294.e01,Fonseca1798.n19294.sg01,1,Lucr.,nada.,
non,lilaLemma:114108,Cardoso,Cardoso1570.n15143.e01,Cardoso1570.n15143.sg01,1,,nam,
ne3,lilaLemma:113490,Velez,Velez1744.n2206.e01,Velez1744.n2206.sg01,1,,naõ,
non,lilaLemma:114108,Velez,Velez1744.n2258.e01,Velez1744.n2258.sg01,1,,naõ,
ne3,lilaLemma:113490,Cardoso,Cardoso1570.n14724.e01,Cardoso1570.n14724.sg01,1,,não,
ne3,lilaLemma:113490,Fonseca,Fonseca1798.n19122.e01,Fonseca1798.n19122.sg01,1,Cic.,não,
non,lilaLemma:114108,Faria,Faria1994.n20637.e01,Faria1994.n20637.sg01,1,,Não,colocado antes do verbo.
non,lilaLemma:114108,Faria,Faria1994.n20637.e01,Faria1994.n20637.sg01,3,,"Não é verdade que, longe de",Cíc. Oro 51.
modo,lilaLemma:113289,Faria,Faria1994.n19698.e01,Faria1994.n19698.sg01,3,,Não somente ... mas ainda:,
modo,lilaLemma:113289,Faria,Faria1994.n19698.e01,Faria1994.n19698.sg01,4,,Não somente e não... mas ainda,"Cíc. Fam. 9, 26, 4."
ne3,lilaLemma:113490,Faria,Faria1994.n20285.e01,Faria1994.n20285.sg01,1,"= non, mas nunca aparece isolado.",Não:,
non,lilaLemma:114108,Fonseca,Fonseca1798.n19392.e01,Fonseca1798.n19392.sg01,1,Cic.,não.,
nihil,lilaLemma:114071,Fonseca,Fonseca1798.n19288.e01,Fonseca1798.n19288.sg01,2,Ter.,não.,
ne3,lilaLemma:113490,Faria,Faria1994.n20286.e01,Faria1994.n20286.sg01,1,,Não. Nas orações independentes exprime:,
qua2,lilaIpoLemma:110467,Faria,Faria1994.n26550.e01,Faria1994.n26550.sg01,4,II-Indef.:,"Nas expressões que exprimem desejo, súplica",substituído por utinam na língua clássica:
uenio,lilaLemma:129790,Saraiva,Saraiva1910.xVenio,Saraiva1910.xVenio.sg01,4,,"nascer um astro, o dia, levantar-se o vento;",
fio,lilaLemma:103328,Fonseca,Fonseca1798.n11854.e01,Fonseca1798.n11854.sg01,3,Varr.,nascer.,
genus,lilaLemma:104504,Faria,Faria1994.n13629.e01,Faria1994.n13629.sg01,1,I-Sent. próprio,"Nascimento, raça, origem, tronco","T. Lív. 6, 34, II."
natura,lilaLemma:113421,Fonseca,Fonseca1798.n19065.e01,Fonseca1798.n19065.sg01,5,"Natura, abl. Quinct.",naturalmente.,
natura,lilaLemma:113421,Faria,Faria1994.n20218.e01,Faria1994.n20218.sg01,5,II-Sents. diversos:,"Natureza conjunto de seres e fenômenos, mundo físico, universo, elemento","Cíc. Fin. 4, 8."
uis,lilaLemma:130360,Faria,Faria1994.n33993.e01,Faria1994.n33993.sg01,7,IV-Sent figurado:,"Natureza das coisas, propriedade, eficácia, valor, virtude, mérito","Ov. Met. 13, 942."
natura,lilaLemma:113421,Faria,Faria1994.n20218.e01,Faria1994.n20218.sg01,6,II-Sents. diversos:,"Natureza personificada, o princípio criador",Cíc. Nat. 2. 142.
natura,lilaLemma:113421,Fonseca,Fonseca1798.n19065.e01,Fonseca1798.n19065.sg01,1,Cic.,natureza.,
natura,lilaLemma:113421,Faria,Faria1994.n20218.e01,Faria1994.n20218.sg01,2,I-Daí,"Natureza. caráter natural, índole, temperamento, propriedade",Cíc. Cael. 14.
natura,lilaLemma:113421,Faria,Faria1994.n20218.e01,Faria1994.n20218.sg01,4,II-Sents. diversos:,"Natureza. estado natural e constitutivo de uma coisa, a natureza i. e.: a configuração de um lugar",Cés. B. Gal. 1. 2. 2.
res,lilaLemma:121868,Faria,Faria1994.n27428.e01,Faria1994.n27428.sg01,4,II-Daí:,Negócio,"sent. genérico Cíc. Verr. 2, 172."
ratio,lilaLemma:121458,Fonseca,Fonseca1798.n25265.e01,Fonseca1798.n25265.sg01,7,,"negocio, commercio, sociedade.",
res,lilaLemma:121868,Fonseca,Fonseca1798.n25883.e01,Fonseca1798.n25883.sg01,2,,negocio.,
causa,lilaLemma:93253,Fonseca,Fonseca1798.n04262.e01,Fonseca1798.n04262.sg01,6,,negocio.,
nec,lilaLemma:113512,Cardoso,Cardoso1570.n14739.e01,Cardoso1570.n14739.sg01,1,,nem,
neque,lilaLemma:114120,Cardoso,Cardoso1570.n14909.e01,Cardoso1570.n14909.sg01,1,,nem,
nec,lilaLemma:113512,Velez,Velez1744.n2208.e01,Velez1744.n2208.sg01,1,,nem,
neque,lilaLemma:114120,Velez,Velez1744.n2231.e01,Velez1744.n2231.sg01,1,,nem,
aut,lilaLemma:90827,Faria,Faria1994.n03588.e01,Faria1994.n03588.sg01,4,Depois de negação,Nem,"Ces. B. Civ. 3, 61, 2."
ne3,lilaLemma:113490,Faria,Faria1994.n20286.e01,Faria1994.n20286.sg01,2,,Nem ... sequer,ne... quidem:
nec,lilaLemma:113512,Fonseca,Fonseca1798.n19130.e01,Fonseca1798.n19130.sg01,1,Cic.,"nem, não.",
ne3,lilaLemma:113490,Fonseca,Fonseca1798.n19122.e01,Fonseca1798.n19122.sg01,3,Cic.,nem.,
nemo,lilaLemma:113605,Cardoso,Cardoso1570.n14836.e01,Cardoso1570.n14836.sg01,1,,nenhũ. ou nenhũa,
nullus,lilaLemma:114081,Cardoso,Cardoso1570.n15387.e01,Cardoso1570.n15387.sg01,1,,nenhum,
nullus,lilaLemma:114081,Velez,Velez1744.n2277.e01,Velez1744.n2277.sg01,1,,nenhum,
nullus,lilaLemma:114081,Faria,Faria1994.n20779.e01,Faria1994.n20779.sg01,1,I-Sent. próprio,"Nenhum, nenhuma, ninguém, coisa nenhuma",Cíc. Mur. 28.
nemo,lilaLemma:113605,Faria,Faria1994.n20365.e01,Faria1994.n20365.sg01,1,,Nenhum:,
nullus,lilaLemma:114081,Fonseca,Fonseca1798.n19530.e01,Fonseca1798.n19530.sg01,1,Cic.,nenhum.,
igitur,lilaLemma:106127,Faria,Faria1994.n14872.e01,Faria1994.n14872.sg01,1,,Nestas circunstâncias. portanto. pois. então,Plaut. Caso 216.
modo,lilaLemma:113289,Faria,Faria1994.n19698.e01,Faria1994.n19698.sg01,5,Sent. temporal:,"Neste momento, imediatamente",plaut. Trin. 908.
hic,lilaLemma:105455,Faria,Faria1994.n14396.e01,Faria1994.n14396.sg01,6,II-Sents. especiais,Neutro hoc + gen.:,
nemo,lilaLemma:113605,Velez,Velez1744.n2222.e01,Velez1744.n2222.sg01,1,,"nimguem, ou nenhum",
nemo,lilaLemma:113605,Fonseca,Fonseca1798.n19188.e01,Fonseca1798.n19188.sg01,1,,"ninguem, nenhum.",
nemo,lilaLemma:113605,Faria,Faria1994.n20364.e01,Faria1994.n20364.sg01,1,,"Ninguém, nenhuma pessoa","Cíc. AI. 8, 2, 4:"
primum,lilaIpoLemma:35374,Faria,Faria1994.n25419.e01,Faria1994.n25419.sg01,1,,"No começo, primeiramente, no primeiro momento","Cíc. Verr. 4, 66."
ceterus,lilaLemma:93624,Fonseca,Fonseca1798.n03656.e01,Fonseca1798.n03656.sg01,2,"Caetera, accus. do plur. Virg.","no demais, no restante.","Subentende-se a prep. Grega Kata, ou a Latina Secundum."
ubi,lilaLemma:129639,Faria,Faria1994.n32856.e01,Faria1994.n32856.sg01,1,I-Adv. de lugar relativo-interrogativo:,"No lugar em que, onde","Cíc. Phil. 2, 48"
in,lilaLemma:106748,Faria,Faria1994.n15371.e01,Faria1994.n15371.sg01,15,II-Com abl. sem movimento. Sent. próprio e figurado:-Sents. diversos:,No meio de:,
ubi,lilaLemma:129639,Faria,Faria1994.n32856.e01,Faria1994.n32856.sg01,3,II-Conj. sent. próprio:,"No momento em que, quando","Cíc. Verr. 2, 61."
cum,lilaLemma:97202,Faria,Faria1994.n08332.e01,Faria1994.n08332.sg01,1,,"No momento em que, quando, logo que","sent. temporal Cíc. Inv. 1, 2; Cíc. Fam. 6, 4, 1; Cíc. Cat. 1, 21."
bonus,lilaLemma:91782,Faria,Faria1994.n04249.e01,Faria1994.n04249.sg01,5,II-Sent. figurado,Nobre,de nascimento Cíc. Mur. 15.
grauis,lilaLemma:104903,Fonseca,Fonseca1798.n13041.e01,Fonseca1798.n13041.sg01,3,,"nocivo, desagradavel, molesto, triste.",
nomen,lilaLemma:113797,Faria,Faria1994.n20624.e01,Faria1994.n20624.sg01,1,I-Sent. próprio,"Nome dado a uma pessoa ou a uma coisa, palavra, termo, expressão","Cíc. Verr. 4, 59."
nomen,lilaLemma:113797,Faria,Faria1994.n20624.e01,Faria1994.n20624.sg01,2,II-Sent. particular,"Nome de família, nome próprio, prenome, sobrenome, título","Cíc. Caec. 27; Cés. B. Civ. 2, 32, 14."
nomen,lilaLemma:113797,Faria,Faria1994.n20624.e01,Faria1994.n20624.sg01,3,II-Sent. particular,"Nome de um povo, raça ou nação","Cíc. Phil. 3, 29."
nomen,lilaLemma:113797,Faria,Faria1994.n20624.e01,Faria1994.n20624.sg01,5,III-Na língua jurídica:,"Nome de um réu, nome de um devedor, nome de um credor",Cíc. Amer. 64.
nomen,lilaLemma:113797,Fonseca,Fonseca1798.n19378.e01,Fonseca1798.n19378.sg01,7,Quinct.,"nome substantivo, ou adjectivo.",
nomen,lilaLemma:113797,Faria,Faria1994.n20624.e01,Faria1994.n20624.sg01,10,III-No abl.:,"Nome, crédito","Cíc. Fam. 5, 6, 2."
nomen,lilaLemma:113797,Fonseca,Fonseca1798.n19378.e01,Fonseca1798.n19378.sg01,1,Cic.,nome.,
dico,lilaLemma:99302,Saraiva,Saraiva1910.xDico,Saraiva1910.xDico.sg01,7,,"nomear, eleger, elevar a uma dignidade;",
facio,lilaLemma:102758,Saraiva,Saraiva1910.xFacio,Saraiva1910.xFacio.sg01,3,,"nomear, eleger;",
uoco,lilaLemma:130729,Fonseca,Fonseca1798.n32139.e01,Fonseca1798.n32139.sg01,2,,"nomear, pôr hum nome.",
uoco,lilaLemma:130729,Faria,Faria1994.n34099.e01,Faria1994.n34099.sg01,3,I-Donde:,"Nomear, pronunciar o nome de alguém, designar","Cíc. Leg. 1, 22; Cíc. Val. 29; Verg. En. 6, 247; Verg. G: 1. 157."
nos,lilaIpoLemma:110487,Faria,Faria1994.n20671.e01,Faria1994.n20671.sg01,1,,Nós,"Cíc. Fam. I, I, 4."
nos,lilaIpoLemma:110487,Faria,Faria1994.n20674.e01,Faria1994.n20674.sg01,1,,"Nós mesmos, eu mesmo","Cíc. Tusc. 3,6."
nos,lilaIpoLemma:110487,Fonseca,Fonseca1798.n19420.e01,Fonseca1798.n19420.sg01,1,Plaut.,nós mesmos.,
nos,lilaIpoLemma:110487,Fonseca,Fonseca1798.n19416.e01,Fonseca1798.n19416.sg01,1,Cic.,nós.,
noster,lilaLemma:113882,Faria,Faria1994.n20676.e01,Faria1994.n20676.sg01,1,I-Sent. próprio,"Nosso, nossa","Cíc. Rep. 1, 3."
noster,lilaLemma:113882,Fonseca,Fonseca1798.n19423.e01,Fonseca1798.n19423.sg01,1,Cic.,nosso.,
nouus,lilaLemma:113900,Faria,Faria1994.n20735.e01,Faria1994.n20735.sg01,3,I-Daí,"Noviço, inexperiente, que não está habituado",Cíc. Lae. 68.
nouus,lilaLemma:113900,Faria,Faria1994.n20735.e01,Faria1994.n20735.sg01,6,III-Sents. particulares:,"Novidades políticas, mudança política, revolução:",
nouus,lilaLemma:113900,Faria,Faria1994.n20735.e01,Faria1994.n20735.sg01,5,II-Sent. figurado:,Novo,"= outro, segundo Cíc. Phil. 13, 25."
nouus,lilaLemma:113900,Faria,Faria1994.n20735.e01,Faria1994.n20735.sg01,2,I-Daí,"Novo, inovado, desconhecido, desusado",Cíc. Br. 324.
nouus,lilaLemma:113900,Fonseca,Fonseca1798.n19478.e01,Fonseca1798.n19478.sg01,1,Cic.,"novo, moderno, de pouco tempo.",
nouus,lilaLemma:113900,Faria,Faria1994.n20735.e01,Faria1994.n20735.sg01,1,I-Sent. próprio,"Novo, recente, fresco",Cíc. Br. 287.
nullus,lilaLemma:114081,Faria,Faria1994.n20779.e01,Faria1994.n20779.sg01,2,II-Daí,"Nulo, de nenhum valor, sem importância",Cíc. Tusc. 2. 13.
amicus,lilaLemma:88684,Cardoso,Cardoso1570.n01251.e01,Cardoso1570.n01251.sg01,1,,o amigo,
annus,lilaLemma:89129,Cardoso,Cardoso1570.n01510.e01,Cardoso1570.n01510.sg01,1,,o anno,
quidem,lilaLemma:121168,Faria,Faria1994.n26562.e01,Faria1994.n26562.sg01,2,,"O certo é que, mas ao menos, ao menos",Cíc. Or. 210.
ciuis,lilaLemma:94399,Velez,Velez1744.n0682.e01,Velez1744.n0682.sg01,1,,"o cidadaõ, ou cidadôa",
arma,lilaLemma:89998,Faria,Faria1994.n02868.e01,Faria1994.n02868.sg01,4,II-Sent. figurado:,"O combate, as guerras","Cíc. At. 7, 3, 5."
consul,lilaLemma:96181,Velez,Velez1744.n0837.e01,Velez1744.n0837.sg01,1,,"o Consul, ou vereador",Singulis annis consules creabantur: unde pro anno ponunt Poetae.
corpus,lilaLemma:96667,Velez,Velez1744.n0878.e01,Velez1744.n0878.sg01,1,,"o corpo, ou volume de livro",
dies,lilaLemma:99334,Velez,Velez1744.n1042.e01,Velez1744.n1042.sg01,1,,o dia,"dubij generis, sed in plurali masc. tantùm:"
ius,lilaLemma:109252,Velez,Velez1744.n1883.e01,Velez1744.n1883.sg01,1,,o direito;,
filius,lilaLemma:103307,Velez,Velez1744.n1350.e01,Velez1744.n1350.sg01,1,,o filho,
hostis,lilaLemma:105757,Velez,Velez1744.n1551.e01,Velez1744.n1551.sg01,1,,"o inimigo, ou inimiga",
locus,lilaLemma:110019,Velez,Velez1744.n1998.e01,Velez1744.n1998.sg01,1,,o lugar,
uir,lilaLemma:130300,Faria,Faria1994.n33945.e01,Faria1994.n33945.sg01,4,II-Daí:,O macho,"falando dos animais Verg. Bue. 7, 7."
primus,lilaLemma:119498,Faria,Faria1994.n25427.e01,Faria1994.n25427.sg01,2,"II-Daí, em sent. moral","O mais importante, o principal, o primeiro, o melhor",pela sua categoria:
uirtus,lilaLemma:130356,Faria,Faria1994.n33990.e01,Faria1994.n33990.sg01,5,III-Daí:,"O mérito, o valor de alguma coisa ou alguém, as qualidades","Cíc. Verr. 5, 181."
idem,lilaLemma:109082,Velez,Velez1744.n1576.e01,Velez1744.n1576.sg01,1,,o mesmo,
ipse,lilaLemma:108945,Velez,Velez1744.n1846.e01,Velez1744.n1846.sg01,1,,o mesmo,
idem,lilaLemma:109082,Faria,Faria1994.n14852.e01,Faria1994.n14852.sg01,5,II-Neutro sing. com gen.:,O mesmo:,
idem,lilaLemma:109082,Faria,Faria1994.n14852.e01,Faria1994.n14852.sg01,2,I-daí:,O mesmo. a mesma,"sent. geral Cíc. Of. I, 90."
pater,lilaLemma:116203,Velez,Velez1744.n2490.e01,Velez1744.n2490.sg01,1,,o pay,
populus,lilaLemma:118463,Velez,Velez1744.n2643.e01,Velez1744.n2643.sg01,1,,o povo,
populus,lilaLemma:118463,Faria,Faria1994.n24590.e01,Faria1994.n24590.sg01,3,II-Sent. particular,O povo,com exclusão do senado.
populus,lilaLemma:118463,Faria,Faria1994.n24590.e01,Faria1994.n24590.sg01,4,II-Sent. particular,O povo,"em oposição a plebs, como o todo de uma parte Cíc. Mur. 1."
ipse,lilaLemma:108945,Faria,Faria1994.n16942.e01,Faria1994.n16942.sg01,1,,"O próprio, a própria, ele próprio, ela própria, eu próprio, tu próprio:",
ipse,lilaLemma:108945,Faria,Faria1994.n16943.e01,Faria1994.n16943.sg01,1,,O próprio:,
populus,lilaLemma:118463,Faria,Faria1994.n24590.e01,Faria1994.n24590.sg01,2,II-Sent. particular,"O público, a população",Cíc. Tusc. 2. 64.
qui,lilaLemma:121354,Velez,Velez1744.n2872.e01,Velez1744.n2872.sg01,1,,o qual;,
qui,lilaLemma:121354,Faria,Faria1994.n26549.e01,Faria1994.n26549.sg01,2,I-Relativo:-Sent. particular.,O que,"com omissão do antecedente Cíc, Of. 1, 118."
rex,lilaLemma:122013,Faria,Faria1994.n27678.e01,Faria1994.n27678.sg01,1,I-Sent. próprio,"O que dirige os negócios do Estado, rei, soberano, monarca","Cíc. Rep. 2, 5."
deus,lilaLemma:99132,Faria,Faria1994.n09569.e01,Faria1994.n09569.sg01,2,II-Sent. figurado,O que é venerado como um deus,"Cíc. De Or. 1, 106."
iudex,lilaLemma:109161,Faria,Faria1994.n17203.e01,Faria1994.n17203.sg01,1,Sent. próprio:,"O que mostra ou diz o direito, juiz, árbitro",termo técnico:
is,lilaLemma:109083,Faria,Faria1994.n17022.e01,Faria1994.n17022.sg01,3,"Empregos mais gerais: is, qui em correlação com um relativo:","o que, o supracitado que:",
qui,lilaLemma:121354,Velez,Velez1744.n2894.e01,Velez1744.n2894.sg01,1,,o que;,
rex,lilaLemma:122013,Faria,Faria1994.n27678.e01,Faria1994.n27678.sg01,11,"III-No pl. reges T. Lív. 1, 39, 2","O rei e a rainha, o casal real’.",
alter,lilaLemma:88457,Faria,Faria1994.n01673.e01,Faria1994.n01673.sg01,2,,"O segundo numa enumeração, o seguinte",Cíc. Br. 197.
miles,lilaLemma:112318,Velez,Velez1744.n2114.e01,Velez1744.n2114.sg01,1,,o soldado,
tempus,lilaLemma:127522,Velez,Velez1744.n3361.e01,Velez1744.n3361.sg01,1,,o tempo,
omnis,lilaLemma:114954,Fonseca,Fonseca1798.n20267.e01,Fonseca1798.n20267.sg01,2,Omne. Cic.,"o universo, todo o mundo.",
uester,lilaLemma:130009,Faria,Faria1994.n33688.e01,Faria1994.n33688.sg01,2,II-Sent. figurado,O vosso senhor,Plaut. St. 664.
audio,lilaLemma:90641,Velez,Velez1744.n0443.e01,Velez1744.n0443.sg01,2,por,obedecer,cum accus.
audio,lilaLemma:90641,Fonseca,Fonseca1798.n02826.e01,Fonseca1798.n02826.sg01,2,,obedecer.,
corpus,lilaLemma:96667,Faria,Faria1994.n07899.e01,Faria1994.n07899.sg01,3,I-Daí:,"Objeto material, substância, matéria, corpo","do homem e dos animais Lucr. 1, 679."
manus,lilaLemma:111585,Fonseca,Fonseca1798.n17865.e01,Fonseca1798.n17865.sg01,3,Prop.,"obra de mãos, artefacto.",
corpus,lilaLemma:96667,Fonseca,Fonseca1798.n06979.e01,Fonseca1798.n06979.sg01,2,,"obra escrita, volume.",
teneo,lilaLemma:127822,Fonseca,Fonseca1798.n29988.e01,Fonseca1798.n29988.sg01,10,Cic.,obrigar.,
fero,lilaLemma:103126,Saraiva,Saraiva1910.xFero,Saraiva1910.xFero.sg01,5,,"obter, alcançar, conseguir, recolher, tirar, receber;",
fero,lilaLemma:103126,Faria,Faria1994.n12632.e01,Faria1994.n12632.sg01,6,II-Sent. figurado:,"Obter, conseguir, tirar, carregar, roubar","C ie. At. 4, 15, 6; Verg. Buc. 5, 34; Verg. Buc. 9, 15."
locus,lilaLemma:110019,Faria,Faria1994.n18255.e01,Faria1994.n18255.sg01,5,III-Sent. figurado:,"Ocasião, ensejo, oportunidade, época, tempo",Cíc. Cael. 9.
tempus,lilaLemma:127522,Fonseca,Fonseca1798.n29967.e01,Fonseca1798.n29967.sg01,4,Cic.,"occasiaõ, opportunidade de tempo.",
locus,lilaLemma:110019,Fonseca,Fonseca1798.n17311.e01,Fonseca1798.n17311.sg01,5,,"occasião, tempo.",
uideo,lilaLemma:130163,Saraiva,Saraiva1910.xVideo,Saraiva1910.xVideo.sg01,6,,"occupar-se com, prover a, cuidar de;",
sum,lilaLemma:126689,Saraiva,Saraiva1910.xSum,Saraiva1910.xSum.sg01,8,,"occupar-se em, com, cuidar em, tractar de;",
habeo,lilaLemma:105044,Fonseca,Fonseca1798.n13130.e01,Fonseca1798.n13130.sg01,6,Virg.,occupar.,
capio,lilaLemma:92686,Faria,Faria1994.n04907.e01,Faria1994.n04907.sg01,8,II-Sent. figurado:,Ocupar,"Cés. B. Gal. 7 62, 8."
uideo,lilaLemma:130163,Faria,Faria1994.n33827.e01,Faria1994.n33827.sg01,6,III-Daí:,Ocupar-se de,"Cíc. At. 5, 1, 3."
ago,lilaLemma:88140,Faria,Faria1994.n01300.e01,Faria1994.n01300.sg01,6,II-Daí:,"Ocupar-se de, tratar de, regular urn negócio",Cic. Br. 249.
do,lilaLemma:99970,Faria,Faria1994.n10264.e01,Faria1994.n10264.sg01,2,II-Sent. figurado,"Oferecer, apresentar","Cíc. Lae. 88: Cíc. Rep. 1, 14."
do,lilaLemma:99970,Saraiva,Saraiva1910.xDo,Saraiva1910.xDo.sg01,4,Dare se.,offerecer-se,fig.;
do,lilaLemma:99970,Saraiva,Saraiva1910.xDo,Saraiva1910.xDo.sg01,4,,"offerecer, offertar, apresentar;",
pars,lilaLemma:116084,Fonseca,Fonseca1798.n21009.e01,Fonseca1798.n21009.sg01,4,No plur.,"officios, cargos, obrigações.",
uideo,lilaLemma:130163,Saraiva,Saraiva1910.xVideo,Saraiva1910.xVideo.sg01,2,,"olhar com respeito a um logar, estar voltado para;",
uideo,lilaLemma:130163,Faria,Faria1994.n33827.e01,Faria1994.n33827.sg01,2,I-Daí:,"Olhar, ir ver","Cíc. Phil. 1, 9."
uideo,lilaLemma:130163,Saraiva,Saraiva1910.xVideo,Saraiva1910.xVideo.sg01,4,,olhar;,
mitto,lilaLemma:112499,Faria,Faria1994.n19659.e01,Faria1994.n19659.sg01,3,II-Sent. figurado:,"Omitir, silenciar, passar em silêncio, pôr de lado","Cíc. Verr. 4, 116; Cíc. Br. 258."
ubi,lilaLemma:129639,Velez,Velez1744.n3513.e01,Velez1744.n3513.sg01,1,,"onde, em que parte?","In quo sensu adduntur ad ornatum genitivi terrarum, vel gentium:"
ubi,lilaLemma:129639,Fonseca,Fonseca1798.n31232.e01,Fonseca1798.n31232.sg01,2,,"onde, naquelle lugar que.",
ubi,lilaLemma:129639,Fonseca,Fonseca1798.n31232.e01,Fonseca1798.n31232.sg01,1,Cic.,onde? em que lugar?,
ubi,lilaLemma:129639,Faria,Faria1994.n32856.e01,Faria1994.n32856.sg01,2,I-Adv. de lugar relativo-interrogativo:,Onde? Em que lugar?,"interr. dir. ou indir. Cic. De Or. 2, 59. Cíc. At. 9, 1, 2."
ubi,lilaLemma:129639,Cardoso,Cardoso1570.n25631.e01,Cardoso1570.n25631.sg01,1,,onde. ou tanto que. ou quando,
locus,lilaLemma:110019,Fonseca,Fonseca1798.n17311.e01,Fonseca1798.n17311.sg01,3,,"opportunidade, commodidade.",
nunc,lilaLemma:113990,Faria,Faria1994.n20824.e01,Faria1994.n20824.sg01,3,,"Ora, assim sendo, em vista disso",sent. lógico:
iam,lilaLemma:106025,Faria,Faria1994.n17144.e01,Faria1994.n17144.sg01,4,I-Em sent. conclusivo:,"Ora, daí, então",Cíc. Br. 68.
sed,lilaLemma:123994,Faria,Faria1994.n28736.e01,Faria1994.n28736.sg01,4,,"Ora, mas também",Verg. En. 10. 576.
uox,lilaLemma:130806,Fonseca,Fonseca1798.n32220.e01,Fonseca1798.n32220.sg01,4,Hor.,"oraçaõ, discurso.",
natura,lilaLemma:113421,Faria,Faria1994.n20218.e01,Faria1994.n20218.sg01,3,II-Sents. diversos:,"Ordem natural das coisas, leis da natureza, sentimentos naturais, força da natureza",Cíc. Ac. 2. 55: Cíc. Of. 3. 31.
locus,lilaLemma:110019,Fonseca,Fonseca1798.n17311.e01,Fonseca1798.n17311.sg01,2,,"ordem, estado, disposição das cousas.",
lex,lilaLemma:110351,Faria,Faria1994.n17969.e01,Faria1994.n17969.sg01,6,IV-Sent. poético:,Ordem:,
iubeo,lilaLemma:109152,Faria,Faria1994.n17194.e01,Faria1994.n17194.sg01,1,I-Sent. próprio,"Ordenar, mandar","Cés. B. Gal. 1, 27, 2; Plaut. Most. 930; Cés. B. Gal. 3, 6, 1."
iubeo,lilaLemma:109152,Fonseca,Fonseca1798.n16329.e01,Fonseca1798.n16329.sg01,1,Cic.,"ordenar, mandar com imperio.",
publicus,lilaLemma:120358,Faria,Faria1994.n26097.e01,Faria1994.n26097.sg01,3,III-Sent. poético:,"Ordinário, banal, trivial","Ov. P. 4, 13, 4."
publicus,lilaLemma:120358,Fonseca,Fonseca1798.n24549.e01,Fonseca1798.n24549.sg01,2,Ovid.,"ordinario, de pouco valor, ou artificio.",
natura,lilaLemma:113421,Faria,Faria1994.n20218.e01,Faria1994.n20218.sg01,7,II-Sents. diversos:,Órgãos da geração,Cíc. Nat. 3. 55.
magnus,lilaLemma:111319,Faria,Faria1994.n18730.e01,Faria1994.n18730.sg01,7,II-Sent. figurado:,"Orgulhoso, soberbo",sent. pejorativo:
castra,lilaLemma:138599,Velez,Velez1744.n0606.e01,Velez1744.n0606.sg01,1,,os arrayaes,
super,lilaLemma:126999,Faria,Faria1994.n30893.e01,Faria1994.n30893.sg01,4,"III-Supĕrī diī, -ōrum:","os deuses superiores, habitantes do céu ou das regiões superiores","em oposição aos infèri, habitantes das regiões inferiores Verg. En. 10, 34."
super,lilaLemma:126999,Faria,Faria1994.n30893.e01,Faria1994.n30893.sg01,3,"III-Como subs. m. pl. supĕrī, -ōrum:","os habitantes da terra, os mortais, os homens","em oposição aos mortos, habitantes das regiões infernais Verg. En. 6, 481."
uir,lilaLemma:130300,Faria,Faria1994.n33945.e01,Faria1994.n33945.sg01,9,II-Daí:,"Os homens, a humanidade","no plural Ov. Met. 1, 286."
alius,lilaLemma:88481,Faria,Faria1994.n01575.e01,Faria1994.n01575.sg01,4,,Os outros,"alii = ceteri Cic. Verr. 4, 44."
ceterus,lilaLemma:93624,Faria,Faria1994.n05524.e01,Faria1994.n05524.sg01,2,"II-Daí, no plural","Os outros, os restantes, o resto","Cíc. Verr. 5, 171."
rex,lilaLemma:122013,Faria,Faria1994.n27678.e01,Faria1994.n27678.sg01,10,III-Sent. poético:,"Os ricos, os nababos","Hor. Sat. 1, 2, 86."
suus,lilaLemma:127165,Faria,Faria1994.n31048.e01,Faria1994.n31048.sg01,4,II-No m. pl.:,"Os seus, os seus parentes, os seus partidários, os seus concidadãos","Cíc. Fin. 2, 97."
tuus,lilaLemma:129328,Faria,Faria1994.n32795.e01,Faria1994.n32795.sg01,3,"III-Sents. diversos:-Tuī, -ōrum, m. pl.",Os teus,"parentes, amigos, partidários Cíc. Fam. 13, 16, 3."
tuus,lilaLemma:129328,Faria,Faria1994.n32795.e01,Faria1994.n32795.sg01,4,"III-Sents. diversos:-Tuum, -ī e tua, -ōrum, n. sing. e pl.:","os teus bens, a tua fortuna",Cíc. Tull. 53.
uester,lilaLemma:130009,Faria,Faria1994.n33688.e01,Faria1994.n33688.sg01,5,II-Como masc. pl.:,"Os vossos, vossos amigos, vosso século","Cíc. Nat. 3, 35."
uel,lilaLemma:129695,Cardoso,Cardoso1570.n25680.e01,Cardoso1570.n25680.sg01,1,,ou,
aut,lilaLemma:90827,Velez,Velez1744.n0464.e01,Velez1744.n0464.sg01,1,,ou,
an,lilaLemma:88828,Faria,Faria1994.n02014.e01,Faria1994.n02014.sg01,4,"II-Nas interrogativas duplas, ou tríplices tem sentido dubitativo.",Ou,"a primeira interrogativa é introduzida por ne, utrum ou num:"
an,lilaLemma:88828,Faria,Faria1994.n02014.e01,Faria1994.n02014.sg01,5,"II-Nas interrogativas duplas, ou tríplices tem sentido dubitativo.",Ou,sem nenhuma partícula na primeira interrogativa:
tum,lilaLemma:129198,Velez,Velez1744.n3470.e01,Velez1744.n3470.sg01,5,"tum autem pro Et, vel Praetereá",ou alem disso,
non,lilaLemma:114108,Faria,Faria1994.n20637.e01,Faria1994.n20637.sg01,4,,Ou melhor,"= non dico Cíc. Phil. 5, 24."
uel,lilaLemma:129695,Faria,Faria1994.n33384.e01,Faria1994.n33384.sg01,1,,"Ou se o queres, ou, ou melhor","permitindo escolha Cíc. Cal. 2, 1."
uel,lilaLemma:129695,Faria,Faria1994.n33384.e01,Faria1994.n33384.sg01,2,,"Ou se o queres, ou, ou melhor",retificando:
aut,lilaLemma:90827,Faria,Faria1994.n03588.e01,Faria1994.n03588.sg01,2,,"Ou senão, ou do contrário","C. Nep. Epam.4, 3."
uel,lilaLemma:129695,Fonseca,Fonseca1798.n31278.e01,Fonseca1798.n31278.sg01,1,Cic.,"ou, ao menos.",
aut,lilaLemma:90827,Faria,Faria1994.n03588.e01,Faria1994.n03588.sg01,1,,"Ou, ou então:",
uel,lilaLemma:129695,Faria,Faria1994.n33385.e01,Faria1994.n33385.sg01,1,,"Ou, ou melhor","Cíc. Rep. 1, 41."
aut,lilaLemma:90827,Fonseca,Fonseca1798.n02960.e01,Fonseca1798.n02960.sg01,1,Cic.,ou.,
alius,lilaLemma:88481,Faria,Faria1994.n01575.e01,Faria1994.n01575.sg01,2,O pl. n. alia significa:,"outra coisa, outros fatos","T. Lív. 29, 18, 7."
alter,lilaLemma:88457,Faria,Faria1994.n01673.e01,Faria1994.n01673.sg01,4,,Outrem,Cíc. Quinct. 51.
alius,lilaLemma:88481,Faria,Faria1994.n01575.e01,Faria1994.n01575.sg01,1,,Outro,falando de mais de dois Cíc. Flac. 39.
alter,lilaLemma:88457,Faria,Faria1994.n01673.e01,Faria1994.n01673.sg01,3,,Outro,Cíc. Lac. 80.
alius,lilaLemma:88481,Faria,Faria1994.n01575.e01,Faria1994.n01575.sg01,5,,Outro,"em lugar de alter Cés. B. Civ. 3, 21, 2."
alter,lilaLemma:88457,Velez,Velez1744.n0247.e01,Velez1744.n0247.sg01,1,,"outro, hum de dous, ou segundo",
alius,lilaLemma:88481,Fonseca,Fonseca1798.n01288.e01,Fonseca1798.n01288.sg01,1,Cic.,outro.,
alius,lilaLemma:88481,Cardoso,Cardoso1570.n01055.e01,Cardoso1570.n01055.sg01,1,,outro. ou outra,
audio,lilaLemma:90641,Cardoso,Cardoso1570.n02357.e01,Cardoso1570.n02357.sg01,1,,ouuir,
audio,lilaLemma:90641,Faria,Faria1994.n03455.e01,Faria1994.n03455.sg01,3,II-Sent. figurado:,"Ouvir dizer, ter conhecimento de, saber; ser informado","Cíc. Verr. 4, 117."
audio,lilaLemma:90641,Faria,Faria1994.n03455.e01,Faria1994.n03455.sg01,5,II-Sent. figurado:,Ouvir ou escutar as súplicas de,tratando-se dos deuses:
accipio,lilaLemma:87119,Fonseca,Fonseca1798.n00279.e01,Fonseca1798.n00279.sg01,2,,"ouvir, aprender.",
audio,lilaLemma:90641,Velez,Velez1744.n0443.e01,Velez1744.n0443.sg01,1,,"ouvir, entender, conhecer",
audio,lilaLemma:90641,Fonseca,Fonseca1798.n02826.e01,Fonseca1798.n02826.sg01,1,Cic.,"ouvir, escutar.",
audio,lilaLemma:90641,Faria,Faria1994.n03455.e01,Faria1994.n03455.sg01,1,I-Sent. próprio,"Ouvir, estar com os ouvidos atentos a, escutar","Cíc. Rep.6, 19."
uideo,lilaLemma:130163,Saraiva,Saraiva1910.xVideo,Saraiva1910.xVideo.sg01,3,,ouvir;,
pecunia,lilaLemma:116369,Faria,Faria1994.n22609.e01,Faria1994.n22609.sg01,4,III-Sent. especial:,Pagamento,"Cíc. At. 10, 5, 3."
pater,lilaLemma:116203,Faria,Faria1994.n22464.e01,Faria1994.n22464.sg01,5,III-Sent. figurado:,Pai da pátria,título de honra Cíc. Pis. 6.
pater,lilaLemma:116203,Faria,Faria1994.n22464.e01,Faria1994.n22464.sg01,2,"II-Daí, em sent. especial","Pai título de respeito dado aos deuses, augusto, divino","Verg. G. 1, 328; Hor. O. 3, 3, 13."
pater,lilaLemma:116203,Faria,Faria1994.n22464.e01,Faria1994.n22464.sg01,1,I-Sent. próprio,Pai:,
pater,lilaLemma:116203,Fonseca,Fonseca1798.n21104.e01,Fonseca1798.n21104.sg01,1,Cic.,pai.,
pater,lilaLemma:116203,Faria,Faria1994.n22464.e01,Faria1994.n22464.sg01,7,IV-No pl.:,"Pais, antepassados, avós",Cíc. Or. 18.
ciuitas,lilaLemma:94400,Fonseca,Fonseca1798.n05046.e01,Fonseca1798.n05046.sg01,4,Caes.,"paiz, Estado, que se governa com as mesmas Leis.",
terra,lilaLemma:127912,Fonseca,Fonseca1798.n30075.e01,Fonseca1798.n30075.sg01,2,,"paiz, regiaõ, provincia.",
domus,lilaLemma:100071,Fonseca,Fonseca1798.n09397.e01,Fonseca1798.n09397.sg01,3,,paiz.,
uox,lilaLemma:130806,Faria,Faria1994.n34219.e01,Faria1994.n34219.sg01,6,III-Sent. figurado:,"Palavra = língua, linguagem","Hor. O. 1, 10, 3."
fides,lilaLemma:103260,Faria,Faria1994.n12729.e01,Faria1994.n12729.sg01,2,II-Daí. na língua jurídica,"Palavra dada, juramento, promessa solene","Cíc. Of. I, 39."
uerbum,lilaLemma:131057,Faria,Faria1994.n33544.e01,Faria1994.n33544.sg01,4,II-Sent. particular:,"Palavra em oposição a res, aparência","Cíc. Verr. 3, 1.33."
uerbum,lilaLemma:131057,Fonseca,Fonseca1798.n31423.e01,Fonseca1798.n31423.sg01,1,Cic.,"palavra, dito, termo.",
uox,lilaLemma:130806,Fonseca,Fonseca1798.n32220.e01,Fonseca1798.n32220.sg01,3,Cic.,"palavra, dito.",
uox,lilaLemma:130806,Faria,Faria1994.n34219.e01,Faria1994.n34219.sg01,3,"I-Daí, no sing.:","Palavra, linguagem, palavra, termo, vocábulo",Cíc. Lae. 37.
uerbum,lilaLemma:131057,Faria,Faria1994.n33544.e01,Faria1994.n33544.sg01,1,I-Sent. próprio,"Palavra, termo","Cíc. De Oro 2, 150."
uerbum,lilaLemma:131057,Faria,Faria1994.n33544.e01,Faria1994.n33544.sg01,2,I-No pl.,"Palavras, linguagem, conversa","Cíc. Rep. 6, 9."
pars,lilaLemma:116084,Fonseca,Fonseca1798.n21009.e01,Fonseca1798.n21009.sg01,6,Cic.,"papel, figura, personagem, actor de theatro.",
qua,lilaIpoLemma:110471,Faria,Faria1994.n26665.e01,Faria1994.n26665.sg01,3,II-Indef.:,"Para algum lugar, para alguma parte","Cíc. Verr. 5, 45."
hinc,lilaLemma:105454,Velez,Velez1744.n1552.e01,Velez1744.n1552.sg01,1,,para aqui,
hinc,lilaLemma:105454,Faria,Faria1994.n14649.e01,Faria1994.n14649.sg01,1,I-No sent. próprio:,"Para aqui, para este lugar","Cés. B. Gal. 3, 19, 1."
hinc,lilaLemma:105454,Fonseca,Fonseca1798.n13673.e01,Fonseca1798.n13673.sg01,1,Cic.,para aqui.,
qua,lilaIpoLemma:110471,Faria,Faria1994.n26665.e01,Faria1994.n26665.sg01,1,I-Interr.:,Para onde? para que lugar?,"Cíc. Verr. 5. 126; Cíc. Ac. 2, 93."
qua,lilaIpoLemma:110471,Fonseca,Fonseca1798.n25116.e01,Fonseca1798.n25116.sg01,1,Cic.,para onde.,
ad,lilaLemma:87344,Velez,Velez1744.n0082.e01,Velez1744.n0082.sg01,1,,"para perto, ou junto",
ut,lilaLemma:130906,Velez,Velez1744.n3613.e10,Velez1744.n3613.sg10,1,,para que,
qua,lilaIpoLemma:110471,Faria,Faria1994.n26665.e01,Faria1994.n26665.sg01,2,I-Interr.:,Para que = ad quam rem:,
ne,lilaLemma:113491,Fonseca,Fonseca1798.n19122.e02,Fonseca1798.n19122.sg02,2,Cic.,para que não,
ne,lilaLemma:113491,Faria,Faria1994.n20286.e11,Faria1994.n20286.sg11,1,,Para que não,"Cés. B. Gal. 2, 5, 2."
qua,lilaIpoLemma:110471,Faria,Faria1994.n26666.e01,Faria1994.n26666.sg01,3,,"Para que, a fim de que","Cíc. Of. 3, 33; Cíc. Verr. 4, 26; Cíc. Clú. 9. 140."
ut,lilaLemma:130906,Faria,Faria1994.n33117.e11,Faria1994.n33117.sg11,3,,"Para que, a fim de que",final:
ut,lilaLemma:130906,Fonseca,Fonseca1798.n32314.e02,Fonseca1798.n32314.sg02,2,Cic.,para que.,
in,lilaLemma:106748,Faria,Faria1994.n15371.e01,Faria1994.n15371.sg01,7,I-Com acus. indicando resultado de um movimento. Sent. próprio e figurado:-Sents. diversos:,"Para, a fim de, em vista de:",
ad,lilaLemma:87344,Fonseca,Fonseca1798.n00447.e01,Fonseca1798.n00447.sg01,1,Cic.,"para, junto, ao pé, até.",
in,lilaLemma:106748,Faria,Faria1994.n15371.e01,Faria1994.n15371.sg01,6,I-Com acus. indicando resultado de um movimento. Sent. próprio e figurado:-Sents. diversos:,"Para, por",sent. distributivo:
manus,lilaLemma:111585,Fonseca,Fonseca1798.n17865.e01,Fonseca1798.n17865.sg01,8,Suet.,"parada, lanço no jogo.",
pars,lilaLemma:116084,Fonseca,Fonseca1798.n21009.e01,Fonseca1798.n21009.sg01,2,,"parcialidade, facção, bando, partido.",
uideo,lilaLemma:130163,Saraiva,Saraiva1910.xVideo,Saraiva1910.xVideo.sg01,8,,"parece bem, apraz.",
uideo,lilaLemma:130163,Saraiva,Saraiva1910.xVideo,Saraiva1910.xVideo.sg01,8,unip.,parece que;,
uideo,lilaLemma:130163,Velez,Velez1744.n3566.e01,Velez1744.n3566.sg01,3,"pass. Videor, eris saepissimè significat",parecer,
uideo,lilaLemma:130163,Saraiva,Saraiva1910.xVideo,Saraiva1910.xVideo.sg01,8,Pass.,parecer;,
pars,lilaLemma:116084,Faria,Faria1994.n22363.e01,Faria1994.n22363.sg01,1,I-Sent. próprio,"Parte de um quinhão concedida a alguém, porção, o que faz parte de, partilha",Cíc. Verr. 5. 98.
pars,lilaLemma:116084,Faria,Faria1994.n22363.e01,Faria1994.n22363.sg01,4,IV-No pl.: sents. especiais:,"Parte de uma peça confiada a um ator, papel",sents. próprio e figurado Ter. Phorm. 27:
tempus,lilaLemma:127522,Fonseca,Fonseca1798.n29967.e01,Fonseca1798.n29967.sg01,2,,"parte do anno, ou do dia.",
pars,lilaLemma:116084,Fonseca,Fonseca1798.n21009.e01,Fonseca1798.n21009.sg01,5,Ter.,parte na demanda.,
pars,lilaLemma:116084,Fonseca,Fonseca1798.n21009.e01,Fonseca1798.n21009.sg01,1,Cic.,"parte, porção.",
castra,lilaLemma:138599,Faria,Faria1994.n05136.e01,Faria1994.n05136.sg01,5,II-Sent. figurado:,"Partido político, escola filosófica:",
causa,lilaLemma:93253,Faria,Faria1994.n05244.e01,Faria1994.n05244.sg01,4,III-Sents. diversos:,"Partido, facção","Cíc. Phil. 5, 43."
pars,lilaLemma:116084,Faria,Faria1994.n22363.e01,Faria1994.n22363.sg01,5,IV-No pl.: sents. especiais:,"Partido, facção: partido de oposição, partido popular",Cíc. Dej. 35.
causa,lilaLemma:93253,Fonseca,Fonseca1798.n04262.e01,Fonseca1798.n04262.sg01,4,,"partido, facção.",
habeo,lilaLemma:105044,Saraiva,Saraiva1910.xHabeo,Saraiva1910.xHabeo.sg01,9,,"pass. dizer-se, contar-se, referir-se;",
gero,lilaLemma:104536,Faria,Faria1994.n13657.e01,Faria1994.n13657.sg01,7,II-Por extensão:,Passar,o tempo Suet. Dem. I.
habeo,lilaLemma:105044,Faria,Faria1994.n14003.e01,Faria1994.n14003.sg01,7,II-Sent. figurado:,Passar,"o tempo Sal. C. Cat. 51, 12."
uenio,lilaLemma:129790,Saraiva,Saraiva1910.xVenio,Saraiva1910.xVenio.sg01,13,,passar a formula de transição;,
uiuo,lilaLemma:130476,Faria,Faria1994.n34074.e01,Faria1994.n34074.sg01,2,II-Daí,"Passar a vida, morar, residir",Cíc. Amer. 39.
uiuo,lilaLemma:130476,Fonseca,Fonseca1798.n31945.e01,Fonseca1798.n31945.sg01,2,,passar a vida.,
eo,lilaLemma:101183,Faria,Faria1994.n11132.e01,Faria1994.n11132.sg01,4,II-Sent. figurado:,"Passar de um estado a outro, correr de, espalhar-se","Hor. O. 2, 14,5."
habeo,lilaLemma:105044,Saraiva,Saraiva1910.xHabeo,Saraiva1910.xHabeo.sg01,11,,passar o tempo;,
ago,lilaLemma:88140,Saraiva,Saraiva1910.xAgo,Saraiva1910.xAgo.sg01,7,,"passar, viver;",
locus,lilaLemma:110019,Faria,Faria1994.n18255.e01,Faria1994.n18255.sg01,2,II-Sents. técnicos,Passo,de um livro ou discurso Cíc. Verr. 4. 68.
domus,lilaLemma:100071,Faria,Faria1994.n10345.e01,Faria1994.n10345.sg01,2,I-Daí,Pátria,"Cés. B. Gal. 1, 31, 14."
miles,lilaLemma:112318,Faria,Faria1994.n19485.e01,Faria1994.n19485.sg01,5,III-Sent. figurado:,Peão,"no jogo de xadrez Ov. Trist. 2, 477."
hostis,lilaLemma:105757,Faria,Faria1994.n14646.e01,Faria1994.n14646.sg01,4,III-Sents. diversos:,Peão do adversário,"peça de uma espécie de jogo de xadrez Ov. A. Am. 2, 208."
audio,lilaLemma:90641,Faria,Faria1994.n29542.e01,Faria1994.n29542.sg01,1,,"Peço-te, se te apraz, por favor","Cíc. At. 7, 3, 11."
peto,lilaLemma:117549,Cardoso,Cardoso1570.n17623.e01,Cardoso1570.n17623.sg01,1,,pedir,
peto,lilaLemma:117549,Velez,Velez1744.n2568.e01,Velez1744.n2568.sg01,1,,"pedir humildemente, e com rogos","aliquid ab, vel ex aliquo, sed saepe omittitur, accus. subsequente Ut. Habet & accus. cum abl. instrumenti, pro cujus diversitate diversa significat"
uolo,lilaLemma:130745,Saraiva,Saraiva1910.xVolo,Saraiva1910.xVolo.sg01,6,,"pedir, requerer, exigir.",
peto,lilaLemma:117549,Faria,Faria1994.n23702.e01,Faria1994.n23702.sg01,3,II-Sent. figurado:,"Pedir, solicitar, declamar","Cíc. Tusc. 5, 5; Cíc. At. 1, 16, 7; Cíc. Fam. 5, 15, 4."
peto,lilaLemma:117549,Fonseca,Fonseca1798.n22343.e01,Fonseca1798.n22343.sg01,1,Cic.,pedir.,
primum,lilaIpoLemma:35374,Faria,Faria1994.n25425.e01,Faria1994.n25425.sg01,2,,Pela primeira vez,Cíc. Clu. 8.
qua,lilaIpoLemma:110471,Faria,Faria1994.n26358.e01,Faria1994.n26358.sg01,3,I-Sent. próprio,Pelo meio que,"Verg. En. 11, 293."
at,lilaLemma:87415,Faria,Faria1994.n03256.e01,Faria1994.n03256.sg01,2,,"Pelo menos, ao menos:",
pro,lilaLemma:118468,Faria,Faria1994.n25463.e01,Faria1994.n25463.sg01,6,II-Daí,"Pelo preço de, por:",
qua,lilaIpoLemma:110471,Faria,Faria1994.n26666.e01,Faria1994.n26666.sg01,1,,"Pelo que, é por isso que, porque","Cíc. Lae. 86; Cíc. Fin. 3, 4."
qua,lilaIpoLemma:110471,Fonseca,Fonseca1798.n25116.e01,Fonseca1798.n25116.sg01,4,Nep.,"pelo que, por cuja causa.",
qua2,lilaIpoLemma:110467,Faria,Faria1994.n26550.e01,Faria1994.n26550.sg01,2,I-Adv. interr.:,Pelo quê? por quê? graças a quê?,Cíc. Ac. 2. 48.
locus,lilaLemma:110019,Velez,Velez1744.n1998.e01,Velez1744.n1998.sg01,2,"in pl. loca, & interdum loci, orum:","pelos lugares, donde se tiraõ os argumentos",
grauis,lilaLemma:104903,Faria,Faria1994.n13918.e01,Faria1994.n13918.sg01,10,II-Em particular:,"Penoso, custoso, insuportável, triste, funesto, pernicioso, doentio",cic. C. m. 4.
credo,lilaLemma:96881,Faria,Faria1994.n08087.e01,Faria1994.n08087.sg01,4,II-Sent. figurado:,"Pensar, julgar, supor","Cíc. Cat. 1, 5."
paruus,lilaLemma:116136,Faria,Faria1994.n22415.e01,Faria1994.n22415.sg01,1,I-Sent. próprio,Pequeno,"Cíc. Leg. 1, 17."
paruus,lilaLemma:116136,Fonseca,Fonseca1798.n21052.e01,Fonseca1798.n21052.sg01,1,,pequeno.,
per,lilaLemma:116569,Velez,Velez1744.n2523.e01,Velez1744.n2523.sg01,1,,"per, ou por",
qua,lilaIpoLemma:110471,Cardoso,Cardoso1570.n19979.e01,Cardoso1570.n19979.sg01,1,,pera onde,
hinc,lilaLemma:105454,Cardoso,Cardoso1570.n09380.e01,Cardoso1570.n09380.sg01,1,,pera qua,
ut,lilaLemma:130906,Cardoso,Cardoso1570.n26781.e01,Cardoso1570.n26781.sg01,1,,pera que,
uideo,lilaLemma:130163,Faria,Faria1994.n33827.e01,Faria1994.n33827.sg01,3,II-Por extensão:,Perceber,"Cíc. At. 2, 2, 2; Cíc. Br. 1; Cíc. De Or. 1, 116."
uideo,lilaLemma:130163,Saraiva,Saraiva1910.xVideo,Saraiva1910.xVideo.sg01,3,,"perceber por um sentido qualquer, reconhecer, certificar-se;",
audio,lilaLemma:90641,Fonseca,Fonseca1798.n02826.e01,Fonseca1798.n02826.sg01,3,Ter.,perceber.,
quaero,lilaLemma:121047,Velez,Velez1744.n2845.e01,Velez1744.n2845.sg01,2,,perguntar,"aliquid ab, vel ex alio;"
periculum,lilaLemma:116930,Fonseca,Fonseca1798.n21766.e01,Fonseca1798.n21766.sg01,1,Cic.,"perigo, risco.",
fero,lilaLemma:103126,Saraiva,Saraiva1910.xFero,Saraiva1910.xFero.sg01,7,,"permittir, admittir, comportar, supportar;",
ago,lilaLemma:88140,Saraiva,Saraiva1910.xAgo,Saraiva1910.xAgo.sg01,2,,"perseguir, expulsar, lançar fóra;",
sequor,lilaLemma:124461,Faria,Faria1994.n29068.e01,Faria1994.n29068.sg01,3,II-Sent. figurado:,"Perseguir, ir no encalço de, ir buscar",Cés. B. Gal. 1. 22. 5.
uir,lilaLemma:130300,Faria,Faria1994.n33945.e01,Faria1994.n33945.sg01,8,II-Daí:,"Personagem, varão, homem ilustre",Cíc. C. M. 77.
ad,lilaLemma:87344,Faria,Faria1994.n00519.e01,Faria1994.n00519.sg01,4,I-Indica a proximidade em seus vários aspectos:,"perto de, junto de, em casa de, diante de, na frente de, do lado de",sem idéia de movimento:
apud,lilaLemma:89686,Velez,Velez1744.n0347.e01,Velez1744.n0347.sg01,1,,"perto, junto, ante, em, entre, etc",
grauis,lilaLemma:104903,Faria,Faria1994.n13918.e01,Faria1994.n13918.sg01,2,II-Sent. figurado,Pesado,Cíc. C. M. 4.
grauis,lilaLemma:104903,Faria,Faria1994.n13918.e01,Faria1994.n13918.sg01,1,I-Sent. próprio,"Pesado, grave, prenhe","Cés. B. Gal. 5, 8, 3."
uita,lilaLemma:130393,Faria,Faria1994.n34014.e01,Faria1994.n34014.sg01,4,II-Sent figurado,"Pessoa querida, objeto querido","Cíc. Fam. 14, 2, 3."
corpus,lilaLemma:96667,Faria,Faria1994.n07899.e01,Faria1994.n07899.sg01,6,II-Sent. figurado:,"Pessoa, indivíduo:",
grauis,lilaLemma:104903,Fonseca,Fonseca1798.n13041.e01,Fonseca1798.n13041.sg01,1,Cic.,pezado.,
pono,lilaLemma:118414,Velez,Velez1744.n2637.e01,Velez1744.n2637.sg01,2,"apud Poetas etiam pro pingere, vel sculpere","pintar, esculpir;",cum accus.
scribo,lilaLemma:123840,Fonseca,Fonseca1798.n27054.e01,Fonseca1798.n27054.sg01,3,Plin.,pintar.,
consilium,lilaLemma:96060,Faria,Faria1994.n07368.e01,Faria1994.n07368.sg01,4,I-Com ideia de relevo:,"Plano amadurecido, senso",Cíc. Mur. 27.
pono,lilaLemma:118414,Fonseca,Fonseca1798.n22976.e01,Fonseca1798.n22976.sg01,5,Virg.,plantar.,
populus,lilaLemma:118463,Faria,Faria1994.n24590.e01,Faria1994.n24590.sg01,5,II-Sent. particular,"Plebe, populaça",= plebs Marc. 8. 15. 3 sent. raro
puto,lilaLemma:120610,Fonseca,Fonseca1798.n24761.e01,Fonseca1798.n24761.sg01,1,Virg.,podar a vinha.,
puto,lilaLemma:120610,Cardoso,Cardoso1570.n19655.e01,Cardoso1570.n19655.sg01,1,,podar as vides. ou aruores,
puto,lilaLemma:120610,Velez,Velez1744.n2832.e01,Velez1744.n2832.sg01,1,,"podar vides, ou arvores;",
sum,lilaLemma:126689,Saraiva,Saraiva1910.xSum,Saraiva1910.xSum.sg01,4,"Est ut, ou com infin.",póde sêr que;,
possum,lilaLemma:118569,Cardoso,Cardoso1570.n18346.e01,Cardoso1570.n18346.sg01,1,,poder,
imperium,lilaLemma:106532,Faria,Faria1994.n15225.e01,Faria1994.n15225.sg01,1,I-Sent. próprio,Poder soberano,como o do pai sobre os filhos. e do senhor sobre os escravos;
imperium,lilaLemma:106532,Faria,Faria1994.n15225.e01,Faria1994.n15225.sg01,3,"I-Donde, na língua oficial:","Poder Supremo atribuído a certos magistrados, magistratura",T. Lív. 26. 2. 9.
uis,lilaLemma:130360,Faria,Faria1994.n33993.e01,Faria1994.n33993.sg01,8,IV-Sent figurado:,"Poder, influência, autoridade",Cíc. Br. 39.
uis,lilaLemma:130360,Velez,Velez1744.n3580.e01,Velez1744.n3580.sg01,1,,"poder, multidaõ, copia",
possum,lilaLemma:118569,Velez,Velez1744.n2653.e01,Velez1744.n2653.sg01,1,,"poder, ou ter poder;",
possum,lilaLemma:118569,Faria,Faria1994.n24668.e01,Faria1994.n24668.sg01,1,I-Sent. próprio,"Poder, ser capaz de","Cíc. Fam. 5; 14, 2; Cíc. Fam. 6, 13, 1."
possum,lilaLemma:118569,Saraiva,Saraiva1910.xPossum,Saraiva1910.xPossum.sg01,1,,"poder, ter o poder de, sêr capaz de.",
possum,lilaLemma:118569,Saraiva,Saraiva1910.xPossum,Saraiva1910.xPossum.sg01,3,Ter. Cic.,"poder, ter poder, ascendencia, superioridade, influencia, credito.",
habeo,lilaLemma:105044,Saraiva,Saraiva1910.xHabeo,Saraiva1910.xHabeo.sg01,8,,poder;,
manus,lilaLemma:111585,Fonseca,Fonseca1798.n17865.e01,Fonseca1798.n17865.sg01,2,,poder.,
do,lilaLemma:99970,Faria,Faria1994.n10264.e01,Faria1994.n10264.sg01,8,II-Empregos diversos:,"Poético: dizer-se, contar-se","Ov. F. 6, 434."
audio,lilaLemma:90641,Faria,Faria1994.n03455.e01,Faria1994.n03455.sg01,9,II-Sent. figurado:,"Poético: ser chamado, nomeado","Hor. Ep. 1, 7, 38."
igitur,lilaLemma:106127,Faria,Faria1994.n14872.e01,Faria1994.n14872.sg01,3,,Pois,interrogativo conclusivo Cíc. Tusc. 1. 70.
etiam,lilaLemma:101554,Faria,Faria1994.n11430.e01,Faria1994.n11430.sg01,4,E nas confirmações,"Pois ainda, sim, certamente","Cíc. Ac. 2, 104."
si,lilaLemma:124676,Faria,Faria1994.n29237.e01,Faria1994.n29237.sg01,2,I-Sent. condicional,"Pois que, já que, visto que",Cíc. Br. 4.
itaque,lilaLemma:109129,Faria,Faria1994.n17084.e01,Faria1994.n17084.sg01,1,,"Pois, assim pois, por consequência","Cés. B. Gal. 1,9.4."
nam,lilaLemma:113344,Faria,Faria1994.n20149.e01,Faria1994.n20149.sg01,7,II-Conj.:,"Pois, com efeito","Cíc. De Or. 3, 192."
nam,lilaLemma:113344,Faria,Faria1994.n20149.e01,Faria1994.n20149.sg01,2,I-Partic. afirmativa:,"Pois, porque",Cíc. Nat. 3. 13.
nam,lilaLemma:113344,Faria,Faria1994.n20149.e01,Faria1994.n20149.sg01,5,II-Conj.:,"Pois, porque, por isso que","Cés. B. Gal. 1, 12, 4."
igitur,lilaLemma:106127,Faria,Faria1994.n14872.e01,Faria1994.n14872.sg01,2,,Pois. por conseguinte,Cíc. Tusc. I. 71.
per,lilaLemma:116569,Cardoso,Cardoso1570.n17209.e01,Cardoso1570.n17209.sg01,1,,por,
pro,lilaLemma:118468,Cardoso,Cardoso1570.n18876.e01,Cardoso1570.n18876.sg01,1,,por,
pono,lilaLemma:118414,Cardoso,Cardoso1570.n18242.e01,Cardoso1570.n18242.sg01,1,,pôr,actiuum.
non,lilaLemma:114108,Faria,Faria1994.n20637.e01,Faria1994.n20637.sg01,5,,Por acaso não,"quando a interrogação está no tom da frase, equivalendo nonne:"
qui,lilaLemma:121354,Faria,Faria1994.n26671.e01,Faria1994.n26671.sg01,2,donde:,"por causa de que, por que, em que",Plaut. Ep. 456; Plaut. Poen. 547.
nomen,lilaLemma:113797,Faria,Faria1994.n20624.e01,Faria1994.n20624.sg01,7,III-No abl.:,"Por causa de, em nome de:",
causa,lilaLemma:93253,Faria,Faria1994.n05245.e01,Faria1994.n05245.sg01,1,,"Por causa de, em vista de:",
per,lilaLemma:116569,Faria,Faria1994.n22800.e01,Faria1994.n22800.sg01,7,Sents. diversos:,"Por causa de, por amor de, por:",
pro,lilaLemma:118468,Faria,Faria1994.n25463.e01,Faria1994.n25463.sg01,3,II-Daí,Por causa de:,
per,lilaLemma:116569,Faria,Faria1994.n22800.e01,Faria1994.n22800.sg01,2,Sent. local:,Por cima de:,
pono,lilaLemma:118414,Faria,Faria1994.n24532.e01,Faria1994.n24532.sg01,1,I-Sent. próprio,"Pôr de lado, depor, afastar","Cés. B. Gal. 4, 37, 1; Cíc. Tusc. 5. 60; Cíc. Tusc. 3, 66."
pro,lilaLemma:118468,Fonseca,Fonseca1798.n23888.e01,Fonseca1798.n23888.sg01,1,Cic.,"por diante, por causa, em consideração, em lugar, por, em, como, segundo, conforme, em vez de, no tempo, sobre, a favor.",
dico,lilaLemma:99302,Faria,Faria1994.n09678.e01,Faria1994.n09678.sg01,7,II-Outros sentidos,"Por enfraquecimento de sentido: falar, dizer",Cíc. Or. 153; Cíc. Cael. 28.
uel,lilaLemma:129695,Faria,Faria1994.n33384.e01,Faria1994.n33384.sg01,4,,Por exemplo,"Cíc. Fam. 2, 13, 1."
puto,lilaLemma:120610,Faria,Faria1994.n26261.e01,Faria1994.n26261.sg01,1,,"Por exemplo, como suposição",Hor. Sát. 2. 5. 32.
an,lilaLemma:88828,Faria,Faria1994.n02014.e01,Faria1994.n02014.sg01,2,"I-Na interrogativa direta simples:-É frequente o seu emprego em fórmulas de civilidade como: amabo. obsecro. quaeso; dic:,etc.:","por favor, acaso, peço, porventura? dize, acaso?",Cíc. Quinct. 81.
qua,lilaIpoLemma:110471,Faria,Faria1994.n26666.e01,Faria1994.n26666.sg01,2,"Correlativo de eo, hoc:","por isso, pelo fato de que, para que","final Hor. Sát. 2, 1, 37; Cíc. Quinct. 5; Cíc. Fin. 3, 43;"
per,lilaLemma:116569,Faria,Faria1994.n22800.e01,Faria1994.n22800.sg01,6,Sents. diversos:,"Por meio de, com o auxílio de, por intermédio de:",
nihil,lilaLemma:114071,Faria,Faria1994.n20513.e01,Faria1994.n20513.sg01,11,III-Adv.:,"Por motivo algum, por nada, em nada absolutamente",Cés. B. Gal. 2. 20. 4.
habeo,lilaLemma:105044,Saraiva,Saraiva1910.xHabeo,Saraiva1910.xHabeo.sg01,7,seguido d’um adj.,"pôr n’este ou naquelle estado, tornar, reduzir a;",
do,lilaLemma:99970,Faria,Faria1994.n10264.e01,Faria1994.n10264.sg01,4,II-Empregos diversos:,"Por neste ou naquele lugar, lançar, arremessar","sent. concreto e abstrato Plaut. Capt. 797; Cíc. Ae. 1, 7; T. Lív. 27, 22, 11."
qua,lilaIpoLemma:110471,Cardoso,Cardoso1570.n19679.e01,Cardoso1570.n19679.sg01,1,,por õde,
qua,lilaIpoLemma:110471,Velez,Velez1744.n2838.e01,Velez1744.n2838.sg01,1,,por onde,
qua,lilaIpoLemma:110471,Faria,Faria1994.n26358.e01,Faria1994.n26358.sg01,1,I-Sent. próprio,"Por onde, pelo lugar em que","Cíc. Verr. 5, 66."
autem,lilaLemma:90828,Faria,Faria1994.n03589.e01,Faria1994.n03589.sg01,1,,"Por outro lado, ora, no entanto","Ces. B. Gal. 1, 37, 3; Cíc. Phil. 1, 29."
at,lilaLemma:87415,Faria,Faria1994.n03256.e01,Faria1994.n03256.sg01,1,,"Por outro lado, por outra parte, mas, mas por outro lado, mas ao contrário",Cíc. Planc. 11.
qua,lilaIpoLemma:110471,Faria,Faria1994.n26358.e01,Faria1994.n26358.sg01,6,III-Indefinido:,Por qualquer meio,"Cíc. Verr. 4, 29."
qua,lilaIpoLemma:110471,Fonseca,Fonseca1798.n24959.e01,Fonseca1798.n24959.sg01,1,* Cic.,por qualquer parte.,
qua,lilaIpoLemma:110471,Fonseca,Fonseca1798.n24819.e01,Fonseca1798.n24819.sg01,1,"sc. ratione, via, regione, parte Cic.",por que parte? de que modo? de que sorte? pela parte que.,
ipse,lilaLemma:108945,Faria,Faria1994.n16942.e01,Faria1994.n16942.sg01,3,,"Por si mesmo, espontaneamente",Cíc. Div. J. 74.
ipse,lilaLemma:108945,Faria,Faria1994.n16942.e01,Faria1994.n16942.sg01,4,,Por si só,Cíc. Br. 289.
igitur,lilaLemma:106127,Velez,Velez1744.n1582.e01,Velez1744.n1582.sg01,1,,por tanto,
itaque,lilaLemma:109129,Fonseca,Fonseca1798.n16313.e01,Fonseca1798.n16313.sg01,1,Cic.,"por tanto, assim que, finalmente.",
ergo,lilaLemma:101415,Velez,Velez1744.n1198.e01,Velez1744.n1198.sg01,1,,"por tanto, ou logo",
sic,lilaLemma:124690,Fonseca,Fonseca1798.n27711.e01,Fonseca1798.n27711.sg01,3,Cic.,por tanto.,
ergo,lilaLemma:101415,Cardoso,Cardoso1570.n06896.e01,Cardoso1570.n06896.sg01,1,,por tanto. ou asi que,
an,lilaLemma:88828,Cardoso,Cardoso1570.n01334.e01,Cardoso1570.n01334.sg01,1,,por ventura,
an,lilaLemma:88828,Velez,Velez1744.n0285.e01,Velez1744.n0285.sg01,1,,por ventura,
an,lilaLemma:88828,Fonseca,Fonseca1798.n01626.e01,Fonseca1798.n01626.sg01,1,Cic.,por ventura.,
uel,lilaLemma:129695,Fonseca,Fonseca1798.n31278.e01,Fonseca1798.n31278.sg01,4,Quinct.,por ventura.,
si,lilaLemma:124676,Fonseca,Fonseca1798.n27705.e01,Fonseca1798.n27705.sg01,5,Ter.,por ventura.,
in,lilaLemma:106748,Faria,Faria1994.n15371.e01,Faria1994.n15371.sg01,9,I-Com acus. indicando resultado de um movimento. Sent. próprio e figurado:-Sents. diversos:,"Por, a favor de ou contra:",
pro,lilaLemma:118468,Faria,Faria1994.n25463.e01,Faria1994.n25463.sg01,2,II-Daí,"Por, a favor de, no interesse de",em oposição a contra:
pono,lilaLemma:118414,Fonseca,Fonseca1798.n22976.e01,Fonseca1798.n22976.sg01,1,Cic.,"pôr, collocar, situar, & c.",
facio,lilaLemma:102758,Faria,Faria1994.n12363.e01,Faria1994.n12363.sg01,1,I-Sent. próprio,"Pôr, colocar, e daí: fazer, executar","Cés. B. Gal. I, 13, 1; Cíc. Pis. 70; Cés. B. Gal. 2, 3, 3."
pono,lilaLemma:118414,Faria,Faria1994.n24532.e01,Faria1994.n24532.sg01,2,I-Daí,"Pôr, colocar, pousar, pôr na mesa, servir","Ov. Met. 8, 452; Cés. B. Civ. 3, 108, 6: Cat. Agr. 79, 81; Cíc. Verr. 3, 165."
pono,lilaLemma:118414,Velez,Velez1744.n2637.e01,Velez1744.n2637.sg01,1,,"pôr, ou collocar","ferè habet accus. & abl. cum In, interdum accus. & dat."
pro,lilaLemma:118468,Velez,Velez1744.n2748.e01,Velez1744.n2748.sg01,1,,"por, ou em lugar",
per,lilaLemma:116569,Faria,Faria1994.n22800.e01,Faria1994.n22800.sg01,4,Sent. local:,"Por, para, de",ideia de distribuição e sucessão:
qui,lilaLemma:121354,Faria,Faria1994.n26671.e01,Faria1994.n26671.sg01,5,,"Por, pelo fato de","Cíc. A t. 3, 3, 1."
per,lilaLemma:116569,Fonseca,Fonseca1798.n21402.e01,Fonseca1798.n21402.sg01,1,Cic.,"por, por amor, por causa, por entre, pelo meio, em.",
sed,lilaLemma:123994,Cardoso,Cardoso1570.n21895.e01,Cardoso1570.n21895.sg01,1,,porem,
uero,lilaIpoLemma:111474,Cardoso,Cardoso1570.n25911.e01,Cardoso1570.n25911.sg01,1,,porem,
nunc,lilaLemma:113990,Fonseca,Fonseca1798.n19555.e01,Fonseca1798.n19555.sg01,2,,"porém, mas.",
enim,lilaLemma:101119,Fonseca,Fonseca1798.n10168.e01,Fonseca1798.n10168.sg01,2,Caes.,porém.,
enim,lilaLemma:101119,Cardoso,Cardoso1570.n06787.e01,Cardoso1570.n06787.sg01,1,,porque,
nam,lilaLemma:113344,Cardoso,Cardoso1570.n14602.e01,Cardoso1570.n14602.sg01,1,,porque,
quia,lilaLemma:121166,Cardoso,Cardoso1570.n19873.e01,Cardoso1570.n19873.sg01,1,,porque,
quia,lilaLemma:121166,Velez,Velez1744.n2873.e01,Velez1744.n2873.sg01,1,,porque,
quod,lilaLemma:74854,Velez,Velez1744.n2894.e20,Velez1744.n2894.sg20,1,,porque,
qui,lilaLemma:121354,Faria,Faria1994.n26671.e01,Faria1994.n26671.sg01,4,,Porque,"muitas vezes em correlação com ec, ideo, idcirco, propterea: v. estas palavras Cíc. Verr. 3, 65."
nam,lilaLemma:113344,Velez,Velez1744.n2190.e01,Velez1744.n2190.sg01,1,,"porque, certamente, mas",
ut,lilaLemma:130906,Faria,Faria1994.n33117.e11,Faria1994.n33117.sg11,7,,"Porque, como",causal:
enim,lilaLemma:101119,Velez,Velez1744.n1179.e01,Velez1744.n1179.sg01,1,,"porque, ou certamente",Conjunct. pospositiva; conjuncta cum Verò praeponitur
qua,lilaIpoLemma:110471,Fonseca,Fonseca1798.n25116.e01,Fonseca1798.n25116.sg01,3,,"porque, para que.",
quod,lilaLemma:74854,Fonseca,Fonseca1798.n25121.e01,Fonseca1798.n25121.sg01,1,Cic.,"porque, que, para que, por quanto, mais quanto.",
enim,lilaLemma:101119,Fonseca,Fonseca1798.n10168.e01,Fonseca1798.n10168.sg01,1,Cic.,porque.,
nam,lilaLemma:113344,Fonseca,Fonseca1798.n19008.e01,Fonseca1798.n19008.sg01,1,Cic.,porque.,
quia,lilaLemma:121166,Fonseca,Fonseca1798.n25021.e01,Fonseca1798.n25021.sg01,1,Cic.,porque.,
si,lilaLemma:124676,Fonseca,Fonseca1798.n27705.e01,Fonseca1798.n27705.sg01,3,Cic.,porque.,
ut2,lilaLemma:130905,Fonseca,Fonseca1798.n32299.e01,Fonseca1798.n32299.sg01,4,,porque.,
quia,lilaLemma:121166,Faria,Faria1994.n26551.e01,Faria1994.n26551.sg01,1,,Porque.,
ergo,lilaLemma:101415,Faria,Faria1994.n11288.e01,Faria1994.n11288.sg01,1,,"Portanto, por conseguinte, pois logo","Cíc. Fin. 2, 97."
iste,lilaLemma:109122,Faria,Faria1994.n17059.e01,Faria1994.n17059.sg01,1,,Porventura esse? porventura essa?,Plaut. PS. 81.
causa,lilaLemma:93253,Faria,Faria1994.n05244.e01,Faria1994.n05244.sg01,6,III-Sents. diversos:,"Posição, situação, caso","Cíc. Phil. 2, 59."
teneo,lilaLemma:127822,Faria,Faria1994.n31462.e01,Faria1994.n31462.sg01,2,A-Tr.-Daí:,"Possuir, ocupar, ser senhor de, ganhar, obter, conseguir","Cíc. Br. 137; Cés. B. Gal. 3, 22, 1; Verg. Buc. 1, 31; Cíc. Tusc. 1, 97."
habeo,lilaLemma:105044,Faria,Faria1994.n14003.e01,Faria1994.n14003.sg01,2,I-Daí:,"Possuir, ocupar, tomar posse de, guardar","Verg. Fn. 2, 290; S~1. B. Jug. 2, 3; Cíc. Verr. 5, 104; Cíc. Verr. 2, 47."
iudicium,lilaLemma:109170,Fonseca,Fonseca1798.n16343.e01,Fonseca1798.n16343.sg01,2,,potencia judicativa.,
parum,lilaLemma:116130,Velez,Velez1744.n2482.e01,Velez1744.n2482.sg01,1,,pouco,
parum,lilaLemma:116130,Faria,Faria1994.n22407.e01,Faria1994.n22407.sg01,1,,Pouco,
paruus,lilaLemma:116136,Faria,Faria1994.n22415.e01,Faria1994.n22415.sg01,3,II-Sent. particular,"Pouco abundante, em pequeno número","Cíc. Of. 3, 114."
modo,lilaLemma:113289,Faria,Faria1994.n19698.e01,Faria1994.n19698.sg01,7,Sent. temporal:,Pouco depois,"T. Lív. 26, 15, 3."
parum,lilaLemma:116130,Cardoso,Cardoso1570.n16849.e01,Cardoso1570.n16849.sg01,1,,pouco em cãtidade,
paruus,lilaLemma:116136,Faria,Faria1994.n22415.e01,Faria1994.n22415.sg01,4,II-Sent. particular,Pouco importante,com ideia de valor Cíc. Caec. 26.
parum,lilaLemma:116130,Fonseca,Fonseca1798.n21046.e01,Fonseca1798.n21046.sg01,1,Cic.,"pouco, hum pouco.",
paruus,lilaLemma:116136,Fonseca,Fonseca1798.n21052.e01,Fonseca1798.n21052.sg01,4,Plin.,pouco.,
populus,lilaLemma:118463,Faria,Faria1994.n24590.e01,Faria1994.n24590.sg01,1,I-Sent. próprio,Povo,conjunto dos cidadãos Cíc. Phil. 6. 12.
ciuitas,lilaLemma:94400,Fonseca,Fonseca1798.n05046.e01,Fonseca1798.n05046.sg01,2,,"povo, gente de huma Cidade.",
populus,lilaLemma:118463,Fonseca,Fonseca1798.n23024.e01,Fonseca1798.n23024.sg01,1,Cic.,povo.,
facio,lilaLemma:102758,Saraiva,Saraiva1910.xFacio,Saraiva1910.xFacio.sg01,4,,"practicar, exercer;",
imperium,lilaLemma:106532,Fonseca,Fonseca1798.n14239.e01,Fonseca1798.n14239.sg01,1,Cic.,"preceito, mandado, ordem.",
uolo,lilaLemma:130745,Saraiva,Saraiva1910.xVolo,Saraiva1910.xVolo.sg01,4,,"preparar, meditar.",
ago,lilaLemma:88140,Saraiva,Saraiva1910.xAgo,Saraiva1910.xAgo.sg01,6,,"prepôr, dispôr;",
pono,lilaLemma:118414,Fonseca,Fonseca1798.n22976.e01,Fonseca1798.n22976.sg01,7,Flor.,"presentar, pôr diante na meza.",
peto,lilaLemma:117549,Faria,Faria1994.n23702.e01,Faria1994.n23702.sg01,4,II-Na língua política:,"Pretender um mandato, ser candidato","Cíc. Phil. 2, 76."
fero,lilaLemma:103126,Saraiva,Saraiva1910.xFero,Saraiva1910.xFero.sg01,9,,pretender;,
nomen,lilaLemma:113797,Fonseca,Fonseca1798.n19378.e01,Fonseca1798.n19378.sg01,3,,"pretexto, causa, razão, motivo.",
uideo,lilaLemma:130163,Saraiva,Saraiva1910.xVideo,Saraiva1910.xVideo.sg01,5,,prever;,
primum,lilaIpoLemma:35374,Cardoso,Cardoso1570.n18820.e01,Cardoso1570.n18820.sg01,1,,primeiramente,
primum,lilaIpoLemma:35374,Faria,Faria1994.n25425.e01,Faria1994.n25425.sg01,1,,"Primeiramente, em primeiro lugar","Cíc. Verr. 2, 143."
primum,lilaIpoLemma:35374,Velez,Velez1744.n2743.e01,Velez1744.n2743.sg01,1,,"primeiramente, ou em primeiro lugar",
primum,lilaIpoLemma:35374,Fonseca,Fonseca1798.n23858.e01,Fonseca1798.n23858.sg01,1,Cic.,primeiramente.,
primus,lilaLemma:119498,Fonseca,Fonseca1798.n23859.e01,Fonseca1798.n23859.sg01,1,Cic.,"primeiro, principal.",
uel,lilaLemma:129695,Velez,Velez1744.n3526.e01,Velez1744.n3526.sg01,3,item pro Maximè,principalmente,
rex,lilaLemma:122013,Faria,Faria1994.n27678.e01,Faria1994.n27678.sg01,6,II-Sent. particular,"Príncipe, filho de rei",Cíc. Verr. 4. 61.
animus,lilaLemma:89094,Faria,Faria1994.n02174.e01,Faria1994.n02174.sg01,1,,"Princípio pensante em oposição a corpus e anima, espírito, alma","Cíc. Tusc. 1, 80."
ago,lilaLemma:88140,Faria,Faria1994.n01300.e01,Faria1994.n01300.sg01,13,II-Na língua do teatro:,Proceder bem ou mal para com alguém,intr. Cíc. Quinct. 84.
gero,lilaLemma:104536,Faria,Faria1994.n13657.e01,Faria1994.n13657.sg01,6,II-Por extensão:,"Proceder como, fazer de",Plín. Paneg. 44.
ago,lilaLemma:88140,Saraiva,Saraiva1910.xAgo,Saraiva1910.xAgo.sg01,10,,"proceder para com, tractar bem ou mal;",
uita,lilaLemma:130393,Fonseca,Fonseca1798.n31872.e01,Fonseca1798.n31872.sg01,5,Ter.,"procedimento, costumes.",
periculum,lilaLemma:116930,Fonseca,Fonseca1798.n21766.e01,Fonseca1798.n21766.sg01,3,,"processo, autos, sentença de condemnação.",
periculum,lilaLemma:116930,Faria,Faria1994.n23118.e01,Faria1994.n23118.sg01,3,II-Na língua jurídica:,"Processo, causa, ação, julgamento, sentença",Cíc. Pomp. 2.
consul,lilaLemma:96181,Faria,Faria1994.n07474.e01,Faria1994.n07474.sg01,2,,Procônsul,"T. Lív. 26, 33, 4."
quaero,lilaLemma:121047,Faria,Faria1994.n26424.e01,Faria1994.n26424.sg01,4,II-Sent. figurado:,"Procurar encontrar, procurar em vão","Cíc. Verr. 3, 47."
quaero,lilaLemma:121047,Faria,Faria1994.n26424.e01,Faria1994.n26424.sg01,3,II-Sent. figurado:,"Procurar obter, obter, adquirir","Cíc. Clu. 29; Sal. B. Jug. 87, 2."
quaero,lilaLemma:121047,Faria,Faria1994.n26424.e01,Faria1994.n26424.sg01,1,I-Sent. próprio,"Procurar, buscar, fazer uma busca ou investigação","Cíc. Nat. 2, 123; Cés. B. Gal. 2, 21, 6; Cíc. Leg. 1, 40."
peto,lilaLemma:117549,Fonseca,Fonseca1798.n22343.e01,Fonseca1798.n22343.sg01,6,Hor.,"procurar, buscar.",
annus,lilaLemma:89129,Faria,Faria1994.n02220.e01,Faria1994.n02220.sg01,2,"II-Daí, na língua rústica","Produção de um ano, colheita:",
fio,lilaLemma:103328,Faria,Faria1994.n12777.e01,Faria1994.n12777.sg01,2,Daí,"Produzir-se, nascer, acontecer, existir","Cíc. Div. I, 101; Lucr. I, 98\; Cíc. Q. Fr. I, 1,38."
facio,lilaLemma:102758,Faria,Faria1994.n12363.e01,Faria1994.n12363.sg01,2,I-Sent. próprio,"Produzir, causar, provocar, excitar",Cíc. Flac. 83.
do,lilaLemma:99970,Saraiva,Saraiva1910.xDo,Saraiva1910.xDo.sg01,7,,"produzir, crear;",
gero,lilaLemma:104536,Faria,Faria1994.n13657.e01,Faria1994.n13657.sg01,4,II-Por extensão:,"Produzir, criar","Verg. G. 2, 70."
fero,lilaLemma:103126,Fonseca,Fonseca1798.n11688.e01,Fonseca1798.n11688.sg01,2,,"produzir, gerar, occasionar.",
consilium,lilaLemma:96060,Faria,Faria1994.n07368.e01,Faria1994.n07368.sg01,3,"I-Daí, em sent. abstrato","Projeto, plano, desígnio","Cíc. At. 5, 11, 6; Cés. B. Gal. 1, 12, 6."
multus,lilaLemma:112998,Faria,Faria1994.n19957.e01,Faria1994.n19957.sg01,8,III-Sents. diversos:,"Prolixo, abundante em palavras","Cíc. Of. 2, 56."
fero,lilaLemma:103126,Saraiva,Saraiva1910.xFero,Saraiva1910.xFero.sg01,2,,prolongar;,
fides,lilaLemma:103260,Fonseca,Fonseca1798.n11800.e01,Fonseca1798.n11800.sg01,5,,promessa.,
do,lilaLemma:99970,Saraiva,Saraiva1910.xDo,Saraiva1910.xDo.sg01,10,,"pronunciar um julgamento, dar uma sentença;",
dico,lilaLemma:99302,Saraiva,Saraiva1910.xDico,Saraiva1910.xDico.sg01,5,,pronunciar;,
fero,lilaLemma:103126,Faria,Faria1994.n12632.e01,Faria1994.n12632.sg01,4,II-Sent. figurado:,"Propor uma lei, dar uma opinião, levar uma notícia ou fato, contar, expor","Cíc. Of. ’2, 73: Cíc. Clu. 140: Cíc. Phil. 2. 110."
pono,lilaLemma:118414,Faria,Faria1994.n24532.e01,Faria1994.n24532.sg01,4,II-Sent. figurado:,"Propor, expor, apresentar","Cíc. Fam. 1, 9, 21; Cíc. De Or. 2, 214."
pono,lilaLemma:118414,Fonseca,Fonseca1798.n22976.e01,Fonseca1798.n22976.sg01,2,,propôr.,
uirtus,lilaLemma:130356,Fonseca,Fonseca1798.n31849.e01,Fonseca1798.n31849.sg01,3,,"propriedade, perfeiçaõ do homem tanto no corpo, como no animo.",
bonus,lilaLemma:91782,Faria,Faria1994.n04249.e01,Faria1994.n04249.sg01,3,II-Sent. figurado,"Próprio para, conveniente","com dativo T. Lív. 29. 31, 9."
suus,lilaLemma:127165,Faria,Faria1994.n31048.e01,Faria1994.n31048.sg01,2,I-Sent. próprio,"Próprio, que pertence como propriedade particular, particular, especial","Cíc. Cal. 1, 32."
fides,lilaLemma:103260,Faria,Faria1994.n12729.e01,Faria1994.n12729.sg01,5,III-Sents. diversos:,"Proteção, auxílio, patrocínio. socorro","Cíc. Fam. 13, 65, 2."
fides,lilaLemma:103260,Fonseca,Fonseca1798.n11800.e01,Fonseca1798.n11800.sg01,4,,protecção.,
rex,lilaLemma:122013,Faria,Faria1994.n27678.e01,Faria1994.n27678.sg01,9,II-Sent. particular,"Protetor, patrono",dos parasitas Plaut. Capt. 92.
si,lilaLemma:124676,Fonseca,Fonseca1798.n27705.e01,Fonseca1798.n27705.sg01,4,Virg. adv.,prouvera a Deos que.,
periculum,lilaLemma:116930,Fonseca,Fonseca1798.n21766.e01,Fonseca1798.n21766.sg01,2,,"próva, ensaio, experiencia.",
uerbum,lilaLemma:131057,Fonseca,Fonseca1798.n31423.e01,Fonseca1798.n31423.sg01,2,Ter.,"proverbio, sentença.",
uenio,lilaLemma:129790,Faria,Faria1994.n33489.e01,Faria1994.n33489.sg01,4,II-Sent. figurado:,"Provir, nascer, crescer","Quint. 2, 4, 4; Verg. G. 1, 54."
uenio,lilaLemma:129790,Saraiva,Saraiva1910.xVenio,Saraiva1910.xVenio.sg01,9,,provir;,
uoco,lilaLemma:130729,Faria,Faria1994.n34099.e01,Faria1994.n34099.sg01,7,II-Na língua militar:,Provocar,Cés. B. Gal. 5. 43. 6; Tác. Germ. 14.
uoco,lilaLemma:130729,Fonseca,Fonseca1798.n32139.e01,Fonseca1798.n32139.sg01,4,Tac.,"provocar, desafiar.",
publicus,lilaLemma:120358,Fonseca,Fonseca1798.n24549.e01,Fonseca1798.n24549.sg01,1,Cic.,"publico, vulgar, do publico, commum, do povo.",
publicus,lilaLemma:120358,Fonseca,Fonseca1798.n22995.e01,Fonseca1798.n22995.sg01,1,* Plaut.,publico.,
qua,lilaIpoLemma:110471,Faria,Faria1994.n26358.e01,Faria1994.n26358.sg01,7,III-Indefinido:,qua... qua: por um lado... por outro lado: tanto... quanto,"Cíc. At. 2, 19, 3."
quantus,lilaLemma:121092,Fonseca,Fonseca1798.n24952.e01,Fonseca1798.n24952.sg01,2,,qual?,
quis,lilaLemma:121165,Faria,Faria1994.n26653.e01,Faria1994.n26653.sg01,2,I-Interr.-Adj.:,Qual? de que espécie? de que qualidade? como?:,
quisque,lilaLemma:121320,Cardoso,Cardoso1570.n19948.e01,Cardoso1570.n19948.sg01,1,,qualquer,
populus,lilaLemma:118463,Fonseca,Fonseca1798.n23024.e01,Fonseca1798.n23024.sg01,2,Col.,"qualquer ajuntamento, ou multidão.",
quisque,lilaLemma:121320,Fonseca,Fonseca1798.n25107.e01,Fonseca1798.n25107.sg01,1,Cic.,qualquer.,
quantus,lilaLemma:121092,Cardoso,Cardoso1570.n19820.e01,Cardoso1570.n19820.sg01,1,,quam grande cousa,
qua,lilaIpoLemma:110471,Velez,Velez1744.n2850.e10,Velez1744.n2850.sg10,1,,"quam, quanto, muito",
ut,lilaLemma:130906,Faria,Faria1994.n33117.e11,Faria1994.n33117.sg11,4,,"Quando, desde quando",temporal:
ubi,lilaLemma:129639,Fonseca,Fonseca1798.n31232.e01,Fonseca1798.n31232.sg01,4,,"quando, tanto que.",
dum,lilaLemma:100236,Cardoso,Cardoso1570.n06411.e01,Cardoso1570.n06411.sg01,1,,quando. emmentes que,
tempus,lilaLemma:127522,Fonseca,Fonseca1798.n29967.e01,Fonseca1798.n29967.sg01,6,Cic.,"quantidade de syllaba longa, ou breve.",
modus,lilaLemma:112553,Fonseca,Fonseca1798.n18504.e01,Fonseca1798.n18504.sg01,3,,"quantidade, extensão, medida.",
uis,lilaLemma:130360,Faria,Faria1994.n33993.e01,Faria1994.n33993.sg01,2,II-Sents. diversos,"Quantidade, número, grande número","Cíc. Verr. 4, 131."
uero,lilaIpoLemma:111474,Faria,Faria1994.n33590.e01,Faria1994.n33590.sg01,3,,Quanto a,para destacar uma palavra Cíc. Arch. 19.
qui,lilaLemma:121354,Faria,Faria1994.n26671.e01,Faria1994.n26671.sg01,3,Iniciando frase:,"quanto a isso, relativamente a esse ponto","Cíc. Phil. 10, 9."
nam,lilaLemma:113344,Faria,Faria1994.n20149.e01,Faria1994.n20149.sg01,3,I-Partic. afirmativa:,"Quanto a, por exemplo, assim","Cíc. Of. 2, 47."
qua,lilaIpoLemma:110471,Faria,Faria1994.n26454.e01,Faria1994.n26454.sg01,3,,Quanto possível,"com superl.: quam maxime Cíc. Inv. 2, 20."
quantus,lilaLemma:121092,Velez,Velez1744.n2858.e01,Velez1744.n2858.sg01,1,,"quanto, ou quam grande",
qua,lilaIpoLemma:110471,Velez,Velez1744.n2891.e01,Velez1744.n2891.sg01,1,,"quanto, para onde, para que?",
quantus,lilaLemma:121092,Fonseca,Fonseca1798.n24952.e01,Fonseca1798.n24952.sg01,1,Cic.,"quanto, quaõ grande.",
qua,lilaIpoLemma:110471,Fonseca,Fonseca1798.n25116.e01,Fonseca1798.n25116.sg01,2,,quanto.,
quantus,lilaLemma:121092,Faria,Faria1994.n26488.e01,Faria1994.n26488.sg01,4,III,Quantus quantus = quantuscumque:,
quantus,lilaLemma:121092,Faria,Faria1994.n26488.e01,Faria1994.n26488.sg01,3,II-Relativo em correlação com tantus:,"Quão grande, quanto, tão grande como, tal como",Cíc. Verr. pr. 23.
quantus,lilaLemma:121092,Faria,Faria1994.n26488.e01,Faria1994.n26488.sg01,1,I-Interr. exclam.:,"Quão grande, que:",
quantus,lilaLemma:121092,Faria,Faria1994.n26488.e01,Faria1994.n26488.sg01,2,I-Interr. exclam.:,Quão pequeno,= quantulus Cíc. Or. 130.
qua,lilaIpoLemma:110471,Faria,Faria1994.n26454.e01,Faria1994.n26454.sg01,2,,Quão pouco,"sent. raro Cíc. De Or. 2, 180; Cíc. SuB. 33."
qua,lilaIpoLemma:110471,Faria,Faria1994.n26454.e01,Faria1994.n26454.sg01,1,,"Quão, quão grande, quanto, a que ponto",C íc. Br. 265; Cíc. Cael. 64.
atque,lilaLemma:90490,Cardoso,Cardoso1570.n02278.e01,Cardoso1570.n02278.sg01,2,aliquando pro quàm,que,
ut,lilaLemma:130906,Faria,Faria1994.n33117.e11,Faria1994.n33117.sg11,1,,Que,integrante:
ut,lilaLemma:130906,Faria,Faria1994.n33117.e11,Faria1994.n33117.sg11,2,,Que,"correlativa, ou consecutiva, construindo-se geralmente em correlação com um pronome ou advérbio da oração principal: is, talis, tantus, adeo, ita, sic, tam, tantum:"
ne,lilaLemma:113491,Faria,Faria1994.n20286.e11,Faria1994.n20286.sg11,3,,Que,"com verbos que indicam receio ou proibição Cíc. Leg. 1, 12; Cíc. Verr. 5. 5."
noster,lilaLemma:113882,Faria,Faria1994.n20676.e01,Faria1994.n20676.sg01,2,"II-Daí, em sent. particular","Que é do nosso país, da nossa família ou do nosso partido","Cíc. Arch, 24."
super,lilaLemma:126999,Faria,Faria1994.n30893.e01,Faria1994.n30893.sg01,1,I-Sent. próprio,"Que está em cima, superior, alto",Cíc. Lae. 12.
primus,lilaLemma:119498,Faria,Faria1994.n25427.e01,Faria1994.n25427.sg01,1,I-Sent. próprio,"Que está na frente de tudo, o primeiro","no tempo, no lugar Cíc. At. 9, 6, 5."
primus,lilaLemma:119498,Faria,Faria1994.n25427.e01,Faria1994.n25427.sg01,3,II-Por extensão:,"Que está no começo, que começa, próximo:",
miles,lilaLemma:112318,Faria,Faria1994.n19485.e01,Faria1994.n19485.sg01,4,III-Sent. figurado:,"Que faz parte da comitiva, do cortejo de uma deusa","Ov. Mel. 2, 415."
multus,lilaLemma:112998,Faria,Faria1994.n19957.e01,Faria1994.n19957.sg01,6,III-Sents. diversos:,"Que insiste muito em, que se demora muito em, importuno, obstinado","Sal. B. Jug. 84, 1."
nullus,lilaLemma:114081,Faria,Faria1994.n20779.e01,Faria1994.n20779.sg01,3,II-Daí,"Que já não existe, morto, aniquilado","Cíc. Tusc. 1, 87:"
ut,lilaLemma:130906,Velez,Velez1744.n3609.e01,Velez1744.n3609.sg01,2,"depois dos verbos de temer, ou recear, significa",que naõ,
ne,lilaLemma:113491,Faria,Faria1994.n20286.e11,Faria1994.n20286.sg11,2,,Que não,"Cíe. Of. 1, 140: Plaut. Men. 612."
ceterus,lilaLemma:93624,Faria,Faria1994.n05524.e01,Faria1994.n05524.sg01,1,I-Sent. próprio,"Que resta, restante","Sal. C. Cat. 36, 2."
multus,lilaLemma:112998,Faria,Faria1994.n19957.e01,Faria1994.n19957.sg01,7,III-Sents. diversos:,"Que se encontra em muitos lugares, ativo","Sal. B. Jug .. 96, 3."
grauis,lilaLemma:104903,Faria,Faria1994.n13918.e01,Faria1994.n13918.sg01,8,II-Em particular:,"Que tem peso, autoridade, grave, sério, importante, considerado, digno, considerável",Cíc. Flac. 56.
si,lilaLemma:124676,Faria,Faria1994.n29237.e01,Faria1994.n29237.sg01,3,II-Sent. explicativo:,"Que, de que","Cíc. Of. 2, 31; Cés. B. Gal. 3, 5, 2."
qui,lilaLemma:121354,Faria,Faria1994.n26549.e01,Faria1994.n26549.sg01,1,I-Relativo:,"Que, o qual, quem","Cés. B. Gal. 1, 3, 1."
ut,lilaLemma:130906,Velez,Velez1744.n3609.e01,Velez1744.n3609.sg01,1,,"que, ou paraque, aindaque",
ne,lilaLemma:113491,Velez,Velez1744.n2206.e10,Velez1744.n2206.sg10,1,,"que, ou que naõ, ou para que naõ",
ut2,lilaLemma:130905,Faria,Faria1994.n33117.e01,Faria1994.n33117.sg01,4,,"Que, oxalá",com o subjuntivo optativo:
ut,lilaLemma:130906,Fonseca,Fonseca1798.n32299.e10,Fonseca1798.n32299.sg10,1,,"que, para que, para que naõ.",
qui,lilaLemma:121354,Faria,Faria1994.n26549.e01,Faria1994.n26549.sg01,7,"II-Interrogativo com valor adj. e subs .. salvo o neutro quod, sempre adj.:",Quê? quem? qual?:,
ut2,lilaLemma:130905,Fonseca,Fonseca1798.n32299.e01,Fonseca1798.n32299.sg01,6,,que.,
quis,lilaLemma:121165,Velez,Velez1744.n2885.e01,Velez1744.n2885.sg01,1,,"quem, ou alguem",
qui,lilaLemma:121354,Velez,Velez1744.n2885.e02,Velez1744.n2885.sg01,1,,"quem, ou alguem",
qui,lilaLemma:121354,Fonseca,Fonseca1798.n25018.e01,Fonseca1798.n25018.sg01,1,Cic.,"quem, que, qual.",
quis,lilaLemma:121165,Fonseca,Fonseca1798.n25103.e01,Fonseca1798.n25103.sg01,1,Cic.,quem? qual? algum?,
qui,lilaLemma:121354,Fonseca,Fonseca1798.n25103.e02,Fonseca1798.n25103.sg01,1,Cic.,quem? qual? algum?,
quis,lilaLemma:121165,Faria,Faria1994.n26653.e01,Faria1994.n26653.sg01,1,I-Interr.-Subs.:,Quem? qual? que pessoa? que coisa? que?:,
uolo,lilaLemma:130745,Cardoso,Cardoso1570.n26649.e01,Cardoso1570.n26649.sg01,1,,querer,
uolo,lilaLemma:130745,Faria,Faria1994.n34130.e01,Faria1994.n34130.sg01,3,I-Sent. próprio,Querer bem ou mal,"bene, male Plaut. Cas. 464."
uolo,lilaLemma:130745,Saraiva,Saraiva1910.xVolo,Saraiva1910.xVolo.sg01,3,,querer bem ou mal a alguem.,
uolo,lilaLemma:130745,Faria,Faria1994.n34130.e01,Faria1994.n34130.sg01,6,I-Sent. próprio,"Querer dizer, significar","Cíc. Verr. 2, 150."
uolo,lilaLemma:130745,Saraiva,Saraiva1910.xVolo,Saraiva1910.xVolo.sg01,6,Fig.,"querer dizer, significar;",
uolo,lilaLemma:130745,Faria,Faria1994.n34130.e01,Faria1994.n34130.sg01,5,I-Sent. próprio,Querer falar a,"Cíc. AI. 10, 16, 4; Ter. And. 536."
uolo,lilaLemma:130745,Faria,Faria1994.n34130.e01,Faria1994.n34130.sg01,4,I-Sent. próprio,Querer ver,"Cíc. Q. Fr. 3, 9, 3."
uolo,lilaLemma:130745,Saraiva,Saraiva1910.xVolo,Saraiva1910.xVolo.sg01,1,,"querer, consentir.",
uolo,lilaLemma:130745,Faria,Faria1994.n34130.e01,Faria1994.n34130.sg01,1,I-Sent. próprio,"Querer, desejar","Ter. Eun. 813; Cíc. Nat. 1, 17; Cíc. Verr. 3, 196; Cíc. At. 13, 32, 2; Cíc. Rep. 1, 38; Cíc. Tusc. 1, 34; Cíc. C. M. 73; Ter. Ad. 432; Cíc. Of. 2, 78; Cíc. Rep. 1, 15."
uolo,lilaLemma:130745,Saraiva,Saraiva1910.xVolo,Saraiva1910.xVolo.sg01,2,Cic. Virg.,"querer, desejar;",
uolo,lilaLemma:130745,Fonseca,Fonseca1798.n32153.e01,Fonseca1798.n32153.sg01,1,Cic.,"querer, desejar.",
uolo,lilaLemma:130745,Faria,Faria1994.n33883.e01,Faria1994.n33883.sg01,1,,Queres ou não?,"Hor. Sat. 1, 9, 69."
bonus,lilaLemma:91782,Faria,Faria1994.n04249.e01,Faria1994.n04249.sg01,7,II-Sent. figurado,"Querido, caro","Hor. Sat. 2, 3, 31."
meus,lilaLemma:112262,Faria,Faria1994.n19460.e01,Faria1994.n19460.sg01,2,II-Na língua afetiva,"Querido, que me é querido:",
quaero,lilaLemma:121047,Cardoso,Cardoso1570.n19857.e01,Cardoso1570.n19857.sg01,1,,queyxar-se,
ratio,lilaLemma:121458,Fonseca,Fonseca1798.n25265.e01,Fonseca1798.n25265.sg01,1,Cic.,"razão, entendimento.",
ratio,lilaLemma:121458,Fonseca,Fonseca1798.n25265.e01,Fonseca1798.n25265.sg01,8,,"razão, prova.",
habeo,lilaLemma:105044,Saraiva,Saraiva1910.xHabeo,Saraiva1910.xHabeo.sg01,3,,"reassumir, ganhar, alcançar, obter;",
accipio,lilaLemma:87119,Faria,Faria1994.n00281.e01,Faria1994.n00281.sg01,2,II-Daí,"Receber pelos sentidos, ouvir, ouvir dizer, escutar","Cíc. Phil. 8, 28."
capio,lilaLemma:92686,Faria,Faria1994.n04907.e01,Faria1994.n04907.sg01,10,II-Na língua jurídica:,"Receber por testamento, doação ou legado, possuir","Cíc. At. 1, 20,7."
habeo,lilaLemma:105044,Saraiva,Saraiva1910.xHabeo,Saraiva1910.xHabeo.sg01,6,,receber um golpe;,
accipio,lilaLemma:87119,Fonseca,Fonseca1798.n00279.e01,Fonseca1798.n00279.sg01,1,Cic.,"receber, aceitar.",
accipio,lilaLemma:87119,Cardoso,Cardoso1570.n00250.e01,Cardoso1570.n00250.sg01,1,,receber. ouuir. tratar,
ago,lilaLemma:88140,Saraiva,Saraiva1910.xAgo,Saraiva1910.xAgo.sg01,13,,recitar;,
quaero,lilaLemma:121047,Faria,Faria1994.n26424.e01,Faria1994.n26424.sg01,5,II-Donde:,"Reclamar, pedir, exigir","Varr. R. Rust. 1, 23, 4."
pono,lilaLemma:118414,Fonseca,Fonseca1798.n22976.e01,Fonseca1798.n22976.sg01,6,,"reclinar, encostar.",
cognosco,lilaLemma:94738,Faria,Faria1994.n06324.e01,Faria1994.n06324.sg01,3,I-Daí,Reconhecer,Cíc. Clu. 106.
eo,lilaLemma:101183,Faria,Faria1994.n11132.e01,Faria1994.n11132.sg01,3,II-Sent. figurado:,"Recorrer, procurar","Verg . En. 4, 413."
refero,lilaLemma:122494,Faria,Faria1994.n27057.e01,Faria1994.n27057.sg01,8,III-Empregos especiais:-Na língua militar:,"Recuar, retroceder","Cés. B. Gal. 1, 25, 5; T. Lív. 1. 14. 8."
do,lilaLemma:99970,Saraiva,Saraiva1910.xDo,Saraiva1910.xDo.sg01,6,,reduzir a um estado qualquer;,
fero,lilaLemma:103126,Fonseca,Fonseca1798.n11688.e01,Fonseca1798.n11688.sg01,4,,"referir, contar, dizer.",
refero,lilaLemma:122494,Velez,Velez1744.n2926.e01,Velez1744.n2926.sg01,2,por,"referir, contar, ou tornar a dar",aliquid alicui:
refero,lilaLemma:122494,Faria,Faria1994.n27057.e01,Faria1994.n27057.sg01,7,II-Sent. figurado:,"Referir, transcrever, consignar, pôr, incluir","Cíc. Fam. 1. 9. 10: Cíc. Verr. 4, 134: Cíc. Verr. 5, 109."
iudicium,lilaLemma:109170,Faria,Faria1994.n17211.e01,Faria1994.n17211.sg01,7,II-Sent. figurado:,Reflexão,Cíc. Of. 1. 49.
pars,lilaLemma:116084,Faria,Faria1994.n22363.e01,Faria1994.n22363.sg01,3,III-Sent. particular:,"Região, país:",
populus,lilaLemma:118463,Faria,Faria1994.n24590.e01,Faria1994.n24590.sg01,7,II-Sent. particular,"Região, povoação",sent. raro T. Lív. 21. 34. 1.
ratio,lilaLemma:121458,Fonseca,Fonseca1798.n25265.e01,Fonseca1798.n25265.sg01,6,,"regra, medida, proporçaõ.",
lex,lilaLemma:110351,Faria,Faria1994.n17969.e01,Faria1994.n17969.sg01,5,III-Sent. figurado:,"Regra, preceito, obrigação",Cíc. Ac. 2. 23.
rex,lilaLemma:122013,Faria,Faria1994.n27678.e01,Faria1994.n27678.sg01,2,II-Sent. particular,Rei,entre os deuses:
rex,lilaLemma:122013,Faria,Faria1994.n27678.e01,Faria1994.n27678.sg01,3,II-Sent. particular,Rei,dos sacrifícios:
rex,lilaLemma:122013,Faria,Faria1994.n27678.e01,Faria1994.n27678.sg01,4,II-Sent. particular,Rei,de um festim ou de jogos Marc. Saturn. 2. 1. 3.
rex,lilaLemma:122013,Faria,Faria1994.n27677.e01,Faria1994.n27677.sg01,1,,"Rei, sobrenome da gens Marcia",Sal. C. Cat. 30. 3.
rex,lilaLemma:122013,Fonseca,Fonseca1798.n26126.e01,Fonseca1798.n26126.sg01,1,Cic.,rei.,
causa,lilaLemma:93253,Faria,Faria1994.n05244.e01,Faria1994.n05244.sg01,5,III-Sents. diversos:,"Relação entre pessoas, ligação","Cés. B. Gal. 5, 41, 1."
ratio,lilaLemma:121458,Faria,Faria1994.n26805.e01,Faria1994.n26805.sg01,7,II-Daí:,"Relação, trato, comércio, negócios","sent. genérico Cíc. At. 2, 5, 2."
qui,lilaLemma:121354,Faria,Faria1994.n26671.e01,Faria1994.n26671.sg01,1,,Relativamente a que:,
ad,lilaLemma:87344,Faria,Faria1994.n00519.e01,Faria1994.n00519.sg01,6,Desses Sentidos gerais e básicos de “em direção a” ou “na vizinhança de” decorrem numerosas acepções derivadas:,"Relativamente a, com relação a, quanto a","Cíc. Verr. 5, 22."
is,lilaLemma:109083,Faria,Faria1994.n17022.e01,Faria1994.n17022.sg01,7,Empregos especiais: Acus. adverbial:,relativo a isto:,
publicus,lilaLemma:120358,Faria,Faria1994.n26097.e01,Faria1994.n26097.sg01,1,I-Sent. próprio,"Relativo ao povo, ao Estado, público em oposição a privatus, oficial, à custa do Estado","Cíc. Agr. 1, 2."
nomen,lilaLemma:113797,Faria,Faria1994.n20624.e01,Faria1994.n20624.sg01,4,III-Sent. figurado:,"Renome, celebridade, reputação, glória","Cíc. Verr. 4, 68."
relinquo,lilaLemma:122569,Faria,Faria1994.n27210.e01,Faria1994.n27210.sg01,6,II-Sent. figurado:,Renunciar a,"sent. poético Lucr. 6, 654."
facio,lilaLemma:102758,Faria,Faria1994.n12363.e01,Faria1994.n12363.sg01,9,III-Na língua do teatro:,"Representar, pôr em cena","Cíc. Tusc. 5, 115; Ter. Eun. 38."
ago,lilaLemma:88140,Faria,Faria1994.n01300.e01,Faria1994.n01300.sg01,12,II-Na língua do teatro:,"Representar, representar um papel","Cíc. De Or. 1, 124."
ago,lilaLemma:88140,Cardoso,Cardoso1570.n00905.e01,Cardoso1570.n00905.sg01,1,,represento,
teneo,lilaLemma:127822,Fonseca,Fonseca1798.n29988.e01,Fonseca1798.n29988.sg01,9,Cic.,"reprimir, refrear.",
refero,lilaLemma:122494,Faria,Faria1994.n27057.e01,Faria1994.n27057.sg01,4,II-Sent. figurado:,"Reproduzir, repetir, representar, renovar, restabelecer, restaurar","Cíc. De Or. 3. 75; Lucr. 1, 597."
nomen,lilaLemma:113797,Fonseca,Fonseca1798.n19378.e01,Fonseca1798.n19378.sg01,2,,"reputação, fama, credito.",
peto,lilaLemma:117549,Fonseca,Fonseca1798.n22343.e01,Fonseca1798.n22343.sg01,2,,"requerer, demandar em juizo.",
ratio,lilaLemma:121458,Fonseca,Fonseca1798.n25265.e01,Fonseca1798.n25265.sg01,9,,"resoluçaõ, parecer, determinaçaõ.",
refero,lilaLemma:122494,Faria,Faria1994.n27057.e01,Faria1994.n27057.sg01,6,II-Sent. figurado:,"Responder, replicar","Verg. En. 4, 31."
fides,lilaLemma:103260,Faria,Faria1994.n12729.e01,Faria1994.n12729.sg01,7,III-Sents. diversos:,"Responsabilidade, autoridade",Cíc. Arch. 9.
ceterus,lilaLemma:93624,Fonseca,Fonseca1798.n03656.e01,Fonseca1798.n03656.sg01,1,Cic.,"restante, que resta.",
corpus,lilaLemma:96667,Faria,Faria1994.n07899.e01,Faria1994.n07899.sg01,5,II-Sent. figurado:,"Reunião de indivíduos, reunião, povo, corporação, nação","T. Lív. 34, 9, 3."
senatus,lilaLemma:124309,Faria,Faria1994.n28939.e01,Faria1994.n28939.sg01,3,I-Por extensão:,Reunião do senado:,
ago,lilaLemma:88140,Saraiva,Saraiva1910.xAgo,Saraiva1910.xAgo.sg01,6,,"revolver no spirito, ruminar, meditar, considerar, pesar;",
magnus,lilaLemma:111319,Fonseca,Fonseca1798.n17680.e01,Fonseca1798.n17680.sg01,4,Juv.,rico.,
pecunia,lilaLemma:116369,Faria,Faria1994.n22609.e01,Faria1994.n22609.sg01,1,I-Sent. primitivo,Riqueza em gado,"Varr. L. Lat. 5, 95."
pecunia,lilaLemma:116369,Faria,Faria1994.n22609.e01,Faria1994.n22609.sg01,2,"II-Daí, em sent. geral","Riqueza, fortuna",Cíc. Div. 1. 111.
periculum,lilaLemma:116930,Faria,Faria1994.n23118.e01,Faria1994.n23118.sg01,2,II-Sent. comum,"Risco, perigo",Cíc. Pomp. 12: Cíc. Arch. 13.
urbs,lilaLemma:130822,Faria,Faria1994.n33062.e01,Faria1994.n33062.sg01,2,I-Daí,"Roma, a cidade por excelência","Cés. B. Gal. 1, 7, 1."
romanus,lilaLemma:20302,Faria,Faria1994.n27821.e01,Faria1994.n27821.sg01,1,,"Romanos, de Roma:",
uenio,lilaLemma:129790,Saraiva,Saraiva1910.xVenio,Saraiva1910.xVenio.sg01,3,,romper com respeito á luz;,
ab,lilaLemma:86824,Cardoso,Cardoso1570.n00003.e01,Cardoso1570.n00003.sg01,1,idẽ valent & significãt quod praepositio à,s. de,
scio,lilaLemma:123732,Cardoso,Cardoso1570.n21672.e01,Cardoso1570.n21672.sg01,1,,saber,
scio,lilaLemma:123732,Velez,Velez1744.n3067.e01,Velez1744.n3067.sg01,1,,saber,
scio,lilaLemma:123732,Fonseca,Fonseca1798.n26981.e01,Fonseca1798.n26981.sg01,1,Cic.,"saber, conhecer, estar instruido.",
scio,lilaLemma:123732,Faria,Faria1994.n28538.e01,Faria1994.n28538.sg01,1,I-Sent. próprio,"Saber, conhecer, ter conhecimento","Cíc. At. 12, 22, 2; Cíc. Lae. 77; Cíc. Rep. 1, 27; Cíc. De Or. 2, 265."
habeo,lilaLemma:105044,Saraiva,Saraiva1910.xHabeo,Saraiva1910.xHabeo.sg01,4,,"saber, conhecer;",
teneo,lilaLemma:127822,Fonseca,Fonseca1798.n29988.e01,Fonseca1798.n29988.sg01,7,Cic.,saber.,
scio,lilaLemma:123732,Fonseca,Fonseca1798.n26973.e01,Fonseca1798.n26973.sg01,1,,sabes tu?,
facio,lilaLemma:102758,Faria,Faria1994.n12363.e01,Faria1994.n12363.sg01,13,IV-Intr.:,"Sacrificar-se, imolar-se","Cíc. At. I, 13. 3."
facio,lilaLemma:102758,Fonseca,Fonseca1798.n11436.e01,Fonseca1798.n11436.sg01,3,,sacrificar.,
eo,lilaLemma:101183,Faria,Faria1994.n11132.e01,Faria1994.n11132.sg01,5,II-Sent. figurado:,"Sair, retirar-se, escapar-se, fugir, refugiar-se","Verg. Hue. 1, 65."
senatus,lilaLemma:124309,Faria,Faria1994.n28939.e01,Faria1994.n28939.sg01,2,I-Por extensão:,"Sala do senado, lugares dos senadores",no teatro Suet. Ner. 12.
nisi,lilaLemma:113704,Faria,Faria1994.n20554.e01,Faria1994.n20554.sg01,2,,"Salvo se, senão, exceto se, somente se","Cíc. Lae. 18; Cíc. Val. 2; Cíc:Tusc. 5, 41."
iubeo,lilaLemma:109152,Faria,Faria1994.n17194.e01,Faria1994.n17194.sg01,4,II-Daí:,Saudar,"Ter. And. 533; Cíc. AI. 4, 14, 2."
si,lilaLemma:124676,Cardoso,Cardoso1570.n22380.e01,Cardoso1570.n22380.sg01,1,,se,
qui,lilaLemma:121354,Faria,Faria1994.n26549.e01,Faria1994.n26549.sg01,4,I-Relativo:-Sent. particular.,"Se bem que, que, portanto",matiz concessivo:
nisi,lilaLemma:113704,Faria,Faria1994.n20554.e01,Faria1994.n20554.sg01,1,,Se não,Cíc. C. M. 82.
uolo,lilaLemma:130745,Faria,Faria1994.n30737.e01,Faria1994.n30737.sg01,1,,Se quereis,Plaut. As...1.
uolo,lilaLemma:130745,Faria,Faria1994.n29462.e01,Faria1994.n29462.sg01,1,,"Se queres, se te agrada, peço-te, por favor","Cíc. Amer, 48."
si,lilaLemma:124676,Faria,Faria1994.n29237.e01,Faria1994.n29237.sg01,5,II-Sent. explicativo:,"Se, oxalá","= utinam Verg. En.6, 187."
si,lilaLemma:124676,Velez,Velez1744.n3125.e01,Velez1744.n3125.sg01,1,,"se, pois que, ou já que",
si,lilaLemma:124676,Faria,Faria1994.n29237.e01,Faria1994.n29237.sg01,1,I-Sent. condicional,"Se, se porventura, se por acaso","verbo no ind. ou no subj. Cíc. Fam. 5, 12, 10; Cíc. C M. 83."
si,lilaLemma:124676,Fonseca,Fonseca1798.n27705.e01,Fonseca1798.n27705.sg01,1,Cic.,se.,
animus,lilaLemma:89094,Faria,Faria1994.n02174.e01,Faria1994.n02174.sg01,3,,"Sede do pensamento, pensamento, inteligência","Cíc. De Or. 3, 67."
capio,lilaLemma:92686,Faria,Faria1994.n04907.e01,Faria1994.n04907.sg01,11,II-Na língua jurídica:,"Seduzir, cativar, enganar","Cíc. Tusc. 5, 31."
sequor,lilaLemma:124461,Faria,Faria1994.n29068.e01,Faria1994.n29068.sg01,5,III-Sents. especiais:,"Segue-se, conclui-se","indicando uma sequência ou consequência Cíc. Div. 2. 105: Cíc. Of. 2, 54."
sequor,lilaLemma:124461,Cardoso,Cardoso1570.n22216.e01,Cardoso1570.n22216.sg01,1,,seguir,
sequor,lilaLemma:124461,Velez,Velez1744.n3112.e01,Velez1744.n3112.sg01,1,,seguir,Depon. cum accus.
sequor,lilaLemma:124461,Fonseca,Fonseca1798.n27526.e01,Fonseca1798.n27526.sg01,2,Cic.,"seguir-se, ser consequencia.",
sequor,lilaLemma:124461,Faria,Faria1994.n29068.e01,Faria1994.n29068.sg01,1,I-Sent. próprio,"Seguir, acompanhar, ir atrás","sents. físico e moral Cés. B. Gal. 7, 50, 4; Cés. B. Gal. 1, 24, 4; Cíc. Lae. 19:' Cíc. Dej. 25."
sequor,lilaLemma:124461,Fonseca,Fonseca1798.n27526.e01,Fonseca1798.n27526.sg01,1,Ter.,"seguir, ir atraz de outro.",
de,lilaLemma:97932,Faria,Faria1994.n08711.e01,Faria1994.n08711.sg01,10,Sent. moral:,"Segundo, conforme a, de acordo com",Cíc. Cael. 68.
pro,lilaLemma:118468,Faria,Faria1994.n25463.e01,Faria1994.n25463.sg01,7,II-Daí,"Segundo, conforme, em proporção, proporcionalmente:",
ad,lilaLemma:87344,Faria,Faria1994.n00519.e01,Faria1994.n00519.sg01,7,Desses Sentidos gerais e básicos de “em direção a” ou “na vizinhança de” decorrem numerosas acepções derivadas:,"Segundo, conforme:",
ut2,lilaLemma:130905,Fonseca,Fonseca1798.n32299.e01,Fonseca1798.n32299.sg01,3,,"segundo, conforme.",
fides,lilaLemma:103260,Fonseca,Fonseca1798.n11800.e01,Fonseca1798.n11800.sg01,2,,"segurança, autoridade.",
teneo,lilaLemma:127822,Faria,Faria1994.n31462.e01,Faria1994.n31462.sg01,1,A-Tr.-Sent. próprio,"Segurar, ter",Cíc. Cael. 63; Cíc. Sest. 69.
sine,lilaLemma:124883,Cardoso,Cardoso1570.n22577.e01,Cardoso1570.n22577.sg01,1,,sem,
sine,lilaLemma:124883,Velez,Velez1744.n3149.e01,Velez1744.n3149.sg01,1,,sem,
sine,lilaLemma:124883,Faria,Faria1994.n28676.e01,Faria1994.n28676.sg01,1,I-Prep.:,Sem:,
sine,lilaLemma:124883,Faria,Faria1994.n29406.e01,Faria1994.n29406.sg01,1,,Sem:,
sine,lilaLemma:124883,Faria,Faria1994.n28676.e01,Faria1994.n28676.sg01,2,II-Prevérbio:,Sem:,
sine,lilaLemma:124883,Fonseca,Fonseca1798.n27866.e01,Fonseca1798.n27866.sg01,1,Cic.,sem.,
semper,lilaLemma:124294,Cardoso,Cardoso1570.n22052.e01,Cardoso1570.n22052.sg01,1,,sempre,
semper,lilaLemma:124294,Fonseca,Fonseca1798.n27383.e01,Fonseca1798.n27383.sg01,1,Cic.,sempre.,
senatus,lilaLemma:124309,Velez,Velez1744.n3099.e01,Velez1744.n3099.sg01,1,,senado,
senatus,lilaLemma:124309,Fonseca,Fonseca1798.n27398.e01,Fonseca1798.n27398.sg01,1,Cic.,"senado, ordem dos Senadores.",
senatus,lilaLemma:124309,Velez,Velez1744.n3099.e01,Velez1744.n3099.sg01,2,,senadores,
pater,lilaLemma:116203,Faria,Faria1994.n22464.e01,Faria1994.n22464.sg01,8,IV-No pl.:,"Senadores, senado, patrícios","Cíc. Rep. 2, 14."
nisi,lilaLemma:113704,Cardoso,Cardoso1570.n15055.e01,Cardoso1570.n15055.sg01,1,,senam,
nisi,lilaLemma:113704,Velez,Velez1744.n2245.e01,Velez1744.n2245.sg01,1,,senaõ,
nisi,lilaLemma:113704,Fonseca,Fonseca1798.n19311.e01,Fonseca1798.n19311.sg01,1,Cic.,"senão, excepto.",
dominus,lilaLemma:98084,Faria,Faria1994.n10328.e01,Faria1994.n10328.sg01,3,II-Daí,Senhor,título dado aos imperadores depois de Augusto e Tibério Suet. Dom. 13.
rex,lilaLemma:122013,Faria,Faria1994.n27678.e01,Faria1994.n27678.sg01,7,II-Sent. particular,"Senhor absoluto, déspota","no período republicano Cíc. Of. 3, 83."
dominus,lilaLemma:98084,Fonseca,Fonseca1798.n09385.e01,Fonseca1798.n09385.sg01,1,Cic.,"senhor, dominador.",
ius,lilaLemma:109252,Fonseca,Fonseca1798.n16407.e01,Fonseca1798.n16407.sg01,3,,sentença do Juiz.,
periculum,lilaLemma:116930,Faria,Faria1994.n23118.e01,Faria1994.n23118.sg01,4,II-Na língua jurídica:,Sentença escrita,C.Nep.En. 8. 2.
uis,lilaLemma:130360,Faria,Faria1994.n33993.e01,Faria1994.n33993.sg01,10,IV-Sent figurado:,Sentido,"de uma palavra Cíc. Fin, 2. 15."
uenio,lilaLemma:129790,Saraiva,Saraiva1910.xVenio,Saraiva1910.xVenio.sg01,11,,ser admittido a;,
sum,lilaLemma:126689,Faria,Faria1994.n30738.e01,Faria1994.n30738.sg01,5,II-Empregos especiais:,"Ser avaliado, custar, valer","Cíc. Com. 33; Cíc. Of. 3, 92."
audio,lilaLemma:90641,Faria,Faria1994.n03455.e01,Faria1994.n03455.sg01,8,II-Sent. figurado:,Ser bem ou mal apreciado por alguém:,
capio,lilaLemma:92686,Faria,Faria1994.n04907.e01,Faria1994.n04907.sg01,4,II-Sent. figurado:,ser capaz de,"sen. Ep. 47, 2."
sum,lilaLemma:126689,Saraiva,Saraiva1910.xSum,Saraiva1910.xSum.sg01,10,,"ser capaz de, proprio para, bom para;",
sum,lilaLemma:126689,Saraiva,Saraiva1910.xSum,Saraiva1910.xSum.sg01,4,,"sêr com respeito a um facto, ser realmente, ser verdade;",
sum,lilaLemma:126689,Velez,Velez1744.n3287.e01,Velez1744.n3287.sg01,2,por,"ser de alguem, convir, ou pertencer",gen.
sum,lilaLemma:126689,Saraiva,Saraiva1910.xSum,Saraiva1910.xSum.sg01,8,,"ser de alguem, ser propriedade de, pertencer a, ser concernente, dizer respeito a, convir;",
sum,lilaLemma:126689,Faria,Faria1994.n30738.e01,Faria1994.n30738.sg01,3,I-Daí:,"Ser de, ser próprio de, pertencer a","Cíc. C. M. 20; Cíc. Fam. 5, 16, 5; Cíc. Verr. 1, 66."
sum,lilaLemma:126689,Saraiva,Saraiva1910.xSum,Saraiva1910.xSum.sg01,5,,"sêr descendente, oriundo;",
uenio,lilaLemma:129790,Saraiva,Saraiva1910.xVenio,Saraiva1910.xVenio.sg01,10,,"ser designado pela sorte, cair em sorte, caber por sorte;",
debeo,lilaLemma:97963,Saraiva,Saraiva1910.xDebeo,Saraiva1910.xDebeo.sg01,3,pass.,"ser destinado, estar reservado para;",
debeo,lilaLemma:97963,Saraiva,Saraiva1910.xDebeo,Saraiva1910.xDebeo.sg01,4,,"ser devedor de, estar obrigado por;",
debeo,lilaLemma:97963,Faria,Faria1994.n08726.e01,Faria1994.n08726.sg01,6,I-Passivo,"ser devido, ser reservado, destinado","Cés. B. Civ. 3, 31, 2"
debeo,lilaLemma:97963,Saraiva,Saraiva1910.xDebeo,Saraiva1910.xDebeo.sg01,2,pass.,ser devido;,
uenio,lilaLemma:129790,Saraiva,Saraiva1910.xVenio,Saraiva1910.xVenio.sg01,10,,sêr devolvido;,
audio,lilaLemma:90641,Faria,Faria1994.n03455.e01,Faria1994.n03455.sg01,6,II-Sent. figurado:,"Ser discípulo de, ouvir as lições de, ouvir uma causa, julgar uma causa","Cíc. Nat. 1, 72."
facio,lilaLemma:102758,Faria,Faria1994.n12363.e01,Faria1994.n12363.sg01,12,IV-Intr.:,"Ser eficaz. convir a, fazer bem ou mal, ir bem, ser útil","Sen. Ben. I, 3, 10; Cíc. Mil. 9."
sum,lilaLemma:126689,Saraiva,Saraiva1910.xSum,Saraiva1910.xSum.sg01,5,,"sêr este ou aquelle, d’esta ou d’aquella naturesa, estar n’este ou n’aquelle estado com respeito ás pessoas e ás coisas;",
sum,lilaLemma:126689,Saraiva,Saraiva1910.xSum,Saraiva1910.xSum.sg01,7,,"sêr estimado, avaliado;",
sum,lilaLemma:126689,Velez,Velez1744.n3287.e01,Velez1744.n3287.sg01,3,por,"ser estimado, ou valer",gen. vel ablat. pretij.
fio,lilaLemma:103328,Velez,Velez1744.n1357.e01,Velez1744.n1357.sg01,1,,"ser feito, estimado",
fio,lilaLemma:103328,Faria,Faria1994.n12777.e01,Faria1994.n12777.sg01,1,,"Ser feito, ser criado, fazer-se, tomar-se","Cíc. Rep. 2, 18."
fio,lilaLemma:103328,Fonseca,Fonseca1798.n11854.e01,Fonseca1798.n11854.sg01,1,Cic.,"ser feito, ser estimado.",
fio,lilaLemma:103328,Cardoso,Cardoso1570.n08049.e01,Cardoso1570.n08049.sg01,1,,ser feyto,
debeo,lilaLemma:97963,Faria,Faria1994.n08726.e01,Faria1994.n08726.sg01,4,I-Daí,Ser forçado pelo destino ou natureza a fazer alguma coisa,"Ov. Met. 15, 44."
uideo,lilaLemma:130163,Saraiva,Saraiva1910.xVideo,Saraiva1910.xVideo.sg01,5,,"ser intelligente, perspicaz, compreender;",
licet,lilaLemma:110432,Velez,Velez1744.n1971.e01,Velez1744.n1971.sg01,1,,ser licito,dat.
licet,lilaLemma:110432,Fonseca,Fonseca1798.n17102.e01,Fonseca1798.n17102.sg01,1,Cic.,ser licito.,
licet,lilaLemma:110432,Cardoso,Cardoso1570.n12281.e01,Cardoso1570.n12281.sg01,1,,ser licito. ou poder,
uenio,lilaLemma:129790,Saraiva,Saraiva1910.xVenio,Saraiva1910.xVenio.sg01,9,,ser o producto d’uma operação arithmetica;,
habeo,lilaLemma:105044,Saraiva,Saraiva1910.xHabeo,Saraiva1910.xHabeo.sg01,6,,"ser objecto de, experimentar;",
uenio,lilaLemma:129790,Saraiva,Saraiva1910.xVenio,Saraiva1910.xVenio.sg01,12,,ser objecto de;,
facio,lilaLemma:102758,Saraiva,Saraiva1910.xFacio,Saraiva1910.xFacio.sg01,10,,"sêr ou estar da parte de, seguir um partido, ser por ou contra alguem;",
habeo,lilaLemma:105044,Saraiva,Saraiva1910.xHabeo,Saraiva1910.xHabeo.sg01,1,,"sêr ou estar senhor de, ter, conter, encerrar, abranger, exhibir;",
sum,lilaLemma:126689,Saraiva,Saraiva1910.xSum,Saraiva1910.xSum.sg01,9,,"sêr para, servir de, trazer, causar;",
licet,lilaLemma:110432,Faria,Faria1994.n18057.e01,Faria1994.n18057.sg01,1,,"Ser permitido, poder, ter o direito","Cíc. Verr. 1, 188; C íc. Amero 127: Cés. B. Civ. 3. 27, I: Cíc. Balb. 29."
possum,lilaLemma:118569,Saraiva,Saraiva1910.xPossum,Saraiva1910.xPossum.sg01,4,Cic.,"sêr poderoso, efficaz.",
sum,lilaLemma:126689,Saraiva,Saraiva1910.xSum,Saraiva1910.xSum.sg01,8,,"sêr por alguem, estar do lado de, favorecer;",
possum,lilaLemma:118569,Saraiva,Saraiva1910.xPossum,Saraiva1910.xPossum.sg01,6,Cic.,"sêr possivel, poder sêr, poder dar-se.",
sum,lilaLemma:126689,Saraiva,Saraiva1910.xSum,Saraiva1910.xSum.sg01,5,,sêr provido ou dotado de;,
sum,lilaLemma:126689,Saraiva,Saraiva1910.xSum,Saraiva1910.xSum.sg01,10,,"ser sufficiente para, bastar para;",
uenio,lilaLemma:129790,Saraiva,Saraiva1910.xVenio,Saraiva1910.xVenio.sg01,6,,ser trazido com respeito ás coisas;,
uenio,lilaLemma:129790,Fonseca,Fonseca1798.n31367.e01,Fonseca1798.n31367.sg01,2,,"ser trazido, ser levado.",
facio,lilaLemma:102758,Saraiva,Saraiva1910.xFacio,Saraiva1910.xFacio.sg01,11,,sêr útil;,
uinco,lilaLemma:130232,Faria,Faria1994.n33892.e01,Faria1994.n33892.sg01,1,I-Sent. próprio,"Ser vencedor, vencer","sents. físico e moral Cés. B. Gal. 1, 36, 1; Cés. B. Gal. 1, 34, 4; Cíc. Of. 1, 68; Cíc. Verr. 1, 139."
eo,lilaLemma:101183,Faria,Faria1994.n11132.e01,Faria1994.n11132.sg01,6,III-Sent. especial:,"Ser vendido, vender-se per certo preço","Plín. H. Nat. 18, 194."
uideo,lilaLemma:130163,Velez,Velez1744.n3566.e01,Velez1744.n3566.sg01,2,"pass. Videor, eris",ser visto,
sum,lilaLemma:126689,Fonseca,Fonseca1798.n29310.e01,Fonseca1798.n29310.sg01,1,Cic.,"ser, estar, ser tido, ser estimado, valer, pertencer, causar, & c.",
sum,lilaLemma:126689,Faria,Faria1994.n30738.e01,Faria1994.n30738.sg01,1,I-Sent. próprio,"Ser, existir","Cic. Fam. 11, 21, 1; Cíc. Fam. 6, 18, 4; Cíc. Phil. 5, 42; Cíc. Rep. 1, 12; Cíc. Opt. 15."
sum,lilaLemma:126689,Saraiva,Saraiva1910.xSum,Saraiva1910.xSum.sg01,1,,"sêr, existir com respeito ás pessôas e ás coisas;",
ago,lilaLemma:88140,Saraiva,Saraiva1910.xAgo,Saraiva1910.xAgo.sg01,7,passiv.,"sêr, existir, correr, decorrer o tempo;",
sum,lilaLemma:126689,Velez,Velez1744.n3287.e01,Velez1744.n3287.sg01,1,,"ser, ou estar",
sum,lilaLemma:126689,Saraiva,Saraiva1910.xSum,Saraiva1910.xSum.sg01,4,,"sêr, vir, chegar o tempo;",
uenio,lilaLemma:129790,Saraiva,Saraiva1910.xVenio,Saraiva1910.xVenio.sg01,14,,sêr;,
habeo,lilaLemma:105044,Saraiva,Saraiva1910.xHabeo,Saraiva1910.xHabeo.sg01,15,pass.,sêr;,
sum,lilaLemma:126689,Cardoso,Cardoso1570.n23944.e01,Cardoso1570.n23944.sg01,1,,ser. ou estar. ou têr. ou estimar. ou auer mister,
an,lilaLemma:88828,Faria,Faria1994.n02014.e01,Faria1994.n02014.sg01,1,I-Na interrogativa direta simples:,Será possível quê? por ventura? Acaso?,
ego,lilaLemma:100712,Faria,Faria1994.n10796.e01,Faria1994.n10796.sg01,1,,Será que eu?,"Cíc. Nat. 3,8."
castra,lilaLemma:138599,Faria,Faria1994.n05136.e01,Faria1994.n05136.sg01,4,II-Sent. figurado:,Serviço militar,"Ces. B. Gal. 1, 39, 5."
sum,lilaLemma:126689,Faria,Faria1994.n30738.e01,Faria1994.n30738.sg01,7,II-Empregos especiais:,"Servir de, causar, dar, trazer","T. Lív. 4, 13, 2; Cíc. Verr. 5, 100."
suus,lilaLemma:127165,Faria,Faria1994.n31049.e01,Faria1994.n31049.sg01,1,,Seu próprio,"Cíc. De Or. 3, 10."
suus,lilaLemma:127165,Faria,Faria1994.n31048.e01,Faria1994.n31048.sg01,1,I-Sent. próprio,"Seu, sua","sent. reflexivo Cíc. Cat. 3, 3."
grauis,lilaLemma:104903,Faria,Faria1994.n13918.e01,Faria1994.n13918.sg01,9,II-Em particular:,"Severo, rígido, rigoroso, difícil","Cíc. Verr. 3, 134."
sic,lilaLemma:124690,Cardoso,Cardoso1570.n22398.e01,Cardoso1570.n22398.sg01,2,affirmantis.,si,
ab,lilaLemma:86824,Cardoso,Cardoso1570.n00001.e01,Cardoso1570.n00001.sg01,1,,significa. de,
ita,lilaLemma:109126,Velez,Velez1744.n1867.e01,Velez1744.n1867.sg01,1,,"sim, ou assim",
uero,lilaIpoLemma:111474,Faria,Faria1994.n33589.e01,Faria1994.n33589.sg01,2,,"Sim, perfeitamente",nas respostas Cíc. Br. 300.
etiam,lilaLemma:101554,Fonseca,Fonseca1798.n10502.e01,Fonseca1798.n10502.sg01,1,Cic.,"sim, tambem, ainda, mas antes.",
res,lilaLemma:121868,Faria,Faria1994.n27428.e01,Faria1994.n27428.sg01,7,III-Sents. diversos:,"Situação, condição, circunstância, ocasião","Ter. Ad. 293; Cíc. At. 7, 8, 2."
nomen,lilaLemma:113797,Faria,Faria1994.n20624.e01,Faria1994.n20624.sg01,8,III-No abl.:,"Sob pretexto de, sob a aparência de, a título de","Sal. C. Cal. 38, 3."
rex,lilaLemma:122013,Faria,Faria1994.n27678.e01,Faria1994.n27678.sg01,8,II-Sent. particular,"Soberano, chefe, senhor e que dirige",Verg. En. 1. 544.
fero,lilaLemma:103126,Fonseca,Fonseca1798.n11688.e01,Fonseca1798.n11688.sg01,3,,"soffrer, supportar.",
uideo,lilaLemma:130163,Saraiva,Saraiva1910.xVideo,Saraiva1910.xVideo.sg01,7,,soffrer;,
facio,lilaLemma:102758,Faria,Faria1994.n12363.e01,Faria1994.n12363.sg01,7,III-Empregos especiais - Na língua poética:,Sofrer,Cíc. Br. 125.
accipio,lilaLemma:87119,Faria,Faria1994.n00281.e01,Faria1994.n00281.sg01,5,II-Em sent. moral:,"sofrer, experimentar, suportar","Cíc. Tusc.5, 56."
miles,lilaLemma:112318,Fonseca,Fonseca1798.n18283.e01,Fonseca1798.n18283.sg01,2,Virg.,soldadesca.,
miles,lilaLemma:112318,Faria,Faria1994.n19485.e01,Faria1994.n19485.sg01,1,I-Sent. próprio,Soldado,"Cés. B. Gal. 1, 7, 2."
miles,lilaLemma:112318,Faria,Faria1994.n19485.e01,Faria1994.n19485.sg01,3,II-Sent. particular:,Soldado de infantaria,"Cés. B. Gal. 5, 10, 1."
uir,lilaLemma:130300,Faria,Faria1994.n33945.e01,Faria1994.n33945.sg01,6,II-Daí:,"Soldado, soldado de infantaria","T. Lív. 38, 17, 8."
miles,lilaLemma:112318,Fonseca,Fonseca1798.n18283.e01,Fonseca1798.n18283.sg01,1,,soldado.,
miles,lilaLemma:112318,Faria,Faria1994.n19485.e01,Faria1994.n19485.sg01,2,I-Daí:,"Soldados, exércitos",sing. coletivo Verg. En. 2. 495.
terra,lilaLemma:127912,Faria,Faria1994.n31558.e01,Faria1994.n31558.sg01,4,I-Daí,"Solo, terreno, chão","Cíc. Na!. 2, 120."
uox,lilaLemma:130806,Fonseca,Fonseca1798.n32220.e01,Fonseca1798.n32220.sg01,2,Virg.,som de qualquer cousa.,
modo,lilaLemma:113289,Faria,Faria1994.n19698.e01,Faria1994.n19698.sg01,1,,"Somente, nem mais, nem menos, apenas","Cíc. Fam. 12, 5."
uox,lilaLemma:130806,Faria,Faria1994.n34219.e01,Faria1994.n34219.sg01,2,I-No pl.,"Sons emitidos pela voz, notas, tons, sons articulados, palavras, ditos, opiniões","Cés. B. Gal. 1, 39, 1."
fortuna,lilaLemma:103696,Faria,Faria1994.n13047.e01,Faria1994.n13047.sg01,6,III-Sent. diverso no sing.:,"Sorte, condição, situação","C ic. Fin. 5, 52."
refero,lilaLemma:122494,Faria,Faria1994.n27057.e01,Faria1994.n27057.sg01,10,III-Na língua jurídica:,"Submeter à deliberação de, consultar","Cíc. Verr. 4, 85; Cíc. Pomp. 58: Cíc. Dom. 136."
corpus,lilaLemma:96667,Faria,Faria1994.n07899.e01,Faria1994.n07899.sg01,7,II-Sent. figurado:,"Substância, essência","Quint. 10, 1, 87."
uenio,lilaLemma:129790,Saraiva,Saraiva1910.xVenio,Saraiva1910.xVenio.sg01,8,,"succeder, acontecer, dar-se, sobrevir;",
ciuis,lilaLemma:94399,Faria,Faria1994.n06022.e01,Faria1994.n06022.sg01,2,,Súditos,"Cíc. Rep. 3, 37."
domus,lilaLemma:100071,Faria,Faria1994.n10345.e01,Faria1994.n10345.sg01,6,II-Empregos especiais:-Com esse:,superabundar,"Cíc. At. 10, 14, 2."
facio,lilaLemma:102758,Faria,Faria1994.n12363.e01,Faria1994.n12363.sg01,8,III-Em sent. intelectual:,"Supor. admitir, imaginar",C c. Tusc. I. 82.
fero,lilaLemma:103126,Faria,Faria1994.n12632.e01,Faria1994.n12632.sg01,3,II-Sent. figurado:,"Suportar, sofrer, tolerar","Cés. B. Gal. 3, 19, 3; Cíc. Tusc. 2, 46."
facio,lilaLemma:102758,Saraiva,Saraiva1910.xFacio,Saraiva1910.xFacio.sg01,9,,"suppôr, fingir, imaginar;",
fero,lilaLemma:103126,Saraiva,Saraiva1910.xFero,Saraiva1910.xFero.sg01,6,,"supportar, soffrer, tolerar, curtir;",
imperium,lilaLemma:106532,Faria,Faria1994.n15225.e01,Faria1994.n15225.sg01,2,"I-e daí, na língua política:","Supremo poder de tomar todas as medidas de utilidade pública. mesmo fora das leis. Mando, autoridade suprema, domínio, soberania","Cíc. Verr. 5, 8."
fero,lilaLemma:103126,Saraiva,Saraiva1910.xFero,Saraiva1910.xFero.sg01,6,,"sustentar, manter;",
hic,lilaLemma:105455,Faria,Faria1994.n14396.e01,Faria1994.n14396.sg01,2,II-Sents. especiais,Tal,com acus. de exclamação:
is,lilaLemma:109083,Faria,Faria1994.n17022.e01,Faria1994.n17022.sg01,4,Empregos mais gerais: is ut ou is qui consecutivo:,"tal, de tal modo:",
ille,lilaLemma:106221,Faria,Faria1994.n14953.e01,Faria1994.n14953.sg01,5,III-Empregos diversos:,"Tal, tais anunciando o que segue","Cíc. Ac. 1, 22."
uel,lilaLemma:129695,Faria,Faria1994.n33384.e01,Faria1994.n33384.sg01,5,,Talvez:,
etiam,lilaLemma:101554,Cardoso,Cardoso1570.n06946.e01,Cardoso1570.n06946.sg01,1,,tambẽ. ou si,
et,lilaLemma:101542,Cardoso,Cardoso1570.n06957.e01,Cardoso1570.n06957.sg01,1,,tambem,
et2,lilaLemma:101541,Velez,Velez1744.n1214.e02,Velez1744.n1214.sg02,1,,tambem,
etiam,lilaLemma:101554,Velez,Velez1744.n1218.e01,Velez1744.n1218.sg01,1,pro Quoque,tambem,
idem,lilaLemma:109082,Faria,Faria1994.n14852.e01,Faria1994.n14852.sg01,3,II-Sents. diversos;,"Também, ao mesmo tempo",Cíc. Nat. 3. 80.
uel,lilaLemma:129695,Velez,Velez1744.n3526.e01,Velez1744.n3526.sg01,1,interdum pro etiam,"tambem, até, ainda",
et2,lilaLemma:101541,Faria,Faria1994.n11418.e01,Faria1994.n11418.sg01,1,,"Também, do mesmo modo:",
qua2,lilaIpoLemma:110467,Faria,Faria1994.n26692.e01,Faria1994.n26692.sg01,1,,"Também, igualmente, do mesmo modo","Cés. B. Gal. 1, 1, 4: Cíc. Verr. 3. 206."
qua2,lilaIpoLemma:110467,Velez,Velez1744.n2897.e01,Velez1744.n2897.sg01,1,,"tambem, ou da mesma maneira",
qua2,lilaIpoLemma:110467,Fonseca,Fonseca1798.n25135.e01,Fonseca1798.n25135.sg01,1,Cic.,tambem.,
qua2,lilaIpoLemma:110467,Cardoso,Cardoso1570.n20016.e01,Cardoso1570.n20016.sg01,1,,tambem. ou semelhantemente,
tam,lilaLemma:127600,Cardoso,Cardoso1570.n24344.e01,Cardoso1570.n24344.sg01,1,,tanto,
ita,lilaLemma:109126,Faria,Faria1994.n17074.e01,Faria1994.n17074.sg01,5,Donde o emprego como consecutivo:,"tanto ... que, a tal ponto ... que, de tal sorte ... que",Cíc. Lae. 19.
si,lilaLemma:124676,Fonseca,Fonseca1798.n27705.e01,Fonseca1798.n27705.sg01,6,,"tanto que, depois que.",
ut2,lilaLemma:130905,Fonseca,Fonseca1798.n32299.e01,Fonseca1798.n32299.sg01,5,,"tanto que, despois que, logo que.",
tantus,lilaLemma:127630,Faria,Faria1994.n31228.e01,Faria1994.n31228.sg01,1,,"Tanto, tão grande quantidade de",Cíc. C. M. 44.
tantus,lilaLemma:127630,Faria,Faria1994.n31231.e01,Faria1994.n31231.sg01,1,I-Sent. próprio,"Tanto, tão grande, tamanho, tão grande quanto","em correlação com quantus Cés. B. Gal. 2, 11, 6."
tantus,lilaLemma:127630,Fonseca,Fonseca1798.n29848.e01,Fonseca1798.n29848.sg01,1,Cic.,"tanto, taõ grande.",
tantus,lilaLemma:127630,Faria,Faria1994.n31216.e01,Faria1994.n31216.sg01,1,I-Sent. próprio,"Tão caro, por preço tão alto","Cíc. Verr. 3, 194."
quantus,lilaLemma:121092,Fonseca,Fonseca1798.n24952.e01,Fonseca1798.n24952.sg01,3,,taõ grande que.,
tantus,lilaLemma:127630,Faria,Faria1994.n31216.e01,Faria1994.n31216.sg01,2,II-Sent. figurado,"Tão importante, de tanto valor","Cés. B. Gal. 1, 20, 5."
tantus,lilaLemma:127630,Faria,Faria1994.n31231.e01,Faria1994.n31231.sg01,2,II-Sent. moral:,"Tão importante, tão célebre, tal, de tal qualidade","Cíc. Fam. 13, 66, 1."
tantus,lilaLemma:127630,Faria,Faria1994.n31231.e01,Faria1994.n31231.sg01,3,II-Sent. moral:,"Tão pouco importante, tão pequeno, tão fraco",Cíc. Pomp. 14.
tantus,lilaLemma:127630,Faria,Faria1994.n31228.e01,Faria1994.n31228.sg01,2,,"Tão pouco, tão fraco","Cés. B. Gal. 6, 35, 9."
tantus,lilaLemma:127630,Faria,Faria1994.n31228.e01,Faria1994.n31228.sg01,3,,"Tão somente, não mais","Cic. Leg. 2, 6."
tam,lilaLemma:127600,Velez,Velez1744.n3337.e01,Velez1744.n3337.sg01,1,,"taõ, ou tanto",
tam,lilaLemma:127600,Fonseca,Fonseca1798.n29824.e01,Fonseca1798.n29824.sg01,1,,"taõ, tanto, assim.",
tam,lilaLemma:127600,Faria,Faria1994.n31183.e01,Faria1994.n31183.sg01,1,,"Tão, tanto, de tal forma","Cíc. Verr. 3, 85."
sic,lilaLemma:124690,Fonseca,Fonseca1798.n27711.e01,Fonseca1798.n27711.sg01,2,Plaut.,"taõ, tanto, muito.",
natura,lilaLemma:113421,Fonseca,Fonseca1798.n19065.e01,Fonseca1798.n19065.sg01,4,,"temperamento, qualidade.",
domus,lilaLemma:100071,Fonseca,Fonseca1798.n09397.e01,Fonseca1798.n09397.sg01,4,Virg.,templo.,
tempus,lilaLemma:127522,Faria,Faria1994.n31440.e01,Faria1994.n31440.sg01,1,I-Sent. próprio,Tempo,"sent. genérico Cíc. Rep. 1, 14."
tempus,lilaLemma:127522,Faria,Faria1994.n31440.e01,Faria1994.n31440.sg01,6,II-Na língua poética e retórica:,Tempo,"de verbo Quint. 1, 5, 47."
tempus,lilaLemma:127522,Fonseca,Fonseca1798.n29967.e01,Fonseca1798.n29967.sg01,5,Varr.,tempo entre os Grammaticos.,
tempus,lilaLemma:127522,Faria,Faria1994.n31440.e01,Faria1994.n31440.sg01,5,II-Na língua poética e retórica:,"Tempo, medida","Hor. Sát. 1, 4, 58."
tempus,lilaLemma:127522,Fonseca,Fonseca1798.n29967.e01,Fonseca1798.n29967.sg01,1,Cic.,tempo.,
dies,lilaLemma:99334,Fonseca,Fonseca1798.n08758.e01,Fonseca1798.n08758.sg01,2,,tempo.,
habeo,lilaLemma:105044,Faria,Faria1994.n14003.e01,Faria1994.n14003.sg01,5,II-Sent. figurado:,"Ter como, considerar como, julgar, avaliar","Cíc. Nat. I, 45; Cés. B. Gal. I, 44, I I; Cíc. Of. 1, 1441."
habeo,lilaLemma:105044,Saraiva,Saraiva1910.xHabeo,Saraiva1910.xHabeo.sg01,14,,"ter de seu, sêr rico;",
domus,lilaLemma:100071,Faria,Faria1994.n10345.e01,Faria1994.n10345.sg01,5,II-Empregos especiais:-Com habere:,ter em abundância,Plaut. Mil. 191.
habeo,lilaLemma:105044,Saraiva,Saraiva1910.xHabeo,Saraiva1910.xHabeo.sg01,5,,"têr em odio, despreso, etc., ter como objeto de lucro;",
habeo,lilaLemma:105044,Saraiva,Saraiva1910.xHabeo,Saraiva1910.xHabeo.sg01,2,,"ter em si, trazer, andar com;",
uideo,lilaLemma:130163,Saraiva,Saraiva1910.xVideo,Saraiva1910.xVideo.sg01,5,Fig.,"ter em vista, pôr a mira, o fito em, desejar;",
debeo,lilaLemma:97963,Faria,Faria1994.n08726.e01,Faria1994.n08726.sg01,2,I-Daí,"Ter obrigação de acepção em que aparece como verdadeiro auxiliar de verbos no infinitivo, estar obrigado a:",
habeo,lilaLemma:105044,Saraiva,Saraiva1910.xHabeo,Saraiva1910.xHabeo.sg01,4,,"ter para dizer, a responder;",
puto,lilaLemma:120610,Velez,Velez1744.n2832.e01,Velez1744.n2832.sg01,3,por,"ter para si, ou julgar","Saepe cum infinito, interdum cum accus."
possum,lilaLemma:118569,Faria,Faria1994.n24668.e01,Faria1994.n24668.sg01,2,II-Daí,"Ter poder, ser eficaz, ter influência","Cíc. Verr. 5, 97; Cíc. Tusc. 2, 34."
habeo,lilaLemma:105044,Saraiva,Saraiva1910.xHabeo,Saraiva1910.xHabeo.sg01,8,,"ter que fazer uma coisa, dever, haver de;",
cognosco,lilaLemma:94738,Faria,Faria1994.n06324.e01,Faria1994.n06324.sg01,5,"III-Intransitivamente: Cíc. Verr. 2, 26.","Ter relações com, ter ligação ilícita com","Ov. Her. 6, 133."
uolo,lilaLemma:130745,Saraiva,Saraiva1910.xVolo,Saraiva1910.xVolo.sg01,2,,ter tenção de.,
uideo,lilaLemma:130163,Saraiva,Saraiva1910.xVideo,Saraiva1910.xVideo.sg01,5,,ter um sonho;,
sum,lilaLemma:126689,Saraiva,Saraiva1910.xSum,Saraiva1910.xSum.sg01,1,no pret. perf.,"ter vivido, não existir já;",
uolo,lilaLemma:130745,Faria,Faria1994.n34130.e01,Faria1994.n34130.sg01,2,I-Sent. próprio,"Ter vontade de, ter intenção de, consentir","Cíc. AI. 9, 1, 3; Cíc. Tusc. 1, 88."
habeo,lilaLemma:105044,Saraiva,Saraiva1910.xHabeo,Saraiva1910.xHabeo.sg01,9,,"ter, considerar, reputar como, ter em conta de, julgar;",
teneo,lilaLemma:127822,Velez,Velez1744.n3365.e01,Velez1744.n3365.sg01,1,,"ter, deter, guardar, possuir, habitar",accus.
habeo,lilaLemma:105044,Faria,Faria1994.n14003.e01,Faria1994.n14003.sg01,3,I-Donde:,"Ter, haver","sent. próprio e figurado Cés .. B. Gal. I, 8, 1; Cíc. Verr. 2, 184; Cíc. Fam. 7, 26, 1; Cíc. Tusc. I, 57; Cíc. Leg. 2, 57."
gero,lilaLemma:104536,Faria,Faria1994.n13657.e01,Faria1994.n13657.sg01,5,II-Por extensão:,"Ter, mostrar, manter, nutrir","C Ie. Of. I, 115:"
sum,lilaLemma:126689,Velez,Velez1744.n3287.e01,Velez1744.n3287.sg01,4,por,"ter, ou ser tido","dativ. personae habentis; | additur, & alius dativ. pro cujus diversitate diversa significat, scilicet, cum dativ. Odio, significat, causar odio, ou ser de odio a alguem, | saepè solus dativ. rei ponitur;"
sum,lilaLemma:126689,Faria,Faria1994.n30738.e01,Faria1994.n30738.sg01,6,II-Empregos especiais:,"Ter, possuir","Cíc. Verr. 3, 168; Cíc. Phil. 2, 77; Cés. B. Gal. 5, 40, 7."
habeo,lilaLemma:105044,Velez,Velez1744.n1491.e01,Velez1744.n1491.sg01,1,,"ter, possuir, estimar",
habeo,lilaLemma:105044,Saraiva,Saraiva1910.xHabeo,Saraiva1910.xHabeo.sg01,1,,"ter, possuir;",
habeo,lilaLemma:105044,Fonseca,Fonseca1798.n13130.e01,Fonseca1798.n13130.sg01,1,Cic.,"ter, possuir.",
teneo,lilaLemma:127822,Fonseca,Fonseca1798.n29988.e01,Fonseca1798.n29988.sg01,1,Cic.,"ter, possuir.",
facio,lilaLemma:102758,Saraiva,Saraiva1910.xFacio,Saraiva1910.xFacio.sg01,7,,"ter, soffrer;",
fero,lilaLemma:103126,Saraiva,Saraiva1910.xFero,Saraiva1910.xFero.sg01,1,,ter;,
habeo,lilaLemma:105044,Saraiva,Saraiva1910.xHabeo,Saraiva1910.xHabeo.sg01,7,Seguido d’um part.p.,ter;,
habeo,lilaLemma:105044,Cardoso,Cardoso1570.n09060.e01,Cardoso1570.n09060.sg01,1,,ter. ou entẽder,
teneo,lilaLemma:127822,Cardoso,Cardoso1570.n24518.e01,Cardoso1570.n24518.sg01,1,,ter. ou possuir. ou entẽder,
licet,lilaLemma:110432,Faria,Faria1994.n18069.e01,Faria1994.n18069.sg01,1,,Terá sido permitido,Cíc. AI. 2. 1. 5.
modus,lilaLemma:112553,Fonseca,Fonseca1798.n18504.e01,Fonseca1798.n18504.sg01,5,,"termo, fim, limite.",
terra,lilaLemma:127912,Faria,Faria1994.n31558.e01,Faria1994.n31558.sg01,1,I-Sent. próprio,"Terra, a terra firme, o continente",Cíc. Mur. 33.
terra,lilaLemma:127912,Fonseca,Fonseca1798.n30075.e01,Fonseca1798.n30075.sg01,1,Cic.,terra.,
tuus,lilaLemma:129328,Faria,Faria1994.n32795.e01,Faria1994.n32795.sg01,2,II-Sent. particular,Teu querido,"Cic. De Or. 1, 45."
tuus,lilaLemma:129328,Faria,Faria1994.n32795.e01,Faria1994.n32795.sg01,1,I-Sent. próprio,"Teu, tua",Plaut. Amph. 375.
tuus,lilaLemma:129328,Fonseca,Fonseca1798.n31052.e01,Fonseca1798.n31052.sg01,1,Cic.,teu.,
mitto,lilaLemma:112499,Faria,Faria1994.n19659.e01,Faria1994.n19659.sg01,6,II-Posteriormente:,"Tirar sangue, sangrar","sent. físico e moral Cíc. At. 6, 1, 2."
fero,lilaLemma:103126,Saraiva,Saraiva1910.xFero,Saraiva1910.xFero.sg01,4,,"tirar, tomar, pilhar, saquear, devastar;",
nomen,lilaLemma:113797,Faria,Faria1994.n20624.e01,Faria1994.n20624.sg01,6,III-Na língua jurídica:,"Título de crédito, título de dívida, dinheiro empregado, crédito, dívida, devedor","C íc. Verr. 1, 28."
ius,lilaLemma:109252,Faria,Faria1994.n17271.e01,Faria1994.n17271.sg01,1,I-Sent. próprio,"Títulos que estabelecem o direito, justiça, direito",Cíc. Tusc. 1. 64.
omnis,lilaLemma:114954,Faria,Faria1994.n21562.e01,Faria1994.n21562.sg01,5,No neutro pl.:,"Todas as coisas, tudo","Cíc. Lae, 35."
omnis,lilaLemma:114954,Faria,Faria1994.n21562.e01,Faria1994.n21562.sg01,6,No masculino pl.:,"Todas as pessoas, toda gente, todos","T. Lív. 31, 45, 7."
tamen,lilaLemma:127607,Faria,Faria1994.n31186.e01,Faria1994.n31186.sg01,1,,"Todavia, contudo, entretanto, ainda que","Cíc:. Verr. 4, 123."
omnis,lilaLemma:114954,Cardoso,Cardoso1570.n16109.e01,Cardoso1570.n16109.sg01,1,,todo,
quisque,lilaLemma:121320,Faria,Faria1994.n26657.e01,Faria1994.n26657.sg01,3,= quicumque,todo aquele que,"T. Lív. 1, 24, 3."
omnis,lilaLemma:114954,Fonseca,Fonseca1798.n20267.e01,Fonseca1798.n20267.sg01,1,Cic.,todo em número.,
omnis,lilaLemma:114954,Faria,Faria1994.n21562.e01,Faria1994.n21562.sg01,3,Sent. próprio,"Todo, cada ideia de número, em todo o tempo.",Cíc. Amer. 16
totus,lilaLemma:128484,Fonseca,Fonseca1798.n30443.e01,Fonseca1798.n30443.sg01,1,Cic.,"todo, inteiro, total.",
totus,lilaLemma:128484,Faria,Faria1994.n32149.e01,Faria1994.n32149.sg01,1,,"Todo, inteiro:",
quis,lilaLemma:121165,Velez,Velez1744.n2888.e01,Velez1744.n2888.sg01,1,,"todo, qualquer, ou cada hum","semper postponitur Numeralibus, sicut & Superlativis, | & etiam Partitivis"
omnis,lilaLemma:114954,Faria,Faria1994.n21562.e01,Faria1994.n21562.sg01,1,Sent. próprio,"Todo, toda","Cíc. Agr. 2, 70."
totus,lilaLemma:128484,Cardoso,Cardoso1570.n24987.e01,Cardoso1570.n24987.sg01,1,,todo. ou toda,
cognosco,lilaLemma:94738,Faria,Faria1994.n06324.e01,Faria1994.n06324.sg01,4,II-Empregos especiais:-na língua jurídica:,"Tomar conhecimento de uma causa, fazer uma investigação, investigar judicialmente, julgar",Cíc. Scaur. 24.
accipio,lilaLemma:87119,Faria,Faria1994.n00281.e01,Faria1994.n00281.sg01,1,I-Sent. próprio,"Tomar para si, receber, aceitar:",
habeo,lilaLemma:105044,Saraiva,Saraiva1910.xHabeo,Saraiva1910.xHabeo.sg01,6,,tomar uma coisa d’um modo qualquer;,
capio,lilaLemma:92686,Faria,Faria1994.n04907.e01,Faria1994.n04907.sg01,6,II-Sent. figurado:,"Tomar, apoderar-se, tomar a força, ocupar","Cés. B. Civ. 3, 59, 2."
capio,lilaLemma:92686,Velez,Velez1744.n0587.e01,Velez1744.n0587.sg01,1,,"tomar, receber, comprehender, captivar, deleitar","Tot habet significata, quod rebus diversis jungitur"
accipio,lilaLemma:87119,Velez,Velez1744.n0049.e01,Velez1744.n0049.sg01,1,,"tomar, receber, ouvir ou entender",
capio,lilaLemma:92686,Fonseca,Fonseca1798.n03927.e01,Fonseca1798.n03927.sg01,1,Cic.,"tomar, receber.",
capio,lilaLemma:92686,Faria,Faria1994.n04907.e01,Faria1994.n04907.sg01,14,II,"Tomar, retomar, perceber","sent. fig. Cíc. Phil. 3, 29; Ces. B. Gal. 7, 26, 3."
habeo,lilaLemma:105044,Saraiva,Saraiva1910.xHabeo,Saraiva1910.xHabeo.sg01,6,,topar alguem em uma disposição qualquer;,
refero,lilaLemma:122494,Faria,Faria1994.n27057.e01,Faria1994.n27057.sg01,3,I-Donde:,"Tornar a enviar, enviar, remeter, reenviar, devolver",Cíc. Nat. 2. 144.
refero,lilaLemma:122494,Fonseca,Fonseca1798.n25507.e01,Fonseca1798.n25507.sg01,1,Cic.,"tornar a trazer, ou a levar.",
refero,lilaLemma:122494,Velez,Velez1744.n2926.e01,Velez1744.n2926.sg01,1,,"tornar a trazer, ou levar",accus.
refero,lilaLemma:122494,Cardoso,Cardoso1570.n20331.e01,Cardoso1570.n20331.sg01,1,,tornar a trazer. ou cõtar,
uenio,lilaLemma:129790,Saraiva,Saraiva1910.xVenio,Saraiva1910.xVenio.sg01,13,,"tornar-se usado, passar em proverbio;",
facio,lilaLemma:102758,Saraiva,Saraiva1910.xFacio,Saraiva1910.xFacio.sg01,3,,"tornar, reduzir a um estado qualquer, fazer;",
inquam,lilaLemma:108033,Cardoso,Cardoso1570.n10718.e01,Cardoso1570.n10718.sg01,1,,torno à dizer,
facio,lilaLemma:102758,Faria,Faria1994.n12363.e01,Faria1994.n12363.sg01,4,II-Sent. figurado:,"Trabalhar, produzir. compor",C ie. Verr. 5. 63; Cíc. Or. 172.
habeo,lilaLemma:105044,Saraiva,Saraiva1910.xHabeo,Saraiva1910.xHabeo.sg01,5,,"tractar alguem, portar-se para com;",
habeo,lilaLemma:105044,Saraiva,Saraiva1910.xHabeo,Saraiva1910.xHabeo.sg01,5,,"tractar de negocios, dirigir, administrar;",
ago,lilaLemma:88140,Saraiva,Saraiva1910.xAgo,Saraiva1910.xAgo.sg01,8,,tractar um assumpto;,
ago,lilaLemma:88140,Saraiva,Saraiva1910.xAgo,Saraiva1910.xAgo.sg01,1,,"transportar, fazer andar, adiantar-se;",
habeo,lilaLemma:105044,Faria,Faria1994.n14003.e01,Faria1994.n14003.sg01,4,II-Sent. figurado:,Tratar,"Sal. B. Jug. 113, 2; Sal. B. Jug. 64, 5."
ago,lilaLemma:88140,Faria,Faria1994.n01300.e01,Faria1994.n01300.sg01,10,II-Na língua comum:,"Tratar de, discutir, sustentar, empreender","Cíc. Mur. 51; Cés. B. Gal. 1, 13, 3."
sum,lilaLemma:126689,Faria,Faria1994.n30738.e01,Faria1994.n30738.sg01,8,II-Empregos especiais:,"Tratar de, versar sobre, compor-se de","Cíc. Tusc. 1, 24; Cíc. Verr. 5, 110; Cíc. De Or. 3, 183."
gero,lilaLemma:104536,Cardoso,Cardoso1570.n08755.e01,Cardoso1570.n08755.sg01,1,,trazer ás costas,
refero,lilaLemma:122494,Faria,Faria1994.n27057.e01,Faria1994.n27057.sg01,1,I-Sent. próprio,"Trazer de novo, tornar a levar","Cíc. At. 15, 16 a.."
fero,lilaLemma:103126,Faria,Faria1994.n12632.e01,Faria1994.n12632.sg01,2,I-Sent. próprio,"Trazer no ventre, estar grávida. produzir","tratando-se de plantas T. Lív. I. 3--1. 3: C ie. Leg. 2, 67."
fero,lilaLemma:103126,Saraiva,Saraiva1910.xFero,Saraiva1910.xFero.sg01,1,fig.,"trazer, andar, ou estar com;",
facio,lilaLemma:102758,Saraiva,Saraiva1910.xFacio,Saraiva1910.xFacio.sg01,5,,"trazer, causar, ser o motivo de, excitar, suscitar;",
fero,lilaLemma:103126,Fonseca,Fonseca1798.n11688.e01,Fonseca1798.n11688.sg01,1,Cic.,"trazer, levar.",
fero,lilaLemma:103126,Saraiva,Saraiva1910.xFero,Saraiva1910.xFero.sg01,3,,"trazer, offerecer, apresentar, dar, propôr;",
fero,lilaLemma:103126,Saraiva,Saraiva1910.xFero,Saraiva1910.xFero.sg01,3,fig.,"trazer, produzir, causar;",
gero,lilaLemma:104536,Velez,Velez1744.n1455.e01,Velez1744.n1455.sg01,1,,"trazer, ter, fazer",
gero,lilaLemma:104536,Fonseca,Fonseca1798.n12760.e01,Fonseca1798.n12760.sg01,1,Cic.,trazer.,
ius,lilaLemma:109252,Fonseca,Fonseca1798.n16407.e01,Fonseca1798.n16407.sg01,4,Ter.,"tribunal, juizo.",
iudicium,lilaLemma:109170,Fonseca,Fonseca1798.n16343.e01,Fonseca1798.n16343.sg01,4,Quinct.,"tribunal, lugar, em que se julga alguma cousa.",
iudicium,lilaLemma:109170,Faria,Faria1994.n17211.e01,Faria1994.n17211.sg01,4,I-Daí:,Tribunal:,
uinco,lilaLemma:130232,Faria,Faria1994.n33892.e01,Faria1994.n33892.sg01,3,II-Sent figurado:,"Triunfar de, triunfar, superar","Verg. En. 1, 127; Cíc. Amer. 73."
manus,lilaLemma:111585,Faria,Faria1994.n18917.e01,Faria1994.n18917.sg01,9,II-Sent. figurado,Tromba de elefante,"Cíc. Nal. 2, 120."
manus,lilaLemma:111585,Fonseca,Fonseca1798.n17865.e01,Fonseca1798.n17865.sg01,5,Cic.,tromba do elefante.,
corpus,lilaLemma:96667,Faria,Faria1994.n07899.e01,Faria1994.n07899.sg01,4,I-Daí:,Tronco de uma árvore,"Ov. Met. 11, 794."
legio,lilaLemma:110166,Faria,Faria1994.n17818.e01,Faria1994.n17818.sg01,3,III-Sent. figurado:,"Tropas, baterias",Plaut. Caso 50.
tu,lilaLemma:129131,Cardoso,Cardoso1570.n25343.e01,Cardoso1570.n25343.sg01,1,,tu,
tu,lilaLemma:129131,Faria,Faria1994.n32777.e01,Faria1994.n32777.sg01,1,,Tu mesmo,"Cíc. Rep. 1, 59."
tu,lilaLemma:129131,Fonseca,Fonseca1798.n31040.e01,Fonseca1798.n31040.sg01,1,Cic.,tu mesmo.,
tu,lilaLemma:129131,Faria,Faria1994.n32618.e01,Faria1994.n32618.sg01,1,,"Tu, te, ti","Cíc. De Or. 2, 94."
tu,lilaLemma:129131,Fonseca,Fonseca1798.n30913.e01,Fonseca1798.n30913.sg01,1,Cic.,tu.,
omnis,lilaLemma:114954,Faria,Faria1994.n21562.e01,Faria1994.n21562.sg01,4,No neutro sing. omne,Tudo,"Cíc. De Or.. 2, 158."
omnis,lilaLemma:114954,Velez,Velez1744.n2375.e01,Velez1744.n2375.sg01,1,,"tudo, ou toda a cousa",
nouus,lilaLemma:113900,Faria,Faria1994.n20735.e01,Faria1994.n20735.sg01,10,"III-No superl.: novissīmus, -a, -um:","último, que vem em último lugar, o mais recente, o último, o maior",
quidam,lilaLemma:121313,Faria,Faria1994.n26561.e01,Faria1994.n26561.sg01,2,Forma subs.:,"Um certo, algum, alguma coisa","Cíc. Or. 75; Cíc. Nat. 3, 88."
quidam,lilaLemma:121313,Faria,Faria1994.n26561.e01,Faria1994.n26561.sg01,1,Forma adj.:,"Um certo, algum, um, alguma","Cíc. Verr. 5, 153."
unus,lilaLemma:85636,Faria,Faria1994.n33038.e01,Faria1994.n33038.sg01,4,II-Sents. diversos,"Um certo, certa pessoa","Cíc. De Or. 1, 132."
alter,lilaLemma:88457,Faria,Faria1994.n01673.e01,Faria1994.n01673.sg01,1,,Um de dois outro falando de dois,"Cíc. Tusc. 1, 97."
terra,lilaLemma:127912,Faria,Faria1994.n31558.e01,Faria1994.n31558.sg01,7,III-Sent figurado:,"Um homem da terra, um desconhecido","Cíc. At. 1, 13, 4."
unus,lilaLemma:85636,Faria,Faria1994.n33038.e01,Faria1994.n33038.sg01,3,II-Sents. diversos,"Um mais que todos os outros, o primeiro","Verg. En. 1, 15."
unus,lilaLemma:85636,Faria,Faria1994.n33038.e01,Faria1994.n33038.sg01,2,II-Sents. diversos,"Um mesmo, o mesmo",Cíc. Clu. 28.
hic,lilaLemma:105455,Faria,Faria1994.n14396.e01,Faria1994.n14396.sg01,3,II-Sents. especiais,Um ou outro,tratando-se de dois objetos T. Lív. 24. . 17.
unus,lilaLemma:85636,Faria,Faria1994.n33038.e01,Faria1994.n33038.sg01,1,I-Sent. próprio,"Um, um só, único","Cíc. Fam. 2, 7, 3."
alter,lilaLemma:88457,Faria,Faria1994.n01673.e01,Faria1994.n01673.sg01,8,,Unus aut alter. um ou dois,Cíc. Mur. 43.
alter,lilaLemma:88457,Faria,Faria1994.n01673.e01,Faria1994.n01673.sg01,7,,Unus et alter: um e depois o outro,"Cíc. Verr. 2, 75."
arma,lilaLemma:89998,Faria,Faria1994.n02868.e01,Faria1994.n02868.sg01,2,I-Sent. próprio,"Utensílios, instrumentos","Verg. En. 1, 177."
res,lilaLemma:121868,Faria,Faria1994.n27428.e01,Faria1994.n27428.sg01,2,I-Daí,"Utilidade, vantagem, interesse",em várias locuções:
res,lilaLemma:121868,Fonseca,Fonseca1798.n25883.e01,Fonseca1798.n25883.sg01,3,,utilidade.,
eo,lilaLemma:101183,Faria,Faria1994.n17109.e01,Faria1994.n17109.sg01,1,,Vai-se.,
sum,lilaLemma:126689,Saraiva,Saraiva1910.xSum,Saraiva1910.xSum.sg01,7,,"valer, custar;",
uirtus,lilaLemma:130356,Faria,Faria1994.n33990.e01,Faria1994.n33990.sg01,2,II-Sent. próprio,"Valor, coragem","Cés. B. Gal. 1, 1, 4."
animus,lilaLemma:89094,Fonseca,Fonseca1798.n01750.e01,Fonseca1798.n01750.sg01,4,,valor.,
bonum,lilaLemma:91351,Faria,Faria1994.n04248.e01,Faria1994.n04248.sg01,2,II-Sent. figurado,"Vantagem, utilidade, bom êxito",Cíc. Br. 123.
nullus,lilaLemma:114081,Fonseca,Fonseca1798.n19530.e01,Fonseca1798.n19530.sg01,2,,"vão, de nenhuma consequencia.",
uideo,lilaLemma:130163,Faria,Faria1994.n33829.e01,Faria1994.n33829.sg01,1,,"Vê lá, toma cuidado",Plaut. PS. 153.
uel,lilaLemma:129695,Faria,Faria1994.n33385.e01,Faria1994.n33385.sg01,2,,"Vel ... vel, ou ... ou, seja ... seja","Cés. B. Ga1. 1, 6, 3."
pater,lilaLemma:116203,Faria,Faria1994.n22464.e01,Faria1994.n22464.sg01,10,IV-No pl.:,Velho,Verg. En. 5. 521.
uinco,lilaLemma:130232,Velez,Velez1744.n3574.e01,Velez1744.n3574.sg01,1,,vencer,Activ.
uinco,lilaLemma:130232,Fonseca,Fonseca1798.n31750.e01,Fonseca1798.n31750.sg01,1,Cic.,"vencer, ser vencedor, prevalecer.",
uinco,lilaLemma:130232,Cardoso,Cardoso1570.n26184.e01,Cardoso1570.n26184.sg01,1,,vencer. ou ganhar em ho iogo,
pater,lilaLemma:116203,Faria,Faria1994.n22464.e01,Faria1994.n22464.sg01,4,III-Sent. figurado:,"Venerável, nobre",tratando-se de homens Verg. En. 1. 699.
uideo,lilaLemma:130163,Cardoso,Cardoso1570.n26128.e01,Cardoso1570.n26128.sg01,1,,ver,
uideo,lilaLemma:130163,Faria,Faria1994.n33827.e01,Faria1994.n33827.sg01,1,I-Sent. próprio,Ver,"Cíc. Of. 1, 105; Cíc. Phil. 2, 63; Cíc. Verr. 4, 146; Cíc. Planc. 29; Cíc. Mil. 77."
uideo,lilaLemma:130163,Saraiva,Saraiva1910.xVideo,Saraiva1910.xVideo.sg01,5,,ver claramente;,
uideo,lilaLemma:130163,Saraiva,Saraiva1910.xVideo,Saraiva1910.xVideo.sg01,5,,ver em sonho;,
uideo,lilaLemma:130163,Saraiva,Saraiva1910.xVideo,Saraiva1910.xVideo.sg01,5,,"ver pelo pensamento, notar, reparar;",
uideo,lilaLemma:130163,Saraiva,Saraiva1910.xVideo,Saraiva1910.xVideo.sg01,1,,"ver, avistar, descobrir;",
uideo,lilaLemma:130163,Velez,Velez1744.n3566.e01,Velez1744.n3566.sg01,1,,"ver, entender, considerar, advertir, prover",Activ.
uideo,lilaLemma:130163,Saraiva,Saraiva1910.xVideo,Saraiva1910.xVideo.sg01,6,,"ver, examinar, perscrutar;",
uideo,lilaLemma:130163,Saraiva,Saraiva1910.xVideo,Saraiva1910.xVideo.sg01,7,,"ver, presenciar, ser testemunha de;",
uideo,lilaLemma:130163,Faria,Faria1994.n33827.e01,Faria1994.n33827.sg01,7,III-Daí:,"Ver, presenciar, ter testemunha","Cíc. At. 16, 11, 1."
uideo,lilaLemma:130163,Fonseca,Fonseca1798.n31678.e01,Fonseca1798.n31678.sg01,1,Cic.,ver.,
uerbum,lilaLemma:131057,Fonseca,Fonseca1798.n31423.e01,Fonseca1798.n31423.sg01,3,Quinct.,verbo.,
uero,lilaIpoLemma:111474,Faria,Faria1994.n33589.e01,Faria1994.n33589.sg01,1,,"Verdadeiramente, com toda certeza, em verdade","Cíc. Of. 3, 1."
puto,lilaLemma:120610,Faria,Faria1994.n26280.e01,Faria1994.n26280.sg01,3,II-Sent. figurado:,"Verificar uma conta, apurar",Cíc. At. 4. 11. 1.
uideo,lilaLemma:130163,Faria,Faria1994.n33827.e01,Faria1994.n33827.sg01,5,III-Daí:,"Verificar, encontrar","Cíc. Tusc. 3, 59."
uideo,lilaLemma:130163,Faria,Faria1994.n33825.e01,Faria1994.n33825.sg01,1,,Vês? Vês por acaso?,"Cíc. Fam. 9, 22, 3; Ter. Eun. 241."
uita,lilaLemma:130393,Faria,Faria1994.n34014.e01,Faria1994.n34014.sg01,1,I-Sent. próprio,Vida,"em oposição a mors Tác. An. 2, 88."
uita,lilaLemma:130393,Faria,Faria1994.n34014.e01,Faria1994.n34014.sg01,7,II-Sent figurado,"Vida, biografia, história",C. Nep. pref. 8.
uita,lilaLemma:130393,Fonseca,Fonseca1798.n31872.e01,Fonseca1798.n31872.sg01,1,Cic.,vida.,
uis,lilaLemma:130360,Fonseca,Fonseca1798.n31852.e01,Fonseca1798.n31852.sg01,2,,violencia.,
uenio,lilaLemma:129790,Saraiva,Saraiva1910.xVenio,Saraiva1910.xVenio.sg01,15,,vir ao espirito.,
uenio,lilaLemma:129790,Saraiva,Saraiva1910.xVenio,Saraiva1910.xVenio.sg01,6,,"vir o mar, o ar;",
uenio,lilaLemma:129790,Saraiva,Saraiva1910.xVenio,Saraiva1910.xVenio.sg01,8,,vir o tempo;,
uenio,lilaLemma:129790,Saraiva,Saraiva1910.xVenio,Saraiva1910.xVenio.sg01,1,,"vir por agua, abordar, abicar, aportar;",
uenio,lilaLemma:129790,Faria,Faria1994.n33489.e01,Faria1994.n33489.sg01,2,I-Daí:,"Vir sobre, avançar, chegar a, cair sobre","Cíc. Of. 1, 113; Cés. B. Civ. 1, 17, 2."
uenio,lilaLemma:129790,Saraiva,Saraiva1910.xVenio,Saraiva1910.xVenio.sg01,1,,vir voando;,
uenio,lilaLemma:129790,Saraiva,Saraiva1910.xVenio,Saraiva1910.xVenio.sg01,15,Unip.,vir-se a;,
uenio,lilaLemma:129790,Faria,Faria1994.n33489.e01,Faria1994.n33489.sg01,1,I-Sent. próprio,"Vir, chegar","Cíc. At. 5, 12, 1; Cic. Clu. 93; Plaut. Bae. 631; Cés. B. Gal. 7, 66, 2; Cíc. Mare. 25."
uenio,lilaLemma:129790,Saraiva,Saraiva1910.xVenio,Saraiva1910.xVenio.sg01,13,,"vir, chegar a ter este ou aquelle sentimento;",
uenio,lilaLemma:129790,Saraiva,Saraiva1910.xVenio,Saraiva1910.xVenio.sg01,13,,"vir, chegar a;",
uenio,lilaLemma:129790,Saraiva,Saraiva1910.xVenio,Saraiva1910.xVenio.sg01,7,Fig.,"vir, chegar com respeito ás pessoas e ás coisas;",
uenio,lilaLemma:129790,Saraiva,Saraiva1910.xVenio,Saraiva1910.xVenio.sg01,1,,"vir, chegar;",
uenio,lilaLemma:129790,Fonseca,Fonseca1798.n31367.e01,Fonseca1798.n31367.sg01,1,Cic.,"vir, chegar.",
uenio,lilaLemma:129790,Saraiva,Saraiva1910.xVenio,Saraiva1910.xVenio.sg01,7,,"vir, nascer um sentimento;",
uenio,lilaLemma:129790,Velez,Velez1744.n3532.e01,Velez1744.n3532.sg01,1,,"vir, ou chegar",Neutr.
uenio,lilaLemma:129790,Saraiva,Saraiva1910.xVenio,Saraiva1910.xVenio.sg01,4,,vir;,
uenio,lilaLemma:129790,Cardoso,Cardoso1570.n25775.e01,Cardoso1570.n25775.sg01,1,,vir. ou ir,
uirtus,lilaLemma:130356,Faria,Faria1994.n33990.e01,Faria1994.n33990.sg01,4,III-Sent moral:,"Virtude amor e prática do bem, mérito","Cíc. Fin. 5, 38."
uirtus,lilaLemma:130356,Velez,Velez1744.n3578.e01,Velez1744.n3578.sg01,1,,"virtude, esforço, força, ou propriedade de qualquer cousa",
uirtus,lilaLemma:130356,Faria,Faria1994.n33990.e01,Faria1994.n33990.sg01,6,III-Daí:,"Virtude, perfeição moral",Cíc. Lae. 20.
uis,lilaLemma:130360,Fonseca,Fonseca1798.n31852.e01,Fonseca1798.n31852.sg01,3,,"virtude, propriedade.",
uirtus,lilaLemma:130356,Fonseca,Fonseca1798.n31849.e01,Fonseca1798.n31849.sg01,1,Cic.,virtude.,
cum,lilaLemma:97202,Faria,Faria1994.n08332.e01,Faria1994.n08332.sg01,2,,"Visto que, pois que, desde que, já que, como",sent. causal Cíc. Lac. 92; Cíc. Br. 69; Cíc. Arch. 7.
qui,lilaLemma:121354,Faria,Faria1994.n26549.e01,Faria1994.n26549.sg01,3,I-Relativo:-Sent. particular.,"Visto que, pois que, porque",matiz causal:
uiuo,lilaLemma:130476,Cardoso,Cardoso1570.n26404.e01,Cardoso1570.n26404.sg01,1,,viuer,
uiuo,lilaLemma:130476,Velez,Velez1744.n3582.e01,Velez1744.n3582.sg01,1,,viver,"o com que alguem vive, ou se sustenta, in abl."
sum,lilaLemma:126689,Saraiva,Saraiva1910.xSum,Saraiva1910.xSum.sg01,2,,"viver com, ter tracto.",Cic. Ov.;
uiuo,lilaLemma:130476,Faria,Faria1994.n34074.e01,Faria1994.n34074.sg01,3,II-Donde:,"Viver de, alimentar-se de","Cés. B. Gal. 4, 1,8; T. Lív. 27, 12, 5; Plaut. Mil. 706."
uiuo,lilaLemma:130476,Faria,Faria1994.n34074.e01,Faria1994.n34074.sg01,4,II-Donde:,"Viver, durar, subsistir, conservar-se","Cíc. Lae. 102; Verg. En. 4, 67."
ago,lilaLemma:88140,Faria,Faria1994.n01300.e01,Faria1994.n01300.sg01,7,II-Empregos especiais:,"Viver, passar a vida","tr. int. Cíc. Tusc. 5, 77;"
uiuo,lilaLemma:130476,Faria,Faria1994.n34074.e01,Faria1994.n34074.sg01,1,I-Sent. próprio,"Viver, ter vida, existir","Cíc. Sest. 108; Cíc. C. M. 24; Cíc. Of. 3, 8; Cíc. Verr. 2, 118; Cíc. Cat. 1, 2."
sum,lilaLemma:126689,Saraiva,Saraiva1910.xSum,Saraiva1910.xSum.sg01,1,,viver;,
uiuo,lilaLemma:130476,Fonseca,Fonseca1798.n31945.e01,Fonseca1798.n31945.sg01,1,Cic.,viver.,
uenio,lilaLemma:129790,Saraiva,Saraiva1910.xVenio,Saraiva1910.xVenio.sg01,13,,voltar ao assumpto;,
uenio,lilaLemma:129790,Saraiva,Saraiva1910.xVenio,Saraiva1910.xVenio.sg01,1,,"voltar, tornar;",
refero,lilaLemma:122494,Faria,Faria1994.n27057.e01,Faria1994.n27057.sg01,5,II-Sent. figurado:,"Voltar, volver",Cíc. Quinct. 47.
refero,lilaLemma:122494,Faria,Faria1994.n27057.e01,Faria1994.n27057.sg01,11,"III-Com pedem; gressum, ou cursum:",voltar’,"emprego poético Ov. Her. 16, 88."
mos,lilaLemma:112831,Faria,Faria1994.n19868.e01,Faria1994.n19868.sg01,6,II-Sent. poético:,"Vontade, desejo, capricho","Cíc. Tusc. I, 17."
animus,lilaLemma:89094,Fonseca,Fonseca1798.n01750.e01,Fonseca1798.n01750.sg01,2,,"vontade, designio, tenção.",
uos,lilaIpoLemma:110488,Faria,Faria1994.n34208.e01,Faria1994.n34208.sg01,1,,Vós,Cíc. Phil. 4. 4.
tu,lilaLemma:129131,Velez,Velez1744.n3481.e01,Velez1744.n3481.sg01,1,,vos mesmo,
uos,lilaIpoLemma:110488,Faria,Faria1994.n34210.e01,Faria1994.n34210.sg01,1,,Vós mesmos,Cíc. Cael. 43.
uos,lilaIpoLemma:110488,Fonseca,Fonseca1798.n32211.e01,Fonseca1798.n32211.sg01,1,Cic.,vós.,
uester,lilaLemma:130009,Faria,Faria1994.n33688.e01,Faria1994.n33688.sg01,3,II-Como neutro:,Vossa maneira de ser,Ter. Eun. 1.066.
uester,lilaLemma:130009,Faria,Faria1994.n33688.e01,Faria1994.n33688.sg01,6,II-Como neutro pl.:,"Vossas obras, vossas teorias","Cíc. Nat. 2, 73."
uester,lilaLemma:130009,Faria,Faria1994.n33688.e01,Faria1994.n33688.sg01,1,I-Sent. próprio,"Vosso, vossa","subjetivo e objetivo Cíc. Rep. 6, 14; T. Lív. 30, 44, 7."
uester,lilaLemma:130009,Fonseca,Fonseca1798.n31559.e01,Fonseca1798.n31559.sg01,1,Cic.,vosso.,
uester,lilaLemma:130009,Fonseca,Fonseca1798.n32212.e01,Fonseca1798.n32212.sg01,1,Plaut.,vosso.,
uester,lilaLemma:130009,Faria,Faria1994.n33688.e01,Faria1994.n33688.sg01,4,II-Como neutro:,"Vossos bens, vossos haveres","T. Lív. 6, 15, 10."
uox,lilaLemma:130806,Faria,Faria1994.n34219.e01,Faria1994.n34219.sg01,1,I-Sent. próprio,Voz,Cíc. C. M. 14.
uox,lilaLemma:130806,Faria,Faria1994.n34219.e01,Faria1994.n34219.sg01,5,III-Sent. figurado:,Voz,Cíc. Scaur. 16.
uox,lilaLemma:130806,Faria,Faria1994.n34219.e01,Faria1994.n34219.sg01,4,II-Sents. diversos:,"Voz modificada pelo canto, canto, voz dos animais, som dos instrumentos, ruído, murmúrio","Cíc. De Or. 3, 1, 97."
uox,lilaLemma:130806,Fonseca,Fonseca1798.n32220.e01,Fonseca1798.n32220.sg01,1,Cic.,voz.,
atque,lilaLemma:90490,Cardoso,Cardoso1570.n00201.e01,Cardoso1570.n00201.sg01,1,pro et,,
accipio,lilaLemma:87119,Cardoso,Cardoso1570.n00253.e01,Cardoso1570.n00253.sg01,1,pro intelligo,,
atque,lilaLemma:90490,Cardoso,Cardoso1570.n02278.e01,Cardoso1570.n02278.sg01,1,vt &,,
facio,lilaLemma:102758,Cardoso,Cardoso1570.n07611.e01,Cardoso1570.n07611.sg01,1,pro conuenio,,
habeo,lilaLemma:105044,Cardoso,Cardoso1570.n09065.e01,Cardoso1570.n09065.sg01,1,,,Dir-se-ha quando hum tem o que deseiou. ou o que mereceo. Tomou-se dos caçadores. ou pescadores que quando tornão as redes. dizem. Hay algo.
in,lilaLemma:106748,Cardoso,Cardoso1570.n09853.e01,Cardoso1570.n09853.sg01,1,pro contra,,
uiuo,lilaLemma:130476,Cardoso,Cardoso1570.n26412.e01,Cardoso1570.n26412.sg01,1,,,Isto diremos aos defuntos como disse Cicero pelos esconjurados que elle enforcou.
atque,lilaLemma:90490,Velez,Velez1744.n0427.e01,Velez1744.n0427.sg01,1,Pro Et,,
in,lilaLemma:106748,Velez,Velez1744.n1646.e01,Velez1744.n1646.sg01,1,,,cum verbis motûs de loco ad locum accus. habet
qua,lilaIpoLemma:110471,Velez,Velez1744.n2872.e10,Velez1744.n2872.sg10,1,pro Quomodo,,
tum,lilaLemma:129198,Velez,Velez1744.n3470.e01,Velez1744.n3470.sg01,1,,,"saepe ponitur post Cùm, & idem ferè significat, nisi quod Tum maius quoddam in se contineat, aut specialius. Itaque, Cùm significat assim, Tum como tambem"
ab,lilaLemma:86824,Faria,Faria1994.n00003.e01,Faria1994.n00003.sg01,1,"I-Sent. próprio-Ponto de partida da vizinhança de um lugar, e não do interior do mesmo, podendo ou não ter ideia de movimento:",,
castra,lilaLemma:138599,Faria,Faria1994.n05136.e01,Faria1994.n05136.sg01,10,III-Notem-se as expressões da língua militar:,,
nihil,lilaLemma:114071,Faria,Faria1994.n20513.e01,Faria1994.n20513.sg01,10,II-Empregos particulares:,,
pars,lilaLemma:116084,Faria,Faria1994.n22363.e01,Faria1994.n22363.sg01,10,V-Em expressões como:,,
paruus,lilaLemma:116136,Faria,Faria1994.n22415.e01,Faria1994.n22415.sg01,10,IV-Em expressões adverbiais:,,
tempus,lilaLemma:127522,Faria,Faria1994.n31440.e01,Faria1994.n31440.sg01,10,III-Em expressões adverbiais:,,
uiuo,lilaLemma:130476,Faria,Faria1994.n34074.e01,Faria1994.n34074.sg01,10,II-Loc.:,,
sum,lilaLemma:126689,Saraiva,Saraiva1910.xSum,Saraiva1910.xSum.sg01,11,Phrases diversas.,,
castra,lilaLemma:138599,Faria,Faria1994.n05136.e01,Faria1994.n05136.sg01,11,III-Notem-se as expressões da língua militar:,,
pars,lilaLemma:116084,Faria,Faria1994.n22363.e01,Faria1994.n22363.sg01,11,V-Em expressões como:,,
tempus,lilaLemma:127522,Faria,Faria1994.n31440.e01,Faria1994.n31440.sg01,11,III-Em expressões adverbiais:,,
pars,lilaLemma:116084,Faria,Faria1994.n22363.e01,Faria1994.n22363.sg01,12,V-Em expressões como:,,
tempus,lilaLemma:127522,Faria,Faria1994.n31440.e01,Faria1994.n31440.sg01,12,III-Em expressões adverbiais:,,
pars,lilaLemma:116084,Faria,Faria1994.n22363.e01,Faria1994.n22363.sg01,13,V-Em expressões como:,,
tempus,lilaLemma:127522,Faria,Faria1994.n31440.e01,Faria1994.n31440.sg01,13,III-Em expressões adverbiais:,,
ago,lilaLemma:88140,Saraiva,Saraiva1910.xAgo,Saraiva1910.xAgo.sg01,14,Accepções diversas.,,
do,lilaLemma:99970,Saraiva,Saraiva1910.xDo,Saraiva1910.xDo.sg01,14,Phrases diversas.,,
facio,lilaLemma:102758,Saraiva,Saraiva1910.xFacio,Saraiva1910.xFacio.sg01,14,Varias locuções.,,
fero,lilaLemma:103126,Saraiva,Saraiva1910.xFero,Saraiva1910.xFero.sg01,14,Phrases diversas.,,
facio,lilaLemma:102758,Faria,Faria1994.n12363.e01,Faria1994.n12363.sg01,14,IV-Locuções:,,
pars,lilaLemma:116084,Faria,Faria1994.n22363.e01,Faria1994.n22363.sg01,14,V-Em expressões como:,,
tempus,lilaLemma:127522,Faria,Faria1994.n31440.e01,Faria1994.n31440.sg01,14,III-Em expressões adverbiais:,,
ago,lilaLemma:88140,Faria,Faria1994.n01300.e01,Faria1994.n01300.sg01,15,II-Notem-se as expressões:,,
de,lilaLemma:97932,Faria,Faria1994.n08711.e01,Faria1994.n08711.sg01,15,IV-Em locuções:,,
facio,lilaLemma:102758,Faria,Faria1994.n12363.e01,Faria1994.n12363.sg01,15,IV-Com gen. de preço:,,
habeo,lilaLemma:105044,Saraiva,Saraiva1910.xHabeo,Saraiva1910.xHabeo.sg01,16,Diversas phrases.,,
ab,lilaLemma:86824,Cardoso,Cardoso1570.n00001.e01,Cardoso1570.n00001.sg01,2,separationem & motũ à loco significat,,
ab,lilaLemma:86824,Velez,Velez1744.n0001.e01,Velez1744.n0001.sg01,2,interdum ponitur A pro Post,,
ad,lilaLemma:87344,Velez,Velez1744.n0082.e01,Velez1744.n0082.sg01,2,ponitur & pro Usque ad,,
arma,lilaLemma:89998,Velez,Velez1744.n0377.e01,Velez1744.n0377.sg01,2,"Fraudes quoque, & consilia arma dicuntur",,à Virg.
atque,lilaLemma:90490,Velez,Velez1744.n0427.e01,Velez1744.n0427.sg01,2,quandoque pro Atqui,,
bonus,lilaLemma:91782,Velez,Velez1744.n0526.e01,Velez1744.n0526.sg01,2,Pro non vili,,
ciuitas,lilaLemma:94400,Velez,Velez1744.n0683.e01,Velez1744.n0683.sg01,2,interdum Civitas dicitur jus civium,,
dico,lilaLemma:99302,Velez,Velez1744.n1038.e01,Velez1744.n1038.sg01,2,Pro promittere,,aliquid alicui.
dies,lilaLemma:99334,Velez,Velez1744.n1042.e01,Velez1744.n1042.sg01,2,pro tempore indeterminato,,foem.
eo,lilaLemma:101183,Velez,Velez1744.n1182.e01,Velez1744.n1182.sg01,2,aliquando pro Venire,,
ex,lilaLemma:101716,Velez,Velez1744.n1235.e01,Velez1744.n1235.sg01,2,aliquando pro Propter,,
facio,lilaLemma:102758,Velez,Velez1744.n1303.e01,Velez1744.n1303.sg01,2,ponitur etiam pro Sacrificare,,
fero,lilaLemma:103126,Velez,Velez1744.n1337.e01,Velez1744.n1337.sg01,2,ponitur etiam pro Dicere,,
fides,lilaLemma:103260,Velez,Velez1744.n1345.e01,Velez1744.n1345.sg01,2,"significat etiam fides id, quod vulgò dicimus conscientiam",,
fio,lilaLemma:103328,Velez,Velez1744.n1357.e01,Velez1744.n1357.sg01,2,aliquando in tertia persona pro Evenire,,
in,lilaLemma:106748,Velez,Velez1744.n1646.e01,Velez1744.n1646.sg01,2,"Cúm verò quies, vel motus in uno tantúm loco significatur",,abl. petit
ipse,lilaLemma:108945,Velez,Velez1744.n1846.e01,Velez1744.n1846.sg01,2,"ipsi in plur. pro integri, vel toti",,apud Cic.
is,lilaLemma:109083,Velez,Velez1744.n1855.e01,Velez1744.n1855.sg01,2,ponitur interdum Id pro Ob id,,
ita,lilaLemma:109126,Velez,Velez1744.n1867.e01,Velez1744.n1867.sg01,2,cum negatione pro Valdè ponitur,,
manus,lilaLemma:111585,Velez,Velez1744.n2058.e01,Velez1744.n2058.sg01,2,interdum pro scriptura manuum,,
mitto,lilaLemma:112499,Velez,Velez1744.n2136.e01,Velez1744.n2136.sg01,2,"interdum pro Deponere, & Desinere",,
modo,lilaLemma:113289,Velez,Velez1744.n2141.e01,Velez1744.n2141.sg01,2,"ponitur etiam pro Quidem, vel Tamen, & pro",,
ne3,lilaLemma:113490,Velez,Velez1744.n2206.e01,Velez1744.n2206.sg01,2,"interdum pro Neque, sequente Quidem, ita ut aliquid intercedat",,
nullus,lilaLemma:114081,Velez,Velez1744.n2277.e01,Velez1744.n2277.sg01,2,pro Non,,
per,lilaLemma:116569,Velez,Velez1744.n2523.e01,Velez1744.n2523.sg01,2,interdum pro sub,,
pro,lilaLemma:118468,Velez,Velez1744.n2748.e01,Velez1744.n2748.sg01,2,significat etiam Tanquam,,
qua,lilaIpoLemma:110471,Velez,Velez1744.n2838.e01,Velez1744.n2838.sg01,2,"repetitum significat Tum, vel Partim",,
quod,lilaLemma:74854,Velez,Velez1744.n2894.e20,Velez1744.n2894.sg20,2,in principio clausulae ponitur pro Sed,,
si,lilaLemma:124676,Velez,Velez1744.n3125.e01,Velez1744.n3125.sg01,2,pro Utinam,,cum conj.
teneo,lilaLemma:127822,Velez,Velez1744.n3365.e01,Velez1744.n3365.sg01,2,tenere pro intelligere,,accus. vel sine illo
tum,lilaLemma:129198,Velez,Velez1744.n3470.e01,Velez1744.n3470.sg01,2,,,In rebus paribus geminatur. Tum
ad,lilaLemma:87344,Faria,Faria1994.n00519.e01,Faria1994.n00519.sg01,2,"I-Com nomes de cidades e pequenas ilhas, indica a direção ou a chegada nas vizinhanças das mesmas:",,
bene,lilaLemma:91473,Faria,Faria1994.n03984.e01,Faria1994.n03984.sg01,2,II-Em expressões idiomáticas,,
is,lilaLemma:109083,Faria,Faria1994.n17022.e01,Faria1994.n17022.sg01,2,"Empregos mais gerais: et is, et is quidem, is quidem, isque, neque is",,idéia aumentativa ou limitativa Cíc. Phil. 3 31
magis,lilaLemma:111271,Faria,Faria1994.n18702.e01,Faria1994.n18702.sg01,2,I-Nas comparações:,,
non,lilaLemma:114108,Faria,Faria1994.n20637.e01,Faria1994.n20637.sg01,2,Aparece junto do nome quando a ele se refere:,,
sed,lilaLemma:123994,Faria,Faria1994.n28736.e01,Faria1994.n28736.sg01,2,Notem-se as expressões:,,
ab,lilaLemma:86824,Cardoso,Cardoso1570.n00001.e01,Cardoso1570.n00001.sg01,3,interdũ designat post,,
ab,lilaLemma:86824,Velez,Velez1744.n0001.e01,Velez1744.n0001.sg01,3,"quandoque ponitur Ab pro Praeter, sive Contra",,
ad,lilaLemma:87344,Velez,Velez1744.n0082.e01,Velez1744.n0082.sg01,3,aliquando significat officium,,
atque,lilaLemma:90490,Velez,Velez1744.n0427.e01,Velez1744.n0427.sg01,3,Pro quam,,
bonus,lilaLemma:91782,Velez,Velez1744.n0526.e01,Velez1744.n0526.sg01,3,"pro Miti, & Favente",,
credo,lilaLemma:96881,Velez,Velez1744.n0891.e01,Velez1744.n0891.sg01,3,"ponitur & absolutè pro Puto, vel Certè",,
facio,lilaLemma:102758,Velez,Velez1744.n1303.e01,Velez1744.n1303.sg01,3,ponitur etiam Factum in responsione pro Ita,,
fero,lilaLemma:103126,Velez,Velez1744.n1337.e01,Velez1744.n1337.sg01,3,"aliquandò pro Gignere, Prodùcere",,
in,lilaLemma:106748,Velez,Velez1744.n1646.e01,Velez1744.n1646.sg01,3,,,Aliquando tamen sine aliquo motu accusativo gaudet
is,lilaLemma:109083,Velez,Velez1744.n1855.e01,Velez1744.n1855.sg01,3,"adverb. Demum cum Is significat omnino, vel solùm, vel profectó",,
iubeo,lilaLemma:109152,Velez,Velez1744.n1875.e01,Velez1744.n1875.sg01,3,"interdum pro Precari, vel optare",,
mitto,lilaLemma:112499,Velez,Velez1744.n2136.e01,Velez1744.n2136.sg01,3,"pro Tacere, vel Praeterire",,
pro,lilaLemma:118468,Velez,Velez1744.n2748.e01,Velez1744.n2748.sg01,3,pro Ante,,
tum,lilaLemma:129198,Velez,Velez1744.n3470.e01,Velez1744.n3470.sg01,3,geminatur etiam Tum pro Modò,,
bene,lilaLemma:91473,Faria,Faria1994.n03984.e01,Faria1994.n03984.sg01,3,II-Em expressões idiomáticas,,
ciuitas,lilaLemma:94400,Faria,Faria1994.n06023.e01,Faria1994.n06023.sg01,3,III-Sent. raro:-= urbs,,"Tác. Hist. 4, 65."
debeo,lilaLemma:97963,Faria,Faria1994.n08726.e01,Faria1994.n08726.sg01,3,"I-Daí-Neste sentido de «ter obrigação de» pode ser impessoal como oportet, necésse est",,"Lucr. 2, 1.146."
fio,lilaLemma:103328,Faria,Faria1994.n12777.e01,Faria1994.n12777.sg01,3,Loc.:,,
meus,lilaLemma:112262,Faria,Faria1994.n19460.e01,Faria1994.n19460.sg01,3,III-Em locuções:,,
nihil,lilaLemma:114071,Faria,Faria1994.n20513.e01,Faria1994.n20513.sg01,3,II-Empregos particulares:-nihil reforçado por ne ... nec:,,
nihil,lilaLemma:114071,Faria,Faria1994.n20517.e01,Faria1994.n20517.sg01,3,I-Expressões particulares:,,
nisi,lilaLemma:113704,Faria,Faria1994.n20554.e01,Faria1994.n20554.sg01,3,Construções especiais:,,
ab,lilaLemma:86824,Cardoso,Cardoso1570.n00001.e01,Cardoso1570.n00001.sg01,4,aliquãdo denotat officium,,
ab,lilaLemma:86824,Velez,Velez1744.n0001.e01,Velez1744.n0001.sg01,4,"a, praeposita nominibus officiorum, & dignitatum eos significat, qui iis officiis, vel dignitatibus funguntur",,
bonus,lilaLemma:91782,Velez,Velez1744.n0526.e01,Velez1744.n0526.sg01,4,Pro Docto,,
in,lilaLemma:106748,Velez,Velez1744.n1646.e01,Velez1744.n1646.sg01,4,item pro Super,,
modo,lilaLemma:113289,Velez,Velez1744.n2141.e01,Velez1744.n2141.sg01,4,invenitur item pro jamdudum,,
pro,lilaLemma:118468,Velez,Velez1744.n2748.e01,Velez1744.n2748.sg01,4,Pro In,,
tum,lilaLemma:129198,Velez,Velez1744.n3470.e01,Velez1744.n3470.sg01,4,ponitur etiam Tum pro Tunc,,
bene,lilaLemma:91473,Faria,Faria1994.n03984.e01,Faria1994.n03984.sg01,4,II-Em expressões idiomáticas-Nas cartas:,,
in,lilaLemma:106748,Faria,Faria1994.n15371.e01,Faria1994.n15371.sg01,4,I-Com acus. indicando resultado de um movimento. Sent. próprio e figurado:-Em expressões:,,
magis,lilaLemma:111271,Faria,Faria1994.n18702.e01,Faria1994.n18702.sg01,4,II-Em construções especiais. reforçado por outro advérbio:,,
meus,lilaLemma:112262,Faria,Faria1994.n19460.e01,Faria1994.n19460.sg01,4,III-Em locuções:,,
nihil,lilaLemma:114071,Faria,Faria1994.n20513.e01,Faria1994.n20513.sg01,4,II-Empregos particulares:,,
noster,lilaLemma:113882,Faria,Faria1994.n20676.e01,Faria1994.n20676.sg01,4,III-= ego,,Plaut. Amph. 399.
primus,lilaLemma:119498,Faria,Faria1994.n25427.e01,Faria1994.n25427.sg01,4,II-Em locuções:,,
quidem,lilaLemma:121168,Faria,Faria1994.n26562.e01,Faria1994.n26562.sg01,4,,,
quisque,lilaLemma:121320,Faria,Faria1994.n26657.e01,Faria1994.n26657.sg01,4,Em locuções:,,
sic,lilaLemma:124690,Faria,Faria1994.n29246.e01,Faria1994.n29246.sg01,4,Em correlação:,,
ab,lilaLemma:86824,Velez,Velez1744.n0001.e01,Velez1744.n0001.sg01,5,"a, vel Ab, cum ablativo personae eleganter domicilium ejusdem personae significat",,
in,lilaLemma:106748,Velez,Velez1744.n1646.e01,Velez1744.n1646.sg01,5,pro Usque ad,,
pro,lilaLemma:118468,Velez,Velez1744.n2748.e01,Velez1744.n2748.sg01,5,"Pro Juxta, vel Secundum",,
sum,lilaLemma:126689,Velez,Velez1744.n3287.e01,Velez1744.n3287.sg01,5,est pro Licet,,sine casu
uolo,lilaLemma:130745,Saraiva,Saraiva1910.xVolo,Saraiva1910.xVolo.sg01,5,Empregado por pleonasmo.,,
inter,lilaLemma:108392,Faria,Faria1994.n16502.e01,Faria1994.n16502.sg01,5,II-Em expressões como:,,
is,lilaLemma:109083,Faria,Faria1994.n17022.e01,Faria1994.n17022.sg01,5,Em correlação com ac:,,
magis,lilaLemma:111271,Faria,Faria1994.n18702.e01,Faria1994.n18702.sg01,5,II-Em construções especiais. reforçado por outro advérbio:,,
meus,lilaLemma:112262,Faria,Faria1994.n19460.e01,Faria1994.n19460.sg01,5,III-Em locuções:,,
nihil,lilaLemma:114071,Faria,Faria1994.n20513.e01,Faria1994.n20513.sg01,5,II-Empregos particulares:,,
nullus,lilaLemma:114081,Faria,Faria1994.n20779.e01,Faria1994.n20779.sg01,5,III-Empregos especiais:-= non,,Plaut. Cas. 795.
primus,lilaLemma:119498,Faria,Faria1994.n25427.e01,Faria1994.n25427.sg01,5,II-Em locuções:,,
tuus,lilaLemma:129328,Faria,Faria1994.n32795.e01,Faria1994.n32795.sg01,5,III-Sents. diversos:,,
uerbum,lilaLemma:131057,Faria,Faria1994.n33544.e01,Faria1994.n33544.sg01,5,III-Locuções:,,
uiuo,lilaLemma:130476,Faria,Faria1994.n34074.e01,Faria1994.n34074.sg01,5,II-Loc.:,,
in,lilaLemma:106748,Velez,Velez1744.n1646.e01,Velez1744.n1646.sg01,6,pro Instar,,
sum,lilaLemma:126689,Saraiva,Saraiva1910.xSum,Saraiva1910.xSum.sg01,6,Com o part. pass. forma os tempos compostos dos verbos passivos e depoentes; e o presente toma então a significação de preterito perfeito;,,
castra,lilaLemma:138599,Faria,Faria1994.n05136.e01,Faria1994.n05136.sg01,6,III-Notem-se as expressões da língua militar:,,
is,lilaLemma:109083,Faria,Faria1994.n17022.e01,Faria1994.n17022.sg01,6,Empregos especiais: Com gen.:,,
locus,lilaLemma:110019,Faria,Faria1994.n18255.e01,Faria1994.n18255.sg01,6,III-Com ideia temporal-Em expressões:,,
magis,lilaLemma:111271,Faria,Faria1994.n18702.e01,Faria1994.n18702.sg01,6,II-Em construções especiais. reforçado por outro advérbio:,,
nihil,lilaLemma:114071,Faria,Faria1994.n20513.e01,Faria1994.n20513.sg01,6,II-Empregos particulares:,,
nullus,lilaLemma:114081,Faria,Faria1994.n20779.e01,Faria1994.n20779.sg01,6,III-Empregos especiais:-= nihil,,"Sên. Ep. 4, 3."
pars,lilaLemma:116084,Faria,Faria1994.n22363.e01,Faria1994.n22363.sg01,6,V-Em expressões como:,,
primus,lilaLemma:119498,Faria,Faria1994.n25427.e01,Faria1994.n25427.sg01,6,II-Em locuções:,,
qui,lilaLemma:121354,Faria,Faria1994.n26671.e01,Faria1994.n26671.sg01,6,Introduzindo uma oração completiva ou uma explicação,,Cíc. Phil. 2. 91; Cés. B. Gal. 3. 18. 6; Cíc. Fam. 5. 13. 1.
tuus,lilaLemma:129328,Faria,Faria1994.n32795.e01,Faria1994.n32795.sg01,6,III-Loc.,,
uerbum,lilaLemma:131057,Faria,Faria1994.n33544.e01,Faria1994.n33544.sg01,6,III-Locuções:,,
uiuo,lilaLemma:130476,Faria,Faria1994.n34074.e01,Faria1994.n34074.sg01,6,II-Loc.:,,
in,lilaLemma:106748,Velez,Velez1744.n1646.e01,Velez1744.n1646.sg01,7,"pro Erga, Contrà, Ad, Pro, Per",,
alius,lilaLemma:88481,Faria,Faria1994.n01575.e01,Faria1994.n01575.sg01,7,,,
audio,lilaLemma:90641,Faria,Faria1994.n03455.e01,Faria1994.n03455.sg01,7,II-Sent. figurado:,,
castra,lilaLemma:138599,Faria,Faria1994.n05136.e01,Faria1994.n05136.sg01,7,III-Notem-se as expressões da língua militar:,,
fero,lilaLemma:103126,Faria,Faria1994.n12632.e01,Faria1994.n12632.sg01,7,II-Reflexivo ou passivo:,,
magis,lilaLemma:111271,Faria,Faria1994.n18702.e01,Faria1994.n18702.sg01,7,II-Em construções especiais. reforçado por outro advérbio:,,
mitto,lilaLemma:112499,Faria,Faria1994.n19659.e01,Faria1994.n19659.sg01,7,II-Loc.,,
modus,lilaLemma:112553,Faria,Faria1994.n19706.e01,Faria1994.n19706.sg01,7,III-Em locuções:,,
nihil,lilaLemma:114071,Faria,Faria1994.n20513.e01,Faria1994.n20513.sg01,7,II-Empregos particulares:,,
nullus,lilaLemma:114081,Faria,Faria1994.n20779.e01,Faria1994.n20779.sg01,7,III-Empregos especiais:-Nullo = nulla re,,Tác. An. 3. 15.
pars,lilaLemma:116084,Faria,Faria1994.n22363.e01,Faria1994.n22363.sg01,7,V-Em expressões como:,,
uiuo,lilaLemma:130476,Faria,Faria1994.n34074.e01,Faria1994.n34074.sg01,7,II-Loc.:,,
uolo,lilaLemma:130745,Faria,Faria1994.n34130.e01,Faria1994.n34130.sg01,7,II-Locução na língua jurídica:,,
in,lilaLemma:106748,Velez,Velez1744.n1646.e01,Velez1744.n1646.sg01,8,"at pro Inter, & Intra",,abl. postulat
ab,lilaLemma:86824,Faria,Faria1994.n00003.e01,Faria1994.n00003.sg01,8,"III-Em sent. figurado:-Com verbos passivos, indica o complemento de causa eficiente:",,
castra,lilaLemma:138599,Faria,Faria1994.n05136.e01,Faria1994.n05136.sg01,8,III-Notem-se as expressões da língua militar:,,
nihil,lilaLemma:114071,Faria,Faria1994.n20513.e01,Faria1994.n20513.sg01,8,II-Empregos particulares:,,
nullus,lilaLemma:114081,Faria,Faria1994.n20779.e01,Faria1994.n20779.sg01,8,III-Empregos especiais:-Nullius = nullius rei,,Hor. A. Poét. 324.
pars,lilaLemma:116084,Faria,Faria1994.n22363.e01,Faria1994.n22363.sg01,8,V-Em expressões como:,,
tempus,lilaLemma:127522,Faria,Faria1994.n31440.e01,Faria1994.n31440.sg01,8,III-Em expressões adverbiais:,,
uiuo,lilaLemma:130476,Faria,Faria1994.n34074.e01,Faria1994.n34074.sg01,8,II-Loc.:,,
castra,lilaLemma:138599,Faria,Faria1994.n05136.e01,Faria1994.n05136.sg01,9,III-Notem-se as expressões da língua militar:,,
ex,lilaLemma:101716,Faria,Faria1994.n11629.e01,Faria1994.n11629.sg01,9,II-Em locuções:,,
is,lilaLemma:109083,Faria,Faria1994.n17022.e01,Faria1994.n17022.sg01,9,"Empregos especiais: id est, i.e.",,
nihil,lilaLemma:114071,Faria,Faria1994.n20513.e01,Faria1994.n20513.sg01,9,II-Empregos particulares:,,
pars,lilaLemma:116084,Faria,Faria1994.n22363.e01,Faria1994.n22363.sg01,9,V-Em expressões como:,,
paruus,lilaLemma:116136,Faria,Faria1994.n22415.e01,Faria1994.n22415.sg01,9,IV-Em expressões adverbiais:,,
tempus,lilaLemma:127522,Faria,Faria1994.n31440.e01,Faria1994.n31440.sg01,9,III-Em expressões adverbiais:,,
uiuo,lilaLemma:130476,Faria,Faria1994.n34074.e01,Faria1994.n34074.sg01,9,II-Loc.:,,
