lemma,lila_id,source,entry_id,senseGroup,sense_id,sense_prefix,example_text,example_prenote,example_trad,example_posnote
capio,lilaLemma:92686,Faria,Faria1994.n04907.e01,Faria1994.n04907.sg01,Faria1994.n04907.sg01.s07,7,…consulatum Cíc. Pis. 3 «obter o consulado».,,,
gero,lilaLemma:104536,Faria,Faria1994.n13657.e01,Faria1994.n13657.sg01,Faria1994.n13657.sg01.s05,5,"…personam C!C. Of. I, 115 ‘ter um papeli’; …amicitiam Cíc. Fam. 3, 8,5 «manter a amizade»; …fortem animum Sal. B. Jug. 107, I «mostrar coragem».",,,
castra,lilaLemma:138599,Faria,Faria1994.n05136.e01,Faria1994.n05136.sg01,Faria1994.n05136.sg01.s10,10,"«castra aestiva» Tác An. 3, 21 «acampamento de verão, quartel de verão».",,,
castra,lilaLemma:138599,Faria,Faria1994.n05136.e01,Faria1994.n05136.sg01,Faria1994.n05136.sg01.s11,11,"«castra hiberna» T. Lív. 29, 35 «acampamento de inverno».",,,
castra,lilaLemma:138599,Faria,Faria1994.n05136.e01,Faria1994.n05136.sg01,Faria1994.n05136.sg01.s06,6,"«castra movere» Cés. B. Gal. 1, 15, 1 «levantar acampamento».",,,
castra,lilaLemma:138599,Faria,Faria1994.n05136.e01,Faria1994.n05136.sg01,Faria1994.n05136.sg01.s07,7,"«castra munire» Cés. B. Gal. 1, 49, 2 «construir um acampamento».",,,
castra,lilaLemma:138599,Faria,Faria1994.n05136.e01,Faria1994.n05136.sg01,Faria1994.n05136.sg01.s08,8,"«castra ponere» Cés. B. Gal. 1. 22, 5 «assentar acampamento. acampar.",,,
castra,lilaLemma:138599,Faria,Faria1994.n05136.e01,Faria1994.n05136.sg01,Faria1994.n05136.sg01.s09,9,«castra stativa» Cés. B. Civ. 3. 30. 3 «acampamento permanente».,,,
causa,lilaLemma:93253,Faria,Faria1994.n05245.e01,Faria1994.n05245.sg01,Faria1994.n05245.sg01.s01,1,«honoris causa» Cíc. Amer. 6 «para honrar como honraria.,,,
non,lilaLemma:114108,Faria,Faria1994.n20637.e01,Faria1994.n20637.sg01,Faria1994.n20637.sg01.s02,2,* non curia vires meas desiderat C íc. C. M. 32 “não é a cúria que lastima o desaparecimento de minhas forças”.,,,
modus,lilaLemma:112553,Faria,Faria1994.n19706.e01,Faria1994.n19706.sg01,Faria1994.n19706.sg01.s01,1,"~ agri Cíc. A t. 13, 33. 2 “medida de um campo”.",,,
ab,lilaLemma:86824,Velez,Velez1744.n0001.e01,Velez1744.n0001.sg01,Velez1744.n0001.sg01.s02,2,a coena,,depois da cea,
ab,lilaLemma:86824,Cardoso,Cardoso1570.n00001.e01,Cardoso1570.n00001.sg01,Cardoso1570.n00001.sg01.s03,3,a coena,,despois da cea,
ab,lilaLemma:86824,Faria,Faria1994.n00003.e01,Faria1994.n00003.sg01,Faria1994.n00003.sg01.s03,3,"a decumana porta Cés. B. Gal. 6, 37, 1 “do lado da porta decumana”.",,,
ab,lilaLemma:86824,Velez,Velez1744.n0001.e01,Velez1744.n0001.sg01,Velez1744.n0001.sg01.s99,X,a Deo,,de Deos,
ab,lilaLemma:86824,Faria,Faria1994.n00003.e01,Faria1994.n00003.sg01,Faria1994.n00003.sg01.s05,5,"a Deucalione ortus Cíc. Tusc. 1, 21 “descendente de Deucalião”.",,,
ab,lilaLemma:86824,Velez,Velez1744.n0001.e01,Velez1744.n0001.sg01,Velez1744.n0001.sg01.s05,5,a iudice uenio,,venho de caza do juiz,
ab,lilaLemma:86824,Faria,Faria1994.n00003.e01,Faria1994.n00003.sg01,Faria1994.n00003.sg01.s08,8,"a magistratu Aeduórum accusaretur Cés. B. Gal. 1, 19, 1 “seria acusado por um magistrado dos éduos”.",,,
nisi,lilaLemma:113704,Faria,Faria1994.n20554.e01,Faria1994.n20554.sg01,Faria1994.n20554.sg01.s03,3,"a nisi si Cíc. Fam. 13, 2, 1 “exceto se”; b nisi ut Suet. Cl. 35 “a menos que”.",,,
sed,lilaLemma:123994,Faria,Faria1994.n28736.e01,Faria1994.n28736.sg01,Faria1994.n28736.sg01.s02,2,"a non solum ... sed. nom modo... sed “não somente ... mas”. b sed etiam Cíc. Mil. 61 ‘mas também, mas ainda’. c sed tamen Cíc. Phil. 2. 104 “mas em todos os casos”.",,,
paruus,lilaLemma:116136,Faria,Faria1994.n22415.e01,Faria1994.n22415.sg01,Faria1994.n22415.sg01.s09,9,"a parvis referindo-se a vários, “desde pequeno”, “desde a infância” Cíc. Nat. 1. 81.",,,
paruus,lilaLemma:116136,Faria,Faria1994.n22415.e01,Faria1994.n22415.sg01,Faria1994.n22415.sg01.s10,10,"a parvo referindo-se a um só, “desde pequeno”, “desde a infância” T. Lív. 1, 39, 6.",,,
ab,lilaLemma:86824,Velez,Velez1744.n0001.e01,Velez1744.n0001.sg01,Velez1744.n0001.sg01.s04,4,a pedibus,,"os creados, ou moços de serviço",
uel,lilaLemma:129695,Faria,Faria1994.n33384.e01,Faria1994.n33384.sg01,Faria1994.n33384.sg01.s02,2,"a plerisque, vel dicam ab omnibus Cíc. Fam. 4, 7, 3 «pela maior parte, ou direi melhor, por todos».",,,
primus,lilaLemma:119498,Fonseca,Fonseca1798.n23859.e01,Fonseca1798.n23859.sg01,Fonseca1798.n23859.sg01.s99,X,a primo,Cic,Desde o principio,
primus,lilaLemma:119498,Faria,Faria1994.n25427.e01,Faria1994.n25427.sg01,Faria1994.n25427.sg01.s04,4,"a primo, ‘desde o princípio’ Cíc. Or. 26.",,,
ne3,lilaLemma:113490,Faria,Faria1994.n20286.e01,Faria1994.n20286.sg01,Faria1994.n20286.sg01.s01,1,"a Proibição com imperativo, nos textos de lei, ou subjuntivo: ne audeto Cíc. Leg. 2, 22 “não ouse”: Plaut. Pers. 490; Verg. En. 6, 832: T. Lív. 3, 2, 9; ne repugnetis Cic. Clu. 6 “não resistais”: hoc ne feceris Cíc. Div. 2, 127 “não faças isto”; b suposição ou concessão: ne sint in senectute vires Cíc. C. M. 34 “admitamos que: não haja forças na velhice”; c desejo: ne istuc Juppiter sirit T. Lív. 28, 28, 11 “que Júpiter não o permita”.",,,
ab,lilaLemma:86824,Velez,Velez1744.n0001.e01,Velez1744.n0001.sg01,Velez1744.n0001.sg01.s99,X,a puero,,desde menino,
ab,lilaLemma:86824,Velez,Velez1744.n0001.e01,Velez1744.n0001.sg01,Velez1744.n0001.sg01.s02,2,a Romanis tuba canere coeperunt,,"da parte dos Romanos, etc",
ab,lilaLemma:86824,Cardoso,Cardoso1570.n00001.e01,Cardoso1570.n00001.sg01,Cardoso1570.n00001.sg01.s04,4,a sacris concionibus,,Hum pregador,
ab,lilaLemma:86824,Cardoso,Cardoso1570.n00001.e01,Cardoso1570.n00001.sg01,Cardoso1570.n00001.sg01.s04,4,a secretis Regis,,o secretayro del Rey,
ab,lilaLemma:86824,Velez,Velez1744.n0001.e01,Velez1744.n0001.sg01,Velez1744.n0001.sg01.s04,4,"a secreto, siue a secretis",,o Secretario,& sic de aliis
ab,lilaLemma:86824,Faria,Faria1994.n00003.e01,Faria1994.n00003.sg01,Faria1994.n00003.sg01.s01,1,"a signo Vertumni in Circum Maximum venit Cíc. Verr. I, 154 “veio da estátua de Vertuno ão Circo Maximo”.",,,
ab,lilaLemma:86824,Velez,Velez1744.n0001.e01,Velez1744.n0001.sg01,Velez1744.n0001.sg01.s02,2,a tergo,,,"id est, post tergum, retrò"
ab,lilaLemma:86824,Faria,Faria1994.n00003.e01,Faria1994.n00003.sg01,Faria1994.n00003.sg01.s09,9,"a tuo digressu Cíc. At. 1, 5, 4 “depois da tua partida”.",,,
is,lilaLemma:109083,Faria,Faria1994.n17022.e01,Faria1994.n17022.sg01,Faria1994.n17022.sg01.s03,3,"A. Albinus, is qui... scripsit C íc. Br. 81 “Aulo Albino, o que escreveu”.",,,
facio,lilaLemma:102758,Saraiva,Saraiva1910.xFacio,Saraiva1910.xFacio.sg01,Saraiva1910.xFacio.sg01.s10,10,ab aduersariis facere,Cic,Metter-se com os adversarios,
ab,lilaLemma:86824,Velez,Velez1744.n0001.e01,Velez1744.n0001.sg01,Velez1744.n0001.sg01.s02,2,"ab aliquo soluo, persoluo, do, numero, repraesento, uel suppedito",,"faço, que outrem pague por mim, o que devo",
ab,lilaLemma:86824,Velez,Velez1744.n0001.e01,Velez1744.n0001.sg01,Velez1744.n0001.sg01.s02,2,"ab aliquo stare, facere, uel dicere",,"estar pela parte de alguem ajudando-o, ou defendendo-o",
accipio,lilaLemma:87119,Faria,Faria1994.n00281.e01,Faria1994.n00281.sg01,Faria1994.n00281.sg01.s01,1,"ab defessis accípere scalas T. Lív. 26, 45, 6 «tomar as escadas das mãos dos fatigados», ",,,
ab,lilaLemma:86824,Cardoso,Cardoso1570.n00003.e01,Cardoso1570.n00003.sg01,Cardoso1570.n00003.sg01.s01,1,ab ineunte aetate,,des na mocidade. ou desde menino,
ab,lilaLemma:86824,Velez,Velez1744.n0001.e01,Velez1744.n0001.sg01,Velez1744.n0001.sg01.s99,X,ab initio,,desde o principio,
ab,lilaLemma:86824,Faria,Faria1994.n00003.e01,Faria1994.n00003.sg01,Faria1994.n00003.sg01.s02,2,"ab oppido castra movit Cés. B. Civ. 3, 80, 7 “levantou acampamento afastando-se da cidade”.",,,
ab,lilaLemma:86824,Velez,Velez1744.n0001.e01,Velez1744.n0001.sg01,Velez1744.n0001.sg01.s03,3,ab re,,,"id est, praeter, sive contra utilitatem, vel sine utilitate"
res,lilaLemma:121868,Velez,Velez1744.n2971.e01,Velez1744.n2971.sg01,Velez1744.n2971.sg01.s99,X,ab re,,do successo,interdum ponitur pro Ab eventu
ab,lilaLemma:86824,Faria,Faria1994.n00003.e01,Faria1994.n00003.sg01,Faria1994.n00003.sg01.s06,6,ab reo dicere Cíc. Clu. 93 “falar em favor do réu”.,,,
uideo,lilaLemma:130163,Saraiva,Saraiva1910.xVideo,Saraiva1910.xVideo.sg01,Saraiva1910.xVideo.sg01.s07,7,abies casus uisura marinos,Virg,O abeto arrostará as aventuras do mar,
fides,lilaLemma:103260,Velez,Velez1744.n1345.e01,Velez1744.n1345.sg01,Velez1744.n1345.sg01.s01,1,abrogare fidem,,perder o credito,
lex,lilaLemma:110351,Velez,Velez1744.n1959.e01,Velez1744.n1959.sg01,Velez1744.n1959.sg01.s01,1,"abrogare, uel retigere leges",,"abrogar, destruir, desfazer as leys",
ab,lilaLemma:86824,Cardoso,Cardoso1570.n00138.e01,Cardoso1570.n00138.sg01,Cardoso1570.n00138.sg01.s01,1,abs quiuis,,,
ab,lilaLemma:86824,Velez,Velez1744.n0025.e01,Velez1744.n0025.sg01,Velez1744.n0025.sg01.s01,1,abs quouis homine,,de qualquer homem,
ab,lilaLemma:86824,Cardoso,Cardoso1570.n00138.e01,Cardoso1570.n00138.sg01,Cardoso1570.n00138.sg01.s01,1,abs te,,,
refero,lilaLemma:122494,Velez,Velez1744.n2926.e01,Velez1744.n2926.sg01,Velez1744.n2926.sg01.s02,2,acceptum aliquid referre,,confessar ter recebido de alguem alguma cousa,
accipio,lilaLemma:87119,Velez,Velez1744.n0049.e01,Velez1744.n0049.sg01,Velez1744.n0049.sg01.s99,X,acceptum aliquid referre,,confessar ter recebido alguma cousa de alguem,
refero,lilaLemma:122494,Velez,Velez1744.n2926.e01,Velez1744.n2926.sg01,Velez1744.n2926.sg01.s99,X,acceptum referre,,"escrever, ou apontar a receita",
accipio,lilaLemma:87119,Velez,Velez1744.n0049.e01,Velez1744.n0049.sg01,Velez1744.n0049.sg01.s99,X,accipere aliquem hospitio,,hospedar,
habeo,lilaLemma:105044,Saraiva,Saraiva1910.xHabeo,Saraiva1910.xHabeo.sg01,Saraiva1910.xHabeo.sg01.s06,6,acerbum habuimus Curionem,Cic,Encontramos Curião desfavorável a nosso respeito,
ago,lilaLemma:88140,Velez,Velez1744.n0201.e01,Velez1744.n0201.sg01,Velez1744.n0201.sg01.s99,X,actum agere,,,"i, nihil agere"
ago,lilaLemma:88140,Velez,Velez1744.n0201.e01,Velez1744.n0201.sg01,Velez1744.n0201.sg01.s99,X,"actum est, uel res acta est",,"acabou-se, naõ tem ja remedio",
ad,lilaLemma:87344,Velez,Velez1744.n0082.e01,Velez1744.n0082.sg01,Velez1744.n0082.sg01.s03,3,ad cyathos stare dicuntur pincernae,,os copeiros,
ad,lilaLemma:87344,Velez,Velez1744.n0082.e01,Velez1744.n0082.sg01,Velez1744.n0082.sg01.s01,1,ad dece annos,,,"i, post"
ad,lilaLemma:87344,Velez,Velez1744.n0082.e01,Velez1744.n0082.sg01,Velez1744.n0082.sg01.s02,2,ad eum nuncium commoti sunt omnes,,,"i, audito eo nuntio"
ad,lilaLemma:87344,Velez,Velez1744.n0082.e01,Velez1744.n0082.sg01,Velez1744.n0082.sg01.s02,2,"ad extremum, ad postremum, ad ultimum",,,"i, denique, vel postremò"
ad,lilaLemma:87344,Faria,Faria1994.n00519.e01,Faria1994.n00519.sg01,Faria1994.n00519.sg01.s02,2,"ad Genavam pervenit Cés. B. Gal. 1, 7, 1 “chegou às vizinhanças de Genebra.”",,,
ad,lilaLemma:87344,Velez,Velez1744.n0082.e01,Velez1744.n0082.sg01,Velez1744.n0082.sg01.s01,1,ad haec mala hoc mihi accedit etiam,,,"i, praeter"
ad,lilaLemma:87344,Faria,Faria1994.n00519.e01,Faria1994.n00519.sg01,Faria1994.n00519.sg01.s03,3,"ad hanc diem Cíc. Cat. 3, 17 “até hoje”; ad vesperam Cíc. Cat 2, 6 “pela tarde”; ad annum Cíc. At. 5, 2, 1 “dentro de um ano”.",,,
locus,lilaLemma:110019,Faria,Faria1994.n18255.e01,Faria1994.n18255.sg01,Faria1994.n18255.sg01.s06,6,"ad id locorum Sal. B. Jug. 63,6 «até este momento, até então»: postea loci Sal. B. Jug. 102. 1 «depois disso. i.e. em seguida».",,,
ad,lilaLemma:87344,Velez,Velez1744.n0082.e01,Velez1744.n0082.sg01,Velez1744.n0082.sg01.s02,2,ad integrum,,,"i, integrè"
ad,lilaLemma:87344,Velez,Velez1744.n0082.e01,Velez1744.n0082.sg01,Velez1744.n0082.sg01.s03,3,ad limina custos,,o porteiro,
ad,lilaLemma:87344,Velez,Velez1744.n0082.e01,Velez1744.n0082.sg01,Velez1744.n0082.sg01.s02,2,ad liquidum ueritas explorata,,diliquidou-se a verdade,
ad,lilaLemma:87344,Velez,Velez1744.n0082.e01,Velez1744.n0082.sg01,Velez1744.n0082.sg01.s03,3,ad manus seruus,,,qui & à manu
sum,lilaLemma:126689,Saraiva,Saraiva1910.xSum,Saraiva1910.xSum.sg01,Saraiva1910.xSum.sg01.s03,3,ad me bene mane Dionysius fuit,Cic,Dionysio veiu a minha casa de manham cedo,
ad,lilaLemma:87344,Velez,Velez1744.n0082.e01,Velez1744.n0082.sg01,Velez1744.n0082.sg01.s01,1,ad me fuit bene mane,,"esteve comigo, ou em minha casa muito cedo",
modus,lilaLemma:112553,Fonseca,Fonseca1798.n18504.e01,Fonseca1798.n18504.sg01,Fonseca1798.n18504.sg01.s99,X,ad modos tibicinis saltare,Liv,Dançar ao som da frauta,
ad,lilaLemma:87344,Velez,Velez1744.n0082.e01,Velez1744.n0082.sg01,Velez1744.n0082.sg01.s02,2,"ad multam noctem, ad uesperum",,,
ad,lilaLemma:87344,Faria,Faria1994.n00519.e01,Faria1994.n00519.sg01,Faria1994.n00519.sg01.s07,7,"ad naturam Cíc. Fin. 1, 30 “segundo a natureza”.",,,
ad,lilaLemma:87344,Faria,Faria1994.n00519.e01,Faria1994.n00519.sg01,Faria1994.n00519.sg01.s05,5,"ad omnes casus Cés. B. Gal. 4, 31, 2 “em vista de todas as eventualidades”.",,,
ad,lilaLemma:87344,Velez,,,Velez1744.n2665.sg01.s01,1,ad postremum,,finalmente,
postremus,lilaLemma:118612,Velez,,,Velez1744.n2665.sg01.s01,1,ad postremum,,finalmente,
ius,lilaLemma:109252,Faria,Faria1994.n17271.e01,Faria1994.n17271.sg01,Faria1994.n17271.sg01.s03,3,"ad praetorem in jus adire Cíc. Verr. 4, 147 “apresentar-se à justiça ao tribunal, diante do pretoi”.",,,
uenio,lilaLemma:129790,Saraiva,Saraiva1910.xVenio,Saraiva1910.xVenio.sg01,Saraiva1910.xVenio.sg01.s07,7,ad quem dolor ueniat,Cic,O que está sujeito á dor,
que,lilaLemma:131416,Faria,Faria1994.n26527.e01,Faria1994.n26527.sg01,Faria1994.n26527.sg01.s02,2,"ad Rhenum finesque Germanorum contendere Cés. B. Gal. 1, 27, 4 ‘dirigir-se para o Reno, isto é, para o território dos germanos’.",,,
ad,lilaLemma:87344,Velez,Velez1744.n0082.e01,Velez1744.n0082.sg01,Velez1744.n0082.sg01.s01,1,ad Senatorem relicti,,,"i, domi Senatoris"
fero,lilaLemma:103126,Velez,Velez1744.n1337.e01,Velez1744.n1337.sg01,Velez1744.n1337.sg01.s99,X,"ad Senatum, uel ad pópulum ferre",,"consultar o Senado, ou povo sobre alguma cousa",
ad,lilaLemma:87344,Velez,,,Velez1744.n3288.sg10.s01,1,ad summum,,quando muito,
summus,lilaLemma:126705,Velez,,,Velez1744.n3288.sg10.s01,1,ad summum,,quando muito,
tempus,lilaLemma:127522,Faria,Faria1994.n31440.e01,Faria1994.n31440.sg01,Faria1994.n31440.sg01.s10,10,"Ad tempus ‘a propósito, momentaneamente’ Cíc. At. 13. 45. 2.",,,
uenio,lilaLemma:129790,Saraiva,Saraiva1910.xVenio,Saraiva1910.xVenio.sg01,Saraiva1910.xVenio.sg01.s13,13,ad tormenta seruorum ueniri oportet,Ulp,É mister que os escravos sejam postos a tractos,
ad,lilaLemma:87344,Velez,Velez1744.n0082.e01,Velez1744.n0082.sg01,Velez1744.n0082.sg01.s02,2,ad unguem,,,"i, exquisitâ diligentiâ, & curâ exactissimâ"
unus,lilaLemma:85636,Fonseca,Fonseca1798.n32114.e01,Fonseca1798.n32114.sg01,Fonseca1798.n32114.sg01.s99,X,ad unum,Cic,"Geralmente, sem escapar hum só",
ad,lilaLemma:87344,Velez,Velez1744.n0082.e01,Velez1744.n0082.sg01,Velez1744.n0082.sg01.s02,2,ad unum omnes,,,"i, nullo excepto"
uerbum,lilaLemma:131057,Faria,Faria1994.n33544.e01,Faria1994.n33544.sg01,Faria1994.n33544.sg01.s05,5,"Ad verbum Cíc. Fin. 1, 4 ‘palavra por palavra’.",,,
do,lilaLemma:99970,Saraiva,Saraiva1910.xDo,Saraiva1910.xDo.sg01,Saraiva1910.xDo.sg01.s06,6,adeo depexum dabo,Ter,Eu o tosarei bem,
an,lilaLemma:88828,Faria,Faria1994.n02014.e01,Faria1994.n02014.sg01,Faria1994.n02014.sg01.s01,1,"adeone me delirare censes. ut ista esse credam? - an tu haec non credis? Cíc. Tusc. 1, 10 «julga-me delirar a tal ponto que creia que isto existe? - ou porventura não crês nisto?».",,,
facio,lilaLemma:102758,Saraiva,Saraiva1910.xFacio,Saraiva1910.xFacio.sg01,Saraiva1910.xFacio.sg01.s01,1,admirans cur ita faceret,Cic,Admirado de que assim procedesse,
ad,lilaLemma:87344,Velez,,,Velez1744.n0107.sg01.s01,1,admodum,Adverb. quasi dicas supra modum.,muito demasiadamente,
modus,lilaLemma:112553,Velez,,,Velez1744.n0107.sg01.s01,1,admodum,Adverb. quasi dicas supra modum.,muito demasiadamente,
ad,lilaLemma:87344,Velez,,,Velez1744.n0107.sg01.s02,2,admodum,Adverb.,,"ponitur etiam pro sane, vel oppidò"
modus,lilaLemma:112553,Velez,,,Velez1744.n0107.sg01.s02,2,admodum,Adverb.,,"ponitur etiam pro sane, vel oppidò"
ad,lilaLemma:87344,Velez,,,Velez1744.n0107.sg01.s03,3,admodum,Adverb.,,"quandoque significat aliquantulum, sive satis; quasi secundùm rationem"
modus,lilaLemma:112553,Velez,,,Velez1744.n0107.sg01.s03,3,admodum,Adverb.,,"quandoque significat aliquantulum, sive satis; quasi secundùm rationem"
ad,lilaLemma:87344,Velez,,,Velez1744.n0107.sg01.s04,4,admodum,Adverb.,,"interdum valet idem, atque propemodum, vel ferè"
modus,lilaLemma:112553,Velez,,,Velez1744.n0107.sg01.s04,4,admodum,Adverb.,,"interdum valet idem, atque propemodum, vel ferè"
habeo,lilaLemma:105044,Saraiva,Saraiva1910.xHabeo,Saraiva1910.xHabeo.sg01,Saraiva1910.xHabeo.sg01.s13,13,adolescens qui hic habet,Plaut,O moço que mora aqui,
habeo,lilaLemma:105044,Saraiva,Saraiva1910.xHabeo,Saraiva1910.xHabeo.sg01,Saraiva1910.xHabeo.sg01.s01,1,aduentus eius habuit interitum equitatûs,Cic,Á sua chegada foi derrotada a cavallaria,
facio,lilaLemma:102758,Saraiva,Saraiva1910.xFacio,Saraiva1910.xFacio.sg01,Saraiva1910.xFacio.sg01.s11,11,aduersus stomachi dolorem facere,Scrib,Sêr bom contra as dores do estomago,
sum,lilaLemma:126689,Saraiva,Saraiva1910.xSum,Saraiva1910.xSum.sg01,Saraiva1910.xSum.sg01.s05,5,æger erat,Nep,Estava doente,
facio,lilaLemma:102758,Velez,Velez1744.n1303.e01,Velez1744.n1303.sg01,Velez1744.n1303.sg01.s99,X,aegre alicui facere,,molestar,
habeo,lilaLemma:105044,Velez,Velez1744.n1491.e01,Velez1744.n1491.sg01,Velez1744.n1491.sg01.s99,X,aegre habere,,levar mal,
sum,lilaLemma:126689,Saraiva,Saraiva1910.xSum,Saraiva1910.xSum.sg01,Saraiva1910.xSum.sg01.s01,1,"ægritudine, id est miseria",Cic,"Pelo pezar, i. é, pela desgraça",
do,lilaLemma:99970,Saraiva,Saraiva1910.xDo,Saraiva1910.xDo.sg01,Saraiva1910.xDo.sg01.s09,9,æneas eripuisse datur…,Ov,Diz-se que Eneas tirára…,
ago,lilaLemma:88140,Saraiva,Saraiva1910.xAgo,Saraiva1910.xAgo.sg01,Saraiva1910.xAgo.sg01.s01,1,æneas se agebat,Virg,Eneas avançava,
aequus,lilaLemma:87765,Velez,,,Velez1744.n0165.sg01.s01,1,aequi bonifacere,,lançar á boa parte,
aequus,lilaLemma:87765,Velez,,,Velez1744.n0165.sg01.s01,1,aequi bonique facere,,lançar á boa parte,
bonus,lilaLemma:91782,Velez,,,Velez1744.n0165.sg01.s01,1,aequi bonique facere,,lançar á boa parte,
que,lilaLemma:131416,Velez,,,Velez1744.n0165.sg01.s01,1,aequi bonique facere,,lançar á boa parte,
facio,lilaLemma:102758,Velez,,,Velez1744.n0165.sg01.s01,1,aequi bonique facere,,lançar á boa parte,
uenio,lilaLemma:129790,Saraiva,Saraiva1910.xVenio,Saraiva1910.xVenio.sg01,Saraiva1910.xVenio.sg01.s06,6,aer per patefacta uenit foramina,Lucr,O ar introduz-se pelas aberturas,
fides,lilaLemma:103260,Velez,Velez1744.n1345.e01,Velez1744.n1345.sg01,Velez1744.n1345.sg01.s99,X,"affecta, uel afflicta fides",,,"i, laesa"
ago,lilaLemma:88140,Saraiva,Saraiva1910.xAgo,Saraiva1910.xAgo.sg01,Saraiva1910.xAgo.sg01.s07,7,africa quæ procul a mari agebat,Sall,A parte d’Aírica que estava distante do mar,
ago,lilaLemma:88140,Saraiva,Saraiva1910.xAgo,Saraiva1910.xAgo.sg01,Saraiva1910.xAgo.sg01.s05,5,agendi tempus,Cic,"Tempo, occasião, ensejo de obrar",
sum,lilaLemma:126689,Saraiva,Saraiva1910.xSum,Saraiva1910.xSum.sg01,Saraiva1910.xSum.sg01.s07,7,ager nunc multo pluris est quam tunc fuit,Cic,As terras são hoje de mais valor do que então,
ago,lilaLemma:88140,Saraiva,Saraiva1910.xAgo,Saraiva1910.xAgo.sg01,Saraiva1910.xAgo.sg01.s09,9,agere aduersus testamentum,Marcian,Contestar um testamento,
ago,lilaLemma:88140,Saraiva,Saraiva1910.xAgo,Saraiva1910.xAgo.sg01,Saraiva1910.xAgo.sg01.s07,7,agere ætatem,Cic,Passar a vida,
ago,lilaLemma:88140,Saraiva,Saraiva1910.xAgo,Saraiva1910.xAgo.sg01,Saraiva1910.xAgo.sg01.s01,1,agere aliquem ante currum,Stat,Fazer andar alguem adiante do carro,
ago,lilaLemma:88140,Saraiva,Saraiva1910.xAgo,Saraiva1910.xAgo.sg01,Saraiva1910.xAgo.sg01.s02,2,agere aliquem transuersum,Sall,"Desviar alguem do bom caminho, arrastal-o para o mal",
ago,lilaLemma:88140,Saraiva,Saraiva1910.xAgo,Saraiva1910.xAgo.sg01,Saraiva1910.xAgo.sg01.s05,5,agere aliquid,Cic,Fazer uma coisa,
ago,lilaLemma:88140,Saraiva,Saraiva1910.xAgo,Saraiva1910.xAgo.sg01,Saraiva1910.xAgo.sg01.s13,13,agere amicum imperatoris,Tac,Sêr favorito do imperador,
ago,lilaLemma:88140,Saraiva,Saraiva1910.xAgo,Saraiva1910.xAgo.sg01,Saraiva1910.xAgo.sg01.s03,3,agere animam,Cic,"Perder a vida, expirar",
ago,lilaLemma:88140,Velez,Velez1744.n0201.e01,Velez1744.n0201.sg01,Velez1744.n0201.sg01.s99,X,agere animam,,agonizar,"i, morti proximum esse"
ago,lilaLemma:88140,Saraiva,Saraiva1910.xAgo,Saraiva1910.xAgo.sg01,Saraiva1910.xAgo.sg01.s07,7,agere annum octogesimum,Cic,"Ter oitenta annos de edade, andar n’elles",
ago,lilaLemma:88140,Saraiva,Saraiva1910.xAgo,Saraiva1910.xAgo.sg01,Saraiva1910.xAgo.sg01.s14,14,agere arbitria pacis bellique,Liv,Dispôr da paz e da guerra,
ago,lilaLemma:88140,Saraiva,Saraiva1910.xAgo,Saraiva1910.xAgo.sg01,Saraiva1910.xAgo.sg01.s12,12,agere bellum,Nep,"Dirigir, administrar a guerra",
ago,lilaLemma:88140,Saraiva,Saraiva1910.xAgo,Saraiva1910.xAgo.sg01,Saraiva1910.xAgo.sg01.s14,14,agere bonorum supplicia,A.-Vict,Pôr á morte as pessoas de bem,
ago,lilaLemma:88140,Saraiva,Saraiva1910.xAgo,Saraiva1910.xAgo.sg01,Saraiva1910.xAgo.sg01.s09,9,agere causa,Tac,Discutir o direito,
ago,lilaLemma:88140,Saraiva,Saraiva1910.xAgo,Saraiva1910.xAgo.sg01,Saraiva1910.xAgo.sg01.s09,9,agere causam,Cic,Advogar uma causa,
ago,lilaLemma:88140,Saraiva,Saraiva1910.xAgo,Saraiva1910.xAgo.sg01,Saraiva1910.xAgo.sg01.s14,14,agere censum,Suet,Fazer o recenseamento,
ago,lilaLemma:88140,Saraiva,Saraiva1910.xAgo,Saraiva1910.xAgo.sg01,Saraiva1910.xAgo.sg01.s14,14,agere centurionatum,Tac,Passar revista aos centuriões,
ago,lilaLemma:88140,Saraiva,Saraiva1910.xAgo,Saraiva1910.xAgo.sg01,Saraiva1910.xAgo.sg01.s02,2,agere ceruum,Virg,"Acoçar, perseguir um viado",
ago,lilaLemma:88140,Saraiva,Saraiva1910.xAgo,Saraiva1910.xAgo.sg01,Saraiva1910.xAgo.sg01.s06,6,agere cogitationem parricidalem,Quint,Meditar um parricidio,
ago,lilaLemma:88140,Saraiva,Saraiva1910.xAgo,Saraiva1910.xAgo.sg01,Saraiva1910.xAgo.sg01.s12,12,agere consulatum,Quint,"Exercer o consulado, sêr consul",
ago,lilaLemma:88140,Velez,Velez1744.n0201.e01,Velez1744.n0201.sg01,Velez1744.n0201.sg01.s99,X,"agere consulem, senatorem, bonum ciuem",,,"i, fungi officio consulis, senatoris, & boni civis"
ago,lilaLemma:88140,Saraiva,Saraiva1910.xAgo,Saraiva1910.xAgo.sg01,Saraiva1910.xAgo.sg01.s08,8,agere cum populo,Cic,"Dirigir-se ao povo, apresentando um projecto",
ago,lilaLemma:88140,Saraiva,Saraiva1910.xAgo,Saraiva1910.xAgo.sg01,Saraiva1910.xAgo.sg01.s08,8,agere cum senatu,Suet,Tractar um negocio com o senado,
ago,lilaLemma:88140,Saraiva,Saraiva1910.xAgo,Saraiva1910.xAgo.sg01,Saraiva1910.xAgo.sg01.s01,1,agere cuniculos,Cic,Fazer uma mina,
ago,lilaLemma:88140,Saraiva,Saraiva1910.xAgo,Saraiva1910.xAgo.sg01,Saraiva1910.xAgo.sg01.s14,14,agere curam hospitis,Ov,Cuidar d’um hospede,
ago,lilaLemma:88140,Saraiva,Saraiva1910.xAgo,Saraiva1910.xAgo.sg01,Saraiva1910.xAgo.sg01.s09,9,agere de testamento,"Paul., jct",Contestar um testamento,
ago,lilaLemma:88140,Saraiva,Saraiva1910.xAgo,Saraiva1910.xAgo.sg01,Saraiva1910.xAgo.sg01.s14,14,agere delectum,Suet,Recrutar,
ago,lilaLemma:88140,Velez,Velez1744.n0201.e01,Velez1744.n0201.sg01,Velez1744.n0201.sg01.s99,X,agere diem festum,,,"i, celebrare;"
ago,lilaLemma:88140,Saraiva,Saraiva1910.xAgo,Saraiva1910.xAgo.sg01,Saraiva1910.xAgo.sg01.s07,7,agere dies festos,Cic,Celebrar dias de festa,
ago,lilaLemma:88140,Saraiva,Saraiva1910.xAgo,Saraiva1910.xAgo.sg01,Saraiva1910.xAgo.sg01.s14,14,agere excubias,Suet,Entrar de guarda,
ago,lilaLemma:88140,Saraiva,Saraiva1910.xAgo,Saraiva1910.xAgo.sg01,Saraiva1910.xAgo.sg01.s13,13,agere exsulem,Tac,"Representar de exilado, fazer-se parecer tal",
ago,lilaLemma:88140,Saraiva,Saraiva1910.xAgo,Saraiva1910.xAgo.sg01,Saraiva1910.xAgo.sg01.s13,13,agere fabulam,Ter,Representar uma peça theatral,
ago,lilaLemma:88140,Saraiva,Saraiva1910.xAgo,Saraiva1910.xAgo.sg01,Saraiva1910.xAgo.sg01.s03,3,agere folia,Plin,Lançar folhas,
ago,lilaLemma:88140,Saraiva,Saraiva1910.xAgo,Saraiva1910.xAgo.sg01,Saraiva1910.xAgo.sg01.s14,14,agere forum,Cic,Administrar justiça,
ago,lilaLemma:88140,Fonseca,Fonseca1798.n01131.e01,Fonseca1798.n01131.sg01,Fonseca1798.n01131.sg01.s99,X,agere forum,Cic,Administrar a justiça,
ago,lilaLemma:88140,Saraiva,Saraiva1910.xAgo,Saraiva1910.xAgo.sg01,Saraiva1910.xAgo.sg01.s04,4,agere fulmen,V. Fl,"Atirar, lançar o raio",
ago,lilaLemma:88140,Saraiva,Saraiva1910.xAgo,Saraiva1910.xAgo.sg01,Saraiva1910.xAgo.sg01.s09,9,agere furti,Cic,Accusar de furto,
ago,lilaLemma:88140,Fonseca,Fonseca1798.n01131.e01,Fonseca1798.n01131.sg01,Fonseca1798.n01131.sg01.s99,X,agere furti,Cic,Accusar de furto,
ago,lilaLemma:88140,Saraiva,Saraiva1910.xAgo,Saraiva1910.xAgo.sg01,Saraiva1910.xAgo.sg01.s03,3,agere gemitus,Virg,Dar gemidos,
ago,lilaLemma:88140,Saraiva,Saraiva1910.xAgo,Saraiva1910.xAgo.sg01,Saraiva1910.xAgo.sg01.s14,14,agere gratias,Cic,"Agradecer, retribuir",
ago,lilaLemma:88140,Velez,Velez1744.n0201.e01,Velez1744.n0201.sg01,Velez1744.n0201.sg01.s99,X,agere gratias alicui,,dar graças,
ago,lilaLemma:88140,Faria,Faria1994.n01300.e01,Faria1994.n01300.sg01,Faria1994.n01300.sg01.s15,15,"agere gratias Cíc. Phil. 1. 3 «agradecer»; laudes agere T. Lív. 26, 48, 3 “glorificar”; paenitentiarn agere Tác. D. 15« arrepender-se»: agere otia «estar em descanso»: etc.",,,
ago,lilaLemma:88140,Saraiva,Saraiva1910.xAgo,Saraiva1910.xAgo.sg01,Saraiva1910.xAgo.sg01.s02,2,agere hostem in fugam,Nep,Pôr o inimigo em retirada,
ago,lilaLemma:88140,Saraiva,Saraiva1910.xAgo,Saraiva1910.xAgo.sg01,Saraiva1910.xAgo.sg01.s03,3,agere in bellum,Tac,Impellir á guerra,
ago,lilaLemma:88140,Saraiva,Saraiva1910.xAgo,Saraiva1910.xAgo.sg01,Saraiva1910.xAgo.sg01.s04,4,agere in crucem,Suet,"Levantar á cruz, i. é, crucificar",
ago,lilaLemma:88140,Saraiva,Saraiva1910.xAgo,Saraiva1910.xAgo.sg01,Saraiva1910.xAgo.sg01.s02,2,agere in exilium,Liv,"Exilar, desterrar",
ago,lilaLemma:88140,Faria,Faria1994.n01300.e01,Faria1994.n01300.sg01,Faria1994.n01300.sg01.s09,9,"agere in hereditatem Cíc. De Or. 1, 175 «intentar uma ação a respeito de herança».",,,
ago,lilaLemma:88140,Faria,Faria1994.n01300.e01,Faria1994.n01300.sg01,Faria1994.n01300.sg01.s07,7,"agere incerta pace T. Lív. 9, 25,6 “viver numa paz incerta”.",,,
ago,lilaLemma:88140,Saraiva,Saraiva1910.xAgo,Saraiva1910.xAgo.sg01,Saraiva1910.xAgo.sg01.s01,1,agere iumenta,Liv,"Conduzir, tocar cavallos",
ago,lilaLemma:88140,Saraiva,Saraiva1910.xAgo,Saraiva1910.xAgo.sg01,Saraiva1910.xAgo.sg01.s09,9,agere lege,Cic,Intentar uma demanda,
ago,lilaLemma:88140,Saraiva,Saraiva1910.xAgo,Saraiva1910.xAgo.sg01,Saraiva1910.xAgo.sg01.s02,2,agere lucos,Claud,Bater; percorrer os matos,
ago,lilaLemma:88140,Saraiva,Saraiva1910.xAgo,Saraiva1910.xAgo.sg01,Saraiva1910.xAgo.sg01.s03,3,agere membris uenena,Virg,Lançar fora do corpo o veneno,
ago,lilaLemma:88140,Saraiva,Saraiva1910.xAgo,Saraiva1910.xAgo.sg01,Saraiva1910.xAgo.sg01.s02,2,agere mentem,Claud,Agitar o espirito,
ago,lilaLemma:88140,Saraiva,Saraiva1910.xAgo,Saraiva1910.xAgo.sg01,Saraiva1910.xAgo.sg01.s01,1,agere naues,Tac,"Conduzir, dirigir navios",
ago,lilaLemma:88140,Saraiva,Saraiva1910.xAgo,Saraiva1910.xAgo.sg01,Saraiva1910.xAgo.sg01.s14,14,agere obliuia,Ov,"Esquecer, olvidar",
ago,lilaLemma:88140,Saraiva,Saraiva1910.xAgo,Saraiva1910.xAgo.sg01,Saraiva1910.xAgo.sg01.s14,14,agere otia,Sall,Estar em descanço,
ago,lilaLemma:88140,Saraiva,Saraiva1910.xAgo,Saraiva1910.xAgo.sg01,Saraiva1910.xAgo.sg01.s14,14,agere pacem,Sall,Estar em paz,
ago,lilaLemma:88140,Saraiva,Saraiva1910.xAgo,Saraiva1910.xAgo.sg01,Saraiva1910.xAgo.sg01.s14,14,agere pænitentiam,Tac,Arrepender-se,
ago,lilaLemma:88140,Saraiva,Saraiva1910.xAgo,Saraiva1910.xAgo.sg01,Saraiva1910.xAgo.sg01.s13,13,agere partes,Ter,Fazer o papel n’uma peça de theatro,
ago,lilaLemma:88140,Saraiva,Saraiva1910.xAgo,Saraiva1910.xAgo.sg01,Saraiva1910.xAgo.sg01.s01,1,agere pecus,Hor,Levar adiante de si um rebanho,
ago,lilaLemma:88140,Saraiva,Saraiva1910.xAgo,Saraiva1910.xAgo.sg01,Saraiva1910.xAgo.sg01.s01,1,agere predas,Liv,Levar o despojo; retirar-se com elle,
ago,lilaLemma:88140,Velez,Velez1744.n0201.e01,Velez1744.n0201.sg01,Velez1744.n0201.sg01.s99,X,agere principatum,,,"i, tenere"
ago,lilaLemma:88140,Saraiva,Saraiva1910.xAgo,Saraiva1910.xAgo.sg01,Saraiva1910.xAgo.sg01.s06,6,agere proditionem fratri,Tac,Meditar uma traição com o irmão,
ago,lilaLemma:88140,Saraiva,Saraiva1910.xAgo,Saraiva1910.xAgo.sg01,Saraiva1910.xAgo.sg01.s12,12,agere prœlium,Liv,Combater,
ago,lilaLemma:88140,Saraiva,Saraiva1910.xAgo,Saraiva1910.xAgo.sg01,Saraiva1910.xAgo.sg01.s14,14,agere publicum,scil. vectigal. Suet,Cobrar o imposto,
ago,lilaLemma:88140,Saraiva,Saraiva1910.xAgo,Saraiva1910.xAgo.sg01,Saraiva1910.xAgo.sg01.s04,4,agere puerum Orco,Hor,"Atirar com um menino ao inferno, i. é, matal-o",
ago,lilaLemma:88140,Saraiva,Saraiva1910.xAgo,Saraiva1910.xAgo.sg01,Saraiva1910.xAgo.sg01.s02,2,agere quercus carmine,Virg,Levar após si os carvalhos pelos cantos,
ago,lilaLemma:88140,Saraiva,Saraiva1910.xAgo,Saraiva1910.xAgo.sg01,Saraiva1910.xAgo.sg01.s04,4,agere radices in profundum,Plin,Lançar profundamente as raizes,
ago,lilaLemma:88140,Saraiva,Saraiva1910.xAgo,Saraiva1910.xAgo.sg01,Saraiva1910.xAgo.sg01.s12,12,agere regnum,Flor,Reinar,
ago,lilaLemma:88140,Saraiva,Saraiva1910.xAgo,Saraiva1910.xAgo.sg01,Saraiva1910.xAgo.sg01.s12,12,agere rempublicam,Paul. jct,Preencher as cargas da republica,
ago,lilaLemma:88140,Velez,Velez1744.n0201.e01,Velez1744.n0201.sg01,Velez1744.n0201.sg01.s99,X,agere reum,,,"i, accusare"
ago,lilaLemma:88140,Saraiva,Saraiva1910.xAgo,Saraiva1910.xAgo.sg01,Saraiva1910.xAgo.sg01.s14,14,agere rimas,Cic,"Abrir fendas, fender-se, rachar",
ago,lilaLemma:88140,Saraiva,Saraiva1910.xAgo,Saraiva1910.xAgo.sg01,Saraiva1910.xAgo.sg01.s06,6,agere secum,Hor,Resolver comsigo,
ago,lilaLemma:88140,Saraiva,Saraiva1910.xAgo,Saraiva1910.xAgo.sg01,Saraiva1910.xAgo.sg01.s14,14,agere senatum,Suet,Occupar a assemblea do senado,
ago,lilaLemma:88140,Saraiva,Saraiva1910.xAgo,Saraiva1910.xAgo.sg01,Saraiva1910.xAgo.sg01.s14,14,agere silentium,Quint,Calar-se,
ago,lilaLemma:88140,Saraiva,Saraiva1910.xAgo,Saraiva1910.xAgo.sg01,Saraiva1910.xAgo.sg01.s03,3,agere spumas,Cic,"Espumar, tirar a espuma",
ago,lilaLemma:88140,Saraiva,Saraiva1910.xAgo,Saraiva1910.xAgo.sg01,Saraiva1910.xAgo.sg01.s09,9,agere tanquam reos,Liv,Perseguir como reus,
ago,lilaLemma:88140,Saraiva,Saraiva1910.xAgo,Saraiva1910.xAgo.sg01,Saraiva1910.xAgo.sg01.s04,4,agere telum costis,Sil,Cravar o dardo no lado,
ago,lilaLemma:88140,Saraiva,Saraiva1910.xAgo,Saraiva1910.xAgo.sg01,Saraiva1910.xAgo.sg01.s14,14,agere triumphum,Suet,Triumphar,
ago,lilaLemma:88140,Saraiva,Saraiva1910.xAgo,Saraiva1910.xAgo.sg01,Saraiva1910.xAgo.sg01.s13,13,agere uersum,Cic,Recitar um verso,
ago,lilaLemma:88140,Saraiva,Saraiva1910.xAgo,Saraiva1910.xAgo.sg01,Saraiva1910.xAgo.sg01.s01,1,agere uineas,Cæs,Fazer que avancemos as mantilhas machinas de guerra,
ago,lilaLemma:88140,Velez,Velez1744.n0201.e01,Velez1744.n0201.sg01,Velez1744.n0201.sg01.s99,X,agere uitam,,,"i, vivere"
ago,lilaLemma:88140,Saraiva,Saraiva1910.xAgo,Saraiva1910.xAgo.sg01,Saraiva1910.xAgo.sg01.s01,1,"agere, ferre cuncta",Tac,Dispôr de tudo como proprio,
ago,lilaLemma:88140,Velez,Velez1744.n0201.e01,Velez1744.n0201.sg01,Velez1744.n0201.sg01.s99,X,agite spectatores,,"estai attentos, ouvi",
ago,lilaLemma:88140,Saraiva,Saraiva1910.xAgo,Saraiva1910.xAgo.sg01,Saraiva1910.xAgo.sg01.s11,11,agitur pars tertia mundi,Ov,Corre risco a terceira parte do mundo,
ago,lilaLemma:88140,Cardoso,Cardoso1570.n00905.e01,Cardoso1570.n00905.sg01,Cardoso1570.n00905.sg01.s01,1,ago Eunuchum,,,
ago,lilaLemma:88140,Cardoso,Cardoso1570.n00905.e01,Cardoso1570.n00905.sg01,Cardoso1570.n00905.sg01.s01,1,ago Parasitum,,,
ago,lilaLemma:88140,Velez,Velez1744.n0201.e01,Velez1744.n0201.sg01,Velez1744.n0201.sg01.s99,X,"ago tecum iniuriarum, furti, dementiae",,"accuso-te, etc",
ago,lilaLemma:88140,Saraiva,Saraiva1910.xAgo,Saraiva1910.xAgo.sg01,Saraiva1910.xAgo.sg01.s14,14,agone?,Ov,Firo? Devo ferir?,Formula usada pelos sacrificadores
ago,lilaLemma:88140,Saraiva,Saraiva1910.xAgo,Saraiva1910.xAgo.sg01,Saraiva1910.xAgo.sg01.s09,9,agricola iuste agebat,Tac,Agricola procedia com justiça,
fero,lilaLemma:103126,Saraiva,Saraiva1910.xFero,Saraiva1910.xFero.sg01,Saraiva1910.xFero.sg01.s05,5,agunt feruntque cuncta,Tac,Apoderam-se de tudo,
uenio,lilaLemma:129790,Saraiva,Saraiva1910.xVenio,Saraiva1910.xVenio.sg01,Saraiva1910.xVenio.sg01.s05,5,aliæ sponte sua ueniunt,Virg,Umas arvores dão-se espontaneamente,
ago,lilaLemma:88140,Saraiva,Saraiva1910.xAgo,Saraiva1910.xAgo.sg01,Saraiva1910.xAgo.sg01.s14,14,alias res agere,Cic,"Occupar-se d’outras coisas, estar distrahido, não prestar attenção",
uolo,lilaLemma:130745,Saraiva,Saraiva1910.xVolo,Saraiva1910.xVolo.sg01,Saraiva1910.xVolo.sg01.s03,3,alicui factum esse uelle,Gell,"Interessar-se por alguem, ter-lhe affeição, querer-lhe bem",
uolo,lilaLemma:130745,Saraiva,Saraiva1910.xVolo,Saraiva1910.xVolo.sg01,Saraiva1910.xVolo.sg01.s03,3,alicui factum uelle,Ter,"Interessar-se por alguem, ter-lhe affeição, querer-lhe bem",
facio,lilaLemma:102758,Faria,Faria1994.n12363.e01,Faria1994.n12363.sg01,Faria1994.n12363.sg01.s06,6,alicui facultatem judicandi Cíc. Verr. 2. 179 ‘dar a alguém a faculdade de julgar’.,,,
fides,lilaLemma:103260,Velez,Velez1744.n1345.e01,Velez1744.n1345.sg01,Velez1744.n1345.sg01.s99,X,alicui fidem facere,,"fazer que crea, persuadir",
facio,lilaLemma:102758,Velez,Velez1744.n1303.e01,Velez1744.n1303.sg01,Velez1744.n1303.sg01.s99,X,alicui gradum facere,,promover,
habeo,lilaLemma:105044,Velez,Velez1744.n1491.e01,Velez1744.n1491.sg01,Velez1744.n1491.sg01.s99,X,alicui habere fidem,,crer,
habeo,lilaLemma:105044,Velez,Velez1744.n1491.e01,Velez1744.n1491.sg01,Velez1744.n1491.sg01.s99,X,"alicui habere gratiam, uel gratias",,"ficar agradecido, e com animo de recompensar o beneficio",
habeo,lilaLemma:105044,Velez,Velez1744.n1491.e01,Velez1744.n1491.sg01,Velez1744.n1491.sg01.s99,X,alicui habere honorem,,honrar,
do,lilaLemma:99970,Velez,Velez1744.n1100.e01,Velez1744.n1100.sg01,Velez1744.n1100.sg01.s99,X,alicui operam dare,,ajudar,
uenio,lilaLemma:129790,Velez,Velez1744.n3532.e01,Velez1744.n3532.sg01,Velez1744.n3532.sg01.s99,X,alicui uenire auxilio,,favorecer a alguem,
uolo,lilaLemma:130745,Saraiva,Saraiva1910.xVolo,Saraiva1910.xVolo.sg01,Saraiva1910.xVolo.sg01.s03,3,alicuius causa magnopere uelle,Cic,"Querer muito a alguem, ser-lhe muito dedicado, ou affeiçoado",
uolo,lilaLemma:130745,Saraiva,Saraiva1910.xVolo,Saraiva1910.xVolo.sg01,Saraiva1910.xVolo.sg01.s03,3,alicuius causa ualde uelle,Cic,"Querer muito a alguem, ser-lhe muito dedicado, ou affeiçoado",
do,lilaLemma:99970,Velez,Velez1744.n1100.e01,Velez1744.n1100.sg01,Velez1744.n1100.sg01.s99,X,alicuius rei actionem alicui dare,,"admittir ao author, para armar demanda de alguma cousa",
sum,lilaLemma:126689,Saraiva,Saraiva1910.xSum,Saraiva1910.xSum.sg01,Saraiva1910.xSum.sg01.s08,8,alieni arbitrii esse,Liv,Estar á mercê de outrem,
fero,lilaLemma:103126,Saraiva,Saraiva1910.xFero,Saraiva1910.xFero.sg01,Saraiva1910.xFero.sg01.s04,4,alii rapiunt feruntque Pergama,Virg,Outros põem Troia a sacco,
habeo,lilaLemma:105044,Velez,Velez1744.n1491.e01,Velez1744.n1491.sg01,Velez1744.n1491.sg01.s99,X,"aliquem bene, uel comiter habere",,"tratar a alguem bem com affabilidade, e cortezia",
habeo,lilaLemma:105044,Velez,Velez1744.n1491.e01,Velez1744.n1491.sg01,Velez1744.n1491.sg01.s99,X,"aliquem despicatum, uel despicatui, contemptui, uel despectui habere",,desprezar,
habeo,lilaLemma:105044,Velez,Velez1744.n1491.e01,Velez1744.n1491.sg01,Velez1744.n1491.sg01.s99,X,aliquem in deliciis habere,,amar muito,
refero,lilaLemma:122494,Velez,Velez1744.n2926.e01,Velez1744.n2926.sg01,Velez1744.n2926.sg01.s01,1,aliquem in Sanctorum numerum referre,,canonizar,
habeo,lilaLemma:105044,Velez,Velez1744.n1491.e01,Velez1744.n1491.sg01,Velez1744.n1491.sg01.s99,X,"aliquid derelictui, uel pro derelicto habere",,"naõ ter cuidado, ou naõ tratar de alguma cousa",
pro,lilaLemma:118468,Faria,Faria1994.n25463.e01,Faria1994.n25463.sg01,Faria1994.n25463.sg01.s06,6,"aliquid pro carmine dare Cíc. De Or. 2, 351 ‘dar alguma coisa por um poema’.",,,
refero,lilaLemma:122494,Velez,Velez1744.n2926.e01,Velez1744.n2926.sg01,Velez1744.n2926.sg01.s01,1,"aliquid, uel de aliquo ad Senatum referre",,propôr alguma cousa no Senado,
uideo,lilaLemma:130163,Saraiva,Saraiva1910.xVideo,Saraiva1910.xVideo.sg01,Saraiva1910.xVideo.sg01.s06,6,aliud lenius uide,Ter,Manda vir outro vinho melhor,
ago,lilaLemma:88140,Velez,Velez1744.n0201.e01,Velez1744.n0201.sg01,Velez1744.n0201.sg01.s99,X,"aliud, uel alias res agere",,,"i, non esse intentum iis, quae aguntur"
alius,lilaLemma:88481,Faria,Faria1994.n01575.e01,Faria1994.n01575.sg01,Faria1994.n01575.sg01.s07,7,Alius ...alius repetido duas ou mais vezes: um outro; alii alii mais comum: uns outros: alius alius ... plerique Cés. B. Gal. 6. 37. 7: um ... outro ... a maior parte.,,,
alius,lilaLemma:88481,Velez,Velez1744.n0233.e01,Velez1744.n0233.sg01,Velez1744.n0233.sg01.s01,1,alius Lysippo,,,"i, à Lysippo, uel nisi Lysippus"
alter,lilaLemma:88457,Velez,Velez1744.n0247.e01,Velez1744.n0247.sg01,Velez1744.n0247.sg01.s99,X,alter ego,,,eleganter pro homine mihi charissimo
sum,lilaLemma:126689,Saraiva,Saraiva1910.xSum,Saraiva1910.xSum.sg01,Saraiva1910.xSum.sg01.s01,1,alter erit tum Tiphys,Virg,Haverá então um segundo Typhis,
do,lilaLemma:99970,Saraiva,Saraiva1910.xDo,Saraiva1910.xDo.sg01,Saraiva1910.xDo.sg01.s12,12,alteri consulum negotium daretur…,Liv,Que fosse dado ao outro consul o encargo de…,
fides,lilaLemma:103260,Velez,Velez1744.n1345.e01,Velez1744.n1345.sg01,Velez1744.n1345.sg01.s99,X,alterius fide pecuniam ab aliquo sumere,,tomar o dinheiro com fiança de outro,
quis,lilaLemma:121165,Velez,Velez1744.n2888.e01,Velez1744.n2888.sg01,Velez1744.n2888.sg01.s01,1,altero quoque anno,,de dous em dous annos,
alter,lilaLemma:88457,Velez,Velez1744.n0247.e01,Velez1744.n0247.sg01,Velez1744.n0247.sg01.s99,X,alterum tantum,,outro tanto,apud Cic. & Plaut
dico,lilaLemma:99302,Saraiva,Saraiva1910.xDico,Saraiva1910.xDico.sg01,Saraiva1910.xDico.sg01.s06,6,ames dici pater,Hor,Deves gostar que te deem o nome de pae,
nomen,lilaLemma:113797,Faria,Faria1994.n20624.e01,Faria1994.n20624.sg01,Faria1994.n20624.sg01.s07,7,"amicitiae nostrae nomine Cíc. Fam. 12, 12,3 “em nome de nossa amizade”.",,,
sum,lilaLemma:126689,Saraiva,Saraiva1910.xSum,Saraiva1910.xSum.sg01,Saraiva1910.xSum.sg01.s01,1,amor fuit quum…,Ov,"Foi-se, não existe mais o amor quando…",Ved. Vivo
habeo,lilaLemma:105044,Saraiva,Saraiva1910.xHabeo,Saraiva1910.xHabeo.sg01,Saraiva1910.xHabeo.sg01.s14,14,amor habendi,Virg,"A ambição de ter, o desejo de riquesas",
uenio,lilaLemma:129790,Saraiva,Saraiva1910.xVenio,Saraiva1910.xVenio.sg01,Saraiva1910.xVenio.sg01.s14,14,an deus immensi uenias maris,Virg,Se por ventura virás a ser o deus do vasto mar,
habeo,lilaLemma:105044,Saraiva,Saraiva1910.xHabeo,Saraiva1910.xHabeo.sg01,Saraiva1910.xHabeo.sg01.s01,1,animalia somnus habebat,Virg,Os animaes dormiam profundamente,
do,lilaLemma:99970,Saraiva,Saraiva1910.xDo,Saraiva1910.xDo.sg01,Saraiva1910.xDo.sg01.s08,8,animam sub fasce dedêre,Virg,Expiraram debaixo da carga,
animus,lilaLemma:89094,Fonseca,Fonseca1798.n01750.e01,Fonseca1798.n01750.sg01,Fonseca1798.n01750.sg01.s99,X,animi causa,Cic,Por divertimento,
animus,lilaLemma:89094,Fonseca,Fonseca1798.n01750.e01,Fonseca1798.n01750.sg01,Fonseca1798.n01750.sg01.s99,X,animis cadere,Cic,Desanimar-se,
do,lilaLemma:99970,Saraiva,Saraiva1910.xDo,Saraiva1910.xDo.sg01,Saraiva1910.xDo.sg01.s06,6,anni multi me dubiam dant,Plaut,Há muitos annos que estou na duvida,
uenio,lilaLemma:129790,Saraiva,Saraiva1910.xVenio,Saraiva1910.xVenio.sg01,Saraiva1910.xVenio.sg01.s08,8,anni uenientes,Hor,Os tenros annos os annos que vão em crescimento,
habeo,lilaLemma:105044,Saraiva,Saraiva1910.xHabeo,Saraiva1910.xHabeo.sg01,Saraiva1910.xHabeo.sg01.s02,2,annulus subtertenuatur habendo,Lucr,Um annel gasta-se com o uso,
facio,lilaLemma:102758,Saraiva,Saraiva1910.xFacio,Saraiva1910.xFacio.sg01,Saraiva1910.xFacio.sg01.s13,13,annum in fuga fecerat,Ulp,Tinha andado fugido um anno,
tempus,lilaLemma:127522,Faria,Faria1994.n31440.e01,Faria1994.n31440.sg01,Faria1994.n31440.sg01.s11,11,Ante tempus ‘prematuramente’ Cíc. Lae. 11.,,,
uideo,lilaLemma:130163,Saraiva,Saraiva1910.xVideo,Saraiva1910.xVideo.sg01,Saraiva1910.xVideo.sg01.s06,6,"antecesserat, ut nobis prandium uideret",Cic,"Elle tinha passado adiante, afim de cuidar do nosso jantar",
qui,lilaLemma:121354,Faria,Faria1994.n26549.e01,Faria1994.n26549.sg01,Faria1994.n26549.sg01.s03,3,"Antiochus qui animo puerili esset... Cíc. Verr. 4, 65 «Antíoco, porque tinha uma alma pueril».",,,
facio,lilaLemma:102758,Saraiva,Saraiva1910.xFacio,Saraiva1910.xFacio.sg01,Saraiva1910.xFacio.sg01.s02,2,apelles faciebat,Plin,Apelles fazia; feito por Apelles,"fórmula de modestia que os artistas punham nas suas obras, em vez de fecit"
in,lilaLemma:106748,Velez,Velez1744.n1646.e01,Velez1744.n1646.sg01,Velez1744.n1646.sg01.s04,4,apponere dapes in mensam,,"na mesa, ou sobre a mesa",
apud,lilaLemma:89686,Faria,Faria1994.n02576.e01,Faria1994.n02576.sg01,Faria1994.n02576.sg01.s01,1,apud focum Cíc. Rep. 3. 40 «junto ao fogo».,,,
apud,lilaLemma:89686,Faria,Faria1994.n02576.e01,Faria1994.n02576.sg01,Faria1994.n02576.sg01.s02,2,"apud Mantineam Cíc. Fin. 2, 97 “em Mantinéia”.",,,
apud,lilaLemma:89686,Faria,Faria1994.n02576.e01,Faria1994.n02576.sg01,Faria1994.n02576.sg01.s05,5,"apud Romanos, apud maiores nostros Cíc. Verr. 4. 108 “entre os romanos, entre os nossos antepassados”.",,,
uenio,lilaLemma:129790,Saraiva,Saraiva1910.xVenio,Saraiva1910.xVenio.sg01,Saraiva1910.xVenio.sg01.s03,3,aqua quæ a cælo uenit,Varr,"Agua que cae do ceu, chuva",
uenio,lilaLemma:129790,Saraiva,Saraiva1910.xVenio,Saraiva1910.xVenio.sg01,Saraiva1910.xVenio.sg01.s02,2,aquila ueniente,Virg,Quando a aguia cae sobre as pombas,
habeo,lilaLemma:105044,Saraiva,Saraiva1910.xHabeo,Saraiva1910.xHabeo.sg01,Saraiva1910.xHabeo.sg01.s02,2,arbor habet frondes,Ov,A arvore está coberta de folhas,
uenio,lilaLemma:129790,Velez,Velez1744.n3532.e01,Velez1744.n3532.sg01,Velez1744.n3532.sg01.s99,X,"arbores, & similia uenire",,crescer,pro Crescere
facio,lilaLemma:102758,Velez,Velez1744.n1303.e01,Velez1744.n1303.sg01,Velez1744.n1303.sg01.s99,X,argentariam facere,,"exercitar o officio de bater moeda, ou de cambiador",
at,lilaLemma:87415,Velez,Velez1744.n0417.e01,Velez1744.n0417.sg01,Velez1744.n0417.sg01.s01,1,at tibi,,,pro scelere Dii persolvant grates dignas
at,lilaLemma:87415,Velez,Velez1744.n0417.e01,Velez1744.n0417.sg01,Velez1744.n0417.sg01.s01,1,at ut scelesta sola secum murmurat,,,
atque,lilaLemma:90490,Velez,Velez1744.n0427.e01,Velez1744.n0427.sg01,Velez1744.n0427.sg01.s02,2,atque hoc haud uerisimile uidetur uobis,,mas isto na verdade naõ vos parece verosimil,
facio,lilaLemma:102758,Saraiva,Saraiva1910.xFacio,Saraiva1910.xFacio.sg01,Saraiva1910.xFacio.sg01.s10,10,auctoritas nobiscum facit,Cic,Está do nosso lado a auctoridade…,
audio,lilaLemma:90641,Velez,Velez1744.n0443.e01,Velez1744.n0443.sg01,Velez1744.n0443.sg01.s99,X,audire male,,,pro Vituperari
audio,lilaLemma:90641,Velez,Velez1744.n0443.e01,Velez1744.n0443.sg01,Velez1744.n0443.sg01.s99,X,audire Platonem,,,"i, discipulum esse Platonis"
uideo,lilaLemma:130163,Saraiva,Saraiva1910.xVideo,Saraiva1910.xVideo.sg01,Saraiva1910.xVideo.sg01.s08,8,audire uocem uisa sum…,Ter,Pareceu-me ouvir uma voz…,
ago,lilaLemma:88140,Saraiva,Saraiva1910.xAgo,Saraiva1910.xAgo.sg01,Saraiva1910.xAgo.sg01.s03,3,auguriis agimur diuûm,Virg,Somos levados pelos presagios dos deuses,
ago,lilaLemma:88140,Saraiva,Saraiva1910.xAgo,Saraiva1910.xAgo.sg01,Saraiva1910.xAgo.sg01.s08,8,bella quæ agimus,Liv,As guerras que nós narramos,
habeo,lilaLemma:105044,Saraiva,Saraiva1910.xHabeo,Saraiva1910.xHabeo.sg01,Saraiva1910.xHabeo.sg01.s07,7,bellum semper habuit indictum…,Cic,Tem sempre estado em guerra aberta com…,
bene,lilaLemma:91473,Faria,Faria1994.n03984.e01,Faria1994.n03984.sg01,Faria1994.n03984.sg01.s02,2,"bene agis Cíc. Verr. 3, 135 “ages bem”.",,,
audio,lilaLemma:90641,Velez,Velez1744.n0443.e01,Velez1744.n0443.sg01,Velez1744.n0443.sg01.s99,X,bene audire,,,ponitur pro Laudari
audio,lilaLemma:90641,Faria,Faria1994.n03455.e01,Faria1994.n03455.sg01,Faria1994.n03455.sg01.s08,8,"bene audire a parentibus Cíc. Fin. 3, 57 «ser bem apreciado pelos pais».",,,
bene,lilaLemma:91473,Faria,Faria1994.n03984.e01,Faria1994.n03984.sg01,Faria1994.n03984.sg01.s03,3,bene dicere Cíc. Sest. 110 “falar bem” de alguém .,,,
ago,lilaLemma:88140,Saraiva,Saraiva1910.xAgo,Saraiva1910.xAgo.sg01,Saraiva1910.xAgo.sg01.s10,10,bene egissent Athenienses cum Miltiade,V. Max,Os Athenienses tivessem bem procedido para com Miltiades,
habeo,lilaLemma:105044,Saraiva,Saraiva1910.xHabeo,Saraiva1910.xHabeo.sg01,Saraiva1910.xHabeo.sg01.s15,15,bene habet,Ter,"A coisa vae bem, corre bem, está bem",
habeo,lilaLemma:105044,Saraiva,Saraiva1910.xHabeo,Saraiva1910.xHabeo.sg01,Saraiva1910.xHabeo.sg01.s15,15,bene habet,Prop,"Vae-me bem, sou feliz",
habeo,lilaLemma:105044,Saraiva,Saraiva1910.xHabeo,Saraiva1910.xHabeo.sg01,Saraiva1910.xHabeo.sg01.s15,15,bene habet,Juv,"Basta, é sufficiente bastante, não é preciso mais",
bene,lilaLemma:91473,Fonseca,Fonseca1798.n03179.e01,Fonseca1798.n03179.sg01,Fonseca1798.n03179.sg01.s99,X,bene mane,Cic,Muito de madrugada,
bene,lilaLemma:91473,Velez,Velez1744.n0494.e01,Velez1744.n0494.sg01,Velez1744.n0494.sg01.s01,1,bene nummatus,,muito rico,
bene,lilaLemma:91473,Fonseca,Fonseca1798.n03179.e01,Fonseca1798.n03179.sg01,Fonseca1798.n03179.sg01.s99,X,bene nummatus,Cic,Muito rico,
audio,lilaLemma:90641,Faria,Faria1994.n03455.e01,Faria1994.n03455.sg01,Faria1994.n03455.sg01.s07,7,"Bene ou male audire -«ter boa ou má reputação» Cíc. De Or. 2, 277.",,,
ago,lilaLemma:88140,Velez,Velez1744.n0201.e01,Velez1744.n0201.sg01,Velez1744.n0201.sg01.s99,X,bene praeclare nobiscum agi,,,dicimus cùm res nobis succedunt feliciter
uolo,lilaLemma:130745,Saraiva,Saraiva1910.xVolo,Saraiva1910.xVolo.sg01,Saraiva1910.xVolo.sg01.s03,3,bene tibi uult,Plaut,Elle quer-te bem,
habeo,lilaLemma:105044,Velez,Velez1744.n1491.e01,Velez1744.n1491.sg01,Velez1744.n1491.sg01.s99,X,"bene, uel belle habere",,estar bem,
in,lilaLemma:106748,Faria,Faria1994.n15371.e01,Faria1994.n15371.sg01,Faria1994.n15371.sg01.s13,13,"bis in die Cíc. Tusc. 5, 100 “duas vezes por dia”.",,,
arma,lilaLemma:89998,Velez,Velez1744.n0377.e01,Velez1744.n0377.sg01,Velez1744.n0377.sg01.s99,X,"bis interimitur, qui suis armis perit",,,"i, magis dolent incommoda, quibus ipsi dedimus occasionem"
bonus,lilaLemma:91782,Velez,Velez1744.n0526.e01,Velez1744.n0526.sg01,Velez1744.n0526.sg01.s99,X,bona Cilicum,,,"i, facit; convenit, ubi quis malefactis, ac foedis artibus opes paravit"
bonus,lilaLemma:91782,Fonseca,Fonseca1798.n03390.e01,Fonseca1798.n03390.sg01,Fonseca1798.n03390.sg01.s99,X,bona pars hominum,Hor,Grande parte dos homens,
bonus,lilaLemma:91782,Fonseca,Fonseca1798.n03390.e01,Fonseca1798.n03390.sg01,Fonseca1798.n03390.sg01.s99,X,bona tua uenia,Cic,Com tua permissão,
uerbum,lilaLemma:131057,Fonseca,Fonseca1798.n31423.e01,Fonseca1798.n31423.sg01,Fonseca1798.n31423.sg01.s99,X,bona uerba quaeso,Ter,"Peço-vos que naõ vos agasteis, fallai com brandura por vida vossa, & c",
fides,lilaLemma:103260,Velez,Velez1744.n1345.e01,Velez1744.n1345.sg01,Velez1744.n1345.sg01.s01,1,bonae fidei homo,,"homem de sua palavra, e aquem tudo se pode encarregar seguramente",
bonus,lilaLemma:91782,Velez,,,Velez1744.n0165.sg01.s01,1,boni consulere,,lançar á boa parte,
consulo,lilaLemma:96186,Velez,,,Velez1744.n0165.sg01.s01,1,boni consulere,,lançar á boa parte,
bonus,lilaLemma:91782,Velez,,,Velez1744.n0165.sg01.s01,1,bonifacere,,lançar á boa parte,
facio,lilaLemma:102758,Velez,,,Velez1744.n0165.sg01.s01,1,bonifacere,,lançar á boa parte,
bonus,lilaLemma:91782,Velez,Velez1744.n0526.e01,Velez1744.n0526.sg01,Velez1744.n0526.sg01.s02,2,bonis prognatus,,nascido de pays honrados,
modus,lilaLemma:112553,Faria,Faria1994.n19706.e01,Faria1994.n19706.sg01,Faria1994.n19706.sg01.s07,7,"bono modo Cat. Agr. 5, 2 “honestamente, sem exagerar”; nullo modo Cíc. Verr. 2, 186 “de maneira alguma”; omni modo Cíc. A 1. 6. 2,7 “de toda maneira”; miris modis T. Lív. 1, 57,6 “de maneira admirável”; isto modo C íc. Br. 296 “à tua maneira”; miserandum in modum Cíc. Verr. 4. 31; Provo5 «de maneira lamentável»; ad hune modum Cés. B. Gal. 3, 13, 1 “desta maneira”; cojusque modi Cíc. Verr. 4.7 “de toda espécie”.",,,
nomen,lilaLemma:113797,Fonseca,Fonseca1798.n19378.e01,Fonseca1798.n19378.sg01,Fonseca1798.n19378.sg01.s99,X,bonum nomen existimari,Cic,Ser reputado por bom pagador,
bonus,lilaLemma:91782,Velez,Velez1744.n0526.e01,Velez1744.n0526.sg01,Velez1744.n0526.sg01.s03,3,bonus accipe uoces,,,
uenio,lilaLemma:129790,Saraiva,Saraiva1910.xVenio,Saraiva1910.xVenio.sg01,Saraiva1910.xVenio.sg01.s07,7,caco debita pœna uenit,Ov,Caco padece o castigo que merece,
uenio,lilaLemma:129790,Saraiva,Saraiva1910.xVenio,Saraiva1910.xVenio.sg01,Saraiva1910.xVenio.sg01.s01,1,cælo uenere uolantes,Virg,Ellas as pombas desceram dos ares,
uenio,lilaLemma:129790,Saraiva,Saraiva1910.xVenio,Saraiva1910.xVenio.sg01,Saraiva1910.xVenio.sg01.s07,7,canibus rabies uenit,Virg,A raiva vem aos cães,
capio,lilaLemma:92686,Faria,Faria1994.n04907.e01,Faria1994.n04907.sg01,Faria1994.n04907.sg01.s01,1,"cape saxa manu Verg. G. 3, 420 «toma nas mãos as pedras».",,,
capio,lilaLemma:92686,Velez,Velez1744.n0587.e01,Velez1744.n0587.sg01,Velez1744.n0587.sg01.s01,1,capere auribus,,,audire
capio,lilaLemma:92686,Velez,Velez1744.n0587.e01,Velez1744.n0587.sg01,Velez1744.n0587.sg01.s01,1,capere dolis,,,"decipere, & c"
capio,lilaLemma:92686,Velez,Velez1744.n0587.e01,Velez1744.n0587.sg01,Velez1744.n0587.sg01.s01,1,capere mente,,,intelligere
capio,lilaLemma:92686,Velez,Velez1744.n0587.e01,Velez1744.n0587.sg01,Velez1744.n0587.sg01.s01,1,capere oculis,,,videre
capio,lilaLemma:92686,Velez,Velez1744.n0587.e01,Velez1744.n0587.sg01,Velez1744.n0587.sg01.s99,X,capere rationem,,,est modum invenire
in,lilaLemma:106748,Faria,Faria1994.n15371.e01,Faria1994.n15371.sg01,Faria1994.n15371.sg01.s09,9,"carmen in aliquem scribere Cíc. De qr. 2, 352 “compor um poema a favor de alguém”; oratio, quam in Ctesiphontem contra Demosthenem dixerat Cíc. De Or. 3, 213 “o discurso que ele pronunciava contra Ctesifonte, visando Demóstenes”.",,,
fero,lilaLemma:103126,Saraiva,Saraiva1910.xFero,Saraiva1910.xFero.sg01,Saraiva1910.xFero.sg01.s11,11,carmina ferre per orbem,Virg,Espalhar versos por todo mundo,
uel,lilaLemma:129695,Velez,Velez1744.n3526.e01,Velez1744.n3526.sg01,Velez1744.n3526.sg01.s01,1,carmina uel coelo possunt deducere Lunam,,,
ab,lilaLemma:86824,Velez,Velez1744.n0025.e01,Velez1744.n0025.sg01,Velez1744.n0025.sg01.s01,1,caueo mihi abs te caute,,acautelo-me muito de vós,
iudicium,lilaLemma:109170,Faria,Faria1994.n17211.e01,Faria1994.n17211.sg01,Faria1994.n17211.sg01.s04,4,causa in judicium deducta Cíc. Opt. 19 «causa levada ao tribunal».,,,
dico,lilaLemma:99302,Saraiva,Saraiva1910.xDico,Saraiva1910.xDico.sg01,Saraiva1910.xDico.sg01.s03,3,causam haud dico,Ter,"Não tenho coisa alguma a dizer, a responder",
dico,lilaLemma:99302,Saraiva,Saraiva1910.xDico,Saraiva1910.xDico.sg01,Saraiva1910.xDico.sg01.s03,3,causam nullam dico,Plaut,"Não tenho coisa alguma a dizer, a responder",
in,lilaLemma:106748,Velez,Velez1744.n1646.e01,Velez1744.n1646.sg01,Velez1744.n1646.sg01.s01,1,"cecidit in pedes, & c",,,
capio,lilaLemma:92686,Velez,Velez1744.n0587.e01,Velez1744.n0587.sg01,Velez1744.n0587.sg01.s99,X,"cepi dolorem, uel cepit me dolor, & c",,,
sum,lilaLemma:126689,Velez,Velez1744.n3287.e01,Velez1744.n3287.sg01,Velez1744.n3287.sg01.s05,5,cernere erat,,"era licito, ou podia se ver",
scio,lilaLemma:123732,Fonseca,Fonseca1798.n26981.e01,Fonseca1798.n26981.sg01,Fonseca1798.n26981.sg01.s99,X,certe scire,Cic,Saber com certeza,
scio,lilaLemma:123732,Fonseca,Fonseca1798.n26981.e01,Fonseca1798.n26981.sg01,Fonseca1798.n26981.sg01.s99,X,certo scire,Cic,Saber com certeza,
uideo,lilaLemma:130163,Saraiva,Saraiva1910.xVideo,Saraiva1910.xVideo.sg01,Saraiva1910.xVideo.sg01.s04,4,certon’ scis? Scio; me uide,Plaut,Estás bem certo?… Estou; confia em mim,
scio,lilaLemma:123732,Fonseca,Fonseca1798.n26981.e01,Fonseca1798.n26981.sg01,Fonseca1798.n26981.sg01.s99,X,certum scire,Cic,Saber com certeza,
facio,lilaLemma:102758,Saraiva,Saraiva1910.xFacio,Saraiva1910.xFacio.sg01,Saraiva1910.xFacio.sg01.s11,11,chamæleon facit ad…,Plin,A carlina é boa para…,
do,lilaLemma:99970,Saraiva,Saraiva1910.xDo,Saraiva1910.xDo.sg01,Saraiva1910.xDo.sg01.s12,12,cicero preces non dat Miloni,Quint,Cicero não attribue a Milão linguagem supplicante,
ut2,lilaLemma:130905,Faria,Faria1994.n33117.e01,Faria1994.n33117.sg01,Faria1994.n33117.sg01.s01,1,"Ciceronem et ut rogas, amo, et ut meretur, et ut debeo Cíc. Q. Fr. 3, 9, 9 “amo teu filho Cícero como me pedes, como ele merece e como devo”: Cíc. Ac. 2. 69: Cíc. Fin. 4, 51.",,,
ago,lilaLemma:88140,Saraiva,Saraiva1910.xAgo,Saraiva1910.xAgo.sg01,Saraiva1910.xAgo.sg01.s07,7,ciuitas læte agere,Sall,A cidade esteve em alegria,
ciuitas,lilaLemma:94400,Velez,Velez1744.n0683.e01,Velez1744.n0683.sg01,Velez1744.n0683.sg01.s02,2,ciuitate aliquem donare,,fazer a alguem cidadaõ,
uenio,lilaLemma:129790,Saraiva,Saraiva1910.xVenio,Saraiva1910.xVenio.sg01,Saraiva1910.xVenio.sg01.s06,6,clamor in astra uenit,Ov,O grito eleva-se aos ares,
fero,lilaLemma:103126,Saraiva,Saraiva1910.xFero,Saraiva1910.xFero.sg01,Saraiva1910.xFero.sg01.s02,2,clamorem ferunt ad litora,Virg,Seus gritos chegam até ás praias,
apud,lilaLemma:89686,Velez,Velez1744.n0347.e01,Velez1744.n0347.sg01,Velez1744.n0347.sg01.s01,1,coenare apud aliquem,,"cear com alguem, ou em casa de alguem",
atque,lilaLemma:90490,Velez,Velez1744.n0427.e01,Velez1744.n0427.sg01,Velez1744.n0427.sg01.s03,3,"coepi secus agere, atque initio institueram",,"do que, etc",
inter,lilaLemma:108392,Faria,Faria1994.n16502.e01,Faria1994.n16502.sg01,Faria1994.n16502.sg01.s04,4,"colloquimur inter nos Cíc. De Or. 1. 32 “conversamos entre nós. i. e., juntamente”.",,,
de,lilaLemma:97932,Faria,Faria1994.n08711.e01,Faria1994.n08711.sg01,Faria1994.n08711.sg01.s04,4,"com verbos como: detrahère de, tirar de; decedère de, afastar-se de; effugère de, escapar de; exíre de, sair de, etc. Cíc. Font. 17.",,,
ex,lilaLemma:101716,Faria,Faria1994.n11629.e01,Faria1994.n11629.sg01,Faria1994.n11629.sg01.s01,1,"Com verbos que significam sair, expulsar, tirar, como: exire sair de, deducere levar, retirar, auferre retirar, tollere, etc. Cés. B. Gal. 4, 30, 3.",,,
congruenter,lilaIpoLemma:114066,Velez,,,Velez1744.n0806.sg01.s01,1,congruenter rationi uiuere,,viver conforme o que pede a razaõ,
ratio,lilaLemma:121458,Velez,,,Velez1744.n0806.sg01.s01,1,congruenter rationi uiuere,,viver conforme o que pede a razaõ,
uiuo,lilaLemma:130476,Velez,,,Velez1744.n0806.sg01.s01,1,congruenter rationi uiuere,,viver conforme o que pede a razaõ,
consilium,lilaLemma:96060,Fonseca,Fonseca1798.n06489.e01,Fonseca1798.n06489.sg01,Fonseca1798.n06489.sg01.s99,X,consilium est ita facere,Plaut,Está determinado fazer assim,
sum,lilaLemma:126689,Saraiva,Saraiva1910.xSum,Saraiva1910.xSum.sg01,Saraiva1910.xSum.sg01.s05,5,consul esse potui,Cic,Eu podera ser consul,
dico,lilaLemma:99302,Faria,Faria1994.n09678.e01,Faria1994.n09678.sg01,Faria1994.n09678.sg01.s02,2,"consules dicere T. Lív. 26, 22, 9 nomear os cônsules.",,,
sum,lilaLemma:126689,Saraiva,Saraiva1910.xSum,Saraiva1910.xSum.sg01,Saraiva1910.xSum.sg01.s05,5,consules trahenda re esse,Liv,Que os consules teem tenção de dilatar o negocio,
sum,lilaLemma:126689,Saraiva,Saraiva1910.xSum,Saraiva1910.xSum.sg01,Saraiva1910.xSum.sg01.s08,8,"consules, quorum iudicium fuit",Cic,"Os consules, a quem competia julgar",
pro,lilaLemma:118468,Faria,Faria1994.n25463.e01,Faria1994.n25463.sg01,Faria1994.n25463.sg01.s02,2,"contra aliquem, pro aliquo Cíc. Clu. 88 «contra alguém, a favor de alguém».",,,
conuenienter,lilaIpoLemma:113170,Velez,,,Velez1744.n0860.sg01.s01,1,conuenienter rationi dicere,,fallar conforme a razaõ,
ratio,lilaLemma:121458,Velez,,,Velez1744.n0860.sg01.s01,1,conuenienter rationi dicere,,fallar conforme a razaõ,
dico,lilaLemma:99302,Velez,,,Velez1744.n0860.sg01.s01,1,conuenienter rationi dicere,,fallar conforme a razaõ,
facio,lilaLemma:102758,Velez,Velez1744.n1303.e01,Velez1744.n1303.sg01,Velez1744.n1303.sg01.s99,X,"copiam, & potestatem facere",,"permittir, conceder",
corpus,lilaLemma:96667,Fonseca,Fonseca1798.n06979.e01,Fonseca1798.n06979.sg01,Fonseca1798.n06979.sg01.s99,X,corpus amittere,Cic,Emmagrecer,
corpus,lilaLemma:96667,Velez,Velez1744.n0878.e01,Velez1744.n0878.sg01,Velez1744.n0878.sg01.s99,X,corpus bene constitutum,,de boa compleiçaõ,
corpus,lilaLemma:96667,Fonseca,Fonseca1798.n06979.e01,Fonseca1798.n06979.sg01,Fonseca1798.n06979.sg01.s99,X,corpus euirare,Catul,Castrar,
corpus,lilaLemma:96667,Faria,Faria1994.n07899.e01,Faria1994.n07899.sg01,Faria1994.n07899.sg01.s09,9,"corpus omnis juris Romani T. Lív. 3. 34,7 “um texto de todo o direito romano”.",,,
corpus,lilaLemma:96667,Velez,Velez1744.n0878.e01,Velez1744.n0878.sg01,Velez1744.n0878.sg01.s99,X,corpus sine pectore,,,"i, sine mente apud Horat"
credo,lilaLemma:96881,Velez,Velez1744.n0891.e01,Velez1744.n0891.sg01,Velez1744.n0891.sg01.s99,X,credere Deo,,,"est fidem habere ei, vel ejus verbis;"
credo,lilaLemma:96881,Velez,Velez1744.n0891.e01,Velez1744.n0891.sg01,Velez1744.n0891.sg01.s99,X,credere Deum,,,est credere Deum esse;
credo,lilaLemma:96881,Velez,Velez1744.n0891.e01,Velez1744.n0891.sg01,Velez1744.n0891.sg01.s99,X,credere in Deum,,,est spem omnem in eo repositam habere
credo,lilaLemma:96881,Fonseca,Fonseca1798.n07134.e01,Fonseca1798.n07134.sg01,Fonseca1798.n07134.sg01.s99,X,credere se Neptuno,Plaut,Embarcar-se,
ad,lilaLemma:87344,Velez,Velez1744.n0082.e01,Velez1744.n0082.sg01,Velez1744.n0082.sg01.s01,1,"crux, quae posita est ad portum",,,"i, prope portum"
uenio,lilaLemma:129790,Saraiva,Saraiva1910.xVenio,Saraiva1910.xVenio.sg01,Saraiva1910.xVenio.sg01.s10,10,cui prætori classis uenisset,Liv,A que pretor teria caido por sorte o commando da armada,
debeo,lilaLemma:97963,Saraiva,Saraiva1910.xDebeo,Saraiva1910.xDebeo.sg01,Saraiva1910.xDebeo.sg01.s03,3,cui regnum Italiae debetur,Virg,A quem o reino da Itália é devido pelos destinos,
habeo,lilaLemma:105044,Saraiva,Saraiva1910.xHabeo,Saraiva1910.xHabeo.sg01,Saraiva1910.xHabeo.sg01.s10,10,cuius auctoritas in Britannia magni habebatur,Cic,Cuja autoridade era mui considerada na Britannia,
aliquis,lilaLemma:91108,Faria,Faria1994.n01560.e01,Faria1994.n01560.sg01,Faria1994.n01560.sg01.s02,2,"cum aliquam ob causam navigarent Cíc. Verr. 5, 72 «como navegassem por urn motivo qualquer».",,,
ago,lilaLemma:88140,Velez,Velez1744.n0201.e01,Velez1744.n0201.sg01,Velez1744.n0201.sg01.s99,X,cum aliquo agere,,,"etiam dicimus, cùm quidpiam ab eo impetrare, vel persuadere conamur"
facio,lilaLemma:102758,Velez,Velez1744.n1303.e01,Velez1744.n1303.sg01,Velez1744.n1303.sg01.s99,X,cum aliquo facere,,"seguir, ou favorecer as partes, ou opiniaõ de alguem",
ad,lilaLemma:87344,Velez,Velez1744.n0082.e01,Velez1744.n0082.sg01,Velez1744.n0082.sg01.s01,1,cum boues ad desiderium relictarum mugissent,,,"i, propter, vel prae desiderio"
ad,lilaLemma:87344,Faria,Faria1994.n00519.e01,Faria1994.n00519.sg01,Faria1994.n00519.sg01.s01,1,"cum ego ad Heracleam accederem Cíc. Verr. 5, 129 “como eu me aproximasse de Heracléia”.",,,
iste,lilaLemma:109122,Faria,Faria1994.n17050.e01,Faria1994.n17050.sg01,Faria1994.n17050.sg01.s01,1,"cum icta sis auctoritate Cíc. Mur. 13 “com essa autoridade que tu tens”; Cíc. Cal. I, 16.",,,
cum2,lilaLemma:97201,Faria,Faria1994.n08331.e01,Faria1994.n08331.sg01,Faria1994.n08331.sg01.s04,4,"cum lingua lingere Catul. 98, 3 “lamber com a língua”.",,,
manus,lilaLemma:111585,Faria,Faria1994.n18917.e01,Faria1994.n18917.sg01,Faria1994.n18917.sg01.s04,4,cum mulier viro in manum convenit Cíc. Top. 23 “quando uma mulher fica sob a autoridade poder legal de um marido = quando se casa” .,,,
cum2,lilaLemma:97201,Faria,Faria1994.n08331.e01,Faria1994.n08331.sg01,Faria1994.n08331.sg01.s02,2,"cum prima luce Cíc. At. 4, 3, 4 “ao raiar do dia, logo que amanhece”: exit cum nuntio Cés. B. Gal. 5, 46, 3 «sai logo que recebe a notícia”.",,,
facio,lilaLemma:102758,Saraiva,Saraiva1910.xFacio,Saraiva1910.xFacio.sg01,Saraiva1910.xFacio.sg01.s13,13,cum qua fecit annos nouem,Inscr,Com a qual viveu nove annos,
ago,lilaLemma:88140,Velez,Velez1744.n0201.e01,Velez1744.n0201.sg01,Velez1744.n0201.sg01.s99,X,cuniculos agere,,minar,
ago,lilaLemma:88140,Velez,Velez1744.n0201.e01,Velez1744.n0201.sg01,Velez1744.n0201.sg01.s99,X,cupiditas homines in omnia facinora praecipites agit,,,"inducit, seu impellit"
uolo,lilaLemma:130745,Saraiva,Saraiva1910.xVolo,Saraiva1910.xVolo.sg01,Saraiva1910.xVolo.sg01.s02,2,cupio omnia quæ uis,Hor,"Desejo que tenhas o que desejas, teus desejos sejam cumpridos",formula de cortezia
facio,lilaLemma:102758,Saraiva,Saraiva1910.xFacio,Saraiva1910.xFacio.sg01,Saraiva1910.xFacio.sg01.s14,14,cur aper apri faciat,Quint,Porque Aper faz Apri em genit.,Tac
facio,lilaLemma:102758,Saraiva,Saraiva1910.xFacio,Saraiva1910.xFacio.sg01,Saraiva1910.xFacio.sg01.s13,13,cursu quingenta stadia facere,Just,Percorrer quinhentos estadios de carreira,
do,lilaLemma:99970,Saraiva,Saraiva1910.xDo,Saraiva1910.xDo.sg01,Saraiva1910.xDo.sg01.s13,13,da hoc patriæ,Sulpitius ad Cic,Faze isto em favor da patria,
do,lilaLemma:99970,Saraiva,Saraiva1910.xDo,Saraiva1910.xDo.sg01,Saraiva1910.xDo.sg01.s09,9,da mihi nunc…,Cic,Dize-me agora…,
in,lilaLemma:106748,Velez,Velez1744.n1646.e01,Velez1744.n1646.sg01,Velez1744.n1646.sg01.s07,7,da mihi operam in hunc diem,,"ajudai me por este dia, ou por hoje",
do,lilaLemma:99970,Velez,Velez1744.n1100.e01,Velez1744.n1100.sg01,Velez1744.n1100.sg01.s99,X,da te mihi,,accommodai-vos á minha vontade,
do,lilaLemma:99970,Saraiva,Saraiva1910.xDo,Saraiva1910.xDo.sg01,Saraiva1910.xDo.sg01.s05,5,dabit me præcipitem in pistrinum,Plaut,Dará commigo em um moinho,
do,lilaLemma:99970,Saraiva,Saraiva1910.xDo,Saraiva1910.xDo.sg01,Saraiva1910.xDo.sg01.s09,9,"dabo, quo magis credas",Ter,Direi para mais acreditares,
do,lilaLemma:99970,Saraiva,Saraiva1910.xDo,Saraiva1910.xDo.sg01,Saraiva1910.xDo.sg01.s07,7,dant arbuta siluæ,Virg,As florestas dão medronhos,
do,lilaLemma:99970,Saraiva,Saraiva1910.xDo,Saraiva1910.xDo.sg01,Saraiva1910.xDo.sg01.s10,10,dare absentibus secundum præsentes,Suet,Julgar em favor dos ausentes,
do,lilaLemma:99970,Saraiva,Saraiva1910.xDo,Saraiva1910.xDo.sg01,Saraiva1910.xDo.sg01.s14,14,dare ad litteras,Cic,Responder á carta,
fides,lilaLemma:103260,Velez,Velez1744.n1345.e01,Velez1744.n1345.sg01,Velez1744.n1345.sg01.s99,X,dare alicui fidem,,"prometter, ou dar sua palavra com firmeza",
do,lilaLemma:99970,Fonseca,Fonseca1798.n09326.e01,Fonseca1798.n09326.sg01,Fonseca1798.n09326.sg01.s99,X,dare aliquem ad languorem,Ter,Fatigar alguem,
do,lilaLemma:99970,Saraiva,Saraiva1910.xDo,Saraiva1910.xDo.sg01,Saraiva1910.xDo.sg01.s03,3,dare aliquem in custodiam,Cic,Mandar metter alguem na prisão,
do,lilaLemma:99970,Saraiva,Saraiva1910.xDo,Saraiva1910.xDo.sg01,Saraiva1910.xDo.sg01.s05,5,dare aliquem leto,Phaed,Dar alguém á morte,
do,lilaLemma:99970,Fonseca,Fonseca1798.n09326.e01,Fonseca1798.n09326.sg01,Fonseca1798.n09326.sg01.s99,X,dare aliquem manibus,Liv,Sacrificar alguem ás almas dos mortos,
do,lilaLemma:99970,Fonseca,Fonseca1798.n09326.e01,Fonseca1798.n09326.sg01,Fonseca1798.n09326.sg01.s99,X,dare aliquid auribus,Cic,Dizer alguma cousa por lisonja,
do,lilaLemma:99970,Saraiva,Saraiva1910.xDo,Saraiva1910.xDo.sg01,Saraiva1910.xDo.sg01.s05,5,dare aliquid in terram,Suet,Lançar alguma coisa por terra,
do,lilaLemma:99970,Saraiva,Saraiva1910.xDo,Saraiva1910.xDo.sg01,Saraiva1910.xDo.sg01.s09,9,dare bella ducis,V. Fl,Celebrar os combates d’um capitão,
do,lilaLemma:99970,Saraiva,Saraiva1910.xDo,Saraiva1910.xDo.sg01,Saraiva1910.xDo.sg01.s01,1,dare causas suspicionum,Cic,Causar suspeitas,
do,lilaLemma:99970,Velez,Velez1744.n1100.e01,Velez1744.n1100.sg01,Velez1744.n1100.sg01.s99,X,dare ciuitatem,,fazer cidadaõ,
do,lilaLemma:99970,Saraiva,Saraiva1910.xDo,Saraiva1910.xDo.sg01,Saraiva1910.xDo.sg01.s09,9,dare dicta,Liv. Virg,Fallar,
do,lilaLemma:99970,Saraiva,Saraiva1910.xDo,Saraiva1910.xDo.sg01,Saraiva1910.xDo.sg01.s01,1,dare dolorem,Cic,Causar dôr,
do,lilaLemma:99970,Saraiva,Saraiva1910.xDo,Saraiva1910.xDo.sg01,Saraiva1910.xDo.sg01.s01,1,dare dona,Plaut,Dar presentes,
do,lilaLemma:99970,Saraiva,Saraiva1910.xDo,Saraiva1910.xDo.sg01,Saraiva1910.xDo.sg01.s01,1,dare exitium,Tac,Causar a ruina,
do,lilaLemma:99970,Saraiva,Saraiva1910.xDo,Saraiva1910.xDo.sg01,Saraiva1910.xDo.sg01.s09,9,dare fabricam,Plaut,"Enganar alguem, lograr",
do,lilaLemma:99970,Saraiva,Saraiva1910.xDo,Saraiva1910.xDo.sg01,Saraiva1910.xDo.sg01.s11,11,dare fabulam,Cic,Apresentar uma composição de theatro,
do,lilaLemma:99970,Fonseca,Fonseca1798.n09326.e01,Fonseca1798.n09326.sg01,Fonseca1798.n09326.sg01.s99,X,dare fenestram,Virg,Abrir hum buraco na parede,
do,lilaLemma:99970,Saraiva,Saraiva1910.xDo,Saraiva1910.xDo.sg01,Saraiva1910.xDo.sg01.s01,1,dare filiam in matrimonium,Cæs,Dar sua filha em casamento,
do,lilaLemma:99970,Saraiva,Saraiva1910.xDo,Saraiva1910.xDo.sg01,Saraiva1910.xDo.sg01.s14,14,dare finem,Virg,Acabar,
do,lilaLemma:99970,Saraiva,Saraiva1910.xDo,Saraiva1910.xDo.sg01,Saraiva1910.xDo.sg01.s08,8,dare gemitum,Virg,A trombeta dá o signal,
do,lilaLemma:99970,Saraiva,Saraiva1910.xDo,Saraiva1910.xDo.sg01,Saraiva1910.xDo.sg01.s05,5,dare hostes in fugam,Cæs,Pôr os inimigos em fugida,
do,lilaLemma:99970,Saraiva,Saraiva1910.xDo,Saraiva1910.xDo.sg01,Saraiva1910.xDo.sg01.s01,1,dare imperia,Cic,Dar ordens,
do,lilaLemma:99970,Saraiva,Saraiva1910.xDo,Saraiva1910.xDo.sg01,Saraiva1910.xDo.sg01.s05,5,dare impetum,Virg,"Atirar-se, precipitar-se",
do,lilaLemma:99970,Saraiva,Saraiva1910.xDo,Saraiva1910.xDo.sg01,Saraiva1910.xDo.sg01.s02,2,dare iter,Liv,Conceder passagem,
do,lilaLemma:99970,Saraiva,Saraiva1910.xDo,Saraiva1910.xDo.sg01,Saraiva1910.xDo.sg01.s14,14,dare lacrimas,Virg,Chorar,
do,lilaLemma:99970,Saraiva,Saraiva1910.xDo,Saraiva1910.xDo.sg01,Saraiva1910.xDo.sg01.s04,4,dare latus undis,Virg,Apresentar o costado ás ondas,
do,lilaLemma:99970,Saraiva,Saraiva1910.xDo,Saraiva1910.xDo.sg01,Saraiva1910.xDo.sg01.s10,10,dare litem secundum aliquem,Cic. Plin. J,Vencer a causa em favor de alguem,
do,lilaLemma:99970,Saraiva,Saraiva1910.xDo,Saraiva1910.xDo.sg01,Saraiva1910.xDo.sg01.s03,3,dare litteras,Cic,Mandar entregar uma carta,
do,lilaLemma:99970,Saraiva,Saraiva1910.xDo,Saraiva1910.xDo.sg01,Saraiva1910.xDo.sg01.s01,1,dare locum,Cic,Dar logar,
do,lilaLemma:99970,Saraiva,Saraiva1910.xDo,Saraiva1910.xDo.sg01,Saraiva1910.xDo.sg01.s14,14,dare lora,Virg,Afrouxar as redeas,
do,lilaLemma:99970,Saraiva,Saraiva1910.xDo,Saraiva1910.xDo.sg01,Saraiva1910.xDo.sg01.s03,3,dare mandata ad aliquem,Cic,encarregar d’um negócio para alguém,
do,lilaLemma:99970,Saraiva,Saraiva1910.xDo,Saraiva1910.xDo.sg01,Saraiva1910.xDo.sg01.s04,4,dare manum alicui,Virg,Estender a mão a alguem,
do,lilaLemma:99970,Saraiva,Saraiva1910.xDo,Saraiva1910.xDo.sg01,Saraiva1910.xDo.sg01.s04,4,dare manus,Cæs. Nep. Virg,"Entregar-se, dar por vencido, ceder",
do,lilaLemma:99970,Saraiva,Saraiva1910.xDo,Saraiva1910.xDo.sg01,Saraiva1910.xDo.sg01.s01,1,dare merita,Cic,Fazer serviços,
do,lilaLemma:99970,Saraiva,Saraiva1910.xDo,Saraiva1910.xDo.sg01,Saraiva1910.xDo.sg01.s01,1,dare moras,V. Fl,"Causar demora, retardar",
do,lilaLemma:99970,Saraiva,Saraiva1910.xDo,Saraiva1910.xDo.sg01,Saraiva1910.xDo.sg01.s05,5,dare motus incompositos,Virg,Dançar toscamente,
do,lilaLemma:99970,Saraiva,Saraiva1910.xDo,Saraiva1910.xDo.sg01,Saraiva1910.xDo.sg01.s13,13,dare multa in uulgus,Luc,Fazer por agradar ao povo,
do,lilaLemma:99970,Saraiva,Saraiva1910.xDo,Saraiva1910.xDo.sg01,Saraiva1910.xDo.sg01.s11,11,dare munus,Suet,Dar jogos,
do,lilaLemma:99970,Saraiva,Saraiva1910.xDo,Saraiva1910.xDo.sg01,Saraiva1910.xDo.sg01.s14,14,dare mutuum,Ter,Emprestar dinheiro,
do,lilaLemma:99970,Saraiva,Saraiva1910.xDo,Saraiva1910.xDo.sg01,Saraiva1910.xDo.sg01.s09,9,dare nomen in coniurationem,Tac,Adherir a uma conjuração,
do,lilaLemma:99970,Saraiva,Saraiva1910.xDo,Saraiva1910.xDo.sg01,Saraiva1910.xDo.sg01.s09,9,dare nomen in Crustuminum,Liv,Dar o nome para colono de Crustumino,
do,lilaLemma:99970,Saraiva,Saraiva1910.xDo,Saraiva1910.xDo.sg01,Saraiva1910.xDo.sg01.s03,3,dare obsides,Cæs,Dar reféns,
do,lilaLemma:99970,Saraiva,Saraiva1910.xDo,Saraiva1910.xDo.sg01,Saraiva1910.xDo.sg01.s01,1,dare operam uirtuti,Cic,Applicar-se á virtude,
do,lilaLemma:99970,Saraiva,Saraiva1910.xDo,Saraiva1910.xDo.sg01,Saraiva1910.xDo.sg01.s14,14,dare paucis,Ter,Dizer em poucas palavras,
do,lilaLemma:99970,Fonseca,Fonseca1798.n09326.e01,Fonseca1798.n09326.sg01,Fonseca1798.n09326.sg01.s99,X,dare paucis,Ter,Dizer brevemente,
do,lilaLemma:99970,Saraiva,Saraiva1910.xDo,Saraiva1910.xDo.sg01,Saraiva1910.xDo.sg01.s05,5,dare pauorem super gentes,Hier,Lançar o terror entre as nações,
do,lilaLemma:99970,Saraiva,Saraiva1910.xDo,Saraiva1910.xDo.sg01,Saraiva1910.xDo.sg01.s14,14,dare pecuniam mutuam,,Emprestar dinheiro,
uerbum,lilaLemma:131057,Fonseca,Fonseca1798.n31423.e01,Fonseca1798.n31423.sg01,Fonseca1798.n31423.sg01.s99,X,"dare plura mandata uerbo, quam scripto",Cic,"Recommendar mais cousas de viva voz, do que por escrito",
do,lilaLemma:99970,Saraiva,Saraiva1910.xDo,Saraiva1910.xDo.sg01,Saraiva1910.xDo.sg01.s13,13,dare plus stomacho quam consilio,Quint,"Dar mais á ira, do que á razão",
do,lilaLemma:99970,Saraiva,Saraiva1910.xDo,Saraiva1910.xDo.sg01,Saraiva1910.xDo.sg01.s14,14,dare pœnas,Cic. Virg,Sêr punido,
do,lilaLemma:99970,Saraiva,Saraiva1910.xDo,Saraiva1910.xDo.sg01,Saraiva1910.xDo.sg01.s14,14,dare prœlia,Virg,Combater,
do,lilaLemma:99970,Saraiva,Saraiva1910.xDo,Saraiva1910.xDo.sg01,Saraiva1910.xDo.sg01.s07,7,dare ramos,Suet,Deitar ramos uma arvore,
do,lilaLemma:99970,Saraiva,Saraiva1910.xDo,Saraiva1910.xDo.sg01,Saraiva1910.xDo.sg01.s14,14,dare rationem,Plaut. Varr,"Dar conta, responder por, sêr responsavel",
do,lilaLemma:99970,Saraiva,Saraiva1910.xDo,Saraiva1910.xDo.sg01,Saraiva1910.xDo.sg01.s01,1,dare reditum gloriosum,Cic,Grangear uma volta gloriosa,
do,lilaLemma:99970,Saraiva,Saraiva1910.xDo,Saraiva1910.xDo.sg01,Saraiva1910.xDo.sg01.s05,5,dare ruinam,Verg,Desabar,
do,lilaLemma:99970,Saraiva,Saraiva1910.xDo,Saraiva1910.xDo.sg01,Saraiva1910.xDo.sg01.s05,5,dare saltus in ære,Ov,Pular no ar,
do,lilaLemma:99970,Saraiva,Saraiva1910.xDo,Saraiva1910.xDo.sg01,Saraiva1910.xDo.sg01.s04,4,dare se,Ov,"Sair ao encontro de alguem, dar-se-lhe a mostrar",
do,lilaLemma:99970,Saraiva,Saraiva1910.xDo,Saraiva1910.xDo.sg01,Saraiva1910.xDo.sg01.s13,13,dare se ad defendendos homines,Cic,Dar-se á defesa dos accusados,
do,lilaLemma:99970,Saraiva,Saraiva1910.xDo,Saraiva1910.xDo.sg01,Saraiva1910.xDo.sg01.s13,13,dare se ægritudini,Cic,Entregar-se á tristesa,
do,lilaLemma:99970,Saraiva,Saraiva1910.xDo,Saraiva1910.xDo.sg01,Saraiva1910.xDo.sg01.s05,5,dare se fugæ,Cic,Fugir,
do,lilaLemma:99970,Saraiva,Saraiva1910.xDo,Saraiva1910.xDo.sg01,Saraiva1910.xDo.sg01.s04,4,dare se in conspectum alicui,Cic,"Sair ao encontro de alguem, dar-se-lhe a mostrar",
do,lilaLemma:99970,Saraiva,Saraiva1910.xDo,Saraiva1910.xDo.sg01,Saraiva1910.xDo.sg01.s05,5,dare se in uiam,Cic,Pôr-se á caminho,
do,lilaLemma:99970,Saraiva,Saraiva1910.xDo,Saraiva1910.xDo.sg01,Saraiva1910.xDo.sg01.s13,13,dare se legionibus,Tac,Entregar-se todo ao exercito,
do,lilaLemma:99970,Saraiva,Saraiva1910.xDo,Saraiva1910.xDo.sg01,Saraiva1910.xDo.sg01.s13,13,dare se regibus,Cic,Ligar-se ás pessôas dos reis,
do,lilaLemma:99970,Saraiva,Saraiva1910.xDo,Saraiva1910.xDo.sg01,Saraiva1910.xDo.sg01.s02,2,dare senatum alicui,Liv,Dar a alguem audiencia do senado,
do,lilaLemma:99970,Saraiva,Saraiva1910.xDo,Saraiva1910.xDo.sg01,Saraiva1910.xDo.sg01.s03,3,dare seruos in quæstionem,Cic,"Mandar pôr escravos, em tortura",
do,lilaLemma:99970,Fonseca,Fonseca1798.n09326.e01,Fonseca1798.n09326.sg01,Fonseca1798.n09326.sg01.s99,X,dare signum receptui,Liv,Tocar a recolher,
do,lilaLemma:99970,Saraiva,Saraiva1910.xDo,Saraiva1910.xDo.sg01,Saraiva1910.xDo.sg01.s01,1,dare spem,Virg,Dar esperança,
do,lilaLemma:99970,Saraiva,Saraiva1910.xDo,Saraiva1910.xDo.sg01,Saraiva1910.xDo.sg01.s05,5,dare stragem,Virg,Assolar,
do,lilaLemma:99970,Saraiva,Saraiva1910.xDo,Saraiva1910.xDo.sg01,Saraiva1910.xDo.sg01.s14,14,dare supplicium de aliquo,Plaut,Dar um castigo a alguem,
do,lilaLemma:99970,Saraiva,Saraiva1910.xDo,Saraiva1910.xDo.sg01,Saraiva1910.xDo.sg01.s14,14,dare symbolum,Ter,Pagar a parte que lhe toca no banquete,
do,lilaLemma:99970,Saraiva,Saraiva1910.xDo,Saraiva1910.xDo.sg01,Saraiva1910.xDo.sg01.s04,4,dare terga,Virg. Quint,"Voltar as costas, fugir",
do,lilaLemma:99970,Saraiva,Saraiva1910.xDo,Saraiva1910.xDo.sg01,Saraiva1910.xDo.sg01.s04,4,dare uela,Virg,"Dar á vela, navegar",
do,lilaLemma:99970,Saraiva,Saraiva1910.xDo,Saraiva1910.xDo.sg01,Saraiva1910.xDo.sg01.s04,4,dare uela ad id unde flatus ostenditur,Cic,Virar a vela para o lado donde o vento quer soprar,
do,lilaLemma:99970,Saraiva,Saraiva1910.xDo,Saraiva1910.xDo.sg01,Saraiva1910.xDo.sg01.s11,11,dare uenationes,Suet,Dar representação d’uma caçada,
do,lilaLemma:99970,Saraiva,Saraiva1910.xDo,Saraiva1910.xDo.sg01,Saraiva1910.xDo.sg01.s02,2,dare ueniam,Virg,Perdoar,
do,lilaLemma:99970,Saraiva,Saraiva1910.xDo,Saraiva1910.xDo.sg01,Saraiva1910.xDo.sg01.s09,9,dare uerba alicui,Cic. Hor,"Enganar alguem, lograr",
do,lilaLemma:99970,Saraiva,Saraiva1910.xDo,Saraiva1910.xDo.sg01,Saraiva1910.xDo.sg01.s10,10,dare uindicias secundum libertatem,Liv,Conceder a liberdade provisoriamente,
do,lilaLemma:99970,Saraiva,Saraiva1910.xDo,Saraiva1910.xDo.sg01,Saraiva1910.xDo.sg01.s12,12,dare uocem carentibus,Quint,Fazer fallar os objectos inanimados,
do,lilaLemma:99970,Saraiva,Saraiva1910.xDo,Saraiva1910.xDo.sg01,Saraiva1910.xDo.sg01.s08,8,dat silua fragorem,Ov,A floresta retumba,
do,lilaLemma:99970,Saraiva,Saraiva1910.xDo,Saraiva1910.xDo.sg01,Saraiva1910.xDo.sg01.s03,3,date huc ensem,Sen. tr,Dae cá uma espada,
do,lilaLemma:99970,Saraiva,Saraiva1910.xDo,Saraiva1910.xDo.sg01,Saraiva1910.xDo.sg01.s02,2,"dato hoc, dandum erit illud",Cic,"Concede isto, deverá sêr concedido aquillo",
do,lilaLemma:99970,Velez,Velez1744.n1100.e01,Velez1744.n1100.sg01,Velez1744.n1100.sg01.s99,X,datur cernere,,,"i, potest cerni"
habeo,lilaLemma:105044,Saraiva,Saraiva1910.xHabeo,Saraiva1910.xHabeo.sg01,Saraiva1910.xHabeo.sg01.s07,7,de Cæsare satis dictum habeo,Cic,Tenho fallado assaz de Cesar,
ago,lilaLemma:88140,Saraiva,Saraiva1910.xAgo,Saraiva1910.xAgo.sg01,Saraiva1910.xAgo.sg01.s08,8,de conditionibus agebatur,Liv,Tractava-se das condições,
de,lilaLemma:97932,Velez,Velez1744.n0953.e01,Velez1744.n0953.sg01,Velez1744.n0953.sg01.s99,X,de integro,,de novo,
de,lilaLemma:97932,Faria,Faria1994.n08711.e01,Faria1994.n08711.sg01,Faria1994.n08711.sg01.s15,15,"de integro Cíc. Verr. 2, 139 «de novo»: de improviso Cíc. Amer. 151, «de improviso».",,,
nihil,lilaLemma:114071,Faria,Faria1994.n20517.e01,Faria1994.n20517.sg01,Faria1994.n20517.sg01.s03,3,"De nihilo, “por nada, sem razão, sem fundamento” T. Lív. 30. 29. 4.",,,
de,lilaLemma:97932,Velez,Velez1744.n0953.e01,Velez1744.n0953.sg01,Velez1744.n0953.sg01.s99,X,de nocte,,,"i, in nocte, vel per noctem: sic de die"
apud,lilaLemma:89686,Velez,Velez1744.n0347.e01,Velez1744.n0347.sg01,Velez1744.n0347.sg01.s01,1,de Petro apud forum audiui,,ouvi na praça,
de,lilaLemma:97932,Faria,Faria1994.n08711.e01,Faria1994.n08711.sg01,Faria1994.n08711.sg01.s07,7,de publico Cíc. Verr. 105 «às expensas do Estado».,,,
do,lilaLemma:99970,Saraiva,Saraiva1910.xDo,Saraiva1910.xDo.sg01,Saraiva1910.xDo.sg01.s05,5,deambulatio me ad languorem dedit,Ter,O passeio cançou-me,
in,lilaLemma:106748,Velez,Velez1744.n1646.e01,Velez1744.n1646.sg01,Velez1744.n1646.sg01.s02,2,deambulo in foro,,,
debeo,lilaLemma:97963,Saraiva,Saraiva1910.xDebeo,Saraiva1910.xDebeo.sg01,Saraiva1910.xDebeo.sg01.s03,3,debemur morti,Hor,Estamos sujeitos á morte,
debeo,lilaLemma:97963,Saraiva,Saraiva1910.xDebeo,Saraiva1910.xDebeo.sg01,Saraiva1910.xDebeo.sg01.s02,2,debentia dici,Hor,O que é mister dizer,
debeo,lilaLemma:97963,Saraiva,Saraiva1910.xDebeo,Saraiva1910.xDebeo.sg01,Saraiva1910.xDebeo.sg01.s01,1,debere alicui,Quint,Dever dinheiro a alguém,
debeo,lilaLemma:97963,Saraiva,Saraiva1910.xDebeo,Saraiva1910.xDebeo.sg01,Saraiva1910.xDebeo.sg01.s04,4,debere beneficium alicui,Cic,Ser devedor d'um beneficio a alguem,
debeo,lilaLemma:97963,Saraiva,Saraiva1910.xDebeo,Saraiva1910.xDebeo.sg01,Saraiva1910.xDebeo.sg01.s03,3,debere fatis scelus putauit,Luc,Julgou que o seu crime era resolvido pelos destinos,
debeo,lilaLemma:97963,Saraiva,Saraiva1910.xDebeo,Saraiva1910.xDebeo.sg01,Saraiva1910.xDebeo.sg01.s02,2,debere fidem,Quint,Dever fidelidade,
debeo,lilaLemma:97963,Saraiva,Saraiva1910.xDebeo,Saraiva1910.xDebeo.sg01,Saraiva1910.xDebeo.sg01.s02,2,debere gratiam alicui,Cic,Dever reconhecimento a alguém,
debeo,lilaLemma:97963,Saraiva,Saraiva1910.xDebeo,Saraiva1910.xDebeo.sg01,Saraiva1910.xDebeo.sg01.s03,3,debere multas mortes,Luc,Deves causar muitas mortes,
debeo,lilaLemma:97963,Saraiva,Saraiva1910.xDebeo,Saraiva1910.xDebeo.sg01,Saraiva1910.xDebeo.sg01.s02,2,debere nil iam caelestibus,Virg,"Não dever mais nada aos deuses, i. é, estar morto",
debeo,lilaLemma:97963,Saraiva,Saraiva1910.xDebeo,Saraiva1910.xDebeo.sg01,Saraiva1910.xDebeo.sg01.s01,1,debere pecuniam alicui,Cic,Dever dinheiro a alguém,
debeo,lilaLemma:97963,Saraiva,Saraiva1910.xDebeo,Saraiva1910.xDebeo.sg01,Saraiva1910.xDebeo.sg01.s02,2,debere poenas,Virg,Merecer punição,
debeo,lilaLemma:97963,Saraiva,Saraiva1910.xDebeo,Saraiva1910.xDebeo.sg01,Saraiva1910.xDebeo.sg01.s01,1,debere reipublicae,Cic,Ser devedor ao estado,
debeo,lilaLemma:97963,Saraiva,Saraiva1910.xDebeo,Saraiva1910.xDebeo.sg01,Saraiva1910.xDebeo.sg01.s04,4,debere se alicui,Ov,Dever a vida a alguem,
debeo,lilaLemma:97963,Saraiva,Saraiva1910.xDebeo,Saraiva1910.xDebeo.sg01,Saraiva1910.xDebeo.sg01.s02,2,debere sibi spem,Ov,Não esperar,
debeo,lilaLemma:97963,Saraiva,Saraiva1910.xDebeo,Saraiva1910.xDebeo.sg01,Saraiva1910.xDebeo.sg01.s04,4,debere uitam alicui,Ov,Dever a vida a alguem,
debeo,lilaLemma:97963,Saraiva,Saraiva1910.xDebeo,Saraiva1910.xDebeo.sg01,Saraiva1910.xDebeo.sg01.s02,2,debere uotum,Plin,Estar obrigado por um voto,
debeo,lilaLemma:97963,Saraiva,Saraiva1910.xDebeo,Saraiva1910.xDebeo.sg01,Saraiva1910.xDebeo.sg01.s03,3,debere urbem,Ov,Ser obrigado pelo destino a fundar uma cidade,
debeo,lilaLemma:97963,Saraiva,Saraiva1910.xDebeo,Saraiva1910.xDebeo.sg01,Saraiva1910.xDebeo.sg01.s02,2,debes hoc rescribere,Hor,Deves responder-me a isto,
debeo,lilaLemma:97963,Saraiva,Saraiva1910.xDebeo,Saraiva1910.xDebeo.sg01,Saraiva1910.xDebeo.sg01.s03,3,debes ludibrium uentis,Hor,Deves ser o ludibrio dos ventos,
deciens,lilaLemma:98063,Velez,,,,,decies sestertium,,,Vide Sestertius.
sestertium,lilaLemma:124629,Velez,,,,,decies sestertium,,,Vide Sestertius.
ago,lilaLemma:88140,Velez,Velez1744.n0201.e01,Velez1744.n0201.sg01,Velez1744.n0201.sg01.s99,X,decimum agere annum,,ir nos dez annos,
quis,lilaLemma:121165,Velez,Velez1744.n2888.e01,Velez1744.n2888.sg01,Velez1744.n2888.sg01.s01,1,decimus quisque militum,,hum de dez soldados,
ago,lilaLemma:88140,Saraiva,Saraiva1910.xAgo,Saraiva1910.xAgo.sg01,Saraiva1910.xAgo.sg01.s13,13,deformitas agendi,Cic,Defeito da declamação,
do,lilaLemma:99970,Saraiva,Saraiva1910.xDo,Saraiva1910.xDo.sg01,Saraiva1910.xDo.sg01.s04,4,dent modo se superi,Sil,Comtanto que os deuses sejam propicios,
facio,lilaLemma:102758,Velez,Velez1744.n1303.e01,Velez1744.n1303.sg01,Velez1744.n1303.sg01.s03,3,detraxit tibi uestem? Factum,,,
audio,lilaLemma:90641,Faria,Faria1994.n03455.e01,Faria1994.n03455.sg01,Faria1994.n03455.sg01.s05,5,di immortales meas precis audiverunt Cíc. Pis. 43 «os deuses imortais ouviram as minhas súplicas».,,,
do,lilaLemma:99970,Saraiva,Saraiva1910.xDo,Saraiva1910.xDo.sg01,Saraiva1910.xDo.sg01.s02,2,di tibi dent classem deducere,Hor,Os deuses te permittam que voltes com a tua frota,
dico,lilaLemma:99302,Saraiva,Saraiva1910.xDico,Saraiva1910.xDico.sg01,Saraiva1910.xDico.sg01.s09,9,dicebam tibi ne…,Plaut,Eu avisava-te que não…,
dico,lilaLemma:99302,Saraiva,Saraiva1910.xDico,Saraiva1910.xDico.sg01,Saraiva1910.xDico.sg01.s02,2,"dicebant, ego negabam",Cic,"Elles afirmavam, eu negava",
dico,lilaLemma:99302,Saraiva,Saraiva1910.xDico,Saraiva1910.xDico.sg01,Saraiva1910.xDico.sg01.s03,3,dicere,Plin. J,"Apresentar, expôr a sua opinião",
dico,lilaLemma:99302,Saraiva,Saraiva1910.xDico,Saraiva1910.xDico.sg01,Saraiva1910.xDico.sg01.s03,3,dicere,Cic,Advogar uma causa,
dico,lilaLemma:99302,Saraiva,Saraiva1910.xDico,Saraiva1910.xDico.sg01,Saraiva1910.xDico.sg01.s03,3,dicere ad populum,Cic,Discursar diante do povo,
dico,lilaLemma:99302,Saraiva,Saraiva1910.xDico,Saraiva1910.xDico.sg01,Saraiva1910.xDico.sg01.s07,7,dicere ædilem,Liv,Nomear um edil,
dico,lilaLemma:99302,Velez,Velez1744.n1038.e01,Velez1744.n1038.sg01,Velez1744.n1038.sg01.s99,X,dicere alicui diem,,citar,
dico,lilaLemma:99302,Saraiva,Saraiva1910.xDico,Saraiva1910.xDico.sg01,Saraiva1910.xDico.sg01.s03,3,dicere apud centumuiros,Cic,Pleitear perante os centumviros,
dico,lilaLemma:99302,Saraiva,Saraiva1910.xDico,Saraiva1910.xDico.sg01,Saraiva1910.xDico.sg01.s07,7,dicere arbitrum bibendi,Hor,Eleger para rei do banquete,
dico,lilaLemma:99302,Saraiva,Saraiva1910.xDico,Saraiva1910.xDico.sg01,Saraiva1910.xDico.sg01.s03,3,dicere causam,Cic,Advogar uma causa,
dico,lilaLemma:99302,Saraiva,Saraiva1910.xDico,Saraiva1910.xDico.sg01,Saraiva1910.xDico.sg01.s03,3,dicere causas,Cic,Exercer a advocacia,
dico,lilaLemma:99302,Saraiva,Saraiva1910.xDico,Saraiva1910.xDico.sg01,Saraiva1910.xDico.sg01.s07,7,dicere deum Palæmona,Ov,Elevar Palemão á dignidade de deus,
dico,lilaLemma:99302,Saraiva,Saraiva1910.xDico,Saraiva1910.xDico.sg01,Saraiva1910.xDico.sg01.s07,7,dicere dictatorem,Liv,Nomear um ditador,
dico,lilaLemma:99302,Velez,Velez1744.n1038.e01,Velez1744.n1038.sg01,Velez1744.n1038.sg01.s99,X,dicere diem,,"determinar, e assignar dia certo",
dico,lilaLemma:99302,Fonseca,Fonseca1798.n08731.e01,Fonseca1798.n08731.sg01,Fonseca1798.n08731.sg01.s99,X,dicere diem alicui,Cic,Assinar dia para apparecer em juizo,
dico,lilaLemma:99302,Saraiva,Saraiva1910.xDico,Saraiva1910.xDico.sg01,Saraiva1910.xDico.sg01.s08,8,dicere diem nuptiis,Ter,Marcar o dia para o casamento,
dico,lilaLemma:99302,Saraiva,Saraiva1910.xDico,Saraiva1910.xDico.sg01,Saraiva1910.xDico.sg01.s04,4,dicere fata,Hor,Annunciar o futuro,
dico,lilaLemma:99302,Saraiva,Saraiva1910.xDico,Saraiva1910.xDico.sg01,Saraiva1910.xDico.sg01.s03,3,dicere ius,Cic,Administrar a justiça,
dico,lilaLemma:99302,Saraiva,Saraiva1910.xDico,Saraiva1910.xDico.sg01,Saraiva1910.xDico.sg01.s04,4,dicere laudes Phœbi,Hor,Celebrar os louvores de Apollo,
dico,lilaLemma:99302,Saraiva,Saraiva1910.xDico,Saraiva1910.xDico.sg01,Saraiva1910.xDico.sg01.s08,8,dicere leges pacis,Liv,Fixar as condições de paz,
dico,lilaLemma:99302,Saraiva,Saraiva1910.xDico,Saraiva1910.xDico.sg01,Saraiva1910.xDico.sg01.s08,8,dicere leges uictis,Liv,Impôr leis aos vencidos,
dico,lilaLemma:99302,Saraiva,Saraiva1910.xDico,Saraiva1910.xDico.sg01,Saraiva1910.xDico.sg01.s05,5,dicere litteram,Cic. Quint,Pronunciar uma lettra,
dico,lilaLemma:99302,Saraiva,Saraiva1910.xDico,Saraiva1910.xDico.sg01,Saraiva1910.xDico.sg01.s01,1,dicere mendacium,Plaut,Mentir,
dico,lilaLemma:99302,Saraiva,Saraiva1910.xDico,Saraiva1910.xDico.sg01,Saraiva1910.xDico.sg01.s03,3,dicere orationem,Cic,Lêr um discurso,
dico,lilaLemma:99302,Saraiva,Saraiva1910.xDico,Saraiva1910.xDico.sg01,Saraiva1910.xDico.sg01.s08,8,dicere pecuniam doti,Cic,Estabelecer em dote uma quantia de dinheiro,
dico,lilaLemma:99302,Saraiva,Saraiva1910.xDico,Saraiva1910.xDico.sg01,Saraiva1910.xDico.sg01.s04,4,dicere Pelidæ stomachum,Hor,Cantar a ira de Achilles,
dico,lilaLemma:99302,Saraiva,Saraiva1910.xDico,Saraiva1910.xDico.sg01,Saraiva1910.xDico.sg01.s08,8,dicere pretium muneri,Hor,Dar valor a um presente,
dico,lilaLemma:99302,Saraiva,Saraiva1910.xDico,Saraiva1910.xDico.sg01,Saraiva1910.xDico.sg01.s03,3,dicere proœmium,Quint,Recitar um exórdio,
dico,lilaLemma:99302,Saraiva,Saraiva1910.xDico,Saraiva1910.xDico.sg01,Saraiva1910.xDico.sg01.s11,11,dicere sacramento,Liv. Plin. J,"Prestar juramento militar, jurar bandeiras",
dico,lilaLemma:99302,Saraiva,Saraiva1910.xDico,Saraiva1910.xDico.sg01,Saraiva1910.xDico.sg01.s01,1,dicere sacramentum,Hor,Dar um juramento,
dico,lilaLemma:99302,Fonseca,Fonseca1798.n08731.e01,Fonseca1798.n08731.sg01,Fonseca1798.n08731.sg01.s99,X,dicere salutem,Cic,"Saudar, enviar saude",
dico,lilaLemma:99302,Saraiva,Saraiva1910.xDico,Saraiva1910.xDico.sg01,Saraiva1910.xDico.sg01.s03,3,dicere sententiam,Cic,"Apresentar, expôr a sua opinião",
dico,lilaLemma:99302,Saraiva,Saraiva1910.xDico,Saraiva1910.xDico.sg01,Saraiva1910.xDico.sg01.s04,4,dicere siluestrium naturas,Plin,Descrever os animaes bravios,
dico,lilaLemma:99302,Saraiva,Saraiva1910.xDico,Saraiva1910.xDico.sg01,Saraiva1910.xDico.sg01.s01,1,dices,Cic,dir-me-hás,
dico,lilaLemma:99302,Saraiva,Saraiva1910.xDico,Saraiva1910.xDico.sg01,Saraiva1910.xDico.sg01.s01,1,dicet aliquis,Cic. Sall,"Dirá alguém, dir-me-hão, objectar-me-hão",
dico,lilaLemma:99302,Saraiva,Saraiva1910.xDico,Saraiva1910.xDico.sg01,Saraiva1910.xDico.sg01.s01,1,dicito aduenisse,Plaut,Vae dizer que elle chegou,
dico,lilaLemma:99302,Saraiva,Saraiva1910.xDico,Saraiva1910.xDico.sg01,Saraiva1910.xDico.sg01.s01,1,dicitur uenturus,Plaut,Diz-se que ele pediu,
dico,lilaLemma:99302,Saraiva,Saraiva1910.xDico,Saraiva1910.xDico.sg01,Saraiva1910.xDico.sg01.s01,1,dictum est habitasse…,Ter,Disse-se que elle habitára…,
dies,lilaLemma:99334,Fonseca,Fonseca1798.n08758.e01,Fonseca1798.n08758.sg01,Fonseca1798.n08758.sg01.s99,X,die caeca emere,Plaut,Comprar fiado,
dies,lilaLemma:99334,Fonseca,Fonseca1798.n08758.e01,Fonseca1798.n08758.sg01,Fonseca1798.n08758.sg01.s99,X,die oculata,Plaut,Comprar com dinheiro á vista,
scribo,lilaLemma:123840,Velez,Velez1744.n3075.e01,Velez1744.n3075.sg01,Velez1744.n3075.sg01.s99,X,diem alicui scribere,,"chamar a juizo, ou citar para armar demanda",
de,lilaLemma:97932,Faria,Faria1994.n08711.e01,Faria1994.n08711.sg01,Faria1994.n08711.sg01.s09,9,"diem de die T. Lív. 5, 48, 7 «um dia depois do outro» de dia em dia.",,,
dies,lilaLemma:99334,Fonseca,Fonseca1798.n08758.e01,Fonseca1798.n08758.sg01,Fonseca1798.n08758.sg01.s99,X,diem fungi,Plaut,Morrer,
dies,lilaLemma:99334,Fonseca,Fonseca1798.n08758.e01,Fonseca1798.n08758.sg01,Fonseca1798.n08758.sg01.s99,X,diem obire,Cic,Morrer,
dies,lilaLemma:99334,Fonseca,Fonseca1798.n08758.e01,Fonseca1798.n08758.sg01,Fonseca1798.n08758.sg01.s99,X,diem supremum explere,Tac,Morrer,
dies,lilaLemma:99334,Velez,Velez1744.n1042.e01,Velez1744.n1042.sg01,Velez1744.n1042.sg01.s99,X,dies critici uel crisimi,,"dias, em que os Medicos julgaõ das doenças","à Crisis, id est, judicium"
dies,lilaLemma:99334,Velez,Velez1744.n1042.e01,Velez1744.n1042.sg01,Velez1744.n1042.sg01.s99,X,dies Lunae,,2. feira,
dies,lilaLemma:99334,Velez,Velez1744.n1042.e01,Velez1744.n1042.sg01,Velez1744.n1042.sg01.s99,X,dies Solis,,Domingo,
uideo,lilaLemma:130163,Saraiva,Saraiva1910.xVideo,Saraiva1910.xVideo.sg01,Saraiva1910.xVideo.sg01.s08,8,dis aliter uisum,Virg,"Os deuses tiveram por bem outra coisa, resolveram d’outro modo",
sum,lilaLemma:126689,Saraiva,Saraiva1910.xSum,Saraiva1910.xSum.sg01,Saraiva1910.xSum.sg01.s02,2,diutius in his locis esse,Sall,Morar por mais tempo neste logar,
fero,lilaLemma:103126,Saraiva,Saraiva1910.xFero,Saraiva1910.xFero.sg01,Saraiva1910.xFero.sg01.s01,1,dixeram et præ me tuleram…,Fronto,"Eu tinha dicto, e me havia gabado…",
fero,lilaLemma:103126,Saraiva,Saraiva1910.xFero,Saraiva1910.xFero.sg01,Saraiva1910.xFero.sg01.s09,9,dixisse fertur,Phaed,Refere-se que elle dissera,
do,lilaLemma:99970,Velez,Velez1744.n1100.e01,Velez1744.n1100.sg01,Velez1744.n1100.sg01.s02,2,"do tibi hoc laudi, uitio, & c",,"attribuo-vos, ou imputo-vos isto a louvor, a vicio, etc",
do,lilaLemma:99970,Saraiva,Saraiva1910.xDo,Saraiva1910.xDo.sg01,Saraiva1910.xDo.sg01.s02,2,do uobis esse multos,,Concedo-vos que há muitos,
do,lilaLemma:99970,Faria,Faria1994.n10264.e01,Faria1994.n10264.sg01,Faria1994.n10264.sg01.s10,10,"do, dico, addico - “dou a sentença, declaro o direiro e confirmo a vontade das partes”.",,,
atque,lilaLemma:90490,Velez,Velez1744.n0041.e01,Velez1744.n0041.sg01,Velez1744.n0041.sg01.s99,X,"doctus, ac iustus",,"douto, e justo",
sum,lilaLemma:126689,Saraiva,Saraiva1910.xSum,Saraiva1910.xSum.sg01,Saraiva1910.xSum.sg01.s04,4,dolendum est tibi,Hor,Deves-te magoar,
sum,lilaLemma:126689,Saraiva,Saraiva1910.xSum,Saraiva1910.xSum.sg01,Saraiva1910.xSum.sg01.s08,8,dolopes Philippi erant,Liv,"Os Dolopos estavam do lado de Philippe, eram alliados de Philippe",
facio,lilaLemma:102758,Saraiva,Saraiva1910.xFacio,Saraiva1910.xFacio.sg01,Saraiva1910.xFacio.sg01.s01,1,"domi adsitis, facite",Ter,Fazei por estar em casa,
uel,lilaLemma:129695,Faria,Faria1994.n33384.e01,Faria1994.n33384.sg01,Faria1994.n33384.sg01.s05,5,"domus vel optima, notissima quidem certe Cíc. Verr. 4, 3 «talvez a melhor casa, mas certamente a mais conhecida».",,,
sum,lilaLemma:126689,Saraiva,Saraiva1910.xSum,Saraiva1910.xSum.sg01,Saraiva1910.xSum.sg01.s01,1,dum ero,Cic,"Em quanto eu existir, ou viver",
aliquis,lilaLemma:91108,Faria,Faria1994.n01560.e01,Faria1994.n01560.sg01,Faria1994.n01560.sg01.s01,1,"dum modo aliquis C ic. At. 10, 15, 3 «contanto que haja alguém».",,,
fero,lilaLemma:103126,Saraiva,Saraiva1910.xFero,Saraiva1910.xFero.sg01,Saraiva1910.xFero.sg01.s07,7,dum tempus tulit,Ter,Emquanto o tempo permittiu-lhe,
uenio,lilaLemma:129790,Saraiva,Saraiva1910.xVenio,Saraiva1910.xVenio.sg01,Saraiva1910.xVenio.sg01.s06,6,dum tibi meæ litteræ ueniant,Cic,Até que te chegue á mão a minha carta,
dum,lilaLemma:100236,Velez,,,Velez1744.n1123.sg01.s01,1,dummodo,"Adv. ex dum, et modò",com tanto que,
modo,lilaLemma:113289,Velez,,,Velez1744.n1123.sg01.s01,1,dummodo,"Adv. ex dum, et modò",com tanto que,
ut,lilaLemma:130906,Faria,Faria1994.n33117.e11,Faria1994.n33117.sg11,Faria1994.n33117.sg11.s03,3,"Dumnorigi custodes ponit ut, quae agat, quibuscum loquatur, scire possit Cés. B. Gal. 1, 20, 6 “César põe guardas para vigiar a Dunorige, para que possa saber o que ele faz e com quem fala”; Cíc. Verr. 4, 32.",,,
sum,lilaLemma:126689,Saraiva,Saraiva1910.xSum,Saraiva1910.xSum.sg01,Saraiva1910.xSum.sg01.s06,6,duplex memoria prodita est de interitu…,Nep,Correm duas interpretações á cêrca da sua morte…,
ex,lilaLemma:101716,Cardoso,Cardoso1570.n06473.e01,Cardoso1570.n06473.sg01,Cardoso1570.n06473.sg01.s01,1,e coelo cedidit Cato,,,
ex,lilaLemma:101716,Velez,Velez1744.n1130.e01,Velez1744.n1130.sg01,Velez1744.n1130.sg01.s01,1,"e contrario, uel e diuerso",,pelo contrario,
res,lilaLemma:121868,Velez,Velez1744.n2971.e01,Velez1744.n2971.sg01,Velez1744.n2971.sg01.s99,X,e re nata,,conforme a occasiaõ,
res,lilaLemma:121868,Fonseca,Fonseca1798.n25883.e01,Fonseca1798.n25883.sg01,Fonseca1798.n25883.sg01.s99,X,e re nata,Ter,"Opportunamente, segundo a occasiaõ, que se offerece",
ex,lilaLemma:101716,Velez,Velez1744.n1130.e01,Velez1744.n1130.sg01,Velez1744.n1130.sg01.s01,1,e regione,,defronte,
ut,lilaLemma:130906,Faria,Faria1994.n33117.e11,Faria1994.n33117.sg11,Faria1994.n33117.sg11.s02,2,"ea celeritate atque eo impetu milites ierunt.... ut hostes impetum legionum atque equitum sustinere non possent Cés. B. Gal. 5, 18, 5 ‘Os soldados avançaram com tal rapidez e com tal impetuosidade... que os inimigos não puderam sustentar o embate das legiões e da cavalaria’; idque natura loci sic muniebatur ut magna ad ducendum bellum daret facultatem Cés. B. Gal. 1, 38, 4 “e a referida cidade era de tal maneira defendida pela natureza do terreno que havia uma grande possibilidade de prolongar a guerra”; Cés. B. Gal. 1, 39, 1; Cíc. Arch. 17.",,,
do,lilaLemma:99970,Saraiva,Saraiva1910.xDo,Saraiva1910.xDo.sg01,Saraiva1910.xDo.sg01.s12,12,ea data nobis sors erat,Liv,Assim tinha sido regulada a nossa sorte,
sum,lilaLemma:126689,Saraiva,Saraiva1910.xSum,Saraiva1910.xSum.sg01,Saraiva1910.xSum.sg01.s10,10,ea quæ humori extrahendo sunt,Cels,As coisas que fazem suppurar,
sum,lilaLemma:126689,Saraiva,Saraiva1910.xSum,Saraiva1910.xSum.sg01,Saraiva1910.xSum.sg01.s01,1,eæ res quæ sunt,Cic,As coisas que existem realmente,
fero,lilaLemma:103126,Saraiva,Saraiva1910.xFero,Saraiva1910.xFero.sg01,Saraiva1910.xFero.sg01.s06,6,eamdem fortunam tulit Camulogenus,Cæs,Camulogeno teve a mesma sorte,
habeo,lilaLemma:105044,Saraiva,Saraiva1910.xHabeo,Saraiva1910.xHabeo.sg01,Saraiva1910.xHabeo.sg01.s08,8,eatenus habemus præcipiendum,Colum,São estes os preceitos que damos,
sum,lilaLemma:126689,Saraiva,Saraiva1910.xSum,Saraiva1910.xSum.sg01,Saraiva1910.xSum.sg01.s03,3,ecquid in mentem est tibi…?,Plaut,Acaso não te vem ao espirito…,
habeo,lilaLemma:105044,Saraiva,Saraiva1910.xHabeo,Saraiva1910.xHabeo.sg01,Saraiva1910.xHabeo.sg01.s06,6,egestas facile habetur,Sall,Leva-se com resignação a pobresa,
ipse,lilaLemma:108945,Velez,Velez1744.n1846.e01,Velez1744.n1846.sg01,Velez1744.n1846.sg01.s01,1,"ego ipse, tu ipse, ille ipse",,,
sum,lilaLemma:126689,Saraiva,Saraiva1910.xSum,Saraiva1910.xSum.sg01,Saraiva1910.xSum.sg01.s01,1,ego sum qui sum,Hier,Eu sou quem sou,
ut,lilaLemma:130906,Faria,Faria1994.n33117.e11,Faria1994.n33117.sg11,Faria1994.n33117.sg11.s07,7,"ego, ut contendere durum cum victore, sequor Hor. Sát. 1, 9, 42 “quanto a mim, como é difícil lutar com o vencedor, sigo”.",,,
qui,lilaLemma:121354,Faria,Faria1994.n26549.e01,Faria1994.n26549.sg01,Faria1994.n26549.sg01.s04,4,"egomet, quí sero Graecas litteras attigisem Cíc De Or. 1, 82 ‘eu mesmo, se bem que me tenha aproximado das letras gregas tardiamente’.",,,
genus,lilaLemma:104504,Fonseca,Fonseca1798.n12736.e01,Fonseca1798.n12736.sg01,Fonseca1798.n12736.sg01.s99,X,eius generis homines,Cic,"A gente desta qualidade, deste caracter",
grauis,lilaLemma:104903,Faria,Faria1994.n13918.e01,Faria1994.n13918.sg01,Faria1994.n13918.sg01.s06,6,"ellebori graves Verg. G. 3, 451 «o eléboro fétido».",,,
sum,lilaLemma:126689,Saraiva,Saraiva1910.xSum,Saraiva1910.xSum.sg01,Saraiva1910.xSum.sg01.s04,4,"en erit unquam ille dies, mihi quum liceat…?",Virg,Virá jamais aquelle dia em que me seja permittido…?,
enim,lilaLemma:101119,Velez,Velez1744.n1179.e01,Velez1744.n1179.sg01,Velez1744.n1179.sg01.s01,1,enimuero,,na verdade,
magis,lilaLemma:111271,Faria,Faria1994.n18702.e01,Faria1994.n18702.sg01,Faria1994.n18702.sg01.s06,6,eo magis Cíc. Verr. 3. 1 “tanto mais”:,,,
castra,lilaLemma:138599,Faria,Faria1994.n05136.e01,Faria1994.n05136.sg01,Faria1994.n05136.sg01.s05,5,"Epicuri castra Cíc. Fam. 9, 20, 1 «a escola de Epicuro».",,,
fero,lilaLemma:103126,Saraiva,Saraiva1910.xFero,Saraiva1910.xFero.sg01,Saraiva1910.xFero.sg01.s01,1,epistola erat lata Romam,Fronto,A carta tinha sido levada a Roma,
manus,lilaLemma:111585,Velez,Velez1744.n2058.e01,Velez1744.n2058.sg01,Velez1744.n2058.sg01.s02,2,"epistola, uel litterae mea manu",,carta de minha letra,
uenio,lilaLemma:129790,Saraiva,Saraiva1910.xVenio,Saraiva1910.xVenio.sg01,Saraiva1910.xVenio.sg01.s10,10,equus non tibi hereditate uenit,Cic,Este cavallo não te coube por herança,
sum,lilaLemma:126689,Saraiva,Saraiva1910.xSum,Saraiva1910.xSum.sg01,Saraiva1910.xSum.sg01.s01,1,erat mons saxeus inter…,Sall,Havia uma penedia entre…,
sum,lilaLemma:126689,Saraiva,Saraiva1910.xSum,Saraiva1910.xSum.sg01,Saraiva1910.xSum.sg01.s08,8,erat tum honos eloquentiæ,Cic,A eloquencia estava então no galarim,
qui,lilaLemma:121354,Faria,Faria1994.n26549.e01,Faria1994.n26549.sg01,Faria1994.n26549.sg01.s05,5,"eripiunt aliis quod aliis largiantur Cíc. Of. 1, 43 ‘tiram a uns a fim de dar a outros’.",,,
sum,lilaLemma:126689,Saraiva,Saraiva1910.xSum,Saraiva1910.xSum.sg01,Saraiva1910.xSum.sg01.s04,4,erit ubi te ulciscar,Plaut,"Haverá uma occasião em que me vingue de ti, ou acharei um meio de me vingar de ti",
an,lilaLemma:88828,Fonseca,Fonseca1798.n01626.e01,Fonseca1798.n01626.sg01,Fonseca1798.n01626.sg01.s99,X,"errauit, an potius insaniuit?",Cic,"Elle errou, ou mais de pressa enlouqueceo?",
sum,lilaLemma:126689,Saraiva,Saraiva1910.xSum,Saraiva1910.xSum.sg01,Saraiva1910.xSum.sg01.s07,7,esne ab illo milite?,Plaut,És escravo d’aquelle soldado?,
sum,lilaLemma:126689,Saraiva,Saraiva1910.xSum,Saraiva1910.xSum.sg01,Saraiva1910.xSum.sg01.s08,8,esse ab aliquo,Cic,Ser do partido ou opinião de alguem,
sum,lilaLemma:126689,Saraiva,Saraiva1910.xSum,Saraiva1910.xSum.sg01,Saraiva1910.xSum.sg01.s10,10,esse ad aluum crudam,Cato,Ser bom contra as más digestões,
sum,lilaLemma:126689,Saraiva,Saraiva1910.xSum,Saraiva1910.xSum.sg01,Saraiva1910.xSum.sg01.s10,10,esse ad omne anni tempus,Cic,Servir para todas as estações do anno,
sum,lilaLemma:126689,Faria,Faria1994.n30738.e01,Faria1994.n30738.sg01,Faria1994.n30738.sg01.s02,2,"esse apud aliquem Cíc. Rep. 1, 21 «estar em casa de alguém»; esse cum aliquo Cíc. Br. 309 «viver estar com alguém»; Cíc. Verr. 2, 100.",,,
sum,lilaLemma:126689,Saraiva,Saraiva1910.xSum,Saraiva1910.xSum.sg01,Saraiva1910.xSum.sg01.s11,11,esse bene,,,Ved. estas palavras nos respectivos arts
sum,lilaLemma:126689,Saraiva,Saraiva1910.xSum,Saraiva1910.xSum.sg01,Saraiva1910.xSum.sg01.s05,5,esse capite raso,Cic,Ter a cabeça raspada,
sum,lilaLemma:126689,Saraiva,Saraiva1910.xSum,Saraiva1910.xSum.sg01,Saraiva1910.xSum.sg01.s05,5,esse cum imperio,Cic,Ter o mando,
sum,lilaLemma:126689,Saraiva,Saraiva1910.xSum,Saraiva1910.xSum.sg01,Saraiva1910.xSum.sg01.s05,5,esse cum telo,Sall,Estar armado,
sum,lilaLemma:126689,Saraiva,Saraiva1910.xSum,Saraiva1910.xSum.sg01,Saraiva1910.xSum.sg01.s09,9,esse detrimento,Cic,servir de damno,
sum,lilaLemma:126689,Saraiva,Saraiva1910.xSum,Saraiva1910.xSum.sg01,Saraiva1910.xSum.sg01.s10,10,esse dissoluendæ religionis,Liv,Ser capaz de destruir a religião,
sum,lilaLemma:126689,Saraiva,Saraiva1910.xSum,Saraiva1910.xSum.sg01,Saraiva1910.xSum.sg01.s02,2,esse domi suæ,Cic,Estar em casa;,
sum,lilaLemma:126689,Saraiva,Saraiva1910.xSum,Saraiva1910.xSum.sg01,Saraiva1910.xSum.sg01.s05,5,esse eodem iure quo…,Cic,Ter o mesmo direito que…,
sum,lilaLemma:126689,Saraiva,Saraiva1910.xSum,Saraiva1910.xSum.sg01,Saraiva1910.xSum.sg01.s11,11,esse impune,,,Ved. estas palavras nos respectivos arts
sum,lilaLemma:126689,Saraiva,Saraiva1910.xSum,Saraiva1910.xSum.sg01,Saraiva1910.xSum.sg01.s11,11,esse in ditione,,,Ved. estas palavras nos respectivos arts
sum,lilaLemma:126689,Saraiva,Saraiva1910.xSum,Saraiva1910.xSum.sg01,Saraiva1910.xSum.sg01.s11,11,esse in dubio,,,Ved. estas palavras nos respectivos arts
sum,lilaLemma:126689,Saraiva,Saraiva1910.xSum,Saraiva1910.xSum.sg01,Saraiva1910.xSum.sg01.s05,5,esse in magno nomine,Cic,Ter grande reputação,
sum,lilaLemma:126689,Saraiva,Saraiva1910.xSum,Saraiva1910.xSum.sg01,Saraiva1910.xSum.sg01.s11,11,esse in manu,,,Ved. estas palavras nos respectivos arts
sum,lilaLemma:126689,Saraiva,Saraiva1910.xSum,Saraiva1910.xSum.sg01,Saraiva1910.xSum.sg01.s11,11,esse in mora,,,Ved. estas palavras nos respectivos arts
sum,lilaLemma:126689,Saraiva,Saraiva1910.xSum,Saraiva1910.xSum.sg01,Saraiva1910.xSum.sg01.s11,11,esse in noxa,,,Ved. estas palavras nos respectivos arts
sum,lilaLemma:126689,Saraiva,Saraiva1910.xSum,Saraiva1910.xSum.sg01,Saraiva1910.xSum.sg01.s11,11,esse in promptu,,,Ved. estas palavras nos respectivos arts
sum,lilaLemma:126689,Saraiva,Saraiva1910.xSum,Saraiva1910.xSum.sg01,Saraiva1910.xSum.sg01.s02,2,esse in publico,Cic,apparecer em publico,
sum,lilaLemma:126689,Saraiva,Saraiva1910.xSum,Saraiva1910.xSum.sg01,Saraiva1910.xSum.sg01.s11,11,esse in spe,,,etc. Ved. estas palavras nos respectivos arts
sum,lilaLemma:126689,Saraiva,Saraiva1910.xSum,Saraiva1910.xSum.sg01,Saraiva1910.xSum.sg01.s05,5,esse in Tyriis,Ov,Estar vestido de purpura,
sum,lilaLemma:126689,Saraiva,Saraiva1910.xSum,Saraiva1910.xSum.sg01,Saraiva1910.xSum.sg01.s09,9,esse magnæ curæ alicui,Cic,Ser objecto de grande interesse para alguem,
sum,lilaLemma:126689,Saraiva,Saraiva1910.xSum,Saraiva1910.xSum.sg01,Saraiva1910.xSum.sg01.s05,5,esse magno periculo,Nep,Estar em grande perigo,
sum,lilaLemma:126689,Saraiva,Saraiva1910.xSum,Saraiva1910.xSum.sg01,Saraiva1910.xSum.sg01.s11,11,esse male,,,Ved. estas palavras nos respectivos arts
sum,lilaLemma:126689,Saraiva,Saraiva1910.xSum,Saraiva1910.xSum.sg01,Saraiva1910.xSum.sg01.s11,11,esse necesse,,,Ved. estas palavras nos respectivos arts
nihil,lilaLemma:114071,Faria,Faria1994.n20517.e01,Faria1994.n20517.sg01,Faria1994.n20517.sg01.s02,2,esse nihili Plaut. Ps. 1.104 “não valer nada”.,,,
sum,lilaLemma:126689,Saraiva,Saraiva1910.xSum,Saraiva1910.xSum.sg01,Saraiva1910.xSum.sg01.s08,8,esse nouarum rerum,Liv,Ser a favor d’uma mudança,
sum,lilaLemma:126689,Saraiva,Saraiva1910.xSum,Saraiva1910.xSum.sg01,Saraiva1910.xSum.sg01.s05,5,esse parato animo,Sall,"Estar disposto, resoluto, ter resolução",
sum,lilaLemma:126689,Saraiva,Saraiva1910.xSum,Saraiva1910.xSum.sg01,Saraiva1910.xSum.sg01.s08,8,esse pro aliquo,Cic,ser por ou a favor de alguem,
sum,lilaLemma:126689,Saraiva,Saraiva1910.xSum,Saraiva1910.xSum.sg01,Saraiva1910.xSum.sg01.s09,9,esse probro,Cic,Servir de baldão;,
sum,lilaLemma:126689,Saraiva,Saraiva1910.xSum,Saraiva1910.xSum.sg01,Saraiva1910.xSum.sg01.s02,2,esse Romæ,Cic,Morar em Roma,
sum,lilaLemma:126689,Saraiva,Saraiva1910.xSum,Saraiva1910.xSum.sg01,Saraiva1910.xSum.sg01.s10,10,esse soluendo æri alieno,Liv,Poder pagar as dividas,Ved. Solvo
sum,lilaLemma:126689,Saraiva,Saraiva1910.xSum,Saraiva1910.xSum.sg01,Saraiva1910.xSum.sg01.s08,8,esse suarum rerum,Liv,Tractar dos seus interesses,
sum,lilaLemma:126689,Saraiva,Saraiva1910.xSum,Saraiva1910.xSum.sg01,Saraiva1910.xSum.sg01.s10,10,esse uescendo,Plin,Ser bom para comer,
an,lilaLemma:88828,Faria,Faria1994.n02014.e01,Faria1994.n02014.sg01,Faria1994.n02014.sg01.s05,5,est an non est? Ter. Eun. 546 «é ou não é?» .,,,
apud,lilaLemma:89686,Velez,Velez1744.n0347.e01,Velez1744.n0347.sg01,Velez1744.n0347.sg01.s01,1,est apud illum acceptissimus,,he para com elle muito aceito,
sum,lilaLemma:126689,Saraiva,Saraiva1910.xSum,Saraiva1910.xSum.sg01,Saraiva1910.xSum.sg01.s08,8,est boni iudicis…,Cic,É dever d’um bom juiz…,
dico,lilaLemma:99302,Saraiva,Saraiva1910.xDico,Saraiva1910.xDico.sg01,Saraiva1910.xDico.sg01.s09,9,est fuga dicta mihi,Ov,Foi-me ordenado que me exilasse,
sum,lilaLemma:126689,Saraiva,Saraiva1910.xSum,Saraiva1910.xSum.sg01,Saraiva1910.xSum.sg01.s01,1,est genus quoddam hominum…,Nep,Há uma classe de homens…,
sum,lilaLemma:126689,Saraiva,Saraiva1910.xSum,Saraiva1910.xSum.sg01,Saraiva1910.xSum.sg01.s08,8,"est hoc Gallicæ consuetudinis, uti…",Cæs,"É costume dos Gaulezes, que…",
sum,lilaLemma:126689,Saraiva,Saraiva1910.xSum,Saraiva1910.xSum.sg01,Saraiva1910.xSum.sg01.s01,1,est locus…,Enn. Sall,Existe um logar…,
sum,lilaLemma:126689,Velez,Velez1744.n3287.e01,Velez1744.n3287.sg01,Velez1744.n3287.sg01.s04,4,"est mihi liber unus, sunt tibi duo",,,
sum,lilaLemma:126689,Velez,Velez1744.n3287.e01,Velez1744.n3287.sg01,Velez1744.n3287.sg01.s04,4,est mihi male,,estou mal de saude,
sum,lilaLemma:126689,Velez,Velez1744.n3287.e01,Velez1744.n3287.sg01,Velez1744.n3287.sg01.s04,4,est mihi melius,,estou melhor,
sum,lilaLemma:126689,Velez,Velez1744.n3287.e01,Velez1744.n3287.sg01,Velez1744.n3287.sg01.s04,4,est mihi minus cum illo,,tenho menos famillaridade com elle,
sum,lilaLemma:126689,Saraiva,Saraiva1910.xSum,Saraiva1910.xSum.sg01,Saraiva1910.xSum.sg01.s08,8,est miserorum ut sint…,Plaut,Dos desgraçados é o serem…,
sum,lilaLemma:126689,Saraiva,Saraiva1910.xSum,Saraiva1910.xSum.sg01,Saraiva1910.xSum.sg01.s01,1,est por sunt quibus…,Prop,Há homens a quem…,
sum,lilaLemma:126689,Saraiva,Saraiva1910.xSum,Saraiva1910.xSum.sg01,Saraiva1910.xSum.sg01.s01,1,est quod uisam domum,Plaut,Preciso ir a casa,
sum,lilaLemma:126689,Saraiva,Saraiva1910.xSum,Saraiva1910.xSum.sg01,Saraiva1910.xSum.sg01.s04,4,est quum non satius est,Cic,Isto não é preferivel,
sum,lilaLemma:126689,Saraiva,Saraiva1910.xSum,Saraiva1910.xSum.sg01,Saraiva1910.xSum.sg01.s08,8,est tuum uidere…,Cic,Cumpre-te ver…,
sum,lilaLemma:126689,Saraiva,Saraiva1910.xSum,Saraiva1910.xSum.sg01,Saraiva1910.xSum.sg01.s04,4,est uero,Cic,"É assim, ou assim é, é como dizes, sim",
sum,lilaLemma:126689,Saraiva,Saraiva1910.xSum,Saraiva1910.xSum.sg01,Saraiva1910.xSum.sg01.s04,4,est ut dicis,Cic,"É assim, ou assim é, é como dizes, sim",
sum,lilaLemma:126689,Saraiva,Saraiva1910.xSum,Saraiva1910.xSum.sg01,Saraiva1910.xSum.sg01.s04,4,est ut uiro uir latius occupet,Hor,É possível que um homem possua mais que outro,
sum,lilaLemma:126689,Saraiva,Saraiva1910.xSum,Saraiva1910.xSum.sg01,Saraiva1910.xSum.sg01.s05,5,este duces,Virg,Sêde os meus guias,
quisquam,lilaLemma:121315,Faria,Faria1994.n26656.e01,Faria1994.n26656.sg01,Faria1994.n26656.sg01.s01,1,"estne quisquam...? Cíc. Com: 18, “existe alguém ...?” T. Lív. 2, 9, 8: quisquam unus T. Lív. 3, 45, 4 “uma única pessoa”.",,,
sum,lilaLemma:126689,Saraiva,Saraiva1910.xSum,Saraiva1910.xSum.sg01,Saraiva1910.xSum.sg01.s04,4,esto,,,Ved. esta palavra
facio,lilaLemma:102758,Saraiva,Saraiva1910.xFacio,Saraiva1910.xFacio.sg01,Saraiva1910.xFacio.sg01.s03,3,et me facere poetam Pierides,Virg,E as Musas tambem me fizeram poeta,
et,lilaLemma:101542,Velez,,,Velez1744.n1215.sg01.s01,1,etenim,,"porque, certamente",
enim,lilaLemma:101119,Velez,,,Velez1744.n1215.sg01.s01,1,etenim,,"porque, certamente",
etiam,lilaLemma:101554,Fonseca,Fonseca1798.n10502.e01,Fonseca1798.n10502.sg01,Fonseca1798.n10502.sg01.s99,X,etiam atque etiam,Cic,Extremamente,
habeo,lilaLemma:105044,Saraiva,Saraiva1910.xHabeo,Saraiva1910.xHabeo.sg01,Saraiva1910.xHabeo.sg01.s08,8,etiam filius Dei mori habuit,Tert,"O mesmo filho de Deus teve de morrer, i. é., foi mister que elle morresse",
etiam,lilaLemma:101554,Fonseca,Fonseca1798.n10502.e01,Fonseca1798.n10502.sg01,Fonseca1798.n10502.sg01.s99,X,etiam num,Ter,Até o presente,
etiam,lilaLemma:101554,Fonseca,Fonseca1798.n10502.e01,Fonseca1798.n10502.sg01,Fonseca1798.n10502.sg01.s99,X,etiam nunc,Cic,Até o presente,
etiam,lilaLemma:101554,Fonseca,Fonseca1798.n10502.e01,Fonseca1798.n10502.sg01,Fonseca1798.n10502.sg01.s99,X,etiam si,Cic,Ainda que,
etiam,lilaLemma:101554,Fonseca,Fonseca1798.n10502.e01,Fonseca1798.n10502.sg01,Fonseca1798.n10502.sg01.s99,X,etiam tum,Cic,Até então,
etiam,lilaLemma:101554,Fonseca,Fonseca1798.n10502.e01,Fonseca1798.n10502.sg01,Fonseca1798.n10502.sg01.s99,X,etiam ut,Cic,Ainda que,
etiam,lilaLemma:101554,Velez,Velez1744.n1218.e01,Velez1744.n1218.sg01,Velez1744.n1218.sg01.s99,X,"etiam, atque etiam",,"muito, summamente, ou todo possivel",
etiam,lilaLemma:101554,Velez,Velez1744.n1218.e01,Velez1744.n1218.sg01,Velez1744.n1218.sg01.s99,X,etiamdum,,"ainda, ou agora","pro Adhuc, vel nunc"
etiam,lilaLemma:101554,Velez,,,Velez1744.n1219.sg01.s01,1,etiamsi,,"aindaque, postoque",
si,lilaLemma:124676,Velez,,,Velez1744.n1219.sg01.s01,1,etiamsi,,"aindaque, postoque",
dico,lilaLemma:99302,Saraiva,Saraiva1910.xDico,Saraiva1910.xDico.sg01,Saraiva1910.xDico.sg01.s02,2,eumdem esse dicis,Cic,"Dizes, affirmas que é o mesmo",
fero,lilaLemma:103126,Saraiva,Saraiva1910.xFero,Saraiva1910.xFero.sg01,Saraiva1910.xFero.sg01.s02,2,euri ferunt siluas,Virg,Os ventos varrem as florestas,
ex,lilaLemma:101716,Velez,Velez1744.n1235.e01,Velez1744.n1235.sg01,Velez1744.n1235.sg01.s99,X,ex aequo,,,"i, aequaliter"
ex,lilaLemma:101716,Velez,Velez1744.n1235.e01,Velez1744.n1235.sg01,Velez1744.n1235.sg01.s99,X,"ex aequo, & bono iudicare",,"julgar com igualdade, brandura, e benignidade",
ex,lilaLemma:101716,Velez,Velez1744.n1235.e01,Velez1744.n1235.sg01,Velez1744.n1235.sg01.s02,2,ex amore;,,,
ex,lilaLemma:101716,Velez,Velez1744.n1235.e01,Velez1744.n1235.sg01,Velez1744.n1235.sg01.s99,X,ex animi sententia res accidit,,succedeo como se desejava,
ex,lilaLemma:101716,Velez,Velez1744.n1235.e01,Velez1744.n1235.sg01,Velez1744.n1235.sg01.s99,X,ex animo,,,"i, non ficté"
ex,lilaLemma:101716,Velez,Velez1744.n1235.e01,Velez1744.n1235.sg01,Velez1744.n1235.sg01.s99,X,ex composito,,"de cuidado, de proposito, de industria",
ex,lilaLemma:101716,Velez,Velez1744.n1235.e01,Velez1744.n1235.sg01,Velez1744.n1235.sg01.s99,X,ex consuetudine,,segundo o costume,
ex,lilaLemma:101716,Velez,Velez1744.n1235.e01,Velez1744.n1235.sg01,Velez1744.n1235.sg01.s99,X,ex dignitate,,como pede a dignidade,
ex,lilaLemma:101716,Velez,Velez1744.n1235.e01,Velez1744.n1235.sg01,Velez1744.n1235.sg01.s99,X,ex fide,,,"i, fideliter"
ex,lilaLemma:101716,Velez,Velez1744.n1235.e01,Velez1744.n1235.sg01,Velez1744.n1235.sg01.s01,1,ex illo,,depois daquelle tempo,
ille,lilaLemma:106221,Faria,Faria1994.n14953.e01,Faria1994.n14953.sg01,Faria1994.n14953.sg01.s02,2,"ex illo Verg. En. 2, 169 «desde então».",,,
ex,lilaLemma:101716,Velez,Velez1744.n1235.e01,Velez1744.n1235.sg01,Velez1744.n1235.sg01.s99,X,ex inopinato,,"sem se esperar, ou cuidar","i, ex insperato"
ex,lilaLemma:101716,Faria,Faria1994.n11629.e01,Faria1994.n11629.sg01,Faria1994.n11629.sg01.s09,9,"ex lege Cíc. Clu. 103 «conforme a lei, legalmente»; ex consuetudine Cíc. Clu. 38 «segundo o costume»; ex itinere Cíc. Fam. 3, 9, 1 «pelo caminho, no caminho»; ex eo Tác. An. 12, 7 «a partir deste momento»; ex insidiis Cíc. Of. 2, 26 «à traição».",,,
sum,lilaLemma:126689,Saraiva,Saraiva1910.xSum,Saraiva1910.xSum.sg01,Saraiva1910.xSum.sg01.s06,6,ex me natus est,Ter,Elle é meu filho,
ex,lilaLemma:101716,Velez,Velez1744.n1235.e01,Velez1744.n1235.sg01,Velez1744.n1235.sg01.s02,2,ex metu,,,
pars,lilaLemma:116084,Faria,Faria1994.n22363.e01,Faria1994.n22363.sg01,Faria1994.n22363.sg01.s09,9,ex parte “em parte” T. Lív. 6. 42. 2.,,,
ex,lilaLemma:101716,Velez,Velez1744.n1235.e01,Velez1744.n1235.sg01,Velez1744.n1235.sg01.s01,1,ex quo,,depois que,
res,lilaLemma:121868,Velez,Velez1744.n2971.e01,Velez1744.n2971.sg01,Velez1744.n2971.sg01.s99,X,ex re ipsa natum,,"o que naõ se diz de cuidado, mas occorre de repente",
tempus,lilaLemma:127522,Faria,Faria1994.n31440.e01,Faria1994.n31440.sg01,Faria1994.n31440.sg01.s12,12,Ex tempore ‘prematuramente’ Cíc. Arch. 18.,,,
unus,lilaLemma:85636,Fonseca,Fonseca1798.n32114.e01,Fonseca1798.n32114.sg01,Fonseca1798.n32114.sg01.s99,X,ex unis geminas mihi facies nuptias,Ter,Tu me farás casar duas vezes em vez de huma,
ex,lilaLemma:101716,Cardoso,Cardoso1570.n07005.e01,Cardoso1570.n07005.sg01,Cardoso1570.n07005.sg01.s01,1,ex urbe,,Da cidade,
extra,lilaLemma:102446,Velez,,,Velez1744.n1293.sg10.s01,1,extraquam,Adverb.,tirando que,
quam,lilaLemma:74492,Velez,,,Velez1744.n1293.sg10.s01,1,extraquam,Adverb.,tirando que,
sum,lilaLemma:126689,Saraiva,Saraiva1910.xSum,Saraiva1910.xSum.sg01,Saraiva1910.xSum.sg01.s08,8,extremæ dementiæ est…,Sall,É uma rematada loucura…,
uolo,lilaLemma:130745,Saraiva,Saraiva1910.xVolo,Saraiva1910.xVolo.sg01,Saraiva1910.xVolo.sg01.s06,6,fabula quæ posci uult,Hor,Peça theatral que requer ser pedida,
facio,lilaLemma:102758,Saraiva,Saraiva1910.xFacio,Saraiva1910.xFacio.sg01,Saraiva1910.xFacio.sg01.s09,9,fac animum interire,Cic,Suppunhamos que a alma é mortal,
facio,lilaLemma:102758,Velez,Velez1744.n1303.e01,Velez1744.n1303.sg01,Velez1744.n1303.sg01.s99,X,fac ita esse,,"seja assim, ou dou-vos que assim seja","pormittentis, & concedentis est locutio"
facio,lilaLemma:102758,Saraiva,Saraiva1910.xFacio,Saraiva1910.xFacio.sg01,Saraiva1910.xFacio.sg01.s03,3,fac plebem tuam,Ov,Grangea a affeição do povo,
facio,lilaLemma:102758,Saraiva,Saraiva1910.xFacio,Saraiva1910.xFacio.sg01,Saraiva1910.xFacio.sg01.s09,9,fac potuisse,Cic,Suppõe que elle tem podido,
facio,lilaLemma:102758,Saraiva,Saraiva1910.xFacio,Saraiva1910.xFacio.sg01,Saraiva1910.xFacio.sg01.s14,14,fac si facis,Mart,"Avia-te, despacha-te, acaba com isso, faze se tens a fazer",
facio,lilaLemma:102758,Saraiva,Saraiva1910.xFacio,Saraiva1910.xFacio.sg01,Saraiva1910.xFacio.sg01.s14,14,fac si quid facis,Sen,"Avia-te, despacha-te, acaba com isso, faze se tens a fazer",
facio,lilaLemma:102758,Saraiva,Saraiva1910.xFacio,Saraiva1910.xFacio.sg01,Saraiva1910.xFacio.sg01.s09,9,fac uelit,Stat,Suppõe que elle quer,
facio,lilaLemma:102758,Saraiva,Saraiva1910.xFacio,Saraiva1910.xFacio.sg01,Saraiva1910.xFacio.sg01.s09,9,fac uelle,Virg,Suppõe que eu quero,
aliquis,lilaLemma:91108,Velez,Velez1744.n0228.e01,Velez1744.n0228.sg01,Velez1744.n0228.sg01.s99,X,fac ut me uelis esse aliquem,,deixai-me tambem lustrar,"i, non prorsús obscurum, & abjectum"
facio,lilaLemma:102758,Velez,Velez1744.n1303.e01,Velez1744.n1303.sg01,Velez1744.n1303.sg01.s99,X,facere ad aliquid,,"ser de proveito, ou utilidade para alguma cousa",
facio,lilaLemma:102758,Saraiva,Saraiva1910.xFacio,Saraiva1910.xFacio.sg01,Saraiva1910.xFacio.sg01.s10,10,facere aduersus aliquem,Nep,Sêr contra alguem,
facio,lilaLemma:102758,Saraiva,Saraiva1910.xFacio,Saraiva1910.xFacio.sg01,Saraiva1910.xFacio.sg01.s03,3,facere aliquem certum,Virg,Informar alguem,
locus,lilaLemma:110019,Velez,Velez1744.n1998.e01,Velez1744.n1998.sg01,Velez1744.n1998.sg01.s99,X,facere aliquid in loco,,,"i, opportune"
facio,lilaLemma:102758,Saraiva,Saraiva1910.xFacio,Saraiva1910.xFacio.sg01,Saraiva1910.xFacio.sg01.s03,3,facere amicissimum,Sall,Grangear em alguem um grandissimo amigo,
facio,lilaLemma:102758,Saraiva,Saraiva1910.xFacio,Saraiva1910.xFacio.sg01,Saraiva1910.xFacio.sg01.s05,5,facere arbitrium,Liv,"Dar coragem, animar",
facio,lilaLemma:102758,Saraiva,Saraiva1910.xFacio,Saraiva1910.xFacio.sg01,Saraiva1910.xFacio.sg01.s04,4,facere argentariam,Cic,"sêr cambista, ou banqueiro",
facio,lilaLemma:102758,Saraiva,Saraiva1910.xFacio,Saraiva1910.xFacio.sg01,Saraiva1910.xFacio.sg01.s05,5,facere audaciam,Liv,Inspirar ousadia,
facio,lilaLemma:102758,Saraiva,Saraiva1910.xFacio,Saraiva1910.xFacio.sg01,Saraiva1910.xFacio.sg01.s05,5,facere audientiam orationi,Cic,Fazer prestar attenção a um discurso,
facio,lilaLemma:102758,Saraiva,Saraiva1910.xFacio,Saraiva1910.xFacio.sg01,Saraiva1910.xFacio.sg01.s01,1,facere bene alicui,Plaut. Ter,Fazer bem a alguem,
facio,lilaLemma:102758,Saraiva,Saraiva1910.xFacio,Saraiva1910.xFacio.sg01,Saraiva1910.xFacio.sg01.s02,2,facere caseum,Colum,Fazer queijo,
facio,lilaLemma:102758,Saraiva,Saraiva1910.xFacio,Saraiva1910.xFacio.sg01,Saraiva1910.xFacio.sg01.s01,1,facere castra,Cic,"Assentar um acampamento, acampar",
facio,lilaLemma:102758,Saraiva,Saraiva1910.xFacio,Saraiva1910.xFacio.sg01,Saraiva1910.xFacio.sg01.s02,2,facere caulem,Colum,Deitar haste,
facio,lilaLemma:102758,Saraiva,Saraiva1910.xFacio,Saraiva1910.xFacio.sg01,Saraiva1910.xFacio.sg01.s01,1,facere cenas,Cic,Preparar banquetes,
facio,lilaLemma:102758,Saraiva,Saraiva1910.xFacio,Saraiva1910.xFacio.sg01,Saraiva1910.xFacio.sg01.s01,1,facere cernere letum,Virg,Fazer testemunha da morte de alguem,
facio,lilaLemma:102758,Saraiva,Saraiva1910.xFacio,Saraiva1910.xFacio.sg01,Saraiva1910.xFacio.sg01.s03,3,facere certiorem,Cic,Informar alguem,
facio,lilaLemma:102758,Saraiva,Saraiva1910.xFacio,Saraiva1910.xFacio.sg01,Saraiva1910.xFacio.sg01.s14,14,facere clamores,Cic,Dar gritos,
facio,lilaLemma:102758,Saraiva,Saraiva1910.xFacio,Saraiva1910.xFacio.sg01,Saraiva1910.xFacio.sg01.s05,5,facere concitationes,Cæs,Suscitar perturbações,
facio,lilaLemma:102758,Saraiva,Saraiva1910.xFacio,Saraiva1910.xFacio.sg01,Saraiva1910.xFacio.sg01.s05,5,facere consilii sui copiam,Cic,Partilhar com alguem o seu projecto,
facio,lilaLemma:102758,Saraiva,Saraiva1910.xFacio,Saraiva1910.xFacio.sg01,Saraiva1910.xFacio.sg01.s10,10,facere contra aliquem,Cic,Sêr contra alguem,
facio,lilaLemma:102758,Saraiva,Saraiva1910.xFacio,Saraiva1910.xFacio.sg01,Saraiva1910.xFacio.sg01.s14,14,facere conuitia,Ov,Injuriar,
facio,lilaLemma:102758,Saraiva,Saraiva1910.xFacio,Saraiva1910.xFacio.sg01,Saraiva1910.xFacio.sg01.s05,5,facere copiam argenti…,Plaut,Arranjar dinheiro,
facio,lilaLemma:102758,Saraiva,Saraiva1910.xFacio,Saraiva1910.xFacio.sg01,Saraiva1910.xFacio.sg01.s06,6,facere corpus,Phaed,Engordar,
facio,lilaLemma:102758,Saraiva,Saraiva1910.xFacio,Saraiva1910.xFacio.sg01,Saraiva1910.xFacio.sg01.s03,3,facere desertas uias,Hier,Tornar desertos os caminhos,
facio,lilaLemma:102758,Saraiva,Saraiva1910.xFacio,Saraiva1910.xFacio.sg01,Saraiva1910.xFacio.sg01.s03,3,facere disertum,Cic,Fazer eloquente,
facio,lilaLemma:102758,Saraiva,Saraiva1910.xFacio,Saraiva1910.xFacio.sg01,Saraiva1910.xFacio.sg01.s03,3,facere diuiduum,Ter,Repartir,
facio,lilaLemma:102758,Saraiva,Saraiva1910.xFacio,Saraiva1910.xFacio.sg01,Saraiva1910.xFacio.sg01.s06,6,facere diuitias ex re,Plaut,"Enriquecer-se por um meio, tirar riquesas d’uma coisa",
facio,lilaLemma:102758,Saraiva,Saraiva1910.xFacio,Saraiva1910.xFacio.sg01,Saraiva1910.xFacio.sg01.s06,6,facere exercitum,Vell,Alistar um exercito,
facio,lilaLemma:102758,Saraiva,Saraiva1910.xFacio,Saraiva1910.xFacio.sg01,Saraiva1910.xFacio.sg01.s01,1,facere facinus,Cic,Commetter um crime,
facio,lilaLemma:102758,Saraiva,Saraiva1910.xFacio,Saraiva1910.xFacio.sg01,Saraiva1910.xFacio.sg01.s05,5,facere fastidium,Liv,Causar nausea,
facio,lilaLemma:102758,Saraiva,Saraiva1910.xFacio,Saraiva1910.xFacio.sg01,Saraiva1910.xFacio.sg01.s05,5,facere fauorem,Liv,Grangear o favor,
facio,lilaLemma:102758,Saraiva,Saraiva1910.xFacio,Saraiva1910.xFacio.sg01,Saraiva1910.xFacio.sg01.s14,14,facere fidem,,,Ved. estas palavras
facio,lilaLemma:102758,Saraiva,Saraiva1910.xFacio,Saraiva1910.xFacio.sg01,Saraiva1910.xFacio.sg01.s05,5,facere fidem orationi,Cic,Fazer dar credito ás suas palavras,
facio,lilaLemma:102758,Saraiva,Saraiva1910.xFacio,Saraiva1910.xFacio.sg01,Saraiva1910.xFacio.sg01.s14,14,facere finem,,,Ved. estas palavras
facio,lilaLemma:102758,Saraiva,Saraiva1910.xFacio,Saraiva1910.xFacio.sg01,Saraiva1910.xFacio.sg01.s05,5,facere fletum,Colum,Fazer chorar,
facio,lilaLemma:102758,Saraiva,Saraiva1910.xFacio,Saraiva1910.xFacio.sg01,Saraiva1910.xFacio.sg01.s14,14,facere fœdus,Cic,Concluir um tractado,
facio,lilaLemma:102758,Saraiva,Saraiva1910.xFacio,Saraiva1910.xFacio.sg01,Saraiva1910.xFacio.sg01.s05,5,facere formidinem,Tac,Metter susto,
facio,lilaLemma:102758,Saraiva,Saraiva1910.xFacio,Saraiva1910.xFacio.sg01,Saraiva1910.xFacio.sg01.s14,14,facere fraudem legi,Plaut,"Illudir a lei, violal-a",
facio,lilaLemma:102758,Saraiva,Saraiva1910.xFacio,Saraiva1910.xFacio.sg01,Saraiva1910.xFacio.sg01.s05,5,facere frigora,Ov,Produzir frio,
facio,lilaLemma:102758,Saraiva,Saraiva1910.xFacio,Saraiva1910.xFacio.sg01,Saraiva1910.xFacio.sg01.s01,1,facere furtum,Hor,Commetter um furto,
facio,lilaLemma:102758,Saraiva,Saraiva1910.xFacio,Saraiva1910.xFacio.sg01,Saraiva1910.xFacio.sg01.s14,14,facere gradum,,,Ved. estas palavras
facio,lilaLemma:102758,Saraiva,Saraiva1910.xFacio,Saraiva1910.xFacio.sg01,Saraiva1910.xFacio.sg01.s14,14,facere gratiam,,,Ved. estas palavras
facio,lilaLemma:102758,Saraiva,Saraiva1910.xFacio,Saraiva1910.xFacio.sg01,Saraiva1910.xFacio.sg01.s02,2,facere gregem asinorum,Varr,crear gado asinar,
facio,lilaLemma:102758,Saraiva,Saraiva1910.xFacio,Saraiva1910.xFacio.sg01,Saraiva1910.xFacio.sg01.s03,3,facere heredem,Cic,Instituir herdeiro,
facio,lilaLemma:102758,Saraiva,Saraiva1910.xFacio,Saraiva1910.xFacio.sg01,Saraiva1910.xFacio.sg01.s02,2,facere hominem,Hier,Crear o homem,
facio,lilaLemma:102758,Saraiva,Saraiva1910.xFacio,Saraiva1910.xFacio.sg01,Saraiva1910.xFacio.sg01.s14,14,facere hostiam,Censor,Immolar uma victima,
facio,lilaLemma:102758,Saraiva,Saraiva1910.xFacio,Saraiva1910.xFacio.sg01,Saraiva1910.xFacio.sg01.s07,7,"facere iacturam, detrimentum",Cic,"Ter um prejuizo, uma perda",
facio,lilaLemma:102758,Velez,Velez1744.n1303.e01,Velez1744.n1303.sg01,Velez1744.n1303.sg01.s99,X,"facere iacturam, uel damnum",,"padecer jactura, ou dano",
facio,lilaLemma:102758,Saraiva,Saraiva1910.xFacio,Saraiva1910.xFacio.sg01,Saraiva1910.xFacio.sg01.s01,1,facere imperite,Cic,Proceder ignorantemente,
facio,lilaLemma:102758,Saraiva,Saraiva1910.xFacio,Saraiva1910.xFacio.sg01,Saraiva1910.xFacio.sg01.s01,1,facere incendium,Cic,"Levantar um incendio, incendiar",
facio,lilaLemma:102758,Saraiva,Saraiva1910.xFacio,Saraiva1910.xFacio.sg01,Saraiva1910.xFacio.sg01.s05,5,facere iram,Quint,Incitar a colera,
facio,lilaLemma:102758,Saraiva,Saraiva1910.xFacio,Saraiva1910.xFacio.sg01,Saraiva1910.xFacio.sg01.s03,3,facere iratum,Cic,Irritar alguem,
facio,lilaLemma:102758,Saraiva,Saraiva1910.xFacio,Saraiva1910.xFacio.sg01,Saraiva1910.xFacio.sg01.s14,14,facere iter,,,Ved. estas palavras
facio,lilaLemma:102758,Saraiva,Saraiva1910.xFacio,Saraiva1910.xFacio.sg01,Saraiva1910.xFacio.sg01.s05,5,facere ius alicui,Liv,Conceder permissão a alguem,
facio,lilaLemma:102758,Saraiva,Saraiva1910.xFacio,Saraiva1910.xFacio.sg01,Saraiva1910.xFacio.sg01.s01,1,facere iussa,Virg,Executar as ordens,
facio,lilaLemma:102758,Saraiva,Saraiva1910.xFacio,Saraiva1910.xFacio.sg01,Saraiva1910.xFacio.sg01.s12,12,facere Junoni,Cic,Faer um sacrificio a Juno,
ius,lilaLemma:109252,Fonseca,Fonseca1798.n16407.e01,Fonseca1798.n16407.sg01,Fonseca1798.n16407.sg01.s99,X,facere legiones fui iuris,Vell. Pat,Chamar as legiões ao seu partido,
facio,lilaLemma:102758,Saraiva,Saraiva1910.xFacio,Saraiva1910.xFacio.sg01,Saraiva1910.xFacio.sg01.s02,2,facere litteras,Just,Escrever uma carta,
facio,lilaLemma:102758,Saraiva,Saraiva1910.xFacio,Saraiva1910.xFacio.sg01,Saraiva1910.xFacio.sg01.s05,5,facere locum alicui rei,Ov. Vell,Dar occasião a uma coisa,
facio,lilaLemma:102758,Saraiva,Saraiva1910.xFacio,Saraiva1910.xFacio.sg01,Saraiva1910.xFacio.sg01.s06,6,facere lucrum,Cic,Tirar lucro,
facio,lilaLemma:102758,Saraiva,Saraiva1910.xFacio,Saraiva1910.xFacio.sg01,Saraiva1910.xFacio.sg01.s14,14,facere ludos,,,Ved. estas palavras
facio,lilaLemma:102758,Saraiva,Saraiva1910.xFacio,Saraiva1910.xFacio.sg01,Saraiva1910.xFacio.sg01.s05,5,facere ludos,Cic,Dar jogos,
facio,lilaLemma:102758,Faria,Faria1994.n12363.e01,Faria1994.n12363.sg01,Faria1994.n12363.sg01.s15,15,"facere magni Cíc. Q. Fr. I. 2,7 ‘considerar muito’; facere nihili Cíc. Fin. 2, 88 ‘não considerar nada’; facere minimi Cic. Fin. 2. 42 ‘considerar pouco’; facere plurimi Cíc. Fam. 3, 10, 2 ‘considerar no mais alto grau’.",,,
facio,lilaLemma:102758,Saraiva,Saraiva1910.xFacio,Saraiva1910.xFacio.sg01,Saraiva1910.xFacio.sg01.s01,1,facere male alicui,Plaut. Ter,Fazer mal a alguem,
facio,lilaLemma:102758,Saraiva,Saraiva1910.xFacio,Saraiva1910.xFacio.sg01,Saraiva1910.xFacio.sg01.s06,6,facere manum,Cic,Ajunctar gente forças,
facio,lilaLemma:102758,Saraiva,Saraiva1910.xFacio,Saraiva1910.xFacio.sg01,Saraiva1910.xFacio.sg01.s04,4,facere medicinam,Phaed,Exercer a medicina,
facio,lilaLemma:102758,Saraiva,Saraiva1910.xFacio,Saraiva1910.xFacio.sg01,Saraiva1910.xFacio.sg01.s05,5,facere medicinam,Plin,Trazer remedio,
facio,lilaLemma:102758,Saraiva,Saraiva1910.xFacio,Saraiva1910.xFacio.sg01,Saraiva1910.xFacio.sg01.s04,4,facere mercaturas,Cic,Commerciar;,
facio,lilaLemma:102758,Saraiva,Saraiva1910.xFacio,Saraiva1910.xFacio.sg01,Saraiva1910.xFacio.sg01.s05,5,facere modum iræ,Liv,Aplacar a ira,
facio,lilaLemma:102758,Saraiva,Saraiva1910.xFacio,Saraiva1910.xFacio.sg01,Saraiva1910.xFacio.sg01.s14,14,facere morem,,,Ved. estas palavras
facio,lilaLemma:102758,Saraiva,Saraiva1910.xFacio,Saraiva1910.xFacio.sg01,Saraiva1910.xFacio.sg01.s05,5,facere mortem,Colum,Causar a morte,
facio,lilaLemma:102758,Saraiva,Saraiva1910.xFacio,Saraiva1910.xFacio.sg01,Saraiva1910.xFacio.sg01.s02,2,facere muros,Hier,Levantar muros,
facio,lilaLemma:102758,Saraiva,Saraiva1910.xFacio,Saraiva1910.xFacio.sg01,Saraiva1910.xFacio.sg01.s07,7,facere naufragium,Cic,Naufragar,
facio,lilaLemma:102758,Saraiva,Saraiva1910.xFacio,Saraiva1910.xFacio.sg01,Saraiva1910.xFacio.sg01.s05,5,facere negotium,Quint,Causar embaraço,
facio,lilaLemma:102758,Saraiva,Saraiva1910.xFacio,Saraiva1910.xFacio.sg01,Saraiva1910.xFacio.sg01.s14,14,facere noctem de die,Titin,Fazer da noite dia,
facio,lilaLemma:102758,Saraiva,Saraiva1910.xFacio,Saraiva1910.xFacio.sg01,Saraiva1910.xFacio.sg01.s05,5,facere nomen,Liv,Pôr nome,
facio,lilaLemma:102758,Saraiva,Saraiva1910.xFacio,Saraiva1910.xFacio.sg01,Saraiva1910.xFacio.sg01.s05,5,facere nomen,Cic,Dar fiança,
facio,lilaLemma:102758,Saraiva,Saraiva1910.xFacio,Saraiva1910.xFacio.sg01,Saraiva1910.xFacio.sg01.s05,5,facere nomina,Cic,Dar fiança,
facio,lilaLemma:102758,Saraiva,Saraiva1910.xFacio,Saraiva1910.xFacio.sg01,Saraiva1910.xFacio.sg01.s01,1,facere officium,Cic,"Cumprir um dever, satisfazer a elle",
facio,lilaLemma:102758,Saraiva,Saraiva1910.xFacio,Saraiva1910.xFacio.sg01,Saraiva1910.xFacio.sg01.s02,2,facere oleam,Cato,"Crear, cultivar oliveiras;",
facio,lilaLemma:102758,Saraiva,Saraiva1910.xFacio,Saraiva1910.xFacio.sg01,Saraiva1910.xFacio.sg01.s02,2,facere oua,Varr,Pôr óvos,
facio,lilaLemma:102758,Saraiva,Saraiva1910.xFacio,Saraiva1910.xFacio.sg01,Saraiva1910.xFacio.sg01.s03,3,facere palam,Nep,"Divulgar, publicar",
facio,lilaLemma:102758,Saraiva,Saraiva1910.xFacio,Saraiva1910.xFacio.sg01,Saraiva1910.xFacio.sg01.s14,14,facere periculum,,,Ved. estas palavras
facio,lilaLemma:102758,Saraiva,Saraiva1910.xFacio,Saraiva1910.xFacio.sg01,Saraiva1910.xFacio.sg01.s05,5,facere perniciem,Tac,Causar a ruina;,
facio,lilaLemma:102758,Saraiva,Saraiva1910.xFacio,Saraiva1910.xFacio.sg01,Saraiva1910.xFacio.sg01.s05,5,facere potestatem alicui,Cic,Conceder permissão a alguem,
facio,lilaLemma:102758,Saraiva,Saraiva1910.xFacio,Saraiva1910.xFacio.sg01,Saraiva1910.xFacio.sg01.s03,3,facere ratum,Ov,Ratificar,
facio,lilaLemma:102758,Saraiva,Saraiva1910.xFacio,Saraiva1910.xFacio.sg01,Saraiva1910.xFacio.sg01.s03,3,facere regem,Just,Fazer alguem rei,
facio,lilaLemma:102758,Saraiva,Saraiva1910.xFacio,Saraiva1910.xFacio.sg01,Saraiva1910.xFacio.sg01.s01,1,facere rem diuinam,Liv,"Fazer um sacrificio, sacrificar",
facio,lilaLemma:102758,Saraiva,Saraiva1910.xFacio,Saraiva1910.xFacio.sg01,Saraiva1910.xFacio.sg01.s05,5,facere remedium,Plin,Trazer remedio,
facio,lilaLemma:102758,Saraiva,Saraiva1910.xFacio,Saraiva1910.xFacio.sg01,Saraiva1910.xFacio.sg01.s05,5,facere risum,Quint,Provocar o riso,
facio,lilaLemma:102758,Saraiva,Saraiva1910.xFacio,Saraiva1910.xFacio.sg01,Saraiva1910.xFacio.sg01.s01,1,facere sacra,Cic,"Fazer um sacrificio, sacrificar",
facio,lilaLemma:102758,Saraiva,Saraiva1910.xFacio,Saraiva1910.xFacio.sg01,Saraiva1910.xFacio.sg01.s01,1,facere sacrificium,Cic,"Fazer um sacrificio, sacrificar",
facio,lilaLemma:102758,Saraiva,Saraiva1910.xFacio,Saraiva1910.xFacio.sg01,Saraiva1910.xFacio.sg01.s05,5,facere sanguinem,Liv,Fazer correr sangue,
facio,lilaLemma:102758,Saraiva,Saraiva1910.xFacio,Saraiva1910.xFacio.sg01,Saraiva1910.xFacio.sg01.s14,14,facere satis,,,Ved. Satisfacere
facio,lilaLemma:102758,Saraiva,Saraiva1910.xFacio,Saraiva1910.xFacio.sg01,Saraiva1910.xFacio.sg01.s14,14,facere speciem,Liv,Ter ar de,
facio,lilaLemma:102758,Saraiva,Saraiva1910.xFacio,Saraiva1910.xFacio.sg01,Saraiva1910.xFacio.sg01.s02,2,facere statuam,Plin,Fazer uma estatua,
facio,lilaLemma:102758,Saraiva,Saraiva1910.xFacio,Saraiva1910.xFacio.sg01,Saraiva1910.xFacio.sg01.s05,5,facere stellis nomina,Virg,Dar nomes ás estrellas,
facio,lilaLemma:102758,Saraiva,Saraiva1910.xFacio,Saraiva1910.xFacio.sg01,Saraiva1910.xFacio.sg01.s04,4,facere stipendia,Liv,"Militar, sêr soldado",
facio,lilaLemma:102758,Saraiva,Saraiva1910.xFacio,Saraiva1910.xFacio.sg01,Saraiva1910.xFacio.sg01.s05,5,facere stomachum,Cic,Incitar a colera,
facio,lilaLemma:102758,Saraiva,Saraiva1910.xFacio,Saraiva1910.xFacio.sg01,Saraiva1910.xFacio.sg01.s05,5,facere strepitum,Ov,Produzir ruído,
facio,lilaLemma:102758,Saraiva,Saraiva1910.xFacio,Saraiva1910.xFacio.sg01,Saraiva1910.xFacio.sg01.s14,14,facere testes,Ter,Dar testemunhos,
facio,lilaLemma:102758,Saraiva,Saraiva1910.xFacio,Saraiva1910.xFacio.sg01,Saraiva1910.xFacio.sg01.s14,14,facere uerba,Liv. Ov,Fallar,
facio,lilaLemma:102758,Saraiva,Saraiva1910.xFacio,Saraiva1910.xFacio.sg01,Saraiva1910.xFacio.sg01.s14,14,facere uerba,,,etc. Ved. estas palavras
facio,lilaLemma:102758,Saraiva,Saraiva1910.xFacio,Saraiva1910.xFacio.sg01,Saraiva1910.xFacio.sg01.s14,14,facere uerbum,,,Ved. estas palavras
facio,lilaLemma:102758,Saraiva,Saraiva1910.xFacio,Saraiva1910.xFacio.sg01,Saraiva1910.xFacio.sg01.s02,2,facere uersus,Cic. Hor,Compôr versos,
facio,lilaLemma:102758,Saraiva,Saraiva1910.xFacio,Saraiva1910.xFacio.sg01,Saraiva1910.xFacio.sg01.s02,2,facere uinum,Colum,Fazer vinho,
facio,lilaLemma:102758,Saraiva,Saraiva1910.xFacio,Saraiva1910.xFacio.sg01,Saraiva1910.xFacio.sg01.s06,6,facere uires,Quint,Tomar forças,
facio,lilaLemma:102758,Saraiva,Saraiva1910.xFacio,Saraiva1910.xFacio.sg01,Saraiva1910.xFacio.sg01.s05,5,facere umbram,Virg,Produzir sombra,
facio,lilaLemma:102758,Saraiva,Saraiva1910.xFacio,Saraiva1910.xFacio.sg01,Saraiva1910.xFacio.sg01.s14,14,facere urinam,Veg,"Urinar, mijar",
facio,lilaLemma:102758,Saraiva,Saraiva1910.xFacio,Saraiva1910.xFacio.sg01,Saraiva1910.xFacio.sg01.s01,1,faciam ut potero,Cic,Farei como poder,
atque,lilaLemma:90490,Faria,Faria1994.n03333.e01,Faria1994.n03333.sg01,Faria1994.n03333.sg01.s01,1,"faciam... ac lubens Ter. Heaut. 763 «farei ... e, o que é mais, com prazer» Cíc. Caec. 24.",,,
facio,lilaLemma:102758,Saraiva,Saraiva1910.xFacio,Saraiva1910.xFacio.sg01,Saraiva1910.xFacio.sg01.s09,9,facio me alias res agere,Cic,Finjo estar distrahido,
facio,lilaLemma:102758,Saraiva,Saraiva1910.xFacio,Saraiva1910.xFacio.sg01,Saraiva1910.xFacio.sg01.s01,1,facite homines discumbere,Hier,Mandae sentar essa gente,
facio,lilaLemma:102758,Saraiva,Saraiva1910.xFacio,Saraiva1910.xFacio.sg01,Saraiva1910.xFacio.sg01.s01,1,facito ut sciam,Fronto,Dá-me a saber,
fides,lilaLemma:103260,Velez,Velez1744.n1345.e01,Velez1744.n1345.sg01,Velez1744.n1345.sg01.s99,X,fallere fidem,,naõ cumprir o promettido,
facio,lilaLemma:102758,Saraiva,Saraiva1910.xFacio,Saraiva1910.xFacio.sg01,Saraiva1910.xFacio.sg01.s09,9,feci sermonem inter nos habitum,Cic,Suppuz que houve entre nós uma conversação,
uideo,lilaLemma:130163,Saraiva,Saraiva1910.xVideo,Saraiva1910.xVideo.sg01,Saraiva1910.xVideo.sg01.s08,8,fecisse uideri pronuntiat,Cic,Elle declara que lhe parece ter commettido a acção,"formula das sentenças dos juizes, dos decretos, dos acordãos do senado"
per,lilaLemma:116569,Velez,Velez1744.n2523.e01,Velez1744.n2523.sg01,Velez1744.n2523.sg01.s99,X,fecit id per otium,,a seu prazer,
fero,lilaLemma:103126,Saraiva,Saraiva1910.xFero,Saraiva1910.xFero.sg01,Saraiva1910.xFero.sg01.s02,2,fer stabulis ignem,Virg,Deita o fogo aos meus curraes,
fero,lilaLemma:103126,Saraiva,Saraiva1910.xFero,Saraiva1910.xFero.sg01,Saraiva1910.xFero.sg01.s02,2,ferat Aufidus,Hor,Leve -os o rio Aufido,
fero,lilaLemma:103126,Saraiva,Saraiva1910.xFero,Saraiva1910.xFero.sg01,Saraiva1910.xFero.sg01.s03,3,ferre,Cic,Propôr alguma coisa ao povo,
fero,lilaLemma:103126,Saraiva,Saraiva1910.xFero,Saraiva1910.xFero.sg01,Saraiva1910.xFero.sg01.s14,14,ferre acceptum,,,Ved. Acceptus
fero,lilaLemma:103126,Saraiva,Saraiva1910.xFero,Saraiva1910.xFero.sg01,Saraiva1910.xFero.sg01.s12,12,ferre ad astra,Virg,Elevar alguem até o ceu; pôl-o nos cornos da lua; encher de louvores; fazer um pomposo elogio,
fero,lilaLemma:103126,Saraiva,Saraiva1910.xFero,Saraiva1910.xFero.sg01,Saraiva1910.xFero.sg01.s03,3,ferre ad populum,Cic,Propôr alguma coisa ao povo,
fero,lilaLemma:103126,Saraiva,Saraiva1910.xFero,Saraiva1910.xFero.sg01,Saraiva1910.xFero.sg01.s12,12,ferre ad sidera,Virg,Elevar alguem até o ceu; pôl-o nos cornos da lua; encher de louvores; fazer um pomposo elogio,
fero,lilaLemma:103126,Saraiva,Saraiva1910.xFero,Saraiva1910.xFero.sg01,Saraiva1910.xFero.sg01.s06,6,ferre ægre,Cic,"Levar a mal, indignar-se",
fero,lilaLemma:103126,Saraiva,Saraiva1910.xFero,Saraiva1910.xFero.sg01,Saraiva1910.xFero.sg01.s06,6,ferre æquo animo,Cic,Levar com paciencia; soffrer sem se queixar,
fero,lilaLemma:103126,Saraiva,Saraiva1910.xFero,Saraiva1910.xFero.sg01,Saraiva1910.xFero.sg01.s06,6,ferre annos,Ov. Inscr,"Viver, ter certo numero de annos",
fero,lilaLemma:103126,Saraiva,Saraiva1910.xFero,Saraiva1910.xFero.sg01,Saraiva1910.xFero.sg01.s01,1,ferre aperte,Liv,"Manifestar, deixar vêr, patentear; não dissimular",
fero,lilaLemma:103126,Saraiva,Saraiva1910.xFero,Saraiva1910.xFero.sg01,Saraiva1910.xFero.sg01.s05,5,ferre argentum ab aliquo,Plaut,Receber dinheiro de alguem,
fero,lilaLemma:103126,Saraiva,Saraiva1910.xFero,Saraiva1910.xFero.sg01,Saraiva1910.xFero.sg01.s02,2,ferre arma,Virg,Pegar em armas; tomar armas;,
fero,lilaLemma:103126,Saraiva,Saraiva1910.xFero,Saraiva1910.xFero.sg01,Saraiva1910.xFero.sg01.s02,2,ferre arma contra aliquem,Nep,"Pegar em armas, tomar armas contra alguem",
fero,lilaLemma:103126,Saraiva,Saraiva1910.xFero,Saraiva1910.xFero.sg01,Saraiva1910.xFero.sg01.s02,2,ferre arma in aliquem,Liv,"Pegar em armas, tomar armas contra alguem",
fero,lilaLemma:103126,Saraiva,Saraiva1910.xFero,Saraiva1910.xFero.sg01,Saraiva1910.xFero.sg01.s03,3,ferre auxilium,Cic,"Prestar soccorro, ajudar, auxiliar",
fero,lilaLemma:103126,Saraiva,Saraiva1910.xFero,Saraiva1910.xFero.sg01,Saraiva1910.xFero.sg01.s14,14,ferre calumniam,,,Ved. Calumnia
fero,lilaLemma:103126,Saraiva,Saraiva1910.xFero,Saraiva1910.xFero.sg01,Saraiva1910.xFero.sg01.s06,6,ferre casus,Ov,"Soffrer perdas, passar por desventuras",
fero,lilaLemma:103126,Saraiva,Saraiva1910.xFero,Saraiva1910.xFero.sg01,Saraiva1910.xFero.sg01.s05,5,ferre centuriam,Cic,Conseguir os votos d’uma centuria,
fero,lilaLemma:103126,Saraiva,Saraiva1910.xFero,Saraiva1910.xFero.sg01,Saraiva1910.xFero.sg01.s06,6,ferre clementer,Cic,Levar com paciencia; soffrer sem se queixar,
fero,lilaLemma:103126,Saraiva,Saraiva1910.xFero,Saraiva1910.xFero.sg01,Saraiva1910.xFero.sg01.s03,3,ferre conditionem,Cic,Fazer uma proposta,
fero,lilaLemma:103126,Saraiva,Saraiva1910.xFero,Saraiva1910.xFero.sg01,Saraiva1910.xFero.sg01.s02,2,ferre corpus,Ov,"Transportar-se, dirigir-se para, marchar, caminhar, andar, ir",
fero,lilaLemma:103126,Saraiva,Saraiva1910.xFero,Saraiva1910.xFero.sg01,Saraiva1910.xFero.sg01.s06,6,ferre damna,Ov,"Soffrer perdas, passar por desventuras",
fero,lilaLemma:103126,Saraiva,Saraiva1910.xFero,Saraiva1910.xFero.sg01,Saraiva1910.xFero.sg01.s05,5,ferre decretum,Liv,Fazer admittir um decreto,
fero,lilaLemma:103126,Saraiva,Saraiva1910.xFero,Saraiva1910.xFero.sg01,Saraiva1910.xFero.sg01.s03,3,ferre dona,Virg,Trazer presentes,
fero,lilaLemma:103126,Saraiva,Saraiva1910.xFero,Saraiva1910.xFero.sg01,Saraiva1910.xFero.sg01.s14,14,ferre expensum alicui,Cic,"Levar em conta a alguem, creditar",
fero,lilaLemma:103126,Saraiva,Saraiva1910.xFero,Saraiva1910.xFero.sg01,Saraiva1910.xFero.sg01.s06,6,ferre facile,Sen,Levar com paciencia; soffrer sem se queixar,
fero,lilaLemma:103126,Saraiva,Saraiva1910.xFero,Saraiva1910.xFero.sg01,Saraiva1910.xFero.sg01.s03,3,ferre fastidia,Virg,"Causar fastio, enjoar",
fero,lilaLemma:103126,Saraiva,Saraiva1910.xFero,Saraiva1910.xFero.sg01,Saraiva1910.xFero.sg01.s14,14,ferre fidem,,,"etc. Ved. Fides, etc"
fero,lilaLemma:103126,Saraiva,Saraiva1910.xFero,Saraiva1910.xFero.sg01,Saraiva1910.xFero.sg01.s03,3,ferre finem,Virg,"Pôr termo, concluir, acabar",
fero,lilaLemma:103126,Saraiva,Saraiva1910.xFero,Saraiva1910.xFero.sg01,Saraiva1910.xFero.sg01.s05,5,ferre fructus,Cic,Tirar fructos,
fero,lilaLemma:103126,Saraiva,Saraiva1910.xFero,Saraiva1910.xFero.sg01,Saraiva1910.xFero.sg01.s02,2,ferre gradum,Virg,"Transportar-se, dirigir-se para, marchar, caminhar, andar, ir",
fero,lilaLemma:103126,Saraiva,Saraiva1910.xFero,Saraiva1910.xFero.sg01,Saraiva1910.xFero.sg01.s03,3,ferre grates,Sil,Agradecer,
fero,lilaLemma:103126,Saraiva,Saraiva1910.xFero,Saraiva1910.xFero.sg01,Saraiva1910.xFero.sg01.s06,6,ferre grauiter,Cic,"Levar a mal, indignar-se",
fero,lilaLemma:103126,Saraiva,Saraiva1910.xFero,Saraiva1910.xFero.sg01,Saraiva1910.xFero.sg01.s02,2,ferre gressum,Virg,"Transportar-se, dirigir-se para, marchar, caminhar, andar, ir",
fero,lilaLemma:103126,Saraiva,Saraiva1910.xFero,Saraiva1910.xFero.sg01,Saraiva1910.xFero.sg01.s01,1,ferre haud clam,Cic,"Manifestar, deixar vêr, patentear; não dissimular",
fero,lilaLemma:103126,Saraiva,Saraiva1910.xFero,Saraiva1910.xFero.sg01,Saraiva1910.xFero.sg01.s01,1,ferre humeris,Ov. Petr,Levar aos hombros,
fero,lilaLemma:103126,Saraiva,Saraiva1910.xFero,Saraiva1910.xFero.sg01,Saraiva1910.xFero.sg01.s02,2,ferre ictus,Ov,Dar golpes uma lança,
fero,lilaLemma:103126,Saraiva,Saraiva1910.xFero,Saraiva1910.xFero.sg01,Saraiva1910.xFero.sg01.s06,6,ferre impetum,Cæs,Sustentar o ataque,
fero,lilaLemma:103126,Saraiva,Saraiva1910.xFero,Saraiva1910.xFero.sg01,Saraiva1910.xFero.sg01.s05,5,ferre impune,Cæs. Cic,Fazer impunemente alguma coisa; ficar sem castigo,
fero,lilaLemma:103126,Saraiva,Saraiva1910.xFero,Saraiva1910.xFero.sg01,Saraiva1910.xFero.sg01.s12,12,ferre in cælum,Cic,Elevar alguem até o ceu; pôl-o nos cornos da lua; encher de louvores; fazer um pomposo elogio,
fero,lilaLemma:103126,Saraiva,Saraiva1910.xFero,Saraiva1910.xFero.sg01,Saraiva1910.xFero.sg01.s12,12,ferre in maius uero,Liv,Exagerar uma coisa,
fero,lilaLemma:103126,Saraiva,Saraiva1910.xFero,Saraiva1910.xFero.sg01,Saraiva1910.xFero.sg01.s01,1,ferre in oculis,Cic,Amar como as meninas dos olhos,
fero,lilaLemma:103126,Saraiva,Saraiva1910.xFero,Saraiva1910.xFero.sg01,Saraiva1910.xFero.sg01.s06,6,ferre indigne,Cic,"Levar a mal, indignar-se",
fero,lilaLemma:103126,Saraiva,Saraiva1910.xFero,Saraiva1910.xFero.sg01,Saraiva1910.xFero.sg01.s06,6,ferre iniquo animo,Cic,"Levar a mal, indignar-se",
fero,lilaLemma:103126,Saraiva,Saraiva1910.xFero,Saraiva1910.xFero.sg01,Saraiva1910.xFero.sg01.s12,12,ferre insigni laude,Virg,Elevar alguem até o ceu; pôl-o nos cornos da lua; encher de louvores; fazer um pomposo elogio,
fero,lilaLemma:103126,Saraiva,Saraiva1910.xFero,Saraiva1910.xFero.sg01,Saraiva1910.xFero.sg01.s05,5,ferre inultum,Ter,Fazer impunemente alguma coisa; ficar sem castigo,
fero,lilaLemma:103126,Saraiva,Saraiva1910.xFero,Saraiva1910.xFero.sg01,Saraiva1910.xFero.sg01.s02,2,ferre iter,Virg,"Transportar-se, dirigir-se para, marchar, caminhar, andar, ir",
fero,lilaLemma:103126,Saraiva,Saraiva1910.xFero,Saraiva1910.xFero.sg01,Saraiva1910.xFero.sg01.s10,10,ferre iudicium,Cic,Dar um decreto,
fero,lilaLemma:103126,Saraiva,Saraiva1910.xFero,Saraiva1910.xFero.sg01,Saraiva1910.xFero.sg01.s03,3,ferre iussa,Virg,Dar uma ordem,
fero,lilaLemma:103126,Saraiva,Saraiva1910.xFero,Saraiva1910.xFero.sg01,Saraiva1910.xFero.sg01.s12,12,ferre laudibus,Liv. Plin,Elevar alguem até o ceu; pôl-o nos cornos da lua; encher de louvores; fazer um pomposo elogio,
lex,lilaLemma:110351,Velez,Velez1744.n1959.e01,Velez1744.n1959.sg01,Velez1744.n1959.sg01.s01,1,ferre legem,,,"est populo aliquid proponere, rogareque, velitne id pro lege habere"
fero,lilaLemma:103126,Saraiva,Saraiva1910.xFero,Saraiva1910.xFero.sg01,Saraiva1910.xFero.sg01.s03,3,ferre legem,Cic,Apresentar uma lei,
fero,lilaLemma:103126,Saraiva,Saraiva1910.xFero,Saraiva1910.xFero.sg01,Saraiva1910.xFero.sg01.s05,5,ferre liberos ex aliqua,Suet,Ter filhos d’uma mulher,
fero,lilaLemma:103126,Saraiva,Saraiva1910.xFero,Saraiva1910.xFero.sg01,Saraiva1910.xFero.sg01.s02,2,ferre manum,Plaut,Combater,
fero,lilaLemma:103126,Velez,Velez1744.n1337.e01,Velez1744.n1337.sg01,Velez1744.n1337.sg01.s99,X,ferre manum,,pelejar,apud Virg. pro Conferre
fero,lilaLemma:103126,Saraiva,Saraiva1910.xFero,Saraiva1910.xFero.sg01,Saraiva1910.xFero.sg01.s02,2,ferre manum in prœlia,Virg,Combater,
fero,lilaLemma:103126,Saraiva,Saraiva1910.xFero,Saraiva1910.xFero.sg01,Saraiva1910.xFero.sg01.s02,2,ferre membra,Ov,"Transportar-se, dirigir-se para, marchar, caminhar, andar, ir",
fero,lilaLemma:103126,Saraiva,Saraiva1910.xFero,Saraiva1910.xFero.sg01,Saraiva1910.xFero.sg01.s06,6,ferre moleste,Cic,"Levar a mal, indignar-se",
fero,lilaLemma:103126,Saraiva,Saraiva1910.xFero,Saraiva1910.xFero.sg01,Saraiva1910.xFero.sg01.s05,5,ferre nomen insani,Hor,Sêr tido na conta de insensato,
fero,lilaLemma:103126,Saraiva,Saraiva1910.xFero,Saraiva1910.xFero.sg01,Saraiva1910.xFero.sg01.s01,1,ferre non obscure,Cic,"Manifestar, deixar vêr, patentear; não dissimular",
fero,lilaLemma:103126,Saraiva,Saraiva1910.xFero,Saraiva1910.xFero.sg01,Saraiva1910.xFero.sg01.s02,2,ferre oculos ad…,Virg,Voltar os olhos para…,
fero,lilaLemma:103126,Saraiva,Saraiva1910.xFero,Saraiva1910.xFero.sg01,Saraiva1910.xFero.sg01.s01,1,ferre olera,Ter,Trazer legumes,
fero,lilaLemma:103126,Saraiva,Saraiva1910.xFero,Saraiva1910.xFero.sg01,Saraiva1910.xFero.sg01.s03,3,ferre opem,Cic,"Prestar soccorro, ajudar, auxiliar",
fero,lilaLemma:103126,Saraiva,Saraiva1910.xFero,Saraiva1910.xFero.sg01,Saraiva1910.xFero.sg01.s03,3,ferre oscula,Ov,"Dar um beijo; dar abraços, abraçar",
fero,lilaLemma:103126,Saraiva,Saraiva1910.xFero,Saraiva1910.xFero.sg01,Saraiva1910.xFero.sg01.s03,3,ferre osculum,Fronto,Dar um beijo;,
fero,lilaLemma:103126,Saraiva,Saraiva1910.xFero,Saraiva1910.xFero.sg01,Saraiva1910.xFero.sg01.s03,3,ferre pacem,Virg,Trazer a paz,
fero,lilaLemma:103126,Saraiva,Saraiva1910.xFero,Saraiva1910.xFero.sg01,Saraiva1910.xFero.sg01.s05,5,ferre palmam,Cic,Ganhar a palma,
fero,lilaLemma:103126,Saraiva,Saraiva1910.xFero,Saraiva1910.xFero.sg01,Saraiva1910.xFero.sg01.s01,1,ferre partum,Plin,"Andar gravida, pejada, estar prenhe",
fero,lilaLemma:103126,Saraiva,Saraiva1910.xFero,Saraiva1910.xFero.sg01,Saraiva1910.xFero.sg01.s04,4,ferre passim cuncta atque agere,Liv,Levar a devastação e a pilhagem por toda a parte,
fero,lilaLemma:103126,Saraiva,Saraiva1910.xFero,Saraiva1910.xFero.sg01,Saraiva1910.xFero.sg01.s02,2,ferre pedem,Virg,"Transportar-se, dirigir-se para, marchar, caminhar, andar, ir",
fero,lilaLemma:103126,Saraiva,Saraiva1910.xFero,Saraiva1910.xFero.sg01,Saraiva1910.xFero.sg01.s02,2,ferre pedem choris,Hor,"Fazer danças, dançar",
fero,lilaLemma:103126,Saraiva,Saraiva1910.xFero,Saraiva1910.xFero.sg01,Saraiva1910.xFero.sg01.s01,1,ferre personam alienam,Liv,"Trazer uma mascara, i. é, representar o papel d’outrem",
fero,lilaLemma:103126,Saraiva,Saraiva1910.xFero,Saraiva1910.xFero.sg01,Saraiva1910.xFero.sg01.s03,3,ferre præsidium,Cic,"Prestar soccorro, ajudar, auxiliar",
fero,lilaLemma:103126,Saraiva,Saraiva1910.xFero,Saraiva1910.xFero.sg01,Saraiva1910.xFero.sg01.s03,3,ferre preces,Virg,Dirigir supplicas,
fero,lilaLemma:103126,Saraiva,Saraiva1910.xFero,Saraiva1910.xFero.sg01,Saraiva1910.xFero.sg01.s06,6,ferre primas,scil. partes. Cic,Ter o primeiro logar; representar o primeiro papel,
fero,lilaLemma:103126,Saraiva,Saraiva1910.xFero,Saraiva1910.xFero.sg01,Saraiva1910.xFero.sg01.s02,2,ferre rabie,Plin,Sêr transportado de raiva,
fero,lilaLemma:103126,Saraiva,Saraiva1910.xFero,Saraiva1910.xFero.sg01,Saraiva1910.xFero.sg01.s03,3,ferre rem,Liv,Propôr alguma coisa ao povo,
fero,lilaLemma:103126,Saraiva,Saraiva1910.xFero,Saraiva1910.xFero.sg01,Saraiva1910.xFero.sg01.s06,6,ferre repulsam,Cic,Soffrer uma recusa,
fero,lilaLemma:103126,Saraiva,Saraiva1910.xFero,Saraiva1910.xFero.sg01,Saraiva1910.xFero.sg01.s03,3,ferre sacra,Virg,Offerecer um sacrificio,
fero,lilaLemma:103126,Saraiva,Saraiva1910.xFero,Saraiva1910.xFero.sg01,Saraiva1910.xFero.sg01.s02,2,ferre se,Virg,"Transportar-se, dirigir-se para, marchar, caminhar, andar, ir",
fero,lilaLemma:103126,Saraiva,Saraiva1910.xFero,Saraiva1910.xFero.sg01,Saraiva1910.xFero.sg01.s09,9,ferre se ciuem,Tac,"Dar-se, declarar-se cidadão",
fero,lilaLemma:103126,Velez,Velez1744.n1337.e01,Velez1744.n1337.sg01,Velez1744.n1337.sg01.s99,X,ferre se in auro,,,pro Ostentare
fero,lilaLemma:103126,Saraiva,Saraiva1910.xFero,Saraiva1910.xFero.sg01,Saraiva1910.xFero.sg01.s09,9,ferre se nullius egentem,Hor,Presumir de não precisar de pessôa alguma,
fero,lilaLemma:103126,Saraiva,Saraiva1910.xFero,Saraiva1910.xFero.sg01,Saraiva1910.xFero.sg01.s02,2,ferre se obuiam,Cic,Sair ao encontro,
fero,lilaLemma:103126,Faria,Faria1994.n12632.e01,Faria1994.n12632.sg01,Faria1994.n12632.sg01.s07,7,"ferre se ou ferri: dirigir-se, lançar-se Cés. B. Gal. 2, 24, 3 Cíc. Plane. 96.",,,
fero,lilaLemma:103126,Saraiva,Saraiva1910.xFero,Saraiva1910.xFero.sg01,Saraiva1910.xFero.sg01.s09,9,ferre se pro ciue,Liv,"Dar-se, declarar-se cidadão",
fero,lilaLemma:103126,Saraiva,Saraiva1910.xFero,Saraiva1910.xFero.sg01,Saraiva1910.xFero.sg01.s06,6,ferre secundas,scil. partes. Hor,Ter o segundo logar; representar o segundo papel,
fero,lilaLemma:103126,Saraiva,Saraiva1910.xFero,Saraiva1910.xFero.sg01,Saraiva1910.xFero.sg01.s10,10,ferre sententiam,Cic,"Emettir o seu parecer, dar a sua opinião",
fero,lilaLemma:103126,Saraiva,Saraiva1910.xFero,Saraiva1910.xFero.sg01,Saraiva1910.xFero.sg01.s06,6,ferre seruire,Ov,"Consentir em sêr escravo, deixar-se escravisar",
fero,lilaLemma:103126,Saraiva,Saraiva1910.xFero,Saraiva1910.xFero.sg01,Saraiva1910.xFero.sg01.s02,2,ferre signa,Liv,Pôr-se em marcha um exercito,
fero,lilaLemma:103126,Saraiva,Saraiva1910.xFero,Saraiva1910.xFero.sg01,Saraiva1910.xFero.sg01.s01,1,ferre similitudinem,Plin,"Assimilhar-se, parecer-se",
fero,lilaLemma:103126,Saraiva,Saraiva1910.xFero,Saraiva1910.xFero.sg01,Saraiva1910.xFero.sg01.s03,3,ferre solatia,Prop,Trazer consolações,
fero,lilaLemma:103126,Saraiva,Saraiva1910.xFero,Saraiva1910.xFero.sg01,Saraiva1910.xFero.sg01.s02,2,ferre sonitum,Virg,Fazer um ruído,
fero,lilaLemma:103126,Saraiva,Saraiva1910.xFero,Saraiva1910.xFero.sg01,Saraiva1910.xFero.sg01.s11,11,"ferre sub auras, si qua tegunt",Virg,Divulgar os segredos,
fero,lilaLemma:103126,Saraiva,Saraiva1910.xFero,Saraiva1910.xFero.sg01,Saraiva1910.xFero.sg01.s03,3,ferre subsidium,Cic,"Prestar soccorro, ajudar, auxiliar",
fero,lilaLemma:103126,Saraiva,Saraiva1910.xFero,Saraiva1910.xFero.sg01,Saraiva1910.xFero.sg01.s10,10,ferre suffragium,Cic,Dar o seu voto,
fero,lilaLemma:103126,Saraiva,Saraiva1910.xFero,Saraiva1910.xFero.sg01,Saraiva1910.xFero.sg01.s06,6,ferre supplicium,Cæs,Padecer supplicio,
fero,lilaLemma:103126,Saraiva,Saraiva1910.xFero,Saraiva1910.xFero.sg01,Saraiva1910.xFero.sg01.s14,14,ferre tacitum…,Cic. Liv,Obter silêncio á cerca d’uma coisa…,
fero,lilaLemma:103126,Saraiva,Saraiva1910.xFero,Saraiva1910.xFero.sg01,Saraiva1910.xFero.sg01.s06,6,ferre timorem,Ov,Ter mêdo,
fero,lilaLemma:103126,Saraiva,Saraiva1910.xFero,Saraiva1910.xFero.sg01,Saraiva1910.xFero.sg01.s05,5,ferre tribum,Cic,Conseguir os votos d’uma tribu,
fero,lilaLemma:103126,Saraiva,Saraiva1910.xFero,Saraiva1910.xFero.sg01,Saraiva1910.xFero.sg01.s01,1,ferre uenationem,Liv,Trazer caça,
fero,lilaLemma:103126,Saraiva,Saraiva1910.xFero,Saraiva1910.xFero.sg01,Saraiva1910.xFero.sg01.s01,1,ferre uentrem,Liv,"Andar gravida, pejada, estar prenhe",
fero,lilaLemma:103126,Saraiva,Saraiva1910.xFero,Saraiva1910.xFero.sg01,Saraiva1910.xFero.sg01.s02,2,ferre uestigia,Virg,"Transportar-se, dirigir-se para, marchar, caminhar, andar, ir",
fero,lilaLemma:103126,Saraiva,Saraiva1910.xFero,Saraiva1910.xFero.sg01,Saraiva1910.xFero.sg01.s06,6,ferre uetustatem,Quint,"Estar guardado, conservar-se",
fero,lilaLemma:103126,Saraiva,Saraiva1910.xFero,Saraiva1910.xFero.sg01,Saraiva1910.xFero.sg01.s05,5,ferre uictoriam,Liv,Obter a victoria,
fero,lilaLemma:103126,Saraiva,Saraiva1910.xFero,Saraiva1910.xFero.sg01,Saraiva1910.xFero.sg01.s02,2,ferre uitis in terram,Cic,A videira curva-se para o chão,
fero,lilaLemma:103126,Saraiva,Saraiva1910.xFero,Saraiva1910.xFero.sg01,Saraiva1910.xFero.sg01.s03,3,ferre uoluptatem,Ter,"Dar, causar prazer",
fero,lilaLemma:103126,Saraiva,Saraiva1910.xFero,Saraiva1910.xFero.sg01,Saraiva1910.xFero.sg01.s06,6,"ferres me, si idem dicerem?",Cic,Levarias a bem que eu dissesse a mesma coisa?,
ago,lilaLemma:88140,Saraiva,Saraiva1910.xAgo,Saraiva1910.xAgo.sg01,Saraiva1910.xAgo.sg01.s01,1,ferri agique res suas uiderunt,Liv,Viram que seus bens eram destruidos e saquendos,
fero,lilaLemma:103126,Saraiva,Saraiva1910.xFero,Saraiva1910.xFero.sg01,Saraiva1910.xFero.sg01.s02,2,ferri equis,Virg,Sêr arrebatado pelos cavallos,
fero,lilaLemma:103126,Saraiva,Saraiva1910.xFero,Saraiva1910.xFero.sg01,Saraiva1910.xFero.sg01.s02,2,ferri in hostem,Virg,Avançar contra o inimigo,
fero,lilaLemma:103126,Saraiva,Saraiva1910.xFero,Saraiva1910.xFero.sg01,Saraiva1910.xFero.sg01.s11,11,ferri per ora hominum,Plin. J,"Andar de bocca em bocca, ter grande celebridade",
sum,lilaLemma:126689,Saraiva,Saraiva1910.xSum,Saraiva1910.xSum.sg01,Saraiva1910.xSum.sg01.s05,5,ferro iter aperiendum est,Sall,É necessario abrir caminho com a espada,
fero,lilaLemma:103126,Saraiva,Saraiva1910.xFero,Saraiva1910.xFero.sg01,Saraiva1910.xFero.sg01.s07,7,fert animus dicere…,Ov,Tenho em mente cantar…,
fero,lilaLemma:103126,Velez,Velez1744.n1337.e01,Velez1744.n1337.sg01,Velez1744.n1337.sg01.s02,2,fertur,,conta-se,
fero,lilaLemma:103126,Saraiva,Saraiva1910.xFero,Saraiva1910.xFero.sg01,Saraiva1910.xFero.sg01.s02,2,fertur flumen,Hirt,O rio corre,
fero,lilaLemma:103126,Saraiva,Saraiva1910.xFero,Saraiva1910.xFero.sg01,Saraiva1910.xFero.sg01.s14,14,fertur his uerbis epistola,Cic,A carta é concebida n’estes termos,
fero,lilaLemma:103126,Saraiva,Saraiva1910.xFero,Saraiva1910.xFero.sg01,Saraiva1910.xFero.sg01.s11,11,fertur hoc in primis,Ter,Esta palavra tem voga,
fero,lilaLemma:103126,Saraiva,Saraiva1910.xFero,Saraiva1910.xFero.sg01,Saraiva1910.xFero.sg01.s08,8,ferundo arbos peribit,Cato,A arvore definhará de tanto produzir,
fero,lilaLemma:103126,Velez,Velez1744.n1337.e01,Velez1744.n1337.sg01,Velez1744.n1337.sg01.s02,2,ferunt,,"dizem, ou contaõ",
fero,lilaLemma:103126,Saraiva,Saraiva1910.xFero,Saraiva1910.xFero.sg01,Saraiva1910.xFero.sg01.s09,9,ferunt,Cic. Virg,"Dizem, conta-se",
fides,lilaLemma:103260,Velez,Velez1744.n1345.e01,Velez1744.n1345.sg01,Velez1744.n1345.sg01.s99,X,fides publica,,salvo conducto,
possum,lilaLemma:118569,Velez,Velez1744.n2653.e01,Velez1744.n2653.sg01,Velez1744.n2653.sg01.s99,X,fieri potest,,he possivel,"interdum tacetur fieri, vel facere"
modus,lilaLemma:112553,Fonseca,Fonseca1798.n18504.e01,Fonseca1798.n18504.sg01,Fonseca1798.n18504.sg01.s99,X,figere modum nequitiae,Hor,Moderar o curso dos delictos,
habeo,lilaLemma:105044,Saraiva,Saraiva1910.xHabeo,Saraiva1910.xHabeo.sg01,Saraiva1910.xHabeo.sg01.s01,1,"filias meas qui casus habeat, nescio",Suet,Não sei qual seja a sorte de minhas filhas,
filius,lilaLemma:103307,Velez,Velez1744.n1350.e01,Velez1744.n1350.sg01,Velez1744.n1350.sg01.s99,X,fortunae filius,,,cui omnia prosperè succedunt
filius,lilaLemma:103307,Velez,Velez1744.n1350.e01,Velez1744.n1350.sg01,Velez1744.n1350.sg01.s99,X,fratris filius,,o sobrinho,
uenio,lilaLemma:129790,Saraiva,Saraiva1910.xVenio,Saraiva1910.xVenio.sg01,Saraiva1910.xVenio.sg01.s06,6,frumentum Tiberi uenit,Liv,O trigo veiu pelo Tibre,
sum,lilaLemma:126689,Saraiva,Saraiva1910.xSum,Saraiva1910.xSum.sg01,Saraiva1910.xSum.sg01.s05,5,fui mirifica uigilantia,Cic,Foi dotado de admiravel vigilancia,
sum,lilaLemma:126689,Saraiva,Saraiva1910.xSum,Saraiva1910.xSum.sg01,Saraiva1910.xSum.sg01.s01,1,"fuimus Troes, fuit Ilium et…",Virg,"Estamos perdidos os Troianos, está perdido Ílio, e…",
habeo,lilaLemma:105044,Saraiva,Saraiva1910.xHabeo,Saraiva1910.xHabeo.sg01,Saraiva1910.xHabeo.sg01.s01,1,fundum habere,Cic,Possuir uma herdade,
sum,lilaLemma:126689,Saraiva,Saraiva1910.xSum,Saraiva1910.xSum.sg01,Saraiva1910.xSum.sg01.s04,4,futurum rati ut…,Liv,Crendo que succederia que…,
uideo,lilaLemma:130163,Saraiva,Saraiva1910.xVideo,Saraiva1910.xVideo.sg01,Saraiva1910.xVideo.sg01.s02,2,gallica rura uidet,Luc,Está voltado para os campos da Gallia o Apenino,
do,lilaLemma:99970,Saraiva,Saraiva1910.xDo,Saraiva1910.xDo.sg01,Saraiva1910.xDo.sg01.s07,7,geminam dabit Ilia prolem,Virg,Ilia dará á luz dois filhos,
debeo,lilaLemma:97963,Saraiva,Saraiva1910.xDebeo,Saraiva1910.xDebeo.sg01,Saraiva1910.xDebeo.sg01.s02,2,generum mihi debes,Ov,Deves-me dar um genro,
genus,lilaLemma:104504,Fonseca,Fonseca1798.n12736.e01,Fonseca1798.n12736.sg01,Fonseca1798.n12736.sg01.s99,X,genus hoc hominum,Cic,"A gente desta qualidade, deste caracter",
et2,lilaLemma:101541,Faria,Faria1994.n11418.e01,Faria1994.n11418.sg01,Faria1994.n11418.sg01.s01,1,"gere et tu tuum bene Cíc. Com. 32, “tambem tu, administra bem os teus negócios”.",,,
gero,lilaLemma:104536,Fonseca,Fonseca1798.n12760.e01,Fonseca1798.n12760.sg01,Fonseca1798.n12760.sg01.s99,X,gerere animum muliebrem,Cic,Ser effeminado,
bellum,lilaLemma:91461,Fonseca,Fonseca1798.n03169.e01,Fonseca1798.n03169.sg01,Fonseca1798.n03169.sg01.s99,X,gerere bellum cum aliquo,Cic,"Andar em guerra com alguem, ou pelejar na companhia de alguem com as forças unidas",
gero,lilaLemma:104536,Fonseca,Fonseca1798.n12760.e01,Fonseca1798.n12760.sg01,Fonseca1798.n12760.sg01.s99,X,gerere Consulem,Sall,Ser Consul,
gero,lilaLemma:104536,Velez,Velez1744.n1455.e01,Velez1744.n1455.sg01,Velez1744.n1455.sg01.s99,X,"gerere consulem, honores, & c",,"gozar da dignidade do consul, gozar das honras, etc",
gero,lilaLemma:104536,Fonseca,Fonseca1798.n12760.e01,Fonseca1798.n12760.sg01,Fonseca1798.n12760.sg01.s99,X,gerere formam,Plaut,"Representar, ter a figura",
gero,lilaLemma:104536,Fonseca,Fonseca1798.n12760.e01,Fonseca1798.n12760.sg01,Fonseca1798.n12760.sg01.s99,X,gerere habitum,Col,"Representar, ter a figura",
gero,lilaLemma:104536,Fonseca,Fonseca1798.n12760.e01,Fonseca1798.n12760.sg01,Fonseca1798.n12760.sg01.s99,X,gerere speciem,Virg,"Representar, ter a figura",
gero,lilaLemma:104536,Fonseca,Fonseca1798.n12760.e01,Fonseca1798.n12760.sg01,Fonseca1798.n12760.sg01.s99,X,gerere tutelam ianuae,Plaut,Guardar a porta,
ago,lilaLemma:88140,Saraiva,Saraiva1910.xAgo,Saraiva1910.xAgo.sg01,Saraiva1910.xAgo.sg01.s07,7,"germanus, inquies, agebat",Tac,O Germano sempre estava em movimento,
apud,lilaLemma:89686,Velez,Velez1744.n0347.e01,Velez1744.n0347.sg01,Velez1744.n0347.sg01.s01,1,gratia ualere apud Regem,,ter valia com o rey,
facio,lilaLemma:102758,Velez,Velez1744.n1303.e01,Velez1744.n1303.sg01,Velez1744.n1303.sg01.s99,X,gratiam alicuius rei facere,,perdoar alguma cousa,
refero,lilaLemma:122494,Velez,Velez1744.n2926.e01,Velez1744.n2926.sg01,Velez1744.n2926.sg01.s99,X,"gratiam, uel gratias alicui referre",,"pagar a alguem por obra o bem, ou mal",
uenio,lilaLemma:129790,Saraiva,Saraiva1910.xVenio,Saraiva1910.xVenio.sg01,Saraiva1910.xVenio.sg01.s14,14,gratior ueniens uirtus…,Virg,O merecimento que é mais apreciado…,
habeo,lilaLemma:105044,Saraiva,Saraiva1910.xHabeo,Saraiva1910.xHabeo.sg01,Saraiva1910.xHabeo.sg01.s09,9,habeare insuauis,Hor,Serás reputado severo,
habeo,lilaLemma:105044,Saraiva,Saraiva1910.xHabeo,Saraiva1910.xHabeo.sg01,Saraiva1910.xHabeo.sg01.s03,3,habeat secum seruetque sepulcro,Virg,Guarde e conserve este amor no tumulo,
habeo,lilaLemma:105044,Saraiva,Saraiva1910.xHabeo,Saraiva1910.xHabeo.sg01,Saraiva1910.xHabeo.sg01.s16,16,habebat hoc,Cic. Hor,"Era este o seu habito, costume, caracter, principio",
habeo,lilaLemma:105044,Saraiva,Saraiva1910.xHabeo,Saraiva1910.xHabeo.sg01,Saraiva1910.xHabeo.sg01.s01,1,habebit filium,Hier,Ella terá um filho,
habeo,lilaLemma:105044,Velez,Velez1744.n1491.e01,Velez1744.n1491.sg01,Velez1744.n1491.sg01.s99,X,habendum est,,,"i, intelligendum"
habeo,lilaLemma:105044,Velez,Velez1744.n1491.e01,Velez1744.n1491.sg01,Velez1744.n1491.sg01.s99,X,habeo omnem rem,,entendo tudo,
habeo,lilaLemma:105044,Saraiva,Saraiva1910.xHabeo,Saraiva1910.xHabeo.sg01,Saraiva1910.xHabeo.sg01.s07,7,habeo pactam sororem meam filio…,Plaut,Tenho a minha irman despojada com o filho…,
habeo,lilaLemma:105044,Velez,Velez1744.n1491.e01,Velez1744.n1491.sg01,Velez1744.n1491.sg01.s99,X,"habeo polliceri, audire, & c",,,"i, possum"
habeo,lilaLemma:105044,Saraiva,Saraiva1910.xHabeo,Saraiva1910.xHabeo.sg01,Saraiva1910.xHabeo.sg01.s06,6,habere admirationem,Plin,"Inspirar, causar admiração",
habeo,lilaLemma:105044,Saraiva,Saraiva1910.xHabeo,Saraiva1910.xHabeo.sg01,Saraiva1910.xHabeo.sg01.s03,3,habere ægros in tenebris,Cels,Têr os doentes no escuro,
habeo,lilaLemma:105044,Saraiva,Saraiva1910.xHabeo,Saraiva1910.xHabeo.sg01,Saraiva1910.xHabeo.sg01.s01,1,habere aliquem collegam,Cic,Ter alguem por collega;,
habeo,lilaLemma:105044,Fonseca,Fonseca1798.n13130.e01,Fonseca1798.n13130.sg01,Fonseca1798.n13130.sg01.s99,X,habere aliquem despicatui,Plaut,Desprezar alguem,
habeo,lilaLemma:105044,Saraiva,Saraiva1910.xHabeo,Saraiva1910.xHabeo.sg01,Saraiva1910.xHabeo.sg01.s01,1,habere aliquem in metu,Cic,"Ter medo de alguem, receiar, desconfiar d’elle",
habeo,lilaLemma:105044,Saraiva,Saraiva1910.xHabeo,Saraiva1910.xHabeo.sg01,Saraiva1910.xHabeo.sg01.s09,9,habere aliquem in numero sapientûm,Cic,Contar alguem no numero dos sabios,
habeo,lilaLemma:105044,Saraiva,Saraiva1910.xHabeo,Saraiva1910.xHabeo.sg01,Saraiva1910.xHabeo.sg01.s09,9,habere aliquem mortuum,Cic,Reputar alguem morto,
habeo,lilaLemma:105044,Saraiva,Saraiva1910.xHabeo,Saraiva1910.xHabeo.sg01,Saraiva1910.xHabeo.sg01.s05,5,habere aliquem odio,Nep,Odiar alguem,
habeo,lilaLemma:105044,Saraiva,Saraiva1910.xHabeo,Saraiva1910.xHabeo.sg01,Saraiva1910.xHabeo.sg01.s05,5,habere aliquem pro hoste,Liv,Tractar alguem como inimigo,
habeo,lilaLemma:105044,Saraiva,Saraiva1910.xHabeo,Saraiva1910.xHabeo.sg01,Saraiva1910.xHabeo.sg01.s09,9,habere aliquem pro hoste,,Ter alguem por inimigo,
habeo,lilaLemma:105044,Saraiva,Saraiva1910.xHabeo,Saraiva1910.xHabeo.sg01,Saraiva1910.xHabeo.sg01.s07,7,habere aliquem sollicitum,Cic,"Desassocegar, inquietar; preoccupar alguem; fazel-o mui infeliz",
habeo,lilaLemma:105044,Saraiva,Saraiva1910.xHabeo,Saraiva1910.xHabeo.sg01,Saraiva1910.xHabeo.sg01.s08,8,habere aliquid curare,Varr,Ter alguma coisa de que cuidar,
habeo,lilaLemma:105044,Fonseca,Fonseca1798.n13130.e01,Fonseca1798.n13130.sg01,Fonseca1798.n13130.sg01.s99,X,habere aliquid nullo loco,Cic,"Desprezar, fazer pouco caso",
habeo,lilaLemma:105044,Saraiva,Saraiva1910.xHabeo,Saraiva1910.xHabeo.sg01,Saraiva1910.xHabeo.sg01.s09,9,habere aliquid pro certo,Liv,Ter como certo,
habeo,lilaLemma:105044,Saraiva,Saraiva1910.xHabeo,Saraiva1910.xHabeo.sg01,Saraiva1910.xHabeo.sg01.s05,5,habere aliquid pro irrito,Suet,"Não fazer caso de alguma coisa, reputal-a por nada",
habeo,lilaLemma:105044,Saraiva,Saraiva1910.xHabeo,Saraiva1910.xHabeo.sg01,Saraiva1910.xHabeo.sg01.s01,1,habere animo,Sall,"Fazer tenção, ter na tenção, ter a intenção de, fazer conta de, ter em mira",
habeo,lilaLemma:105044,Saraiva,Saraiva1910.xHabeo,Saraiva1910.xHabeo.sg01,Saraiva1910.xHabeo.sg01.s12,12,habere auspicia,Liv,Tomar agouros,
habeo,lilaLemma:105044,Fonseca,Fonseca1798.n13130.e01,Fonseca1798.n13130.sg01,Fonseca1798.n13130.sg01.s99,X,habere belle,Cic,Estar com boa saude,
habeo,lilaLemma:105044,Fonseca,Fonseca1798.n13130.e01,Fonseca1798.n13130.sg01,Fonseca1798.n13130.sg01.s99,X,habere bene,Cic,Estar com boa saude,
habeo,lilaLemma:105044,Saraiva,Saraiva1910.xHabeo,Saraiva1910.xHabeo.sg01,Saraiva1910.xHabeo.sg01.s12,12,habere censum,Cæs,Fazer a resenha,
habeo,lilaLemma:105044,Fonseca,Fonseca1798.n13130.e01,Fonseca1798.n13130.sg01,Fonseca1798.n13130.sg01.s99,X,habere certum,Cic,"Saber com certeza, estar perfeitamente informado",
habeo,lilaLemma:105044,Fonseca,Fonseca1798.n13130.e01,Fonseca1798.n13130.sg01,Fonseca1798.n13130.sg01.s99,X,habere cognitum,Cic,Fazer escrupulo de consciencia,
habeo,lilaLemma:105044,Saraiva,Saraiva1910.xHabeo,Saraiva1910.xHabeo.sg01,Saraiva1910.xHabeo.sg01.s12,12,habere comitia,Sall,Celebrar comicios assembleas do povo,
habeo,lilaLemma:105044,Fonseca,Fonseca1798.n13130.e01,Fonseca1798.n13130.sg01,Fonseca1798.n13130.sg01.s99,X,habere compertum,Cic,Fazer escrupulo de consciencia,
habeo,lilaLemma:105044,Velez,Velez1744.n1491.e01,Velez1744.n1491.sg01,Velez1744.n1491.sg01.s99,X,habere concionem,,prégar,
habeo,lilaLemma:105044,Saraiva,Saraiva1910.xHabeo,Saraiva1910.xHabeo.sg01,Saraiva1910.xHabeo.sg01.s12,12,habere consilium,Virg,Fazer conselho,
habeo,lilaLemma:105044,Saraiva,Saraiva1910.xHabeo,Saraiva1910.xHabeo.sg01,Saraiva1910.xHabeo.sg01.s06,6,habere conuitium,Petr,Soffrer uma affronta,
habeo,lilaLemma:105044,Saraiva,Saraiva1910.xHabeo,Saraiva1910.xHabeo.sg01,Saraiva1910.xHabeo.sg01.s12,12,habere conuiuium,Plin,Dar um banquete,
habeo,lilaLemma:105044,Saraiva,Saraiva1910.xHabeo,Saraiva1910.xHabeo.sg01,Saraiva1910.xHabeo.sg01.s01,1,habere cubitum,Hier,Ter um covado de comprimento,
habeo,lilaLemma:105044,Saraiva,Saraiva1910.xHabeo,Saraiva1910.xHabeo.sg01,Saraiva1910.xHabeo.sg01.s12,12,habere delectum,Cic,Fazer uma leva de gente recrutar,
habeo,lilaLemma:105044,Velez,Velez1744.n1491.e01,Velez1744.n1491.sg01,Velez1744.n1491.sg01.s99,X,habere delectum,,escolher,
habeo,lilaLemma:105044,Saraiva,Saraiva1910.xHabeo,Saraiva1910.xHabeo.sg01,Saraiva1910.xHabeo.sg01.s09,9,habere deos æternos,Cic,Crêr que os deuses são eternos,
habeo,lilaLemma:105044,Saraiva,Saraiva1910.xHabeo,Saraiva1910.xHabeo.sg01,Saraiva1910.xHabeo.sg01.s05,5,habere derelictui uineam,Gell,"Não cuidar da vinha, deixal-a perder",
habeo,lilaLemma:105044,Saraiva,Saraiva1910.xHabeo,Saraiva1910.xHabeo.sg01,Saraiva1910.xHabeo.sg01.s05,5,habere despicatui,Plaut,Despresar alguem,
habeo,lilaLemma:105044,Saraiva,Saraiva1910.xHabeo,Saraiva1910.xHabeo.sg01,Saraiva1910.xHabeo.sg01.s11,11,habere diem luculentum,Plaut,Passar um dia alegre,
habeo,lilaLemma:105044,Saraiva,Saraiva1910.xHabeo,Saraiva1910.xHabeo.sg01,Saraiva1910.xHabeo.sg01.s05,5,habere diuitias honeste,Sall,Fazer bom uso das riquesas,
habeo,lilaLemma:105044,Fonseca,Fonseca1798.n13130.e01,Fonseca1798.n13130.sg01,Fonseca1798.n13130.sg01.s99,X,habere exploratum,Cic,Fazer escrupulo de consciencia,
habeo,lilaLemma:105044,Saraiva,Saraiva1910.xHabeo,Saraiva1910.xHabeo.sg01,Saraiva1910.xHabeo.sg01.s12,12,habere expurgationem,Plaut,Justificar-se,
habeo,lilaLemma:105044,Saraiva,Saraiva1910.xHabeo,Saraiva1910.xHabeo.sg01,Saraiva1910.xHabeo.sg01.s06,6,habere febrem,Cic,Ter febre,
habeo,lilaLemma:105044,Saraiva,Saraiva1910.xHabeo,Saraiva1910.xHabeo.sg01,Saraiva1910.xHabeo.sg01.s16,16,habere fidem,,,Ved. estas palavras
habeo,lilaLemma:105044,Saraiva,Saraiva1910.xHabeo,Saraiva1910.xHabeo.sg01,Saraiva1910.xHabeo.sg01.s16,16,habere frustra,,,Ved. estas palavras
habeo,lilaLemma:105044,Saraiva,Saraiva1910.xHabeo,Saraiva1910.xHabeo.sg01,Saraiva1910.xHabeo.sg01.s16,16,habere gratiam,,,Ved. estas palavras
habeo,lilaLemma:105044,Saraiva,Saraiva1910.xHabeo,Saraiva1910.xHabeo.sg01,Saraiva1910.xHabeo.sg01.s01,1,habere heredem,Hier,Ter alguem por herdeiro,
habeo,lilaLemma:105044,Saraiva,Saraiva1910.xHabeo,Saraiva1910.xHabeo.sg01,Saraiva1910.xHabeo.sg01.s06,6,habere impune,Tac,Deixar sem castigo,
habeo,lilaLemma:105044,Saraiva,Saraiva1910.xHabeo,Saraiva1910.xHabeo.sg01,Saraiva1910.xHabeo.sg01.s01,1,habere in animo,Cic,"Fazer tenção, ter na tenção, ter a intenção de, fazer conta de, ter em mira",
habeo,lilaLemma:105044,Saraiva,Saraiva1910.xHabeo,Saraiva1910.xHabeo.sg01,Saraiva1910.xHabeo.sg01.s10,10,habere in leui,Tac,Fazer pouco de,
habeo,lilaLemma:105044,Fonseca,Fonseca1798.n13130.e01,Fonseca1798.n13130.sg01,Fonseca1798.n13130.sg01.s99,X,habere in leui,Ter,"Desprezar, fazer pouco caso",
habeo,lilaLemma:105044,Saraiva,Saraiva1910.xHabeo,Saraiva1910.xHabeo.sg01,Saraiva1910.xHabeo.sg01.s14,14,"habere in nummis, in prædiis",Cic,"Ter seus haveres em dinheiro, em propriedades",
habeo,lilaLemma:105044,Saraiva,Saraiva1910.xHabeo,Saraiva1910.xHabeo.sg01,Saraiva1910.xHabeo.sg01.s01,1,habere infamiam,Cæs,Sêr vergonhoso; infamante,
habeo,lilaLemma:105044,Saraiva,Saraiva1910.xHabeo,Saraiva1910.xHabeo.sg01,Saraiva1910.xHabeo.sg01.s06,6,habere iniurias grauius æquo,Sall,Sentir demasiadamente as injurias,
habeo,lilaLemma:105044,Saraiva,Saraiva1910.xHabeo,Saraiva1910.xHabeo.sg01,Saraiva1910.xHabeo.sg01.s01,1,habere insidias,Phaed,Conter uma cilada,
habeo,lilaLemma:105044,Saraiva,Saraiva1910.xHabeo,Saraiva1910.xHabeo.sg01,Saraiva1910.xHabeo.sg01.s07,7,habere intentum,Liv,"Desassocegar, inquietar; preoccupar alguem; fazel-o mui infeliz",
habeo,lilaLemma:105044,Saraiva,Saraiva1910.xHabeo,Saraiva1910.xHabeo.sg01,Saraiva1910.xHabeo.sg01.s06,6,habere inuidiam,Cic,Sêr objecto de odio,
habeo,lilaLemma:105044,Saraiva,Saraiva1910.xHabeo,Saraiva1910.xHabeo.sg01,Saraiva1910.xHabeo.sg01.s12,12,habere iter,Cic. Cæs,"Fazer jornada, ir de viagem, ir, ou estar em caminho",
habeo,lilaLemma:105044,Velez,Velez1744.n1491.e01,Velez1744.n1491.sg01,Velez1744.n1491.sg01.s99,X,"habere iter, uel uiam",,caminhar,
habeo,lilaLemma:105044,Saraiva,Saraiva1910.xHabeo,Saraiva1910.xHabeo.sg01,Saraiva1910.xHabeo.sg01.s12,12,habere ludos,Suet,Dar jogos,
habeo,lilaLemma:105044,Saraiva,Saraiva1910.xHabeo,Saraiva1910.xHabeo.sg01,Saraiva1910.xHabeo.sg01.s05,5,habere male,Cæs,"Maltractar, vexar",
habeo,lilaLemma:105044,Saraiva,Saraiva1910.xHabeo,Saraiva1910.xHabeo.sg01,Saraiva1910.xHabeo.sg01.s05,5,habere male,Cels,"Atormentar, torturar",
habeo,lilaLemma:105044,Fonseca,Fonseca1798.n13130.e01,Fonseca1798.n13130.sg01,Fonseca1798.n13130.sg01.s99,X,habere male,Cic,Estar doente,
habeo,lilaLemma:105044,Saraiva,Saraiva1910.xHabeo,Saraiva1910.xHabeo.sg01,Saraiva1910.xHabeo.sg01.s07,7,habere miserrimum,Fronto,"Desassocegar, inquietar; preoccupar alguem; fazel-o mui infeliz",
habeo,lilaLemma:105044,Saraiva,Saraiva1910.xHabeo,Saraiva1910.xHabeo.sg01,Saraiva1910.xHabeo.sg01.s03,3,habere modum,Sall,"Guardar melindre, ter consideração a",
habeo,lilaLemma:105044,Saraiva,Saraiva1910.xHabeo,Saraiva1910.xHabeo.sg01,Saraiva1910.xHabeo.sg01.s01,1,habere motum,Cic,Sêr dotado de movimento,
habeo,lilaLemma:105044,Saraiva,Saraiva1910.xHabeo,Saraiva1910.xHabeo.sg01,Saraiva1910.xHabeo.sg01.s16,16,habere necesse,,,Ved. estas palavras
habeo,lilaLemma:105044,Saraiva,Saraiva1910.xHabeo,Saraiva1910.xHabeo.sg01,Saraiva1910.xHabeo.sg01.s09,9,habere nefas,Cic,Ter como uma impiedade…,
habeo,lilaLemma:105044,Saraiva,Saraiva1910.xHabeo,Saraiva1910.xHabeo.sg01,Saraiva1910.xHabeo.sg01.s16,16,habere negotium,,,Ved. estas palavras
habeo,lilaLemma:105044,Saraiva,Saraiva1910.xHabeo,Saraiva1910.xHabeo.sg01,Saraiva1910.xHabeo.sg01.s01,1,habere odium in aliquem,Cic,Ter odio a alguem,
habeo,lilaLemma:105044,Saraiva,Saraiva1910.xHabeo,Saraiva1910.xHabeo.sg01,Saraiva1910.xHabeo.sg01.s06,6,habere omnium amorem,Nep,Ter a affeição de todos,
habeo,lilaLemma:105044,Saraiva,Saraiva1910.xHabeo,Saraiva1910.xHabeo.sg01,Saraiva1910.xHabeo.sg01.s16,16,habere opinionem,,,Ved. estas palavras
habeo,lilaLemma:105044,Saraiva,Saraiva1910.xHabeo,Saraiva1910.xHabeo.sg01,Saraiva1910.xHabeo.sg01.s16,16,habere opus,,,Ved. estas palavras
habeo,lilaLemma:105044,Saraiva,Saraiva1910.xHabeo,Saraiva1910.xHabeo.sg01,Saraiva1910.xHabeo.sg01.s12,12,habere orationem,Plaut,pronunciar um discurso,
habeo,lilaLemma:105044,Saraiva,Saraiva1910.xHabeo,Saraiva1910.xHabeo.sg01,Saraiva1910.xHabeo.sg01.s16,16,habere parum,Sall,Não se contentar com,
habeo,lilaLemma:105044,Fonseca,Fonseca1798.n13130.e01,Fonseca1798.n13130.sg01,Fonseca1798.n13130.sg01.s99,X,habere perspectum,Cic,Fazer escrupulo de consciencia,
habeo,lilaLemma:105044,Saraiva,Saraiva1910.xHabeo,Saraiva1910.xHabeo.sg01,Saraiva1910.xHabeo.sg01.s05,5,habere præcipuo honore,Cæs,Tractar alguem com muita consideração,
habeo,lilaLemma:105044,Saraiva,Saraiva1910.xHabeo,Saraiva1910.xHabeo.sg01,Saraiva1910.xHabeo.sg01.s05,5,habere prædæ magistratum,Sall,Valer-se da magistratura para roubar,
habeo,lilaLemma:105044,Fonseca,Fonseca1798.n13130.e01,Fonseca1798.n13130.sg01,Fonseca1798.n13130.sg01.s99,X,habere pro certo,Cic,Fazer escrupulo de consciencia,
habeo,lilaLemma:105044,Fonseca,Fonseca1798.n13130.e01,Fonseca1798.n13130.sg01,Fonseca1798.n13130.sg01.s99,X,habere pro comperto,Cic,Fazer escrupulo de consciencia,
habeo,lilaLemma:105044,Fonseca,Fonseca1798.n13130.e01,Fonseca1798.n13130.sg01,Fonseca1798.n13130.sg01.s99,X,habere pro stercore,Plaut,"Desprezar, fazer pouco caso",
habeo,lilaLemma:105044,Saraiva,Saraiva1910.xHabeo,Saraiva1910.xHabeo.sg01,Saraiva1910.xHabeo.sg01.s12,12,habere querellam de aliquo,Cic,Queixar-se de alguem,
habeo,lilaLemma:105044,Saraiva,Saraiva1910.xHabeo,Saraiva1910.xHabeo.sg01,Saraiva1910.xHabeo.sg01.s16,16,habere rationem,,,Ved. estas palavras
ratio,lilaLemma:121458,Fonseca,Fonseca1798.n25265.e01,Fonseca1798.n25265.sg01,Fonseca1798.n25265.sg01.s99,X,habere rationem alicuius in comitiis,Liv,Propôr alguem para ser eleito em alguma assemblea,
habeo,lilaLemma:105044,Fonseca,Fonseca1798.n13130.e01,Fonseca1798.n13130.sg01,Fonseca1798.n13130.sg01.s99,X,habere rationem cum terra,Cic,Cultivar a terra,
habeo,lilaLemma:105044,Velez,Velez1744.n1491.e01,Velez1744.n1491.sg01,Velez1744.n1491.sg01.s99,X,"habere rationem salutis, honoris, & c",,"ter conta ou cuidado da saude, etc",
habeo,lilaLemma:105044,Saraiva,Saraiva1910.xHabeo,Saraiva1910.xHabeo.sg01,Saraiva1910.xHabeo.sg01.s16,16,habere religioni,Cic,Ter escrupulo de,
habeo,lilaLemma:105044,Fonseca,Fonseca1798.n13130.e01,Fonseca1798.n13130.sg01,Fonseca1798.n13130.sg01.s99,X,habere religioni,Cic,Fazer escrupulo de consciencia,
habeo,lilaLemma:105044,Saraiva,Saraiva1910.xHabeo,Saraiva1910.xHabeo.sg01,Saraiva1910.xHabeo.sg01.s16,16,habere rem,,,etc. Ved. estas palavras
habeo,lilaLemma:105044,Saraiva,Saraiva1910.xHabeo,Saraiva1910.xHabeo.sg01,Saraiva1910.xHabeo.sg01.s05,5,habere remp. quæstui,Cic,"Traficar com as coisas publicas, valer-se d’ellas para lucrar",
habeo,lilaLemma:105044,Saraiva,Saraiva1910.xHabeo,Saraiva1910.xHabeo.sg01,Saraiva1910.xHabeo.sg01.s16,16,habere satis,Cic. Nep,"Ter por bastante, contentar-se com",
habeo,lilaLemma:105044,Saraiva,Saraiva1910.xHabeo,Saraiva1910.xHabeo.sg01,Saraiva1910.xHabeo.sg01.s12,12,habere senatum,Cic,Convocar o senado,
habeo,lilaLemma:105044,Saraiva,Saraiva1910.xHabeo,Saraiva1910.xHabeo.sg01,Saraiva1910.xHabeo.sg01.s12,12,habere sermonem,Cic,Ter uma conversação,
habeo,lilaLemma:105044,Saraiva,Saraiva1910.xHabeo,Saraiva1910.xHabeo.sg01,Saraiva1910.xHabeo.sg01.s01,1,habere spem in aliquo,Nep,Pôr a sua esperança em alguem,
habeo,lilaLemma:105044,Saraiva,Saraiva1910.xHabeo,Saraiva1910.xHabeo.sg01,Saraiva1910.xHabeo.sg01.s12,12,habere supplicationes,Liv,Fazer preces publicas,
habeo,lilaLemma:105044,Saraiva,Saraiva1910.xHabeo,Saraiva1910.xHabeo.sg01,Saraiva1910.xHabeo.sg01.s06,6,habere suspicionem,Nep,Causar suspeita,
habeo,lilaLemma:105044,Saraiva,Saraiva1910.xHabeo,Saraiva1910.xHabeo.sg01,Saraiva1910.xHabeo.sg01.s01,1,habere turpitudinem,Cic,Sêr vergonhoso; infamante,
habeo,lilaLemma:105044,Saraiva,Saraiva1910.xHabeo,Saraiva1910.xHabeo.sg01,Saraiva1910.xHabeo.sg01.s12,12,habere uerba,Cic,Fallar;,
habeo,lilaLemma:105044,Velez,Velez1744.n1491.e01,Velez1744.n1491.sg01,Velez1744.n1491.sg01.s99,X,habere uerba,,fallar,
habeo,lilaLemma:105044,Saraiva,Saraiva1910.xHabeo,Saraiva1910.xHabeo.sg01,Saraiva1910.xHabeo.sg01.s11,11,habere uitam in obscuro,Sall,Passar a vida na obscuridade,
habeo,lilaLemma:105044,Saraiva,Saraiva1910.xHabeo,Saraiva1910.xHabeo.sg01,Saraiva1910.xHabeo.sg01.s06,6,haberes magnum adiutorem,Hor,Encontrarias em mim um bom auxiliador,
habeo,lilaLemma:105044,Saraiva,Saraiva1910.xHabeo,Saraiva1910.xHabeo.sg01,Saraiva1910.xHabeo.sg01.s04,4,habes,Ter,"Tu bem sabes, é isto",
habeo,lilaLemma:105044,Saraiva,Saraiva1910.xHabeo,Saraiva1910.xHabeo.sg01,Saraiva1910.xHabeo.sg01.s04,4,habes ea quæ disputant…,Cic,Aqui tens o que elles discorrem,
habeo,lilaLemma:105044,Saraiva,Saraiva1910.xHabeo,Saraiva1910.xHabeo.sg01,Saraiva1910.xHabeo.sg01.s04,4,habes nostra consilia,Cic,Tu sabes nossas intenções,
habeo,lilaLemma:105044,Saraiva,Saraiva1910.xHabeo,Saraiva1910.xHabeo.sg01,Saraiva1910.xHabeo.sg01.s04,4,habes nostras sententias,Suet,Conheces nosso pensamento,
habeo,lilaLemma:105044,Saraiva,Saraiva1910.xHabeo,Saraiva1910.xHabeo.sg01,Saraiva1910.xHabeo.sg01.s04,4,habes omnem rem,Ter,Agora sabes tudo,
habeo,lilaLemma:105044,Saraiva,Saraiva1910.xHabeo,Saraiva1910.xHabeo.sg01,Saraiva1910.xHabeo.sg01.s01,1,habesne hominem?,Ter,Encontraste o homem? Tens o homem debaixo de mão?,
habeo,lilaLemma:105044,Saraiva,Saraiva1910.xHabeo,Saraiva1910.xHabeo.sg01,Saraiva1910.xHabeo.sg01.s06,6,habet,Sen. tr,Está ferido um gladiador na lucta;,
habeo,lilaLemma:105044,Saraiva,Saraiva1910.xHabeo,Saraiva1910.xHabeo.sg01,Saraiva1910.xHabeo.sg01.s06,6,habet,Sen. tr,"Está apanhado, está vencido",
habeo,lilaLemma:105044,Saraiva,Saraiva1910.xHabeo,Saraiva1910.xHabeo.sg01,Saraiva1910.xHabeo.sg01.s01,1,habet luctum concursus hominum,Cic,A concurrencia de gente aggrava a dôr,
habeo,lilaLemma:105044,Velez,Velez1744.n1491.e01,Velez1744.n1491.sg01,Velez1744.n1491.sg01.s99,X,habeto,,,"i, ita tibi persuadeto"
habeo,lilaLemma:105044,Saraiva,Saraiva1910.xHabeo,Saraiva1910.xHabeo.sg01,Saraiva1910.xHabeo.sg01.s08,8,habui quæ dicerem,Cic,É isto o que eu tinha a dizer,
lex,lilaLemma:110351,Velez,Velez1744.n1959.e01,Velez1744.n1959.sg01,Velez1744.n1959.sg01.s01,1,hac lege tibi meam astringo fidem,,"com esta condiçaõ, & c",
fero,lilaLemma:103126,Saraiva,Saraiva1910.xFero,Saraiva1910.xFero.sg01,Saraiva1910.xFero.sg01.s08,8,hæc ætas perfectum oratorem tulit,Cic,Este seculo produziu um orador perfeito,
sum,lilaLemma:126689,Saraiva,Saraiva1910.xSum,Saraiva1910.xSum.sg01,Saraiva1910.xSum.sg01.s09,9,hæc ciuitas tibi prædæ fuit,Cic,Esta cidade foi para ti uma presa,
habeo,lilaLemma:105044,Saraiva,Saraiva1910.xHabeo,Saraiva1910.xHabeo.sg01,Saraiva1910.xHabeo.sg01.s08,8,hæc habui dicere,Cic,É isto o que eu tinha a dizer,
sum,lilaLemma:126689,Saraiva,Saraiva1910.xSum,Saraiva1910.xSum.sg01,Saraiva1910.xSum.sg01.s01,1,hæc sunt quæ clamores efficiunt,Cic,São estas as coisas que levantam os clamores,
habeo,lilaLemma:105044,Saraiva,Saraiva1910.xHabeo,Saraiva1910.xHabeo.sg01,Saraiva1910.xHabeo.sg01.s03,3,hæc tecum habeto,Cic,"Guarda isto para ti, guarda segredo á cerca d’disto, não reveles isto",
uox,lilaLemma:130806,Fonseca,Fonseca1798.n32220.e01,Fonseca1798.n32220.sg01,Fonseca1798.n32220.sg01.s99,X,haec una uox omnium est,Cic,"He fama publica, todos assim o dizem a huma voz",
uenio,lilaLemma:129790,Fonseca,Fonseca1798.n31367.e01,Fonseca1798.n31367.sg01,Fonseca1798.n31367.sg01.s99,X,haereditas mihi uenit a patre,Cic,Tive huma herança de meu pai,
hic,lilaLemma:105455,Faria,Faria1994.n14396.e01,Faria1994.n14396.sg01,Faria1994.n14396.sg01.s02,2,"hanc audaciam! Cíc. Verr. 5, 62 “uma tal audácia”.",,,
fero,lilaLemma:103126,Saraiva,Saraiva1910.xFero,Saraiva1910.xFero.sg01,Saraiva1910.xFero.sg01.s05,5,hanc sine me spem ferre,Virg,Deixa-me levar esta esperança,
uolo,lilaLemma:130745,Saraiva,Saraiva1910.xVolo,Saraiva1910.xVolo.sg01,Saraiva1910.xVolo.sg01.s04,4,hasta letum utrique uolens,Stat,Lança que tinha de dar a morte a ambos,
pro,lilaLemma:118468,Velez,Velez1744.n2748.e01,Velez1744.n2748.sg01,Velez1744.n2748.sg01.s03,3,hasta posita pro aede Jouis,,posta diante do templo,
facio,lilaLemma:102758,Velez,Velez1744.n1303.e01,Velez1744.n1303.sg01,Velez1744.n1303.sg01.s99,X,haud muto factum,,"naõ me arrependo, naõ mudo de parecer",
haud,lilaLemma:105206,Velez,,,Velez1744.n1502.sg10.s01,1,haudquaquam,,de nenhum modo,
quisquam,lilaLemma:121315,Velez,,,Velez1744.n1502.sg10.s01,1,haudquaquam,,de nenhum modo,
debeo,lilaLemma:97963,Saraiva,Saraiva1910.xDebeo,Saraiva1910.xDebeo.sg01,Saraiva1910.xDebeo.sg01.s03,3,herculeis deberi telis,V. Fl,Dever ser morto pelas flechas de Hercules,
uolo,lilaLemma:130745,Saraiva,Saraiva1910.xVolo,Saraiva1910.xVolo.sg01,Saraiva1910.xVolo.sg01.s02,2,"heu heu, quid uolui!",Virg,Ai! que pretendi eu! ou que desejos foram os meus!,
facio,lilaLemma:102758,Saraiva,Saraiva1910.xFacio,Saraiva1910.xFacio.sg01,Saraiva1910.xFacio.sg01.s03,3,hi consules facti sunt,Liv,Estes foram nomeados consules,
ago,lilaLemma:88140,Velez,Velez1744.n0201.e01,Velez1744.n0201.sg01,Velez1744.n0201.sg01.s99,X,hic annus agitur tertius,,vaó correndo os tres annos,"i, in cursu est"
sum,lilaLemma:126689,Saraiva,Saraiva1910.xSum,Saraiva1910.xSum.sg01,Saraiva1910.xSum.sg01.s05,5,hic annus censuræ initium fuit,Liv,Este anno foi o começo da censura,
atque,lilaLemma:90490,Velez,Velez1744.n0427.e01,Velez1744.n0427.sg01,Velez1744.n0427.sg01.s03,3,"hic est alio ingenio, atque tu",,"este tem differente condiçaõ, do que vos",
hic,lilaLemma:105455,Faria,Faria1994.n14396.e01,Faria1994.n14396.sg01,Faria1994.n14396.sg01.s04,4,hic est ille Demosthenes Cíc. Tusc. 5. 103 “eis o famoso Demóstenes”.,,,
uenio,lilaLemma:129790,Saraiva,Saraiva1910.xVenio,Saraiva1910.xVenio.sg01,Saraiva1910.xVenio.sg01.s05,5,hic segetes illic ueniunt uuæ,Virg,"Aqui crescem as searas, alli as uvas",
uenio,lilaLemma:129790,Saraiva,Saraiva1910.xVenio,Saraiva1910.xVenio.sg01,Saraiva1910.xVenio.sg01.s09,9,hinc uaria uenere artes,Virg,D’aqui nasceram varias artes,
ab,lilaLemma:86824,Cardoso,Cardoso1570.n00003.e01,Cardoso1570.n00003.sg01,Cardoso1570.n00003.sg01.s01,1,hoc abs te peto,,Isto vos peço,
ago,lilaLemma:88140,Saraiva,Saraiva1910.xAgo,Saraiva1910.xAgo.sg01,Saraiva1910.xAgo.sg01.s14,14,hoc agam,Ter,"Eu me carregarei d’isso, tomarei isso ao meu cuidado",
ago,lilaLemma:88140,Saraiva,Saraiva1910.xAgo,Saraiva1910.xAgo.sg01,Saraiva1910.xAgo.sg01.s14,14,hoc age,Suet,"Tem cuidado, põe-te em guarda, olha por ti",
ago,lilaLemma:88140,Saraiva,Saraiva1910.xAgo,Saraiva1910.xAgo.sg01,Saraiva1910.xAgo.sg01.s02,2,hoc aguntur animalia,Solin,Os animaes gostam d’isto,
possum,lilaLemma:118569,Saraiva,Saraiva1910.xPossum,Saraiva1910.xPossum.sg01,Saraiva1910.xPossum.sg01.s01,1,hoc amplius si quid poteris,Cic,Se poderes mais do que isto,
apud,lilaLemma:89686,Velez,Velez1744.n0347.e01,Velez1744.n0347.sg01,Velez1744.n0347.sg01.s01,1,hoc apud Ciceronem legi,,li isto em Cicero,
apud,lilaLemma:89686,Velez,Velez1744.n0347.e01,Velez1744.n0347.sg01,Velez1744.n0347.sg01.s01,1,hoc apud me,,isto està em meu poder,
audio,lilaLemma:90641,Velez,Velez1744.n0443.e01,Velez1744.n0443.sg01,Velez1744.n0443.sg01.s01,1,"hoc audiui a, uel e, uel de, uel ex patre meo",,,
sum,lilaLemma:126689,Saraiva,Saraiva1910.xSum,Saraiva1910.xSum.sg01,Saraiva1910.xSum.sg01.s01,1,hoc est,Sall. Plin,"Isto é, convem a saber",
habeo,lilaLemma:105044,Saraiva,Saraiva1910.xHabeo,Saraiva1910.xHabeo.sg01,Saraiva1910.xHabeo.sg01.s06,6,hoc habet,Plaut. Virg,Está ferido um gladiador na lucta;,
habeo,lilaLemma:105044,Saraiva,Saraiva1910.xHabeo,Saraiva1910.xHabeo.sg01,Saraiva1910.xHabeo.sg01.s06,6,hoc habet,Plaut. Virg,"Está apanhado, está vencido",
uolo,lilaLemma:130745,Saraiva,Saraiva1910.xVolo,Saraiva1910.xVolo.sg01,Saraiva1910.xVolo.sg01.s02,2,hoc ipsum uelle miserius duco…,Cic,Acho que é maior desgraça ter taes desejos…,
magis,lilaLemma:111271,Faria,Faria1994.n18702.e01,Faria1994.n18702.sg01,Faria1994.n18702.sg01.s07,7,"hoc magis Cés. B. Civ. 2, 20 “tanto mais”.",,,
credo,lilaLemma:96881,Velez,Velez1744.n0891.e01,Velez1744.n0891.sg01,Velez1744.n0891.sg01.s01,1,"hoc mihi, ut testi, uelim, credas, uel de me, ut teste",,,
hic,lilaLemma:105455,Faria,Faria1994.n14396.e01,Faria1994.n14396.sg01,Faria1994.n14396.sg01.s06,6,hoc muneris C íc. Or. 2. 50 «este cargo».,,,
pro,lilaLemma:118468,Velez,Velez1744.n2748.e01,Velez1744.n2748.sg01,Velez1744.n2748.sg01.s99,X,"hoc pro eo habendum est, atque, uel ac si factum esset",,como se fosse feito,
habeo,lilaLemma:105044,Saraiva,Saraiva1910.xHabeo,Saraiva1910.xHabeo.sg01,Saraiva1910.xHabeo.sg01.s09,9,hoc sic habeto,Cic,"Convence-te, fica sabendo",
tantus,lilaLemma:127630,Velez,Velez1744.n3346.e01,Velez1744.n3346.sg01,Velez1744.n3346.sg01.s99,X,hoc tanti non est,,"isto naõ he de que se faça tanto caso, e estimaçaõ",
sum,lilaLemma:126689,Velez,Velez1744.n3287.e01,Velez1744.n3287.sg01,Velez1744.n3287.sg01.s04,4,hoc tibi crimen non erit,,"naõ vos será isto de crime, ou naõ se vos attribuirá a crime;",& sic de aliis
habeo,lilaLemma:105044,Saraiva,Saraiva1910.xHabeo,Saraiva1910.xHabeo.sg01,Saraiva1910.xHabeo.sg01.s04,4,hoc unum habeo,Ter,"Não tenho mais que dizer, digo só isto",
uolo,lilaLemma:130745,Saraiva,Saraiva1910.xVolo,Saraiva1910.xVolo.sg01,Saraiva1910.xVolo.sg01.s02,2,hoc uolo,Juv,"Quero-o, é esta a minha vontade",
ad,lilaLemma:87344,Velez,Velez1744.n0082.e01,Velez1744.n0082.sg01,Velez1744.n0082.sg01.s03,3,homines ad lecticam,,os leiteiros,
nouus,lilaLemma:113900,Velez,Velez1744.n2269.e01,Velez1744.n2269.sg01,Velez1744.n2269.sg01.s99,X,homines noui,,"os que so por si saõ nobres, e naõ por sangue",
ago,lilaLemma:88140,Saraiva,Saraiva1910.xAgo,Saraiva1910.xAgo.sg01,Saraiva1910.xAgo.sg01.s07,7,homines qui tum agebant,Tac,Os homens que então existiam,
homo,lilaLemma:105624,Fonseca,Fonseca1798.n13559.e01,Fonseca1798.n13559.sg01,Fonseca1798.n13559.sg01.s99,X,homo ita est,Ter,"Elle he deste humor, tal he o seu genio",
homo,lilaLemma:105624,Fonseca,Fonseca1798.n13559.e01,Fonseca1798.n13559.sg01,Fonseca1798.n13559.sg01.s99,X,homo meus,Cic,O meu criado ou domestico,
homo,lilaLemma:105624,Fonseca,Fonseca1798.n13559.e01,Fonseca1798.n13559.sg01,Fonseca1798.n13559.sg01.s99,X,homo nata erat,Serv. Sulp. ad Cic,"Havia nascido mortal, ou sujeita á condiçao humana",
homo,lilaLemma:105624,Fonseca,Fonseca1798.n13559.e01,Fonseca1798.n13559.sg01,Fonseca1798.n13559.sg01.s99,X,homo nemo est,Plaut,Não ha ninguem,
sum,lilaLemma:126689,Saraiva,Saraiva1910.xSum,Saraiva1910.xSum.sg01,Saraiva1910.xSum.sg01.s01,1,"homo nequissimus omnium qui sunt, qui fuerunt, qui futuri sunt",Cic,"O homem mais perverso de quantos há, houve, e haverá",
habeo,lilaLemma:105044,Saraiva,Saraiva1910.xHabeo,Saraiva1910.xHabeo.sg01,Saraiva1910.xHabeo.sg01.s01,1,hostis habet muros,Virg,O inimigo está de posse da cidade,
hinc,lilaLemma:105454,Velez,Velez1744.n1552.e01,Velez1744.n1552.sg01,Velez1744.n1552.sg01.s99,X,huc malorum,,a estes males,
hinc,lilaLemma:105454,Fonseca,Fonseca1798.n13673.e01,Fonseca1798.n13673.sg01,Fonseca1798.n13673.sg01.s99,X,huc pertinet,Cic,A isto pertence,
hinc,lilaLemma:105454,Fonseca,Fonseca1798.n13673.e01,Fonseca1798.n13673.sg01,Fonseca1798.n13673.sg01.s99,X,huc redeunt haec uerba,Ter,A este proposito he que se diz isto,
uenio,lilaLemma:129790,Saraiva,Saraiva1910.xVenio,Saraiva1910.xVenio.sg01,Saraiva1910.xVenio.sg01.s01,1,huc uenit cornix,Ov,A gralha veiu pousar aqui,
hic,lilaLemma:105455,Faria,Faria1994.n14397.e01,Faria1994.n14397.sg01,Faria1994.n14397.sg01.s01,1,hujusce modi requies Ck. De 01'. I. 224 “um repouso desta espécie”.,,,
possum,lilaLemma:118569,Saraiva,Saraiva1910.xPossum,Saraiva1910.xPossum.sg01,Saraiva1910.xPossum.sg01.s06,6,i quantum potest,Plaut,"Corre quanto poderes, vae n’um pé só",
iam,lilaLemma:106025,Fonseca,Fonseca1798.n13816.e01,Fonseca1798.n13816.sg01,Fonseca1798.n13816.sg01.s99,X,iam a pueris,Ter,Desde criança,
iam,lilaLemma:106025,Fonseca,Fonseca1798.n13816.e01,Fonseca1798.n13816.sg01,Fonseca1798.n13816.sg01.s99,X,"iam, iamque tibi faciendum est",Cic,"He preciso que tu faças isto logo, a toda a pressa",
uenio,lilaLemma:129790,Saraiva,Saraiva1910.xVenio,Saraiva1910.xVenio.sg01,Saraiva1910.xVenio.sg01.s01,1,iamque uentum haud procul mari,Tac,Estava-se já proximo ao mar,
fero,lilaLemma:103126,Saraiva,Saraiva1910.xFero,Saraiva1910.xFero.sg01,Saraiva1910.xFero.sg01.s05,5,id a me responsum tulit,Cic,Esta foi a resposta que elle recebeu de mim,
is,lilaLemma:109083,Velez,Velez1744.n1855.e01,Velez1744.n1855.sg01,Velez1744.n1855.sg01.s99,X,id aetatis,,,"pro in ea aetate, vel ejus aetatis"
ago,lilaLemma:88140,Saraiva,Saraiva1910.xAgo,Saraiva1910.xAgo.sg01,Saraiva1910.xAgo.sg01.s14,14,"id agunt, ut boni esse uideantur",Cic,Elles fazer por parecerem pessoas de bem,
sum,lilaLemma:126689,Saraiva,Saraiva1910.xSum,Saraiva1910.xSum.sg01,Saraiva1910.xSum.sg01.s01,1,id est,Cic,"Isto é, convem a saber",
is,lilaLemma:109083,Faria,Faria1994.n17022.e01,Faria1994.n17022.sg01,Faria1994.n17022.sg01.s07,7,"id gaudeo Cíc. Q. Fr. 3, 19 «alegro-me com isto» .",,,
is,lilaLemma:109083,Velez,Velez1744.n1855.e01,Velez1744.n1855.sg01,Velez1744.n1855.sg01.s99,X,id genus,,,"pro ejus generis, & c"
genus,lilaLemma:104504,Fonseca,Fonseca1798.n12736.e01,Fonseca1798.n12736.sg01,Fonseca1798.n12736.sg01.s99,X,id genus hominis,Cic,"A gente desta qualidade, deste caracter",
sum,lilaLemma:126689,Velez,Velez1744.n3287.e01,Velez1744.n3287.sg01,Velez1744.n3287.sg01.s04,4,id miraculo fuit,,"foi tido por milagre, ou foi cousa milagrosa",
do,lilaLemma:99970,Saraiva,Saraiva1910.xDo,Saraiva1910.xDo.sg01,Saraiva1910.xDo.sg01.s02,2,id non dant ut…,Cic,Não concordam que…,
sum,lilaLemma:126689,Saraiva,Saraiva1910.xSum,Saraiva1910.xSum.sg01,Saraiva1910.xSum.sg01.s09,9,id quantæ saluti fuerit,Nep,De quanto bem fôra isto para,
sum,lilaLemma:126689,Saraiva,Saraiva1910.xSum,Saraiva1910.xSum.sg01,Saraiva1910.xSum.sg01.s04,4,"id quod erat, suspicati",Liv,Suspeitando o que era realmente,
sum,lilaLemma:126689,Saraiva,Saraiva1910.xSum,Saraiva1910.xSum.sg01,Saraiva1910.xSum.sg01.s04,4,id quod tunc erat,Liv,O que então era verdade,
atque,lilaLemma:90490,Faria,Faria1994.n03333.e01,Faria1994.n03333.sg01,Faria1994.n03333.sg01.s02,2,"id sustulit ac tamen eo contentus non fuit Cíc. Verr. 4, 190 «roubou-o e entretanto não se satisfez com isso».",,,
is,lilaLemma:109083,Velez,Velez1744.n1855.e01,Velez1744.n1855.sg01,Velez1744.n1855.sg01.s99,X,id temporis,,,"pro id tempus, vel eo tempore"
is,lilaLemma:109083,Faria,Faria1994.n17022.e01,Faria1994.n17022.sg01,Faria1994.n17022.sg01.s06,6,id temporis cum Cíc. Mil. 28 «num momento em que».,,,
uideo,lilaLemma:130163,Saraiva,Saraiva1910.xVideo,Saraiva1910.xVideo.sg01,Saraiva1910.xVideo.sg01.s05,5,id ubi uidit,Liv,Logo que elle deu fé d’isto,
idem,lilaLemma:109082,Faria,Faria1994.n14852.e01,Faria1994.n14852.sg01,Faria1994.n14852.sg01.s05,5,idem juris Cíc. Balb. 29 «o mesmo direito».,,,
do,lilaLemma:99970,Saraiva,Saraiva1910.xDo,Saraiva1910.xDo.sg01,Saraiva1910.xDo.sg01.s12,12,"idne alteri crimini dabis, quod…?",Cic,"Imputarás a outro o crime, que…?",
is,lilaLemma:109083,Velez,Velez1744.n1855.e01,Velez1744.n1855.sg01,Velez1744.n1855.sg01.s99,X,idque,,principalmente,pro Et maximè
ab,lilaLemma:86824,Faria,Faria1994.n00003.e01,Faria1994.n00003.sg01,Faria1994.n00003.sg01.s04,4,"Iegati ab Aeduis et a Treveris veniebant Cés. B. Gal. 1, 37, 1 “vinham embaixadores da parte dos, éduos e dos treviros”.",,,
do,lilaLemma:99970,Saraiva,Saraiva1910.xDo,Saraiva1910.xDo.sg01,Saraiva1910.xDo.sg01.s12,12,iis non laudi dandum puto…,Cic,Eu penso que não se lhes deve atribuir a louvor…,
dico,lilaLemma:99302,Saraiva,Saraiva1910.xDico,Saraiva1910.xDico.sg01,Saraiva1910.xDico.sg01.s09,9,"illam eiiciam; dixi, Phormio",Ter,"Eu hei de expulsal-a; ouviste, Phormião?",
dico,lilaLemma:99302,Saraiva,Saraiva1910.xDico,Saraiva1910.xDico.sg01,Saraiva1910.xDico.sg01.s01,1,ille quem dixi,Cic,Aquelle de quem fallei,
uideo,lilaLemma:130163,Saraiva,Saraiva1910.xVideo,Saraiva1910.xVideo.sg01,Saraiva1910.xVideo.sg01.s08,8,illorum beata mors uidetur…,Cic,A morte d’aquelles parece feliz…,
sum,lilaLemma:126689,Saraiva,Saraiva1910.xSum,Saraiva1910.xSum.sg01,Saraiva1910.xSum.sg01.s10,10,illorum impunitatem perdendæ reip. fore,Sall,Que a impunidade d’elles podia dar cabo da republica,
habeo,lilaLemma:105044,Saraiva,Saraiva1910.xHabeo,Saraiva1910.xHabeo.sg01,Saraiva1910.xHabeo.sg01.s08,8,illud affirmare pro certo habeo,Liv,Posso affirmar isto como certo,
habeo,lilaLemma:105044,Saraiva,Saraiva1910.xHabeo,Saraiva1910.xHabeo.sg01,Saraiva1910.xHabeo.sg01.s09,9,illud uelim sic habeas,Cic,"Convence-te, fica sabendo",
uideo,lilaLemma:130163,Saraiva,Saraiva1910.xVideo,Saraiva1910.xVideo.sg01,Saraiva1910.xVideo.sg01.s04,4,"illud uide, os ut sibi distorsit!",Ter,"Repara, que carranca ele faz!",
ago,lilaLemma:88140,Saraiva,Saraiva1910.xAgo,Saraiva1910.xAgo.sg01,Saraiva1910.xAgo.sg01.s04,4,illum aget penna Fama,Hor,A Fama o levará nas azas,
facio,lilaLemma:102758,Saraiva,Saraiva1910.xFacio,Saraiva1910.xFacio.sg01,Saraiva1910.xFacio.sg01.s05,5,illum forma timere facit,Ov,A bellesa fal-o temer,
mos,lilaLemma:112831,Fonseca,Fonseca1798.n18688.e01,Fonseca1798.n18688.sg01,Fonseca1798.n18688.sg01.s99,X,imponere morem pacis populis,Virg,Impôr aos póvos as condições da paz,
in,lilaLemma:106748,Faria,Faria1994.n15371.e01,Faria1994.n15371.sg01,Faria1994.n15371.sg01.s05,5,"in agrum Hor. Sát. I, 8, 12 “no sentido do campo” i. e., em profundidade.",,,
fides,lilaLemma:103260,Velez,Velez1744.n1345.e01,Velez1744.n1345.sg01,Velez1744.n1345.sg01.s99,X,in alicuius fide esse,,estar debaixo da protecçaõ de alguem,
eo,lilaLemma:101183,Velez,Velez1744.n1182.e01,Velez1744.n1182.sg01,Velez1744.n1182.sg01.s99,X,in alicuius sententiam pedibus ire,,seguir o parecer de alguem,
pars,lilaLemma:116084,Faria,Faria1994.n22363.e01,Faria1994.n22363.sg01,Faria1994.n22363.sg01.s13,13,in aliquam partem “em tal ou tal sentido” Cíc. Amer. 56.,,,
consilium,lilaLemma:96060,Fonseca,Fonseca1798.n06489.e01,Fonseca1798.n06489.sg01,Fonseca1798.n06489.sg01.s99,X,in consilio aliquem habere,Plin. Jun,Servir-se do conselho de alguem,
in,lilaLemma:106748,Velez,Velez1744.n1646.e01,Velez1744.n1646.sg01,Velez1744.n1646.sg01.s03,3,in contrarium,,em contrario,
in,lilaLemma:106748,Faria,Faria1994.n15371.e01,Faria1994.n15371.sg01,Faria1994.n15371.sg01.s14,14,"in cosulatu Cés. B. Gal. I, 35, 2 “durante o consulado”",,,
habeo,lilaLemma:105044,Saraiva,Saraiva1910.xHabeo,Saraiva1910.xHabeo.sg01,Saraiva1910.xHabeo.sg01.s03,3,in custodiis haberi,Sall,Sêr guardado em prisão,
sum,lilaLemma:126689,Saraiva,Saraiva1910.xSum,Saraiva1910.xSum.sg01,Saraiva1910.xSum.sg01.s05,5,in eo esse ut…,Nep,Estar a ponto de…,
is,lilaLemma:109083,Faria,Faria1994.n17022.e01,Faria1994.n17022.sg01,Faria1994.n17022.sg01.s05,5,in eo honore ac si T. Lív. 38. 54. 21 “na mesma consideração que se”.,,,
in,lilaLemma:106748,Faria,Faria1994.n15371.e01,Faria1994.n15371.sg01,Faria1994.n15371.sg01.s16,16,in hoc ipso Cotta Cíc. Br. 137 “a propósito precisamente desse Cota».,,,
in,lilaLemma:106748,Velez,Velez1744.n1646.e01,Velez1744.n1646.sg01,Velez1744.n1646.sg01.s07,7,"in horam, & in horas",,,
in,lilaLemma:106748,Cardoso,Cardoso1570.n09853.e01,Cardoso1570.n09853.sg01,Cardoso1570.n09853.sg01.s01,1,in hostem,,,
in,lilaLemma:106748,Velez,Velez1744.n1646.e01,Velez1744.n1646.sg01,Velez1744.n1646.sg01.s05,5,in lucem,,até á manhaá,
in,lilaLemma:106748,Faria,Faria1994.n15371.e01,Faria1994.n15371.sg01,Faria1994.n15371.sg01.s18,18,in mediocribus oratoribus habitus Cíc. Br. 100 “tido no meio dos oradores medianos”.,,,
in,lilaLemma:106748,Faria,Faria1994.n15371.e01,Faria1994.n15371.sg01,Faria1994.n15371.sg01.s02,2,in meridiem Tác. Agr. 10 “do lado do meio-dia”.,,,
in,lilaLemma:106748,Faria,Faria1994.n15371.e01,Faria1994.n15371.sg01,Faria1994.n15371.sg01.s06,6,"in militem T. Lív. 22, 23, 6 “por soldado”.",,,
credo,lilaLemma:96881,Fonseca,Fonseca1798.n07134.e01,Fonseca1798.n07134.sg01,Fonseca1798.n07134.sg01.s99,X,in nouos soles gramina se credunt,Virg,"As hervas rebentão, ou nascem na primavera",
tempus,lilaLemma:127522,Faria,Faria1994.n31440.e01,Faria1994.n31440.sg01,Faria1994.n31440.sg01.s09,9,"In omne tempus ‘para sempre, para nunca mais’ Cíc. Fam. 5, 15, 1.",,,
pars,lilaLemma:116084,Faria,Faria1994.n22363.e01,Faria1994.n22363.sg01,Faria1994.n22363.sg01.s14,14,in omnes partes “de todas as maneiras” Cíc. Fam. 4. 10. 2.,,,
pars,lilaLemma:116084,Faria,Faria1994.n22363.e01,Faria1994.n22363.sg01,Faria1994.n22363.sg01.s10,10,in parte... in parte “parte ... parte” Quint. 10. 7. 25.,,,
pars,lilaLemma:116084,Faria,Faria1994.n22363.e01,Faria1994.n22363.sg01,Faria1994.n22363.sg01.s12,12,"in partem, “de uma parte” Hor. Epo. 2. 39.",,,
in,lilaLemma:106748,Faria,Faria1994.n15371.e01,Faria1994.n15371.sg01,Faria1994.n15371.sg01.s01,1,"in partum accedere Cíc. Verr. 5, 138 “penetrar no porto”.",,,
in,lilaLemma:106748,Velez,Velez1744.n1646.e01,Velez1744.n1646.sg01,Velez1744.n1646.sg01.s08,8,in paucis diebus,,dentro de poucos dias,
in,lilaLemma:106748,Faria,Faria1994.n15371.e01,Faria1994.n15371.sg01,Faria1994.n15371.sg01.s04,4,"in praesens, in posterum, in futurum Cíc. Cat. I, 22; T. Lív. 34, 27, 10 “no presente, para o futuro”: in dies T. Lív. 22, 39, 15 “cada dia, dia a dia”; in annos singulos Cés. B. Gal. 5, 22,4 “cada ano”.",,,
in,lilaLemma:106748,Velez,,,Velez1744.n1638.sg01.s01,1,in primis,cum positivis.,"primeiramente, em primeiro lugar, mais que os outros",
primus,lilaLemma:119498,Velez,,,Velez1744.n1638.sg01.s01,1,in primis,cum positivis.,"primeiramente, em primeiro lugar, mais que os outros",
primus,lilaLemma:119498,Faria,Faria1994.n25427.e01,Faria1994.n25427.sg01,Faria1994.n25427.sg01.s05,5,in primo «no começo» Cíc. Or. 215.,,,
primus,lilaLemma:119498,Faria,Faria1994.n25427.e01,Faria1994.n25427.sg01,Faria1994.n25427.sg01.s06,6,"in primo língua militar ‘na primeira linha’ T. Lív. 25, 21, 6.",,,
res,lilaLemma:121868,Faria,Faria1994.n27428.e01,Faria1994.n27428.sg01,Faria1994.n27428.sg01.s02,2,"in rem esse alicui Plaut. Aul. 129 ‘ser vantajoso para alguém’: ex tua re non est, ut Plaut. PS. 388 “não é vantajoso para ti que ...”: e re publica Cíc. De Or. 2. 124 ‘no interesse geral’; ab re aliquid orare Plau,t.Capt.338 “pedir alguma coisa contrária aos seus interesses”.",,,
in,lilaLemma:106748,Faria,Faria1994.n15371.e01,Faria1994.n15371.sg01,Faria1994.n15371.sg01.s10,10,"in senatu litteras recitare Cíc. Fam. 3, 3,2 “fazer a leitura de uma carta no senado”.",,,
in,lilaLemma:106748,Faria,Faria1994.n15371.e01,Faria1994.n15371.sg01,Faria1994.n15371.sg01.s15,15,in summo timore omnium advolavit Cíc. Clu. 25: “ele acorreu no meio da consternação geral”.,,,
in,lilaLemma:106748,Faria,Faria1994.n15371.e01,Faria1994.n15371.sg01,Faria1994.n15371.sg01.s17,17,"in tanta multitudine dediticiorum suam fugam occultari posse existimabant Cés. B. Gal. 1, 27, 4. “eles pensavam que, dada esta afluência enorme de pessoas que se rendiam, poderia passar despercebida a sua fuga”.",,,
tantus,lilaLemma:127630,Fonseca,Fonseca1798.n29848.e01,Fonseca1798.n29848.sg01,Fonseca1798.n29848.sg01.s99,X,in tantum,Virg,De tal sorte,
tempus,lilaLemma:127522,Faria,Faria1994.n31440.e01,Faria1994.n31440.sg01,Faria1994.n31440.sg01.s08,8,In tempus ‘temporariamente’ Tác. An. 14. 20.,,,
in,lilaLemma:106748,Faria,Faria1994.n15371.e01,Faria1994.n15371.sg01,Faria1994.n15371.sg01.s12,12,in Thucydide Cíc. Oro 234 “na obra de Tucídides”.,,,
do,lilaLemma:99970,Velez,Velez1744.n1100.e01,Velez1744.n1100.sg01,Velez1744.n1100.sg01.s99,X,in uiam se dare,,por-se a caminho,
unus,lilaLemma:85636,Fonseca,Fonseca1798.n32114.e01,Fonseca1798.n32114.sg01,Fonseca1798.n32114.sg01.s99,X,in unum,sc. locum. Sall,Para hum só lugar,
in,lilaLemma:106748,Velez,Velez1744.n1646.e01,Velez1744.n1646.sg01,Velez1744.n1646.sg01.s03,3,"in uos exempla fient, uel edentur",,em vos se daraõ exemplos; em vòs escarmentaráõ os outras,
in,lilaLemma:106748,Faria,Faria1994.n15371.e01,Faria1994.n15371.sg01,Faria1994.n15371.sg01.s11,11,"in veste candida T. Lív. 45, 20, 5 «com uma veste branca» .",,,
teneo,lilaLemma:127822,Fonseca,Fonseca1798.n29988.e01,Fonseca1798.n29988.sg01,Fonseca1798.n29988.sg01.s99,X,incendium per duas noctes ac diem unum tenuit,Caes,"Durou o incendio duas noites, e hum dia",
sum,lilaLemma:126689,Saraiva,Saraiva1910.xSum,Saraiva1910.xSum.sg01,Saraiva1910.xSum.sg01.s05,5,incepta prospera futura,Nep,Que a empresa teria bom exito,
habeo,lilaLemma:105044,Saraiva,Saraiva1910.xHabeo,Saraiva1910.xHabeo.sg01,Saraiva1910.xHabeo.sg01.s04,4,"incipe, si quid habes",Virg,"Começa, se tens alguma coisa para contar",
fero,lilaLemma:103126,Saraiva,Saraiva1910.xFero,Saraiva1910.xFero.sg01,Saraiva1910.xFero.sg01.s08,8,india fert ebenum,Virg,A India produz o ebano,
bellum,lilaLemma:91461,Fonseca,Fonseca1798.n03169.e01,Fonseca1798.n03169.sg01,Fonseca1798.n03169.sg01.s99,X,indicere bellum uentri,Hor,"Declarar guerra ao ventre, isto he, não comer, nem beber",
sum,lilaLemma:126689,Velez,Velez1744.n3287.e01,Velez1744.n3287.sg01,Velez1744.n3287.sg01.s04,4,indicio esse,,"ser de indicio, ou mostra, etc",
in,lilaLemma:106748,Velez,Velez1744.n1646.e01,Velez1744.n1646.sg01,Velez1744.n1646.sg01.s07,7,"indies, uel in dies singulos",,"cada vez mais, ou por todos os dias",
uis,lilaLemma:130360,Fonseca,Fonseca1798.n31852.e01,Fonseca1798.n31852.sg01,Fonseca1798.n31852.sg01.s99,X,inferre uim uitae suae,Vell Pat,Matar-se por suas proprias mãos,
inquam,lilaLemma:108033,Faria,Faria1994.n16201.e01,Faria1994.n16201.sg01,Faria1994.n16201.sg01.s01,1,"inquam et inquit interponere Cíc. Lae, 3, “intercalar: digo e diz”.",,,
uideo,lilaLemma:130163,Saraiva,Saraiva1910.xVideo,Saraiva1910.xVideo.sg01,Saraiva1910.xVideo.sg01.s05,5,insano nemo in amore uidet,Prop,Ninguem vê possuido de louco amor,
do,lilaLemma:99970,Saraiva,Saraiva1910.xDo,Saraiva1910.xDo.sg01,Saraiva1910.xDo.sg01.s04,4,insequens dies hostem in conspectum dedit,Liv,No dia seguinte o inimigo apresentou-se,
qua,lilaIpoLemma:110471,Velez,Velez1744.n2838.e01,Velez1744.n2838.sg01,Velez1744.n2838.sg01.s02,2,"insignis qua paterna gloria, qua sua",,"insigne assim na gloria paterna, como na sua",
inter,lilaLemma:108392,Velez,Velez1744.n1792.e01,Velez1744.n1792.sg01,Velez1744.n1792.sg01.s01,1,inter coenandum,,,"i, dum coenat"
inter,lilaLemma:108392,Faria,Faria1994.n16502.e01,Faria1994.n16502.sg01,Faria1994.n16502.sg01.s03,3,inter Marcellos et Claudios patricios judicare Cíc. De 01'. I. 176 “julgar entre os Marcelos e o ramo patrício dos Cláudios”.,,,
inter,lilaLemma:108392,Faria,Faria1994.n16502.e01,Faria1994.n16502.sg01,Faria1994.n16502.sg01.s06,6,inter noctem T. Lív. 32. 29. 2 «durante a noite».,,,
inter,lilaLemma:108392,Faria,Faria1994.n16502.e01,Faria1994.n16502.sg01,Faria1994.n16502.sg01.s02,2,inter omnes excellere Cíc. De Or. 6 “sobressair dentre todos”.,,,
inter,lilaLemma:108392,Faria,Faria1994.n16502.e01,Faria1994.n16502.sg01,Faria1994.n16502.sg01.s05,5,"inter pauca Plín. H. Nat. 35. 150 «muito particularmente»: inter cuncta. inter omnia, inter cetera Hor. Ep. 1. 18. 96; P. Cúrc. 3. 3. 17; T. Lív. 37. 12. 8 “antes de tudo”; inter alia Plín. Ep. 3. 16. 10 “entre outras coisas”; inter haec, inter quae = interea T. Lív. 3. 57. 7 “entretanto”; inter moras Plín. Ep. 9. 13. 20 “esperando”; inter manus Verg. En. 11. 311 “estar palpável, nas mãos, patente”.",,,
inter,lilaLemma:108392,Faria,Faria1994.n16502.e01,Faria1994.n16502.sg01,Faria1994.n16502.sg01.s01,1,"inter Sequanos et Helvetios Cés. B. Gal. I, 2 “entre os séquanos e helvécios”.",,,
locus,lilaLemma:110019,Fonseca,Fonseca1798.n17311.e01,Fonseca1798.n17311.sg01,Fonseca1798.n17311.sg01.s99,X,interea loci,Liv,Todavia,
facio,lilaLemma:102758,Saraiva,Saraiva1910.xFacio,Saraiva1910.xFacio.sg01,Saraiva1910.xFacio.sg01.s01,1,inuitus feci,Cic,Fiz contra a minha vontade,
per,lilaLemma:116569,Faria,Faria1994.n22800.e01,Faria1994.n22800.sg01,Faria1994.n22800.sg01.s04,4,"invitati per domos T. Lív. 1. 9. 9 “convidados para diferentes casas”: per manus Cés. B. Gal. 6, 38, 4 “de mão em mão”.",,,
dies,lilaLemma:99334,Velez,Velez1744.n1042.e01,Velez1744.n1042.sg01,Velez1744.n1042.sg01.s99,X,iouis,,5. feira,
ipse,lilaLemma:108945,Faria,Faria1994.n16942.e01,Faria1994.n16942.sg01,Faria1994.n16942.sg01.s01,1,"ipse Caesar Cíc. Fam. 6. 10, 2 «o próprio César».",,,
uideo,lilaLemma:130163,Saraiva,Saraiva1910.xVideo,Saraiva1910.xVideo.sg01,Saraiva1910.xVideo.sg01.s06,6,ipse uiderit,Cic,"Isto é com elle, elle lá se intende",
ipse,lilaLemma:108945,Velez,Velez1744.n1846.e01,Velez1744.n1846.sg01,Velez1744.n1846.sg01.s01,1,ipsemet,,,"id est, ipse per se, & non per alios"
ipse,lilaLemma:108945,Faria,Faria1994.n16943.e01,Faria1994.n16943.sg01,Faria1994.n16943.sg01.s01,1,"ipsimet Cíc. Verr. 3, 3 «nós mesmos».",,,
sum,lilaLemma:126689,Saraiva,Saraiva1910.xSum,Saraiva1910.xSum.sg01,Saraiva1910.xSum.sg01.s04,4,ira fuit inter…,Hor,Houve rixa ou desavença entre…,
eo,lilaLemma:101183,Velez,Velez1744.n1182.e01,Velez1744.n1182.sg01,Velez1744.n1182.sg01.s99,X,ire in alia omnia,Contrarium est,,
habeo,lilaLemma:105044,Saraiva,Saraiva1910.xHabeo,Saraiva1910.xHabeo.sg01,Saraiva1910.xHabeo.sg01.s01,1,is annus legationes habuit,Tac,Este anno houve embaixadas,
do,lilaLemma:99970,Saraiva,Saraiva1910.xDo,Saraiva1910.xDo.sg01,Saraiva1910.xDo.sg01.s09,9,is datus erat locus,Liv,Este tinha sido o logar convencionado,
qui,lilaLemma:121354,Faria,Faria1994.n26549.e01,Faria1994.n26549.sg01,Faria1994.n26549.sg01.s06,6,"is es, qui nescias Cíc. Fam. 5, 12, 6 ‘tu és homem capaz de ignorar’.",,,
nemo,lilaLemma:113605,Faria,Faria1994.n20364.e01,Faria1994.n20364.sg01,Faria1994.n20364.sg01.s02,2,"is quem tu neminem putas Cíc. At. 7, 3, 8 “esse que tu julgas um joão-ninguém”.",,,
iste,lilaLemma:109122,Faria,Faria1994.n17050.e01,Faria1994.n17050.sg01,Faria1994.n17050.sg01.s02,2,"iste centurio Cíc. Cal. 2, 14 “um tal centurião”.",,,
ita,lilaLemma:109126,Cardoso,Cardoso1570.n11514.e01,Cardoso1570.n11514.sg01,Cardoso1570.n11514.sg01.s01,1,ita legit,,,
ita,lilaLemma:109126,Velez,Velez1744.n1867.e01,Velez1744.n1867.sg01,Velez1744.n1867.sg01.s01,1,ita loquor,,"assim costumo fallar; ou digo, o que na verdade he",
ita,lilaLemma:109126,Faria,Faria1994.n17074.e01,Faria1994.n17074.sg01,Faria1994.n17074.sg01.s04,4,"ita me Venus amet ut ego te numquam sinam Plaut. Curc. 209 «assim me ame Vênus, como nunca te darei a permissão» Cíc. Fam. 16, 20, 1.",,,
uiuo,lilaLemma:130476,Fonseca,Fonseca1798.n31945.e01,Fonseca1798.n31945.sg01,Fonseca1798.n31945.sg01.s99,X,ita uitam,Cic,"Assim eu viva, por minha vida",
uiuo,lilaLemma:130476,Faria,Faria1994.n34074.e01,Faria1994.n34074.sg01,Faria1994.n34074.sg01.s05,5,"Ita vivam Cíc. Fam. 2, 13, 3 «pela minha vida»;",,,
facio,lilaLemma:102758,Faria,Faria1994.n12363.e01,Faria1994.n12363.sg01,Faria1994.n12363.sg01.s14,14,"iter facere Cés. B. Gal. 1, 7, I ‘caminhar’; facere palam Cíc. At. 13,21, 3 ‘divulgar’; facere contra C ie. Quinct. I ‘ser contra’.",,,
fero,lilaLemma:103126,Saraiva,Saraiva1910.xFero,Saraiva1910.xFero.sg01,Saraiva1910.xFero.sg01.s13,13,iter fert ad…,Cæs. Virg,O caminho leva ou vae dar a…,
iubeo,lilaLemma:109152,Velez,Velez1744.n1875.e01,Velez1744.n1875.sg01,Velez1744.n1875.sg01.s03,3,iubeo te saluere,,,
facio,lilaLemma:102758,Velez,Velez1744.n1303.e01,Velez1744.n1303.sg01,Velez1744.n1303.sg01.s99,X,"iudex omnibus sui conueniendi potestatem, uel copiam facit",,deixa entrar todos para tratarem com elle seus negocios,
ius,lilaLemma:109252,Fonseca,Fonseca1798.n16407.e01,Fonseca1798.n16407.sg01,Fonseca1798.n16407.sg01.s99,X,"iuris sui esse, ac mancipii",Cic,"Ser livre e independente, não ser sujeito a outro",
iudex,lilaLemma:109161,Faria,Faria1994.n17203.e01,Faria1994.n17203.sg01,Faria1994.n17203.sg01.s01,1,"judicem dicere T. Lív. 3. 56. 4 «escolher um juiz»: judicem ferre alicui Cíc. De Or. 2. 285 “propor a alguém um árbitro” Cíc. Fin. 3. 6; judex Phrygius Catu!. 61. 18 «o juiz frígio. i. e., Páris».",,,
ius,lilaLemma:109252,Faria,Faria1994.n17271.e01,Faria1994.n17271.sg01,Faria1994.n17271.sg01.s02,2,jus civile Cíc. Top. 10 «direito civil»: T. Lív. 23. 10. 2.,,,
ius,lilaLemma:109252,Faria,Faria1994.n17271.e01,Faria1994.n17271.sg01,Faria1994.n17271.sg01.s06,6,jus patrium T. Lív. I. 26. 9 «autoridade paterna».,,,
ius,lilaLemma:109252,Faria,Faria1994.n17271.e01,Faria1994.n17271.sg01,Faria1994.n17271.sg01.s05,5,jus societatis humanae Cíc. Of. 1. 60 «os direitos da sociedade humana».,,,
ius,lilaLemma:109252,Faria,Faria1994.n17271.e01,Faria1994.n17271.sg01,Faria1994.n17271.sg01.s04,4,jus suum recuperare Cíc. Caec. 8 «recuperar os seus direitos».,,,
mitto,lilaLemma:112499,Fonseca,Fonseca1798.n18454.e01,Fonseca1798.n18454.sg01,Fonseca1798.n18454.sg01.s99,X,lacrymas mittere,Ter,Deixar de chorar,
ad,lilaLemma:87344,Velez,Velez1744.n0082.e01,Velez1744.n0082.sg01,Velez1744.n0082.sg01.s02,2,latebo ad tempus,,,"i, usque tempus quoddam"
dico,lilaLemma:99302,Saraiva,Saraiva1910.xDico,Saraiva1910.xDico.sg01,Saraiva1910.xDico.sg01.s06,6,latine dicimus elocutionem quam…,Quint,Chamamos em latim elocução o que…,
lator,lilaLemma:110035,Velez,,,Velez1744.n1959.sg10.s01,1,lator legis,"qui legem scripsit, & ad populum tulit: Legislatores etiam conditores legum dicuntur.",o legislador,
lex,lilaLemma:110351,Velez,,,Velez1744.n1959.sg10.s01,1,lator legis,"qui legem scripsit, & ad populum tulit: Legislatores etiam conditores legum dicuntur.",o legislador,
lator,lilaLemma:110035,Velez,,,Velez1744.n1959.sg10.s01,1,lator legum,"qui legem scripsit, & ad populum tulit: Legislatores etiam conditores legum dicuntur.",o legislador,
lex,lilaLemma:110351,Velez,,,Velez1744.n1959.sg10.s01,1,lator legum,"qui legem scripsit, & ad populum tulit: Legislatores etiam conditores legum dicuntur.",o legislador,
in,lilaLemma:106748,Velez,Velez1744.n1646.e01,Velez1744.n1646.sg01,Velez1744.n1646.sg01.s03,3,laudare in os,,louvar em presença,
fero,lilaLemma:103126,Faria,Faria1994.n12632.e01,Faria1994.n12632.sg01,Faria1994.n12632.sg01.s01,1,"lectica latus C ie. Phil. 2, 106 “levado trazido em liteira”: Cíc. Of. 3. 74.",,,
fero,lilaLemma:103126,Saraiva,Saraiva1910.xFero,Saraiva1910.xFero.sg01,Saraiva1910.xFero.sg01.s01,1,lectica latus est,Cic,Levaram-no em liteira,
facio,lilaLemma:102758,Cardoso,Cardoso1570.n07611.e01,Cardoso1570.n07611.sg01,Cardoso1570.n07611.sg01.s01,1,lex facit ad me,,,
facio,lilaLemma:102758,Cardoso,Cardoso1570.n07611.e01,Cardoso1570.n07611.sg01,Cardoso1570.n07611.sg01.s01,1,lex facit pro me,,,
lex,lilaLemma:110351,Faria,Faria1994.n17969.e01,Faria1994.n17969.sg01,Faria1994.n17969.sg01.s02,2,"lex mancipi Cíc. De Or. 1, 178 “contrato de venda”.",,,
corpus,lilaLemma:96667,Faria,Faria1994.n07899.e01,Faria1994.n07899.sg01,Faria1994.n07899.sg01.s06,6,"liberum corpus T. Lív. 3. 56, 8 “uma pessoa lívre”.",,,
magnus,lilaLemma:111319,Faria,Faria1994.n18730.e01,Faria1994.n18730.sg01,Faria1994.n18730.sg01.s07,7,lingua magna Hor. O. 4. 6. 2 “língua orgulhosa”.,,,
sum,lilaLemma:126689,Saraiva,Saraiva1910.xSum,Saraiva1910.xSum.sg01,Saraiva1910.xSum.sg01.s04,4,locris pestilentiam nunquam fuisse,Plin,Nunca ter havido peste em Locros,
sum,lilaLemma:126689,Saraiva,Saraiva1910.xSum,Saraiva1910.xSum.sg01,Saraiva1910.xSum.sg01.s08,8,lucri totus est,Sen,É todo dado á ganancia,
fero,lilaLemma:103126,Saraiva,Saraiva1910.xFero,Saraiva1910.xFero.sg01,Saraiva1910.xFero.sg01.s02,2,ludum in diem tulisset,Virg,Teria levado prolongado o jogo até o dia,
facio,lilaLemma:102758,Saraiva,Saraiva1910.xFacio,Saraiva1910.xFacio.sg01,Saraiva1910.xFacio.sg01.s05,5,macrescere facit uolucres,Varr,Faz emmagrecer as aves,
magis,lilaLemma:111271,Faria,Faria1994.n18702.e01,Faria1994.n18702.sg01,Faria1994.n18702.sg01.s02,2,"Magis ... quam: “mais ... do que”, disertus magis quam sapiens Cíc. A I. 10. I. 4 “mais loquaz do que prudente” Cíc. Tusc. 3. 10: Cés.B. Gal. 1. 40.",,,
magis,lilaLemma:111271,Faria,Faria1994.n18702.e01,Faria1994.n18702.sg01,Faria1994.n18702.sg01.s05,5,"magis etiam Cíc. Br. 325 “mais ainda, muito mais”:",,,
sum,lilaLemma:126689,Saraiva,Saraiva1910.xSum,Saraiva1910.xSum.sg01,Saraiva1910.xSum.sg01.s07,7,magni erunt mihi tuæ litteræ,Cic,Será para mim de grande valor uma carta tua,
accipio,lilaLemma:87119,Velez,Velez1744.n0049.e01,Velez1744.n0049.sg01,Velez1744.n0049.sg01.s99,X,"magnifice, ac festiue accepti sumus",,fomos bem agasalhados,
ad,lilaLemma:87344,Velez,Velez1744.n0082.e01,Velez1744.n0082.sg01,Velez1744.n0082.sg01.s01,1,magnificus ad speciem ornatus,,,"i, quantùm ad speciem"
cum2,lilaLemma:97201,Faria,Faria1994.n08331.e01,Faria1994.n08331.sg01,Faria1994.n08331.sg01.s03,3,"magno cum lucto Cíc. Verr. 4, 76 “com grande dor”.",,,
uenio,lilaLemma:129790,Saraiva,Saraiva1910.xVenio,Saraiva1910.xVenio.sg01,Saraiva1910.xVenio.sg01.s10,10,maior hereditas uenit unicuique uestrum,Cic,Cada um de vós tem maior herança,
uenio,lilaLemma:129790,Saraiva,Saraiva1910.xVenio,Saraiva1910.xVenio.sg01,Saraiva1910.xVenio.sg01.s07,7,maius ne ueniat malum,Phaed,Para que não venha mal maior,
habeo,lilaLemma:105044,Velez,Velez1744.n1491.e01,Velez1744.n1491.sg01,Velez1744.n1491.sg01.s99,X,male habere,,estar mal,
manus,lilaLemma:111585,Velez,Velez1744.n2058.e01,Velez1744.n2058.sg01,Velez1744.n2058.sg01.s99,X,manu aliquem docere,,,"i, apertè"
mitto,lilaLemma:112499,Faria,Faria1994.n19659.e01,Faria1994.n19659.sg01,Faria1994.n19659.sg01.s07,7,manu mittere: “libertar” Plaut. Poen. 100; mittere se in foedera: “ligar -se por tratado”; mittere se in aliquem: “atacar alguém”; mittere in suffragium: “mandar votar”; mittere sub jugum ou sub jugo: “fazer passar as legiões sob o jugo”.,,,
manus,lilaLemma:111585,Faria,Faria1994.n18917.e01,Faria1994.n18917.sg01,Faria1994.n18917.sg01.s03,3,"manum committere Teucris Verg. En. 12. 60 “travar combate com os troianos”: manu decertare Cíc. Of. 1, 81 “procurar na força a solução de um conflito”.",,,
ago,lilaLemma:88140,Saraiva,Saraiva1910.xAgo,Saraiva1910.xAgo.sg01,Saraiva1910.xAgo.sg01.s07,7,marius apud primos agebat,Sall,Mario achava-se á frente,
dies,lilaLemma:99334,Velez,Velez1744.n1042.e01,Velez1744.n1042.sg01,Velez1744.n1042.sg01.s99,X,martis,,3. feira,
debeo,lilaLemma:97963,Saraiva,Saraiva1910.xDebeo,Saraiva1910.xDebeo.sg01,Saraiva1910.xDebeo.sg01.s02,2,maxima debetur reuerentia,Juv,É devida a maior reverência,
pars,lilaLemma:116084,Faria,Faria1994.n22363.e01,Faria1994.n22363.sg01,Faria1994.n22363.sg01.s11,11,"maximam, magnam, bonam partem, “a maior, grande, boa parte” C és. B. Gal. 4. 1. 8.",,,
quis,lilaLemma:121165,Velez,Velez1744.n2888.e01,Velez1744.n2888.sg01,Velez1744.n2888.sg01.s01,1,maximus quisque,,todo o homem grande,
debeo,lilaLemma:97963,Saraiva,Saraiva1910.xDebeo,Saraiva1910.xDebeo.sg01,Saraiva1910.xDebeo.sg01.s04,4,me debere bonis omnibus fateor,Cic,Confesso que devo obrigações a todas as pessoas de bem,
sum,lilaLemma:126689,Saraiva,Saraiva1910.xSum,Saraiva1910.xSum.sg01,Saraiva1910.xSum.sg01.s05,5,me nullius animi fuisse confiteor,Cic,Confesso que me faltou a coragem,
sum,lilaLemma:126689,Saraiva,Saraiva1910.xSum,Saraiva1910.xSum.sg01,Saraiva1910.xSum.sg01.s08,8,me Pompeii totum esse scis,Cic,Sabes que eu sou todo dedicado a Pompeu,
ago,lilaLemma:88140,Saraiva,Saraiva1910.xAgo,Saraiva1910.xAgo.sg01,Saraiva1910.xAgo.sg01.s03,3,me profari agit,Stat,Obriga-me a fallar,
uideo,lilaLemma:130163,Saraiva,Saraiva1910.xVideo,Saraiva1910.xVideo.sg01,Saraiva1910.xVideo.sg01.s06,6,mea negotia uidebis,Cic,Cuidarás dos meus interesses,
pars,lilaLemma:116084,Fonseca,Fonseca1798.n21009.e01,Fonseca1798.n21009.sg01,Fonseca1798.n21009.sg01.s99,X,meae partes sunt,Cic,He minha obrigação,
facio,lilaLemma:102758,Saraiva,Saraiva1910.xFacio,Saraiva1910.xFacio.sg01,Saraiva1910.xFacio.sg01.s10,10,mecum facientia iura,Hor,Direitos que são a meu favor,
ago,lilaLemma:88140,Saraiva,Saraiva1910.xAgo,Saraiva1910.xAgo.sg01,Saraiva1910.xAgo.sg01.s08,8,"mecum, ut ad te scriberem, egerunt",Cic,"Tractaram commigo, para te escrever",
possum,lilaLemma:118569,Saraiva,Saraiva1910.xPossum,Saraiva1910.xPossum.sg01,Saraiva1910.xPossum.sg01.s06,6,medicum arcessam quantum potest…,Plaut,Chamarei o medico o mais depressa possivel,
uerbum,lilaLemma:131057,Fonseca,Fonseca1798.n31423.e01,Fonseca1798.n31423.sg01,Fonseca1798.n31423.sg01.s99,X,meis uerbis,Cic,"Da minha parte, em meu nome",
facio,lilaLemma:102758,Saraiva,Saraiva1910.xFacio,Saraiva1910.xFacio.sg01,Saraiva1910.xFacio.sg01.s01,1,mel ter inferuere facito,Colum,Faze ferver tres vezes o mel,
do,lilaLemma:99970,Velez,Velez1744.n1100.e01,Velez1744.n1100.sg01,Velez1744.n1100.sg01.s99,X,memoriae datum est,,conta-se,
ago,lilaLemma:88140,Saraiva,Saraiva1910.xAgo,Saraiva1910.xAgo.sg01,Saraiva1910.xAgo.sg01.s07,7,mensis agitur septimus,Ter,"É, está-se no septimo mez",
dies,lilaLemma:99334,Velez,Velez1744.n1042.e01,Velez1744.n1042.sg01,Velez1744.n1042.sg01.s99,X,mercurii,,4. feira,
meus,lilaLemma:112262,Fonseca,Fonseca1798.n18271.e01,Fonseca1798.n18271.sg01,Fonseca1798.n18271.sg01.s99,X,meum est,Ter,"He cousa minha, eu sou o seu verdadeiro autor",
meus,lilaLemma:112262,Fonseca,Fonseca1798.n18271.e01,Fonseca1798.n18271.sg01,Fonseca1798.n18271.sg01.s99,X,meum est,Plaut,Convem-me,
meus,lilaLemma:112262,Faria,Faria1994.n19460.e01,Faria1994.n19460.sg01,Faria1994.n19460.sg01.s03,3,"meum est com infint.: “pertence-me, é meu direito, é meu dever”.",,,
meus,lilaLemma:112262,Fonseca,Fonseca1798.n18271.e01,Fonseca1798.n18271.sg01,Fonseca1798.n18271.sg01.s99,X,meus carnifex,Ter,"Algoz, que me atormenta",
meus,lilaLemma:112262,Faria,Faria1994.n19460.e01,Faria1994.n19460.sg01,Faria1994.n19460.sg01.s05,5,"Meus est Plaut. Mil. 334 “é meu, está seguro”.",,,
meus,lilaLemma:112262,Fonseca,Fonseca1798.n18271.e01,Fonseca1798.n18271.sg01,Fonseca1798.n18271.sg01.s99,X,meus sum,Pers,"Sou livre, sou senhor da minha vontade",
animus,lilaLemma:89094,Fonseca,Fonseca1798.n01750.e01,Fonseca1798.n01750.sg01,Fonseca1798.n01750.sg01.s99,X,mi anime,Plaut,"Meu caro amigo, meu coração",
meus,lilaLemma:112262,Faria,Faria1994.n19460.e01,Faria1994.n19460.sg01,Faria1994.n19460.sg01.s02,2,"mi Tiro Cíc. Fam. 16, 20 “ó meu querido Tirão”.",,,
uenio,lilaLemma:129790,Saraiva,Saraiva1910.xVenio,Saraiva1910.xVenio.sg01,Saraiva1910.xVenio.sg01.s15,15,mihi in suspicionem uenit,Nep,Tive suspeita…,
atque,lilaLemma:90490,Velez,Velez1744.n0427.e01,Velez1744.n0427.sg01,Velez1744.n0427.sg01.s03,3,mihi nemo amicior est,,atque Caesar do que Cesar,
uideo,lilaLemma:130163,Saraiva,Saraiva1910.xVideo,Saraiva1910.xVideo.sg01,Saraiva1910.xVideo.sg01.s08,8,mihi uisum est,com infin.… Cic,Resolvi que…,
uideo,lilaLemma:130163,Saraiva,Saraiva1910.xVideo,Saraiva1910.xVideo.sg01,Saraiva1910.xVideo.sg01.s08,8,mihi uisum est ut,Ter,Resolvi que…,
ita,lilaLemma:109126,Faria,Faria1994.n17074.e01,Faria1994.n17074.sg01,Faria1994.n17074.sg01.s02,2,"militem pol tu aspexisti? - Ita. Plaut. Mil. 1. 262 “por Pólux, tu viste o militar? -Sim”.",,,
sum,lilaLemma:126689,Saraiva,Saraiva1910.xSum,Saraiva1910.xSum.sg01,Saraiva1910.xSum.sg01.s06,6,milites cænatos esse,Sall,Terem tomado a sua refeição os soldados,
sum,lilaLemma:126689,Saraiva,Saraiva1910.xSum,Saraiva1910.xSum.sg01,Saraiva1910.xSum.sg01.s03,3,militibus in conspectum fuissem,Suet,Ter-se apresentado diante dos soldados,
do,lilaLemma:99970,Velez,Velez1744.n1100.e01,Velez1744.n1100.sg01,Velez1744.n1100.sg01.s02,2,militibus signum receptui dare,,"dar sinal aos soldados a recolher, etc",
do,lilaLemma:99970,Saraiva,Saraiva1910.xDo,Saraiva1910.xDo.sg01,Saraiva1910.xDo.sg01.s12,12,mille pedes in fronte cippus dabat,Hor,A inscripção dava mil pés de frente ao cimiterio,
dico,lilaLemma:99302,Saraiva,Saraiva1910.xDico,Saraiva1910.xDico.sg01,Saraiva1910.xDico.sg01.s01,1,mirum dictu,Plin,"Coisa admirável, espantosa",
accipio,lilaLemma:87119,Velez,Velez1744.n0049.e01,Velez1744.n0049.sg01,Velez1744.n0049.sg01.s99,X,miseris aliquem accipere modis,,tratar a alguem mal,
dico,lilaLemma:99302,Saraiva,Saraiva1910.xDico,Saraiva1910.xDico.sg01,Saraiva1910.xDico.sg01.s09,9,misit qui diceret ne discederet,Nep,Mandou-lhe dizer por uma pessôa que não se ausentasse,
facio,lilaLemma:102758,Saraiva,Saraiva1910.xFacio,Saraiva1910.xFacio.sg01,Saraiva1910.xFacio.sg01.s03,3,missa facio…,Ter,"Passo em silencio, omitto…",
fero,lilaLemma:103126,Saraiva,Saraiva1910.xFero,Saraiva1910.xFero.sg01,Saraiva1910.xFero.sg01.s09,9,missi ferebant…,Tac,Enviados contavam…,
mitto,lilaLemma:112499,Velez,Velez1744.n2136.e01,Velez1744.n2136.sg01,Velez1744.n2136.sg01.s99,X,missum aliquid facere,,"largar, deixar ir, ou abrir maõ de alguma cousa",
mitto,lilaLemma:112499,Velez,Velez1744.n2136.e01,Velez1744.n2136.sg01,Velez1744.n2136.sg01.s02,2,mitte scrutari,,"deixai, ou naõ queirais esquadrinhar",
mitto,lilaLemma:112499,Velez,Velez1744.n2136.e01,Velez1744.n2136.sg01,Velez1744.n2136.sg01.s02,2,mitte timorem,,ponde de parte o medo,
mitto,lilaLemma:112499,Fonseca,Fonseca1798.n18454.e01,Fonseca1798.n18454.sg01,Fonseca1798.n18454.sg01.s99,X,mittere de aliqua re,Ter,Calar-se a respeito de alguma cousa,
mitto,lilaLemma:112499,Fonseca,Fonseca1798.n18454.e01,Fonseca1798.n18454.sg01,Fonseca1798.n18454.sg01.s99,X,mittere sanguinem,Cels,Sangrar,
mitto,lilaLemma:112499,Velez,Velez1744.n2136.e01,Velez1744.n2136.sg01,Velez1744.n2136.sg01.s03,3,mitto caetera,,,
gero,lilaLemma:104536,Velez,Velez1744.n1455.e01,Velez1744.n1455.sg01,Velez1744.n1455.sg01.s02,2,moderate se gerere,,haver-se moderadamente,
modo,lilaLemma:113289,Velez,Velez1744.n2141.e01,Velez1744.n2141.sg01,Velez1744.n2141.sg01.s03,3,"modo ait, modo negat",,,
facio,lilaLemma:102758,Velez,Velez1744.n1303.e01,Velez1744.n1303.sg01,Velez1744.n1303.sg01.s99,X,modum alicuius rei facere,,naõ ser nimio em alguma cousa,
mos,lilaLemma:112831,Velez,Velez1744.n2160.e01,Velez1744.n2160.sg01,Velez1744.n2160.sg01.s99,X,more,,á maneira,
mos,lilaLemma:112831,Fonseca,Fonseca1798.n18688.e01,Fonseca1798.n18688.sg01,Fonseca1798.n18688.sg01.s99,X,more ferarum,Hor,Á maneira das feras,
gero,lilaLemma:104536,Velez,Velez1744.n1455.e01,Velez1744.n1455.sg01,Velez1744.n1455.sg01.s99,X,morem gerere alicui,,obedecer,
dico,lilaLemma:99302,Saraiva,Saraiva1910.xDico,Saraiva1910.xDico.sg01,Saraiva1910.xDico.sg01.s10,10,mortem dico et deos,Cic,"Quero dizer, a morte e os deuses",
apud,lilaLemma:89686,Velez,Velez1744.n0347.e01,Velez1744.n0347.sg01,Velez1744.n0347.sg01.s01,1,mos fuit apud Romanos,,entre os Romanos,
uideo,lilaLemma:130163,Saraiva,Saraiva1910.xVideo,Saraiva1910.xVideo.sg01,Saraiva1910.xVideo.sg01.s03,3,mugire uidebis sub pedibus terram,Virg,Ouvirás a terra mugir debaixo dos pés,
do,lilaLemma:99970,Saraiva,Saraiva1910.xDo,Saraiva1910.xDo.sg01,Saraiva1910.xDo.sg01.s04,4,multa melius se nocte dedêre,Virg,Muitas coisas se teem feito melhor de noite,
multus,lilaLemma:112998,Velez,Velez1744.n2171.e01,Velez1744.n2171.sg01,Velez1744.n2171.sg01.s99,X,multa nox,,alta noite,
multus,lilaLemma:112998,Faria,Faria1994.n19957.e01,Faria1994.n19957.sg01,Faria1994.n19957.sg01.s04,4,"multa victima Verg. Buc. 1, 34 “numerosas vítimas”.",,,
uideo,lilaLemma:130163,Saraiva,Saraiva1910.xVideo,Saraiva1910.xVideo.sg01,Saraiva1910.xVideo.sg01.s07,7,multas uictorias ætas nostra uidit,Cic,Tem visto muitas victorias a nossa epocha,
nomen,lilaLemma:113797,Fonseca,Fonseca1798.n19378.e01,Fonseca1798.n19378.sg01,Fonseca1798.n19378.sg01.s99,X,multis nominibus,Ovid,Por muitas razões,
pars,lilaLemma:116084,Fonseca,Fonseca1798.n21009.e01,Fonseca1798.n21009.sg01,Fonseca1798.n21009.sg01.s99,X,multis partibus,Cic,Muito,
multus,lilaLemma:112998,Faria,Faria1994.n19957.e01,Faria1994.n19957.sg01,Faria1994.n19957.sg01.s05,5,"multo die Cés. B. Gal. 1, 22, 4 “dia alto” Cés. B. Gal. 1, 26, 3.",,,
magis,lilaLemma:111271,Faria,Faria1994.n18702.e01,Faria1994.n18702.sg01,Faria1994.n18702.sg01.s04,4,Multo magis Cíc. Fam. 16. 19 “muito mais”:,,,
ago,lilaLemma:88140,Saraiva,Saraiva1910.xAgo,Saraiva1910.xAgo.sg01,Saraiva1910.xAgo.sg01.s13,13,multum agitur superciliis,Quint,As sobrancelhas ajudam muito a acção oratoria,
multus,lilaLemma:112998,Velez,Velez1744.n2171.e01,Velez1744.n2171.sg01,Velez1744.n2171.sg01.s99,X,"multus in aliquo, uel ad aliquid",,,"i, continuus"
multus,lilaLemma:112998,Fonseca,Fonseca1798.n18807.e01,Fonseca1798.n18807.sg01,Fonseca1798.n18807.sg01.s99,X,multus in opere,Sall,Assiduo no trabalho,
fides,lilaLemma:103260,Velez,Velez1744.n1345.e01,Velez1744.n1345.sg01,Velez1744.n1345.sg01.s99,X,mutare fidem,,"o mesmo, ou desfazer o contracto, ou pacto",
ab,lilaLemma:86824,Cardoso,Cardoso1570.n00003.e01,Cardoso1570.n00003.sg01,Cardoso1570.n00003.sg01.s01,1,nã peçaes cousa deshonesta,,,
magnus,lilaLemma:111319,Faria,Faria1994.n18730.e01,Faria1994.n18730.sg01,Faria1994.n18730.sg01.s05,5,natu major Cíc. Tusc.1. 3 “mais idoso”,,,
uideo,lilaLemma:130163,Saraiva,Saraiva1910.xVideo,Saraiva1910.xVideo.sg01,Saraiva1910.xVideo.sg01.s06,6,"nauem ut habeas, uidebis",Cic,Tracta de procurar um navio,
facio,lilaLemma:102758,Velez,Velez1744.n1303.e01,Velez1744.n1303.sg01,Velez1744.n1303.sg01.s99,X,ne longum faciam,,,"i, ut breviter dicam"
do,lilaLemma:99970,Saraiva,Saraiva1910.xDo,Saraiva1910.xDo.sg01,Saraiva1910.xDo.sg01.s09,9,ne nomina darent,Liv,Que não se alistassem,
ne3,lilaLemma:113490,Velez,Velez1744.n2206.e01,Velez1744.n2206.sg01,Velez1744.n2206.sg01.s02,2,ne nunc quidem,,nem ainda agora,
ne3,lilaLemma:113490,Velez,Velez1744.n2206.e01,Velez1744.n2206.sg01,Velez1744.n2206.sg01.s99,X,"ne plura. Ne multa, uel Ne multis",,,"subaudito dicam, vel aliud simile"
ab,lilaLemma:86824,Cardoso,Cardoso1570.n00003.e01,Cardoso1570.n00003.sg01,Cardoso1570.n00003.sg01.s01,1,ne quid ores ab re,,,idest. nihil absurdum
ne3,lilaLemma:113490,Faria,Faria1994.n20286.e01,Faria1994.n20286.sg01,Faria1994.n20286.sg01.s02,2,"ne sues quidem Cíc. Tusc. 1, 92 «nem sequer os porcos».",,,
uiuo,lilaLemma:130476,Faria,Faria1994.n34074.e01,Faria1994.n34074.sg01,Faria1994.n34074.sg01.s06,6,"Ne vivam, si scio Cíc. At. 4, 16, 8 «morto seja eu, se sei»;",,,
quidem,lilaLemma:121168,Faria,Faria1994.n26562.e01,Faria1994.n26562.sg01,Faria1994.n26562.sg01.s04,4,"Ne... quidem, v. ne.",,,
annus,lilaLemma:89129,Faria,Faria1994.n02220.e01,Faria1994.n02220.sg01,Faria1994.n02220.sg01.s02,2,nec arare terram aut expectare annum Tác. Germ. 14 «nem arar a terra nem esperar a colheita do ano».,,,
ago,lilaLemma:88140,Saraiva,Saraiva1910.xAgo,Saraiva1910.xAgo.sg01,Saraiva1910.xAgo.sg01.s08,8,nec dubia ago,Liv,Nada digo que seja duvidoso,
uideo,lilaLemma:130163,Saraiva,Saraiva1910.xVideo,Saraiva1910.xVideo.sg01,Saraiva1910.xVideo.sg01.s04,4,nec mihi iam patriam spes ulla uidendi,Virg,Eu não tinha esperança de tornar a ver a minha patria,
sum,lilaLemma:126689,Saraiva,Saraiva1910.xSum,Saraiva1910.xSum.sg01,Saraiva1910.xSum.sg01.s08,8,nec spes libertatis erat…,Virg,Nem eu tinha esperança de liberdade…,
uenio,lilaLemma:129790,Saraiva,Saraiva1910.xVenio,Saraiva1910.xVenio.sg01,Saraiva1910.xVenio.sg01.s15,15,nec uenit in mentem…,Virg,Nem te vem ao pensamento…,
nec,lilaLemma:113512,Velez,,,Velez1744.n2215.sg10.s01,1,necdum,,nem ainda,
dum,lilaLemma:100236,Velez,,,Velez1744.n2215.sg10.s01,1,necdum,,nem ainda,
nec,lilaLemma:113512,Fonseca,Fonseca1798.n19130.e01,Fonseca1798.n19130.sg01,Fonseca1798.n19130.sg01.s99,X,necne,Cic,Ou não,
nec,lilaLemma:113512,Velez,Velez1744.n2208.e01,Velez1744.n2208.sg01,Velez1744.n2208.sg01.s99,X,necne?,,Ou naõ?,
nec,lilaLemma:113512,Fonseca,Fonseca1798.n19130.e01,Fonseca1798.n19130.sg01,Fonseca1798.n19130.sg01.s99,X,necnon et,Ovid,Tambem,
nemo,lilaLemma:113605,Faria,Faria1994.n20365.e01,Faria1994.n20365.sg01,Faria1994.n20365.sg01.s01,1,"nemo homo Cíc. Nat. 2, 96 “nenhum homem”.",,,
nemo,lilaLemma:113605,Faria,Faria1994.n20364.e01,Faria1994.n20364.sg01,Faria1994.n20364.sg01.s01,1,"nemo non Cíc. Lae. 99, “todos, sem exceção”; non nemo Cíc. Cal. 4, 10 “alguns, algumas pessoas”.",,,
sum,lilaLemma:126689,Saraiva,Saraiva1910.xSum,Saraiva1910.xSum.sg01,Saraiva1910.xSum.sg01.s02,2,nemo quîcum essem libentius,Cic,Não havia pessoa alguma cuja sociedade eu preferisse,
ne,lilaLemma:113491,Velez,,,Velez1744.n2229.sg01.s01,1,nequando,,para que em nenhum tempo,
quando,lilaLemma:121084,Velez,,,Velez1744.n2229.sg01.s01,1,nequando,,para que em nenhum tempo,
habeo,lilaLemma:105044,Saraiva,Saraiva1910.xHabeo,Saraiva1910.xHabeo.sg01,Saraiva1910.xHabeo.sg01.s07,7,neque ea res falsum me habuit,Sall,Nem me enganou este acontecimento,
dico,lilaLemma:99302,Saraiva,Saraiva1910.xDico,Saraiva1910.xDico.sg01,Saraiva1910.xDico.sg01.s04,4,"neque silendus, neque dicendus sine cura",Vell,"O que Mithridates não deve sêr passado em silêncio, nem de quem se há de falar de leve",
ne,lilaLemma:113491,Velez,,,Velez1744.n2234.sg01.s01,1,nequi,,paraque ninguem,
qui,lilaLemma:121354,Velez,,,Velez1744.n2234.sg01.s01,1,nequi,,paraque ninguem,
ne,lilaLemma:113491,Velez,,,Velez1744.n2234.sg01.s01,1,nequis,,paraque ninguem,
quis,lilaLemma:121165,Velez,,,Velez1744.n2234.sg01.s01,1,nequis,,paraque ninguem,
facio,lilaLemma:102758,Saraiva,Saraiva1910.xFacio,Saraiva1910.xFacio.sg01,Saraiva1910.xFacio.sg01.s01,1,nescit quid faciat auro,Plaut,Não sabe que hade fazer do oiro,
ne3,lilaLemma:113490,Faria,Faria1994.n20285.e01,Faria1994.n20285.sg01,Faria1994.n20285.sg01.s01,1,nevolt Plaut. Most. 110 «não quer»,,,
nihil,lilaLemma:114071,Faria,Faria1994.n20513.e01,Faria1994.n20513.sg01,Faria1994.n20513.sg01.s06,6,nihil ad ‘nada em comparação com”. Cíc. De Or. 2. 25.,,,
nihil,lilaLemma:114071,Faria,Faria1994.n20513.e01,Faria1994.n20513.sg01,Faria1994.n20513.sg01.s05,5,"nihil ad te, ad me subent. attinet. “nada te importa, nada me importa”. Cíc. Pis. 68.",,,
ago,lilaLemma:88140,Saraiva,Saraiva1910.xAgo,Saraiva1910.xAgo.sg01,Saraiva1910.xAgo.sg01.s05,5,nihil agere,Cic,"Nada fazer, estar ocioso",
ago,lilaLemma:88140,Saraiva,Saraiva1910.xAgo,Saraiva1910.xAgo.sg01,Saraiva1910.xAgo.sg01.s05,5,nihil agere,Vell,"Perder o tempo, trabalhar em vão",
nihil,lilaLemma:114071,Faria,Faria1994.n20513.e01,Faria1994.n20513.sg01,Faria1994.n20513.sg01.s01,1,nihil agere C íc. C. M. 15 “nada fazer”.,,,
ago,lilaLemma:88140,Velez,Velez1744.n0201.e01,Velez1744.n0201.sg01,Velez1744.n0201.sg01.s99,X,nihil ago tecum,,nada tenho comvosco,
sum,lilaLemma:126689,Saraiva,Saraiva1910.xSum,Saraiva1910.xSum.sg01,Saraiva1910.xSum.sg01.s05,5,nihil est,Phaed,Não é nada,
nihil,lilaLemma:114071,Faria,Faria1994.n20513.e01,Faria1994.n20513.sg01,Faria1994.n20513.sg01.s04,4,"nihil est cur, quod, ut, “não há razão para que”. Cíc. Of. 1, 133.",,,
nihil,lilaLemma:114071,Faria,Faria1994.n20513.e01,Faria1994.n20513.sg01,Faria1994.n20513.sg01.s10,10,"nihil minus “absolutamente nada”, “o menos possível”. Cic. Of. 3. 81.",,,
nihil,lilaLemma:114071,Faria,Faria1994.n20513.e01,Faria1994.n20513.sg01,Faria1994.n20513.sg01.s03,3,nihil nec obsignatum nec occlusum Cíc. De Or. 2. 248 “nada nem de selado nem de fechado”.,,,
nihil,lilaLemma:114071,Faria,Faria1994.n20513.e01,Faria1994.n20513.sg01,Faria1994.n20513.sg01.s09,9,"nihil nisi, nihil aliud nisi “nada mais a não ser” T. Lív. 2, 29, 4.",,,
nihil,lilaLemma:114071,Faria,Faria1994.n20513.e01,Faria1994.n20513.sg01,Faria1994.n20513.sg01.s07,7,"nihil non “tudo, todo o possível” Cíc. Br. 140.",,,
nihil,lilaLemma:114071,Velez,Velez1744.n2246.e01,Velez1744.n2246.sg01,Velez1744.n2246.sg01.s99,X,nihil pensi habere,,naõ se lhe dar de nada,
uideo,lilaLemma:130163,Saraiva,Saraiva1910.xVideo,Saraiva1910.xVideo.sg01,Saraiva1910.xVideo.sg01.s04,4,nihil pericli est: me uide,Ter,Não há perigo; eu fico por isso,
possum,lilaLemma:118569,Saraiva,Saraiva1910.xPossum,Saraiva1910.xPossum.sg01,Saraiva1910.xPossum.sg01.s01,1,nihil posse contra…,Cic,Não ter poder algum contra…,
facio,lilaLemma:102758,Saraiva,Saraiva1910.xFacio,Saraiva1910.xFacio.sg01,Saraiva1910.xFacio.sg01.s03,3,nihil sibi reliqui facere,Cæs,Não reservar coisa alguma,
facio,lilaLemma:102758,Saraiva,Saraiva1910.xFacio,Saraiva1910.xFacio.sg01,Saraiva1910.xFacio.sg01.s08,8,nihili facio scire,Plaut,Não se me dá de o saber,
nihil,lilaLemma:114071,Faria,Faria1994.n20517.e01,Faria1994.n20517.sg01,Faria1994.n20517.sg01.s04,4,"nihilo beatior Cíc. Fin. 5, 83 “nada mais feliz”.",,,
habeo,lilaLemma:105044,Saraiva,Saraiva1910.xHabeo,Saraiva1910.xHabeo.sg01,Saraiva1910.xHabeo.sg01.s01,1,nil maius habemus,Ov,Nada tenho mais precioso,
multus,lilaLemma:112998,Faria,Faria1994.n19957.e01,Faria1994.n19957.sg01,Faria1994.n19957.sg01.s02,2,"nimium multa Cíc. Fam. 4,14,3 “demasiadas coisas”.",,,
fero,lilaLemma:103126,Saraiva,Saraiva1910.xFero,Saraiva1910.xFero.sg01,Saraiva1910.xFero.sg01.s13,13,"nisi illud, quod eo ferat, cognôris",Cic,Se tu não sabias o que conduz alli,
uideo,lilaLemma:130163,Saraiva,Saraiva1910.xVideo,Saraiva1910.xVideo.sg01,Saraiva1910.xVideo.sg01.s08,8,nisi quid aliud tibi uidebitur,Cic,A não ser que penses de modo differente,
habeo,lilaLemma:105044,Saraiva,Saraiva1910.xHabeo,Saraiva1910.xHabeo.sg01,Saraiva1910.xHabeo.sg01.s04,4,nisi quid habes ad hæc,Cic,A não sêr que tenhas alguma coisa a objectar,
accipio,lilaLemma:87119,Cardoso,Cardoso1570.n00253.e01,Cardoso1570.n00253.sg01,Cardoso1570.n00253.sg01.s01,1,nõ recte accipis,Terent,Não entendeis bem,
multus,lilaLemma:112998,Fonseca,Fonseca1798.n18807.e01,Fonseca1798.n18807.sg01,Fonseca1798.n18807.sg01.s99,X,nocte de multa,Cic,Alta noite,
multus,lilaLemma:112998,Fonseca,Fonseca1798.n18807.e01,Fonseca1798.n18807.sg01,Fonseca1798.n18807.sg01.s99,X,nocte multa,Cic,Alta noite,
aut,lilaLemma:90827,Faria,Faria1994.n03588.e01,Faria1994.n03588.sg01,Faria1994.n03588.sg01.s01,1,nolebas aut non audebas Cíc. Quinct. 39 «tu não querias. ou então não ousavas»,,,
do,lilaLemma:99970,Saraiva,Saraiva1910.xDo,Saraiva1910.xDo.sg01,Saraiva1910.xDo.sg01.s13,13,noli putare me hoc auribus tuis dare,Trebonius ap. Cic,Não julgaes que eu digo isto para te agradar,
sum,lilaLemma:126689,Saraiva,Saraiva1910.xSum,Saraiva1910.xSum.sg01,Saraiva1910.xSum.sg01.s01,1,nolite existimare me nullum fore,Cic,Não julgueis que eu não hei de existir mais,
dico,lilaLemma:99302,Velez,Velez1744.n1038.e01,Velez1744.n1038.sg01,Velez1744.n1038.sg01.s99,X,nomen dicere,,pôr nome,
sum,lilaLemma:126689,Saraiva,Saraiva1910.xSum,Saraiva1910.xSum.sg01,Saraiva1910.xSum.sg01.s08,8,nomen Mercurii est mihi,Plaut,O meu nome é Mercurio,
multus,lilaLemma:112998,Fonseca,Fonseca1798.n18807.e01,Fonseca1798.n18807.sg01,Fonseca1798.n18807.sg01.s99,X,nomen tuum multum in his locis,Cic,Falla-se muito de ti neste paiz,
nomen,lilaLemma:113797,Fonseca,Fonseca1798.n19378.e01,Fonseca1798.n19378.sg01,Fonseca1798.n19378.sg01.s99,X,nomina facere,Cic,Endividar-se,
de,lilaLemma:97932,Velez,Velez1744.n0953.e01,Velez1744.n0953.sg01,Velez1744.n0953.sg01.s99,X,non bonus est somnus de prandio,,,"i, post prandium"
do,lilaLemma:99970,Saraiva,Saraiva1910.xDo,Saraiva1910.xDo.sg01,Saraiva1910.xDo.sg01.s02,2,non dedit ut reducem patria uideret,Virg,Não lhe permittiu que tornasse a vêr a patria,
sum,lilaLemma:126689,Saraiva,Saraiva1910.xSum,Saraiva1910.xSum.sg01,Saraiva1910.xSum.sg01.s04,4,non est effugere,Mart,Não se póde evitar;,
is,lilaLemma:109083,Faria,Faria1994.n17022.e01,Faria1994.n17022.sg01,Faria1994.n17022.sg01.s08,8,"non est in eo C íc. A t. 12, 40. 4 “não é a este ponto”.",,,
meus,lilaLemma:112262,Faria,Faria1994.n19460.e01,Faria1994.n19460.sg01,Faria1994.n19460.sg01.s04,4,non est meum Ter. Heaut. 549 “não é minha maneira de”.,,,
sum,lilaLemma:126689,Saraiva,Saraiva1910.xSum,Saraiva1910.xSum.sg01,Saraiva1910.xSum.sg01.s04,4,non est peruidere,Plin,não se póde discernir,
sum,lilaLemma:126689,Saraiva,Saraiva1910.xSum,Saraiva1910.xSum.sg01,Saraiva1910.xSum.sg01.s04,4,non est ut mirandum sit…,Cic,Não ha de que haver admiração…,
facio,lilaLemma:102758,Saraiva,Saraiva1910.xFacio,Saraiva1910.xFacio.sg01,Saraiva1910.xFacio.sg01.s11,11,non faciet capiti corona meo,Prop,Não assentará bem á minha cabeça esta coroa,
fero,lilaLemma:103126,Saraiva,Saraiva1910.xFero,Saraiva1910.xFero.sg01,Saraiva1910.xFero.sg01.s05,5,non feret quin uapulet,Plaut,Não ficará sem levar um bom castigo,
dico,lilaLemma:99302,Saraiva,Saraiva1910.xDico,Saraiva1910.xDico.sg01,Saraiva1910.xDico.sg01.s03,3,non idem loqui quod dicere,Cic,Não é o mesmo fallar e manejar a palavra,
sum,lilaLemma:126689,Saraiva,Saraiva1910.xSum,Saraiva1910.xSum.sg01,Saraiva1910.xSum.sg01.s05,5,non is sum qui,,,Ved. Is
is,lilaLemma:109083,Faria,Faria1994.n17022.e01,Faria1994.n17022.sg01,Faria1994.n17022.sg01.s04,4,"non is vir est, ut ou qui ... sentiat Cíc. Flac. 34 «ele não é um homem tal que compreenda».",,,
ita,lilaLemma:109126,Velez,Velez1744.n1867.e01,Velez1744.n1867.sg01,Velez1744.n1867.sg01.s02,2,"non ita, & c",,,"i, non valdè"
uideo,lilaLemma:130163,Saraiva,Saraiva1910.xVideo,Saraiva1910.xVideo.sg01,Saraiva1910.xVideo.sg01.s08,8,non mihi uidetur satis posse uirtutem ad…,Cic,Não me parece que a virtude seja sufficiente para…,
modo,lilaLemma:113289,Faria,Faria1994.n19698.e01,Faria1994.n19698.sg01,Faria1994.n19698.sg01.s03,3,"non modo consilio, verum etiam casu Cíc. Agr. 2, 6 «não digo com reflexão, mas mesmo por acaso».",,,
habeo,lilaLemma:105044,Saraiva,Saraiva1910.xHabeo,Saraiva1910.xHabeo.sg01,Saraiva1910.xHabeo.sg01.s10,10,non nauci habeo augurem,Enn,Não tenho em conta alguma o agoureiro,
nihil,lilaLemma:114071,Faria,Faria1994.n20513.e01,Faria1994.n20513.sg01,Faria1994.n20513.sg01.s08,8,"Non nihil «alguma coisa» Cíc. Fam. 4, 14, 2.",,,
uenio,lilaLemma:129790,Saraiva,Saraiva1910.xVenio,Saraiva1910.xVenio.sg01,Saraiva1910.xVenio.sg01.s09,9,non omne argumentum undique uenit,Quint,Não é de toda a parte que veem os argumentos,
possum,lilaLemma:118569,Saraiva,Saraiva1910.xPossum,Saraiva1910.xPossum.sg01,Saraiva1910.xPossum.sg01.s01,1,non omnia possumus,Virg,Não somos capazes de tudo,
possum,lilaLemma:118569,Saraiva,Saraiva1910.xPossum,Saraiva1910.xPossum.sg01,Saraiva1910.xPossum.sg01.s01,1,non possum non…,Cic,"Não posso deixar de, sou obrigado a, é necessário que eu…",
possum,lilaLemma:118569,Saraiva,Saraiva1910.xPossum,Saraiva1910.xPossum.sg01,Saraiva1910.xPossum.sg01.s01,1,non possum quin,Plaut. Cic,"Não posso deixar de, sou obrigado a, é necessário que eu…",
possum,lilaLemma:118569,Saraiva,Saraiva1910.xPossum,Saraiva1910.xPossum.sg01,Saraiva1910.xPossum.sg01.s06,6,non potest,Ter,"Não pode sêr, não é possível",
possum,lilaLemma:118569,Faria,Faria1994.n24668.e01,Faria1994.n24668.sg01,Faria1994.n24668.sg01.s03,3,"non potest ‘não é possível, é impossível’ Ter. Phorm. 303; Cíc. Tusc. 1, 23.",,,
sum,lilaLemma:126689,Saraiva,Saraiva1910.xSum,Saraiva1910.xSum.sg01,Saraiva1910.xSum.sg01.s08,8,non sapientis est…,Cic,Ao sabio não convem…,
fero,lilaLemma:103126,Saraiva,Saraiva1910.xFero,Saraiva1910.xFero.sg01,Saraiva1910.xFero.sg01.s09,9,non sat idoneus pugnæ ferebaris,Hor,Tu eras reputado pouco capaz de combater,
non,lilaLemma:114108,Faria,Faria1994.n20637.e01,Faria1994.n20637.sg01,Faria1994.n20637.sg01.s05,5,"non semper otio studui? Cíc. Phil. 8, 11 “por acaso não procurei sempre o repouso?”.",,,
uolo,lilaLemma:130745,Saraiva,Saraiva1910.xVolo,Saraiva1910.xVolo.sg01,Saraiva1910.xVolo.sg01.s03,3,non sibi male uult,Petr,"Elle passa bem, tracta-se bem",
alius,lilaLemma:88481,Velez,Velez1744.n0233.e01,Velez1744.n0233.sg01,Velez1744.n0233.sg01.s01,1,"non sum alius ab eo, qui fueram",,,
apud,lilaLemma:89686,Velez,Velez1744.n0347.e01,Velez1744.n0347.sg01,Velez1744.n0347.sg01.s01,1,non sum apud me,,naõ estou em mim,
pars,lilaLemma:116084,Velez,Velez1744.n2477.e01,Velez1744.n2477.sg01,Velez1744.n2477.sg01.s99,X,"non sunt meae partes, uel mearum partium non est",,"naõ he meu officio, ou obrigaçaõ",
uideo,lilaLemma:130163,Saraiva,Saraiva1910.xVideo,Saraiva1910.xVideo.sg01,Saraiva1910.xVideo.sg01.s07,7,non uidit cuiusquam e suis funus,Nep,Não perdeu algum dos seus,
non,lilaLemma:114108,Velez,Velez1744.n2258.e01,Velez1744.n2258.sg01,Velez1744.n2258.sg01.s99,X,nonnihilo,,em alguma cousa,
nullus,lilaLemma:114081,Fonseca,Fonseca1798.n19530.e01,Fonseca1798.n19530.sg01,Fonseca1798.n19530.sg01.s99,X,nonnullus,Cic,Algum,
uenio,lilaLemma:129790,Saraiva,Saraiva1910.xVenio,Saraiva1910.xVenio.sg01,Saraiva1910.xVenio.sg01.s13,13,nonnunquam res ad manus ueniebat,Cic,Algumas vezes chegavam ás unhas em um festim,
habeo,lilaLemma:105044,Saraiva,Saraiva1910.xHabeo,Saraiva1910.xHabeo.sg01,Saraiva1910.xHabeo.sg01.s01,1,nos Amaryllis habet,Virg,"Amaryllida é senhora de mim, eu sou escravo de Amaryllida",
noster,lilaLemma:113882,Faria,Faria1994.n20676.e01,Faria1994.n20676.sg01,Faria1994.n20676.sg01.s03,3,noster Ter. Eun. 154 “meu senhor”.,,,
uenio,lilaLemma:129790,Saraiva,Saraiva1910.xVenio,Saraiva1910.xVenio.sg01,Saraiva1910.xVenio.sg01.s01,1,nostra nauis huc uenit,Plaut,O nosso navio chegou aqui,
habeo,lilaLemma:105044,Saraiva,Saraiva1910.xHabeo,Saraiva1910.xHabeo.sg01,Saraiva1910.xHabeo.sg01.s07,7,nostram adolescentiam habent despicatam,Ter,Elles olham com desdem para a nossa mocidade,
nouus,lilaLemma:113900,Faria,Faria1994.n20735.e01,Faria1994.n20735.sg01,Faria1994.n20735.sg01.s10,10,"novissimum agmen Cés. B. Gal. I, 15, 2 «a retaguarda».",,,
nudius,lilaLemma:113942,Velez,,,Velez1744.n2273.sg01.s01,1,nudiustertius,Adverb.,antehontem,
tertius,lilaLemma:127957,Velez,,,Velez1744.n2273.sg01.s01,1,nudiustertius,Adverb.,antehontem,
ago,lilaLemma:88140,Velez,Velez1744.n0201.e01,Velez1744.n0201.sg01,Velez1744.n0201.sg01.s99,X,nugas agere,,"zombar, ou facetear",
habeo,lilaLemma:105044,Saraiva,Saraiva1910.xHabeo,Saraiva1910.xHabeo.sg01,Saraiva1910.xHabeo.sg01.s02,2,nullas uestes habet,Ov,"Não tem o Amor vestido algum, está nú",
ago,lilaLemma:88140,Saraiva,Saraiva1910.xAgo,Saraiva1910.xAgo.sg01,Saraiva1910.xAgo.sg01.s02,2,nullis casibus agi,Nep,"Não se abalar por aventura alguma, ser constante",
nullus,lilaLemma:114081,Fonseca,Fonseca1798.n19530.e01,Fonseca1798.n19530.sg01,Fonseca1798.n19530.sg01.s99,X,nullum habere aliquem,Cic,Não fazer caso de alguem,
nullus,lilaLemma:114081,Fonseca,Fonseca1798.n19530.e01,Fonseca1798.n19530.sg01,Fonseca1798.n19530.sg01.s99,X,nullus non,Cic,Todos,
uenio,lilaLemma:129790,Saraiva,Saraiva1910.xVenio,Saraiva1910.xVenio.sg01,Saraiva1910.xVenio.sg01.s11,11,nullus non in orationem uenit,Quint,Muitos d’estes pés rhythmicos conveem á prosa,
nullus,lilaLemma:114081,Fonseca,Fonseca1798.n19530.e01,Fonseca1798.n19530.sg01,Fonseca1798.n19530.sg01.s99,X,nullus sum,Ter,Estou perdido,
nullus,lilaLemma:114081,Faria,Faria1994.n20779.e01,Faria1994.n20779.sg01,Faria1994.n20779.sg01.s03,3,"nullus sum T. Lív. 6, 18. 8 «estou aniquilado».",,,
debeo,lilaLemma:97963,Saraiva,Saraiva1910.xDebeo,Saraiva1910.xDebeo.sg01,Saraiva1910.xDebeo.sg01.s02,2,num debuerunt ferre arma?,Cic,Deviam eles pegar em armas?,
quis,lilaLemma:121165,Faria,Faria1994.n26653.e01,Faria1994.n26653.sg01,Faria1994.n26653.sg01.s04,4,"num quis...? Cíc. Nat. 3, 87 “acaso alguém...?”.",,,
refero,lilaLemma:122494,Velez,Velez1744.n2926.e01,Velez1744.n2926.sg01,Velez1744.n2926.sg01.s01,1,numerum referre,,contar;,
in,lilaLemma:106748,Velez,Velez1744.n1646.e01,Velez1744.n1646.sg01,Velez1744.n1646.sg01.s07,7,nummos diuidere in uiros,,pelos homens,
uideo,lilaLemma:130163,Saraiva,Saraiva1910.xVideo,Saraiva1910.xVideo.sg01,Saraiva1910.xVideo.sg01.s06,6,nunc ea uideamus quæ…,Cic,"Vejamos, examinemos agora o que…",
nunc,lilaLemma:113990,Fonseca,Fonseca1798.n19555.e01,Fonseca1798.n19555.sg01,Fonseca1798.n19555.sg01.s99,X,"nunc huc, nunc illuc",Virg,"Já para aqui, já para alli",
nunc,lilaLemma:113990,Fonseca,Fonseca1798.n19555.e01,Fonseca1798.n19555.sg01,Fonseca1798.n19555.sg01.s99,X,nunc ipsum,Cic,Neste mesmo instante,
nunc,lilaLemma:113990,Fonseca,Fonseca1798.n19555.e01,Fonseca1798.n19555.sg01,Fonseca1798.n19555.sg01.s99,X,nunc nunc,Plaut,Neste mesmo instante,
uolo,lilaLemma:130745,Saraiva,Saraiva1910.xVolo,Saraiva1910.xVolo.sg01,Saraiva1910.xVolo.sg01.s02,2,nunc plantaria uellet Perseos,V. Fl,Elle quizera ter as azas talares de Perseu,
do,lilaLemma:99970,Velez,Velez1744.n1100.e01,Velez1744.n1100.sg01,Velez1744.n1100.sg01.s99,X,"nunc quamobrem has partes didicerim, paucis dabo",,direi em poucas palavras,
uolo,lilaLemma:130745,Saraiva,Saraiva1910.xVolo,Saraiva1910.xVolo.sg01,Saraiva1910.xVolo.sg01.s02,2,nunquid uis?,,,Ved. Nunquis
num,lilaLemma:113791,Velez,,,Velez1744.n2281.sg01.s01,1,nunquis,,por ventura alguem?,
quis,lilaLemma:121165,Velez,,,Velez1744.n2281.sg01.s01,1,nunquis,,por ventura alguem?,
atque,lilaLemma:90490,Faria,Faria1994.n03333.e01,Faria1994.n03333.sg01,Faria1994.n03333.sg01.s03,3,"o poema tenerum et moratum atque mlle Cíc. Dív. 1, 66 «ó poema fraco, arrastado e mole».",,,
uideo,lilaLemma:130163,Saraiva,Saraiva1910.xVideo,Saraiva1910.xVideo.sg01,Saraiva1910.xVideo.sg01.s08,8,"obiurgaui senatum, ut mihi uisus sum…",Cic,"Increpei o senado, segundo me pareceu…",
obuiam,lilaLemma:115487,Velez,,,Velez1744.n2338.sg01.s01,1,obuiam alicui fieri,,sair ao encontro,
aliquis,lilaLemma:91108,Velez,,,Velez1744.n2338.sg01.s01,1,obuiam alicui fieri,,sair ao encontro,
fio,lilaLemma:103328,Velez,,,Velez1744.n2338.sg01.s01,1,obuiam alicui fieri,,sair ao encontro,
obuiam,lilaLemma:115487,Velez,,,Velez1744.n2338.sg01.s01,1,obuiam alicui uenire,,sair ao encontro,
aliquis,lilaLemma:91108,Velez,,,Velez1744.n2338.sg01.s01,1,obuiam alicui uenire,,sair ao encontro,
uenio,lilaLemma:129790,Velez,,,Velez1744.n2338.sg01.s01,1,obuiam alicui uenire,,sair ao encontro,
manus,lilaLemma:111585,Faria,Faria1994.n18917.e01,Faria1994.n18917.sg01,Faria1994.n18917.sg01.s02,2,"occasio in manibus est T. Lív. 7, 36, 10 “a ocasião está nas mãos”; inter manus esse Verg. En. 11, 311 “estar entre as mãos, i. e., palpável, manifesto”.",,,
habeo,lilaLemma:105044,Saraiva,Saraiva1910.xHabeo,Saraiva1910.xHabeo.sg01,Saraiva1910.xHabeo.sg01.s06,6,odii nihil habet,Cic,"Não é malquisto, não tem inimigos",
fero,lilaLemma:103126,Saraiva,Saraiva1910.xFero,Saraiva1910.xFero.sg01,Saraiva1910.xFero.sg01.s04,4,"omnia fert ætas, animum quoque",Virg,"O tempo tudo leva, até a memoria",
possum,lilaLemma:118569,Saraiva,Saraiva1910.xPossum,Saraiva1910.xPossum.sg01,Saraiva1910.xPossum.sg01.s01,1,omnia posse,Liv,"Sêr omnipotente, sêr absoluto",
habeo,lilaLemma:105044,Velez,Velez1744.n1491.e01,Velez1744.n1491.sg01,Velez1744.n1491.sg01.s99,X,"omnia susque, deque habet, uel fert",,"tudo leva com igual animo, de nada se lhe dá",
tum,lilaLemma:129198,Velez,Velez1744.n3470.e01,Velez1744.n3470.sg01,Velez1744.n3470.sg01.s02,2,"omnia tum rebus, tum personis accommodata",,,
credo,lilaLemma:96881,Velez,Velez1744.n0891.e01,Velez1744.n0891.sg01,Velez1744.n0891.sg01.s03,3,"omnia, credo, uidisti",,,
do,lilaLemma:99970,Velez,Velez1744.n1100.e01,Velez1744.n1100.sg01,Velez1744.n1100.sg01.s99,X,"operam dare litteris, & c",,"applicar-se ás letras, etc",
quis,lilaLemma:121165,Velez,Velez1744.n2888.e01,Velez1744.n2888.sg01,Velez1744.n2888.sg01.s01,1,optima quaeque,,todas as cousas boas;,
ago,lilaLemma:88140,Saraiva,Saraiva1910.xAgo,Saraiva1910.xAgo.sg01,Saraiva1910.xAgo.sg01.s10,10,optime agitur cum aliquo,Cic,Corre muito bem a alguem,
teneo,lilaLemma:127822,Velez,Velez1744.n3365.e01,Velez1744.n3365.sg01,Velez1744.n3365.sg01.s99,X,ora tenebant,,,"i, tacebant"
debeo,lilaLemma:97963,Saraiva,Saraiva1910.xDebeo,Saraiva1910.xDebeo.sg01,Saraiva1910.xDebeo.sg01.s02,2,oratio deberi non potest iuuentuti,Cic,É mister publicar este discurso para a mocidade,
pars,lilaLemma:116084,Faria,Faria1994.n22363.e01,Faria1994.n22363.sg01,Faria1994.n22363.sg01.s03,3,orientis partes Cíc. Mur. 89 “as regiões do Oriente”.,,,
ago,lilaLemma:88140,Velez,Velez1744.n0201.e01,Velez1744.n0201.sg01,Velez1744.n0201.sg01.s99,X,pacifice egit mecum,,,"i, tractavit"
do,lilaLemma:99970,Velez,Velez1744.n1100.e01,Velez1744.n1100.sg01,Velez1744.n1100.sg01.s99,X,paenas dare,,ser castigado,
sum,lilaLemma:126689,Saraiva,Saraiva1910.xSum,Saraiva1910.xSum.sg01,Saraiva1910.xSum.sg01.s01,1,pæne tibi fuit Phronesium,Ter,Quasi que ficaste sem Phronesio,
facio,lilaLemma:102758,Saraiva,Saraiva1910.xFacio,Saraiva1910.xFacio.sg01,Saraiva1910.xFacio.sg01.s06,6,paries uentrem facit,Dig,"A parede faz barriga, bojo",
pars,lilaLemma:116084,Fonseca,Fonseca1798.n21009.e01,Fonseca1798.n21009.sg01,Fonseca1798.n21009.sg01.s99,X,pars bona hominum,Hor,"A maior parte, ou huma boa parte dos homens",
pars,lilaLemma:116084,Fonseca,Fonseca1798.n21009.e01,Fonseca1798.n21009.sg01,Fonseca1798.n21009.sg01.s99,X,pars magna lacte uiuunt,Caes,A maior parte se sustenta de leite,
pars,lilaLemma:116084,Faria,Faria1994.n22363.e01,Faria1994.n22363.sg01,Faria1994.n22363.sg01.s06,6,"pars... pars, “uns... outros” T. Lív. 22. 8. 2.",,,
pars,lilaLemma:116084,Faria,Faria1994.n22363.e01,Faria1994.n22363.sg01,Faria1994.n22363.sg01.s07,7,"parte... parte “em parte” Ov. Mel. 3, 483.",,,
pars,lilaLemma:116084,Fonseca,Fonseca1798.n21009.e01,Fonseca1798.n21009.sg01,Fonseca1798.n21009.sg01.s99,X,partes priores apud aliquem habere,Ter,Ter o primeiro lugar na estimação de alguem,
paruus,lilaLemma:116136,Velez,Velez1744.n2483.e01,Velez1744.n2483.sg01,Velez1744.n2483.sg01.s99,X,parui,,"pouco, ou em pouco","cum Interest. vel Refert, & verbis aestimandi"
sum,lilaLemma:126689,Saraiva,Saraiva1910.xSum,Saraiva1910.xSum.sg01,Saraiva1910.xSum.sg01.s07,7,parui sunt foris arma,Cic,As armas não valem de coisa alguma no exterior,
parum,lilaLemma:116130,Velez,Velez1744.n2482.e01,Velez1744.n2482.sg01,Velez1744.n2482.sg01.s01,1,parum splendoris,,,
pater,lilaLemma:116203,Fonseca,Fonseca1798.n21104.e01,Fonseca1798.n21104.sg01,Fonseca1798.n21104.sg01.s99,X,pater coenae,Hor,O que dá o banquete,
pater,lilaLemma:116203,Fonseca,Fonseca1798.n21104.e01,Fonseca1798.n21104.sg01,Fonseca1798.n21104.sg01.s99,X,pater patratus,Liv,"Sacerdote, que declarava a paz, e a guerra",
pater,lilaLemma:116203,Fonseca,Fonseca1798.n21104.e01,Fonseca1798.n21104.sg01,Fonseca1798.n21104.sg01.s99,X,pater Romanus,Virg,Imperador Romano,
pater,lilaLemma:116203,Faria,Faria1994.n22464.e01,Faria1994.n22464.sg01,Faria1994.n22464.sg01.s09,9,"pater stoicorum Cíc. Nat. 3, 23 «fundador do estoicismo».",,,
pater,lilaLemma:116203,Velez,Velez1744.n2490.e01,Velez1744.n2490.sg01,Velez1744.n2490.sg01.s99,X,"paterfamilias, uel familiae",,o pay de familias,
pater,lilaLemma:116203,Velez,Velez1744.n2490.e01,Velez1744.n2490.sg01,Velez1744.n2490.sg01.s99,X,paterpatratus,,"o Prelado dos Sacerdotes Feciaes, o qual denunciava as guerras, e fazia concertos de paz",
pater,lilaLemma:116203,Faria,Faria1994.n22464.e01,Faria1994.n22464.sg01,Faria1994.n22464.sg01.s01,1,patre certo nasci Cíc. Amer. 46 “nascer de pai conhecido”.,,,
pater,lilaLemma:116203,Fonseca,Fonseca1798.n21104.e01,Fonseca1798.n21104.sg01,Fonseca1798.n21104.sg01.s99,X,patres conscripti,Cic,Senadores Romanos,
pater,lilaLemma:116203,Velez,Velez1744.n2490.e01,Velez1744.n2490.sg01,Velez1744.n2490.sg01.s99,X,patres Conscripti,,Senadores Romanos;,
refero,lilaLemma:122494,Velez,Velez1744.n2926.e01,Velez1744.n2926.sg01,Velez1744.n2926.sg01.s99,X,"patris mores, os, uultumque refert",,"parece-se com o pay nos costumes, e feiçoens;",
uolo,lilaLemma:130745,Saraiva,Saraiva1910.xVolo,Saraiva1910.xVolo.sg01,Saraiva1910.xVolo.sg01.s02,2,paucis te uolo,Ter,Desejo dar-te duas palavras,
homo,lilaLemma:105624,Fonseca,Fonseca1798.n13559.e01,Fonseca1798.n13559.sg01,Fonseca1798.n13559.sg01.s99,X,paucorum hominum est,Hor,"He retirado, e de pouca communicação",
do,lilaLemma:99970,Velez,Velez1744.n1100.e01,Velez1744.n1100.sg01,Velez1744.n1100.sg01.s99,X,pecuniam a trapezita alicui dare,,dar a alguem dinheiro tirando-o do camdiador,
per,lilaLemma:116569,Velez,Velez1744.n2523.e01,Velez1744.n2523.sg01,Velez1744.n2523.sg01.s99,X,per aetatem,,conforme a idade;,
per,lilaLemma:116569,Faria,Faria1994.n22800.e01,Faria1994.n22800.sg01,Faria1994.n22800.sg01.s02,2,"per corpora Cés. B. Gal. 2, 10, 2 “atravessar por cima dos cadáveres”.",,,
per,lilaLemma:116569,Faria,Faria1994.n22800.e01,Faria1994.n22800.sg01,Faria1994.n22800.sg01.s08,8,per deos! Cíc. Of. 2. 5 “em nome dos deuses”.,,,
per,lilaLemma:116569,Faria,Faria1994.n22800.e01,Faria1994.n22800.sg01,Faria1994.n22800.sg01.s01,1,"per forum Cíc. AI. 14, 16, 2 “pelo foro”.",,,
uenio,lilaLemma:129790,Saraiva,Saraiva1910.xVenio,Saraiva1910.xVenio.sg01,Saraiva1910.xVenio.sg01.s06,6,per ilia uenit arundo,Virg,A flecha varou-lhe as ilhargas,
per,lilaLemma:116569,Faria,Faria1994.n22800.e01,Faria1994.n22800.sg01,Faria1994.n22800.sg01.s07,7,"per imprudentiam vestram Cíc. Agr. 2, 25 “por causa de vossa imprudência”.",,,
per,lilaLemma:116569,Faria,Faria1994.n22800.e01,Faria1994.n22800.sg01,Faria1994.n22800.sg01.s06,6,"per litteras Cíc. Fam. 2. 6. 2 “por carta, isto é: por meio de uma carta”.",,,
per,lilaLemma:116569,Faria,Faria1994.n22800.e01,Faria1994.n22800.sg01,Faria1994.n22800.sg01.s03,3,"per ora vestra incedunt Sal. B. Jug. 31, 10 “passam diante dos olhos”.",,,
sum,lilaLemma:126689,Saraiva,Saraiva1910.xSum,Saraiva1910.xSum.sg01,Saraiva1910.xSum.sg01.s01,1,per quinquennia iam decem fuimus,Prud,Já tenho vivido cincoenta annos,
per,lilaLemma:116569,Velez,Velez1744.n2523.e01,Velez1744.n2523.sg01,Velez1744.n2523.sg01.s02,2,per speciem,,debaixo da apparencia,
tempus,lilaLemma:127522,Faria,Faria1994.n31440.e01,Faria1994.n31440.sg01,Faria1994.n31440.sg01.s14,14,Per tempus ‘oportunamente’ Plaut. Men. 139.,,,
per,lilaLemma:116569,Faria,Faria1994.n22800.e01,Faria1994.n22800.sg01,Faria1994.n22800.sg01.s05,5,per triennium Cíc. Verr. 4. 136 “durante 3 anos”.,,,
per,lilaLemma:116569,Velez,Velez1744.n2523.e01,Velez1744.n2523.sg01,Velez1744.n2523.sg01.s02,2,per tutelam,,,"i, sub praetextu tutelae"
per,lilaLemma:116569,Velez,Velez1744.n2523.e01,Velez1744.n2523.sg01,Velez1744.n2523.sg01.s03,3,"peracerbus, Peramo",,,"id est, valdè Acerbus, valdè Amo"
ut,lilaLemma:130906,Faria,Faria1994.n33117.e11,Faria1994.n33117.sg11,Faria1994.n33117.sg11.s05,5,"perge ut instituisti Cíc. De Or. 2, 124 “continua como começaste”.",,,
fero,lilaLemma:103126,Saraiva,Saraiva1910.xFero,Saraiva1910.xFero.sg01,Saraiva1910.xFero.sg01.s11,11,"pericles, cuius scripta quædam feruntur",Cic,"Pericles, de quem restam alguns escriptos",
facio,lilaLemma:102758,Velez,Velez1744.n1303.e01,Velez1744.n1303.sg01,Velez1744.n1303.sg01.s99,X,periculum facere,,"experimentar, provar, tentar",
fortuna,lilaLemma:103696,Fonseca,Fonseca1798.n12178.e01,Fonseca1798.n12178.sg01,Fonseca1798.n12178.sg01.s99,X,periculum fortunae facere,Cic,Tentar a fortuna,
eo,lilaLemma:101183,Velez,Velez1744.n1182.e01,Velez1744.n1182.sg01,Velez1744.n1182.sg01.s99,X,pessum ire,,"tornar para traz, ou ir ao fundo",
peto,lilaLemma:117549,Fonseca,Fonseca1798.n22343.e01,Fonseca1798.n22343.sg01,Fonseca1798.n22343.sg01.s99,X,petere aliquem dextra,Virg,Pegar na mão direita a alguem,
peto,lilaLemma:117549,Velez,Velez1744.n2568.e01,Velez1744.n2568.sg01,Velez1744.n2568.sg01.s01,1,"petere aliquem iaculis, uel gladio",,,"id est, invadere"
peto,lilaLemma:117549,Fonseca,Fonseca1798.n22343.e01,Fonseca1798.n22343.sg01,Fonseca1798.n22343.sg01.s99,X,petere aliquem lapidibus,Cic,Apedrejar alguem,
peto,lilaLemma:117549,Velez,Velez1744.n2568.e01,Velez1744.n2568.sg01,Velez1744.n2568.sg01.s01,1,petere auribus,,,"i, audire, & c"
peto,lilaLemma:117549,Velez,Velez1744.n2568.e01,Velez1744.n2568.sg01,Velez1744.n2568.sg01.s01,1,petere blanditiis,,,"i, blandiri"
peto,lilaLemma:117549,Fonseca,Fonseca1798.n22343.e01,Fonseca1798.n22343.sg01,Fonseca1798.n22343.sg01.s99,X,petere consulatum,Cic,Pertender a dignidade de Consul,
peto,lilaLemma:117549,Fonseca,Fonseca1798.n22343.e01,Fonseca1798.n22343.sg01,Fonseca1798.n22343.sg01.s99,X,petere iugulum,Cic,Procurar a morte,
peto,lilaLemma:117549,Velez,Velez1744.n2568.e01,Velez1744.n2568.sg01,Velez1744.n2568.sg01.s01,1,petere oculis,,,"i, contemplari;"
peto,lilaLemma:117549,Fonseca,Fonseca1798.n22343.e01,Fonseca1798.n22343.sg01,Fonseca1798.n22343.sg01.s99,X,petere poenas ab aliquo,Cic,Procurar o castigo de alguem,
dico,lilaLemma:99302,Saraiva,Saraiva1910.xDico,Saraiva1910.xDico.sg01,Saraiva1910.xDico.sg01.s10,10,platonem uidelicet dicis,Cic,Platão é de quem tu queres fallar,
facio,lilaLemma:102758,Saraiva,Saraiva1910.xFacio,Saraiva1910.xFacio.sg01,Saraiva1910.xFacio.sg01.s11,11,plurimum facit totas diligenter nosse causas,Quint,É útil ter profundo conhecimento de todas as causas,
pono,lilaLemma:118414,Velez,Velez1744.n2637.e01,Velez1744.n2637.sg01,Velez1744.n2637.sg01.s99,X,pone eum esse uictum,,"ponde caso, ou supponde, que foy vencido",
pono,lilaLemma:118414,Fonseca,Fonseca1798.n22976.e01,Fonseca1798.n22976.sg01,Fonseca1798.n22976.sg01.s99,X,ponere barbam,Hor,"Rapar, ou fazer a barba",
pono,lilaLemma:118414,Fonseca,Fonseca1798.n22976.e01,Fonseca1798.n22976.sg01,Fonseca1798.n22976.sg01.s99,X,ponere capillos,Ovid,"Pentear, concertar os cabellos",
pono,lilaLemma:118414,Velez,Velez1744.n2637.e01,Velez1744.n2637.sg01,Velez1744.n2637.sg01.s01,1,"ponere custodias portis, nomina rebus, modum orationi, & c",,,
pono,lilaLemma:118414,Fonseca,Fonseca1798.n22976.e01,Fonseca1798.n22976.sg01,Fonseca1798.n22976.sg01.s99,X,ponere Deum coloribus,Hor,Pintar hum idolo,
pono,lilaLemma:118414,Fonseca,Fonseca1798.n22976.e01,Fonseca1798.n22976.sg01,Fonseca1798.n22976.sg01.s99,X,ponere uitia,Cic,Deixar os vicios,
ad,lilaLemma:87344,Faria,Faria1994.n00519.e01,Faria1994.n00519.sg01,Faria1994.n00519.sg01.s04,4,"pons qui erat ad Genavam Cés. B. Gal. 1, 7, 2 “ponte que havia perto de Genebra” fuit ad me Cíc. At. 10, 4, 8 “esteve junto de mim ou em minha casa”; ad populum agere Cíc. Phil. 12, 17 “falar perante o povo”; ad laevam, ad dextram Cíc. Tim. 48 “ à esquerda, à direita”.",,,
pono,lilaLemma:118414,Velez,Velez1744.n2637.e01,Velez1744.n2637.sg01,Velez1744.n2637.sg01.s99,X,ponunt ferocia corda,,poem de parte,"i, deponunt"
in,lilaLemma:106748,Velez,Velez1744.n1646.e01,Velez1744.n1646.sg01,Velez1744.n1646.sg01.s06,6,portus curuatur in arcum,,"em arco, ou á maneira de arco",
is,lilaLemma:109083,Faria,Faria1994.n17022.e01,Faria1994.n17022.sg01,Faria1994.n17022.sg01.s09,9,"poscere quaestionem, id est, jubere dicere Cíc. Fin. 2, 1 “solicitar uma pergunta, i.e., convidar a dizer”.",,,
possum,lilaLemma:118569,Saraiva,Saraiva1910.xPossum,Saraiva1910.xPossum.sg01,Saraiva1910.xPossum.sg01.s01,1,possum scire…?,Cic,Posso saber…?,
post,lilaLemma:118572,Velez,,,Velez1744.n2655.sg01.s01,1,postea,Adverb.,depois disso,
is,lilaLemma:109083,Velez,,,Velez1744.n2655.sg01.s01,1,postea,Adverb.,depois disso,
postea,lilaLemma:118575,Velez,,,Velez1744.n2664.sg01.s01,1,posteaquam,,depois que,
quam,lilaLemma:74492,Velez,,,Velez1744.n2664.sg01.s01,1,posteaquam,,depois que,
post,lilaLemma:118572,Velez,,,Velez1744.n2662.sg01.s01,1,postmodo,,pouco depois,
modo,lilaLemma:113289,Velez,,,Velez1744.n2662.sg01.s01,1,postmodo,,pouco depois,
post,lilaLemma:118572,Velez,,,Velez1744.n2662.sg01.s01,1,postmodum,,pouco depois,2. b.
modus,lilaLemma:112553,Velez,,,Velez1744.n2662.sg01.s01,1,postmodum,,pouco depois,2. b.
post,lilaLemma:118572,Velez,,,Velez1744.n2664.sg01.s01,1,postquam,,depois que,
quam,lilaLemma:74492,Velez,,,Velez1744.n2664.sg01.s01,1,postquam,,depois que,
fero,lilaLemma:103126,Saraiva,Saraiva1910.xFero,Saraiva1910.xFero.sg01,Saraiva1910.xFero.sg01.s04,4,postquam te fata tulerunt,Virg,Depois que os destinos te levaram,
possum,lilaLemma:118569,Saraiva,Saraiva1910.xPossum,Saraiva1910.xPossum.sg01,Saraiva1910.xPossum.sg01.s01,1,potest fieri ut fallar,Cic,"Póde dar-se que eu me engane, é possível o enganar-me",
possum,lilaLemma:118569,Saraiva,Saraiva1910.xPossum,Saraiva1910.xPossum.sg01,Saraiva1910.xPossum.sg01.s06,6,potest ut…,Plaut,"Pode ser que, quiçá, talvez",
sum,lilaLemma:126689,Saraiva,Saraiva1910.xSum,Saraiva1910.xSum.sg01,Saraiva1910.xSum.sg01.s06,6,potior sententia uisa est,Virg,Pareceu preferivel este parecer,
fero,lilaLemma:103126,Saraiva,Saraiva1910.xFero,Saraiva1910.xFero.sg01,Saraiva1910.xFero.sg01.s01,1,præ se ferre et confiteri facinus,Cic,Confessar uma acção e fazer gala d’ella,
praeter,lilaLemma:119286,Velez,,,Velez1744.n2726.sg01.s01,1,praeterquam,Conjunct.,"tirando, ou álem;",Adverb.
quam,lilaLemma:74492,Velez,,,Velez1744.n2726.sg01.s01,1,praeterquam,Conjunct.,"tirando, ou álem;",Adverb.
praeter,lilaLemma:119286,Velez,,,Velez1744.n2726.sg01.s02,2,praeterquam,Conjunct.,,Adverb. etiam significat Praeter
quam,lilaLemma:74492,Velez,,,Velez1744.n2726.sg01.s02,2,praeterquam,Conjunct.,,Adverb. etiam significat Praeter
praeter,lilaLemma:119286,Velez,,,Velez1744.n2726.sg01.s99,X,praeterquam,Conjunct.,,Adverb.
quam,lilaLemma:74492,Velez,,,Velez1744.n2726.sg01.s99,X,praeterquam,Conjunct.,,Adverb.
primus,lilaLemma:119498,Faria,Faria1994.n25427.e01,Faria1994.n25427.sg01,Faria1994.n25427.sg01.s03,3,"prima nocte Cés. B. Gal. 1, 27, 7 ‘ao cair da noite’; primo vere Cés. B. Gal. 6, 3, 4 ‘no começo da primavera’.",,,
quis,lilaLemma:121165,Velez,Velez1744.n2888.e01,Velez1744.n2888.sg01,Velez1744.n2888.sg01.s01,1,primo quoque tempore,,"no primeiro tempo, que se offerecer",
primus,lilaLemma:119498,Faria,Faria1994.n25427.e01,Faria1994.n25427.sg01,Faria1994.n25427.sg01.s02,2,"primos civitatis Cíc. Verr. 4, 15 ‘o principal homem da cidade’.",,,
deinde,lilaLemma:98386,Faria,Faria1994.n09015.e01,Faria1994.n09015.sg01,Faria1994.n09015.sg01.s03,3,primum ..: deinde Cés. B. Gal. 1. 25. 1 “primeiro ... em seguida”.,,,
ago,lilaLemma:88140,Saraiva,Saraiva1910.xAgo,Saraiva1910.xAgo.sg01,Saraiva1910.xAgo.sg01.s07,7,principium anni agebatur,Liv,Estava-se no principio do anno,
uenio,lilaLemma:129790,Saraiva,Saraiva1910.xVenio,Saraiva1910.xVenio.sg01,Saraiva1910.xVenio.sg01.s08,8,priori Remo augurium uenisse fertur,Liv,Diz-se que o primeiro agouro fôra favoravel a Remo,
prior,lilaLemma:119509,Velez,,,Velez1744.n2747.sg01.s01,1,priusquam,,"primeiro que, ou antes que",
quam,lilaLemma:74492,Velez,,,Velez1744.n2747.sg01.s01,1,priusquam,,"primeiro que, ou antes que",
facio,lilaLemma:102758,Saraiva,Saraiva1910.xFacio,Saraiva1910.xFacio.sg01,Saraiva1910.xFacio.sg01.s02,2,priusquam grana faciat,Colum,Antes de crear grãos,
pro,lilaLemma:118468,Faria,Faria1994.n25463.e01,Faria1994.n25463.sg01,Faria1994.n25463.sg01.s01,1,"pro castris copias producere Cés. B. Gal. 1, 48 «fazer avançar as tropas defronte do acampamento».",,,
pro,lilaLemma:118468,Velez,Velez1744.n2748.e01,Velez1744.n2748.sg01,Velez1744.n2748.sg01.s02,2,"pro certo negare, uel dicere",,"negar, ou dizer como certo",
pro,lilaLemma:118468,Faria,Faria1994.n25463.e01,Faria1994.n25463.sg01,Faria1994.n25463.sg01.s03,3,pro commerita noxia amicum hodie meum concastigabo Plaut. Trin. 26 «hoje castigarei meu amigo pela falta cometida».,,,
pro,lilaLemma:118468,Velez,Velez1744.n2748.e01,Velez1744.n2748.sg01,Velez1744.n2748.sg01.s01,1,"pro comperto, uel explorato",,"por cousa certa, e averiguada",
pro,lilaLemma:118468,Faria,Faria1994.n25463.e01,Faria1994.n25463.sg01,Faria1994.n25463.sg01.s04,4,"pro consule Cíc. De Or. 1, 82 «como proconsul» veja proconsul.",,,
pro,lilaLemma:118468,Velez,Velez1744.n2748.e01,Velez1744.n2748.sg01,Velez1744.n2748.sg01.s99,X,"pro eo ac, pro Eo atque",,como,"i, perinde, ut"
pro,lilaLemma:118468,Faria,Faria1994.n25463.e01,Faria1994.n25463.sg01,Faria1994.n25463.sg01.s07,7,"pro hostium numero Cés. B. Gal. 1, 51, 1 «proporcionalmente ao número de inimigos».",,,
pro,lilaLemma:118468,Faria,Faria1994.n25463.e01,Faria1994.n25463.sg01,Faria1994.n25463.sg01.s05,5,pro occiso relictus Cíc. Ses. 81 «deixado como morto».,,,
pars,lilaLemma:116084,Faria,Faria1994.n22363.e01,Faria1994.n22363.sg01,Faria1994.n22363.sg01.s08,8,"pro parte, “segundo os seus recursos” Cíc. Verr. 2. 145.",,,
res,lilaLemma:121868,Fonseca,Fonseca1798.n25883.e01,Fonseca1798.n25883.sg01,Fonseca1798.n25883.sg01.s99,X,pro re nata,Cic,"Opportunamente, segundo a occasiaõ, que se offerece",
quisque,lilaLemma:121320,Faria,Faria1994.n26657.e01,Faria1994.n26657.sg01,Faria1994.n26657.sg01.s01,1,"pro se quisque Cíc. Verr. 1, 68 “cada um por si”, i. e., por sua conta.",,,
tempus,lilaLemma:127522,Faria,Faria1994.n31440.e01,Faria1994.n31440.sg01,Faria1994.n31440.sg01.s13,13,Pro tempore “segundo as circunstâncias” Cés. B. Gal. 5. 8. 1.,,,
pro,lilaLemma:118468,Velez,Velez1744.n2748.e01,Velez1744.n2748.sg01,Velez1744.n2748.sg01.s05,5,"pro tempore, pro meis uiribus",,"conforme o tempo, segundo minhas forças",
pro,lilaLemma:118468,Velez,Velez1744.n2748.e01,Velez1744.n2748.sg01,Velez1744.n2748.sg01.s04,4,pro tribunali,,no tribunal,
pro,lilaLemma:118468,Faria,Faria1994.n25463.e01,Faria1994.n25463.sg01,Faria1994.n25463.sg01.s08,8,"pro tua prudentia Cíc. Fam. 4, 10, 2 «em virtude de tua sabedoria».",,,
pro,lilaLemma:118468,Velez,Velez1744.n2748.e01,Velez1744.n2748.sg01,Velez1744.n2748.sg01.s99,X,pro uirili parte,,conforme as forças,id est pro viribus
sum,lilaLemma:126689,Saraiva,Saraiva1910.xSum,Saraiva1910.xSum.sg01,Saraiva1910.xSum.sg01.s05,5,procris erat,Ov,Era Procris,
fero,lilaLemma:103126,Saraiva,Saraiva1910.xFero,Saraiva1910.xFero.sg01,Saraiva1910.xFero.sg01.s07,7,prout hominis facultates ferebant,Cic,Consoante o permittiam seus meios,
uenio,lilaLemma:129790,Saraiva,Saraiva1910.xVenio,Saraiva1910.xVenio.sg01,Saraiva1910.xVenio.sg01.s10,10,ptolemæo Ægyptus sorte uenit,Just,O Egypto coube por sorte a Ptolemeu,
publicus,lilaLemma:120358,Fonseca,Fonseca1798.n24549.e01,Fonseca1798.n24549.sg01,Fonseca1798.n24549.sg01.s99,X,publica fides,Sall,"Passaporte, salvoconduto",
publicus,lilaLemma:120358,Fonseca,Fonseca1798.n24549.e01,Fonseca1798.n24549.sg01,Fonseca1798.n24549.sg01.s99,X,publica uerba,Ovid,"Cumprimentos, palavras de ceremonia",
publicus,lilaLemma:120358,Fonseca,Fonseca1798.n24549.e01,Fonseca1798.n24549.sg01,Fonseca1798.n24549.sg01.s99,X,publicum omnium est,Plin,He commum a todos,
uideo,lilaLemma:130163,Saraiva,Saraiva1910.xVideo,Saraiva1910.xVideo.sg01,Saraiva1910.xVideo.sg01.s01,1,pueri qui uisum processerant,Sall,As creanças que tinham vindo ver,
uenio,lilaLemma:129790,Saraiva,Saraiva1910.xVenio,Saraiva1910.xVenio.sg01,Saraiva1910.xVenio.sg01.s13,13,pugna ad gladios uenit,Liv,A peleja tornou-se de espada;,
uenio,lilaLemma:129790,Saraiva,Saraiva1910.xVenio,Saraiva1910.xVenio.sg01,Saraiva1910.xVenio.sg01.s13,13,pugna ad pedites uenit,Liv,a acção tornou-se um combate de infanteria,
puto,lilaLemma:120610,Velez,Velez1744.n2832.e01,Velez1744.n2832.sg01,Velez1744.n2832.sg01.s99,X,putare aliquem aliquo in numero,,fazer algum caso de alguem,
puto,lilaLemma:120610,Fonseca,Fonseca1798.n24761.e01,Fonseca1798.n24761.sg01,Fonseca1798.n24761.sg01.s99,X,putare aliquem in aliquo numero,Cic,"Estimar alguem, fazer delle apreço",
puto,lilaLemma:120610,Fonseca,Fonseca1798.n24761.e01,Fonseca1798.n24761.sg01,Fonseca1798.n24761.sg01.s99,X,putare cum aliquo argumentis,Cic,Disputar com alguem,
puto,lilaLemma:120610,Fonseca,Fonseca1798.n24761.e01,Fonseca1798.n24761.sg01,Fonseca1798.n24761.sg01.s99,X,putare rationem cum aliquo,Varr,"Ajustar, ou liquidar contas com alguem",
puto,lilaLemma:120610,Fonseca,Fonseca1798.n24761.e01,Fonseca1798.n24761.sg01,Fonseca1798.n24761.sg01.s99,X,putare rationem secum,Plaut,"Considerar, meditar",
puto,lilaLemma:120610,Velez,Velez1744.n2832.e01,Velez1744.n2832.sg01,Velez1744.n2832.sg01.s99,X,"putare rationes, uel rationem cum aliquo",,fazer contas com alguem,
de,lilaLemma:97932,Velez,Velez1744.n0953.e01,Velez1744.n0953.sg01,Velez1744.n0953.sg01.s99,X,"qua de re, qua de causa",,"de compacto, de proposito, de cuidado","id est, propter"
qua,lilaIpoLemma:110471,Fonseca,Fonseca1798.n24819.e01,Fonseca1798.n24819.sg01,Fonseca1798.n24819.sg01.s99,X,"qua paterna gloria, qua sua insignis",Liv,"Illustre tanto pela gloria dos seus maiores, como pela sua propria",
fero,lilaLemma:103126,Saraiva,Saraiva1910.xFero,Saraiva1910.xFero.sg01,Saraiva1910.xFero.sg01.s02,2,qua tulisset impetum,Just,Por onde tivesse rompido,
habeo,lilaLemma:105044,Saraiva,Saraiva1910.xHabeo,Saraiva1910.xHabeo.sg01,Saraiva1910.xHabeo.sg01.s13,13,quæ arcem habebant,Cic,As que moravam na cidadella,
uenio,lilaLemma:129790,Saraiva,Saraiva1910.xVenio,Saraiva1910.xVenio.sg01,Saraiva1910.xVenio.sg01.s14,14,quæ conscia uenis,Ov,Tu que es cumplice,
uenio,lilaLemma:129790,Saraiva,Saraiva1910.xVenio,Saraiva1910.xVenio.sg01,Saraiva1910.xVenio.sg01.s08,8,quæ deinde uenerunt,Liv,Os acontecimentos que se succederam,
sum,lilaLemma:126689,Saraiva,Saraiva1910.xSum,Saraiva1910.xSum.sg01,Saraiva1910.xSum.sg01.s10,10,quæ esui potuique non sunt,Ulp,"Que não serve para comer, nem beber",
sum,lilaLemma:126689,Saraiva,Saraiva1910.xSum,Saraiva1910.xSum.sg01,Saraiva1910.xSum.sg01.s04,4,quæ fuerint,Virg,"o que foi, ou o passado",
sum,lilaLemma:126689,Saraiva,Saraiva1910.xSum,Saraiva1910.xSum.sg01,Saraiva1910.xSum.sg01.s04,4,quæ futura sunt,Aug,"o que será, ou o futuro",
possum,lilaLemma:118569,Saraiva,Saraiva1910.xPossum,Saraiva1910.xPossum.sg01,Saraiva1910.xPossum.sg01.s03,3,quæ in me plus potest,Plaut,A que em mim tem mais poder,
sum,lilaLemma:126689,Saraiva,Saraiva1910.xSum,Saraiva1910.xSum.sg01,Saraiva1910.xSum.sg01.s05,5,quæ non Jupiter passurus sit,Liv,O que Jupiter não soffrerá,
fero,lilaLemma:103126,Saraiva,Saraiva1910.xFero,Saraiva1910.xFero.sg01,Saraiva1910.xFero.sg01.s09,9,quæ nunc Samothracia fertur,Virg,Que agora é chamada Samothracia,
sum,lilaLemma:126689,Saraiva,Saraiva1910.xSum,Saraiva1910.xSum.sg01,Saraiva1910.xSum.sg01.s04,4,quæ sint,Virg,"O que é, ou o presente",
uenio,lilaLemma:129790,Saraiva,Saraiva1910.xVenio,Saraiva1910.xVenio.sg01,Saraiva1910.xVenio.sg01.s06,6,quæ sub aspectum ueniunt,Cic,"Os objectos que ferem a vista, os objectos visiveis",
sum,lilaLemma:126689,Saraiva,Saraiva1910.xSum,Saraiva1910.xSum.sg01,Saraiva1910.xSum.sg01.s04,4,quæ uerbo obiecta uerbo negare sit,Liv,É fácil refutar por palavras accusações de palavras,
arma,lilaLemma:89998,Velez,Velez1744.n0377.e01,Velez1744.n0377.sg01,Velez1744.n0377.sg01.s02,2,quaerere conscius arma,,,
uolo,lilaLemma:130745,Saraiva,Saraiva1910.xVolo,Saraiva1910.xVolo.sg01,Saraiva1910.xVolo.sg01.s05,5,quærit cur sic mentiri uelit,Phaed,Elle pergunta porque mente assim,
uideo,lilaLemma:130163,Saraiva,Saraiva1910.xVideo,Saraiva1910.xVideo.sg01,Saraiva1910.xVideo.sg01.s07,7,quam ibi miseriam uidi!,Ter,Que miséria eu passei alli!,
uideo,lilaLemma:130163,Saraiva,Saraiva1910.xVideo,Saraiva1910.xVideo.sg01,Saraiva1910.xVideo.sg01.s06,6,quam recte id faciam uiderint sapientes,Cic,Cumpre aos sábios decidir se eu tenho rasão n’isto,
qui,lilaLemma:121354,Velez,,,Velez1744.n2851.sg01.s01,1,quamobrem,,"pelo que, porque, ou porque razaõ",
ob,lilaLemma:114173,Velez,,,Velez1744.n2851.sg01.s01,1,quamobrem,,"pelo que, porque, ou porque razaõ",
res,lilaLemma:121868,Velez,,,Velez1744.n2851.sg01.s01,1,quamobrem,,"pelo que, porque, ou porque razaõ",
qua,lilaIpoLemma:110471,Velez,,,Velez1744.n2850.sg20.s01,1,quampridem,,Quanto tempo antes?,
pridem,lilaLemma:119461,Velez,,,Velez1744.n2850.sg20.s01,1,quampridem,,Quanto tempo antes?,
qua,lilaIpoLemma:110471,Velez,,,Velez1744.n2852.sg01.s01,1,quandiu,,por quanto tempo,
diu2,lilaLemma:99429,Velez,,,Velez1744.n2852.sg01.s01,1,quandiu,,por quanto tempo,
uenio,lilaLemma:129790,Saraiva,Saraiva1910.xVenio,Saraiva1910.xVenio.sg01,Saraiva1910.xVenio.sg01.s07,7,quando extrema conclusio uenit,Quint,Quando a phrase está inteiramente acabada,
sum,lilaLemma:126689,Saraiva,Saraiva1910.xSum,Saraiva1910.xSum.sg01,Saraiva1910.xSum.sg01.s04,4,"quando fuit ut hoc, quod licet, non liceret?",Cic,"Quando é que o que permittido, não o fosse?",
bonus,lilaLemma:91782,Velez,Velez1744.n0526.e01,Velez1744.n0526.sg01,Velez1744.n0526.sg01.s04,4,quandoque bonus dormitat Homerus,,,
quando,lilaLemma:121084,Velez,,,Velez1744.n2855.sg01.s01,1,quandoquidem,Conj.,ja que,
quidem,lilaLemma:121168,Velez,,,Velez1744.n2855.sg01.s01,1,quandoquidem,Conj.,ja que,
facio,lilaLemma:102758,Saraiva,Saraiva1910.xFacio,Saraiva1910.xFacio.sg01,Saraiva1910.xFacio.sg01.s08,8,quanti Brutum facerem,Cic,Em que conta eu tinha a Bruto,
quantus,lilaLemma:121092,Fonseca,Fonseca1798.n24952.e01,Fonseca1798.n24952.sg01,Fonseca1798.n24952.sg01.s99,X,quanti est?,Ter,Quanto val? que preço tem?,
quantus,lilaLemma:121092,Velez,,,Velez1744.n2857.sg10.s01,1,quantopere,,quam grandemente,
opus,lilaLemma:115170,Velez,,,Velez1744.n2857.sg10.s01,1,quantopere,,quam grandemente,
quantus,lilaLemma:121092,Faria,Faria1994.n26488.e01,Faria1994.n26488.sg01,Faria1994.n26488.sg01.s01,1,quantum adiit periculum C c. F in. 2. 56 ‘que grande perigo ele afrontou!’.,,,
do,lilaLemma:99970,Saraiva,Saraiva1910.xDo,Saraiva1910.xDo.sg01,Saraiva1910.xDo.sg01.s02,2,quantum mihi cernere datur,Plin,Quanto me é permittido vêr,
possum,lilaLemma:118569,Saraiva,Saraiva1910.xPossum,Saraiva1910.xPossum.sg01,Saraiva1910.xPossum.sg01.s01,1,quantum potero,Cic,"Quanto eu poder, quanto estiver nas minhas forças ou na minha mão",
quantus,lilaLemma:121092,Velez,,,Velez1744.n2859.sg01.s01,1,quantusquantus,,"quam grande he, ou tanto, quam grande he",
qui,lilaLemma:121354,Velez,,,Velez1744.n2862.sg01.s01,1,quare,Adverb.,porque razaõ?,
res,lilaLemma:121868,Velez,,,Velez1744.n2862.sg01.s01,1,quare,Adverb.,porque razaõ?,
qui,lilaLemma:121354,Velez,,,Velez1744.n2862.sg10.s01,1,quare,Conj.,peloque,
res,lilaLemma:121868,Velez,,,Velez1744.n2862.sg10.s01,1,quare,Conj.,peloque,
habeo,lilaLemma:105044,Saraiva,Saraiva1910.xHabeo,Saraiva1910.xHabeo.sg01,Saraiva1910.xHabeo.sg01.s07,7,quare mare infestum haberet,Cic,Porque elle infestava o mar,
sum,lilaLemma:126689,Saraiva,Saraiva1910.xSum,Saraiva1910.xSum.sg01,Saraiva1910.xSum.sg01.s04,4,quartusdecimus annus est ex quo…,Tac,Há quatorze annos que…,
cognosco,lilaLemma:94738,Velez,Velez1744.n0715.e01,Velez1744.n0715.sg01,Velez1744.n0715.sg01.s99,X,"quas res gesserit, cognoscite",,,"i, attentè audire"
ago,lilaLemma:88140,Saraiva,Saraiva1910.xAgo,Saraiva1910.xAgo.sg01,Saraiva1910.xAgo.sg01.s02,2,quem deus ultor agit,Ov,Aquelle a quem um deus vingador persegue,
fero,lilaLemma:103126,Saraiva,Saraiva1910.xFero,Saraiva1910.xFero.sg01,Saraiva1910.xFero.sg01.s03,3,quemcumque fors tulerit casum,Cic,Qualquer que seja o acontecimento que o acaso traga,
sum,lilaLemma:126689,Saraiva,Saraiva1910.xSum,Saraiva1910.xSum.sg01,Saraiva1910.xSum.sg01.s06,6,qui erat absolutus,Cic,Que tinha sido absolvido,
qui,lilaLemma:121354,Faria,Faria1994.n26549.e01,Faria1994.n26549.sg01,Faria1994.n26549.sg01.s07,7,qui esse ignorabas Cíc. Verr. 5: 166 ‘ignoravas quem ele era?,,,
habeo,lilaLemma:105044,Saraiva,Saraiva1910.xHabeo,Saraiva1910.xHabeo.sg01,Saraiva1910.xHabeo.sg01.s13,13,qui habeant homines loca,Virg,Que homens habitam estes logares,
habeo,lilaLemma:105044,Saraiva,Saraiva1910.xHabeo,Saraiva1910.xHabeo.sg01,Saraiva1910.xHabeo.sg01.s14,14,"qui habet, ultro appetitur",Cic,"O que tem de seu, é naturalmente procurado",
qua2,lilaIpoLemma:110467,Faria,Faria1994.n26550.e01,Faria1994.n26550.sg01,Faria1994.n26550.sg01.s04,4,"qui illi di irati Cíc. At. 4, 7,1 “que os deuses se encolerizem com ele!”.",,,
uideo,lilaLemma:130163,Saraiva,Saraiva1910.xVideo,Saraiva1910.xVideo.sg01,Saraiva1910.xVideo.sg01.s08,8,"qui imitamur, quos cuique uisum est…",Cic,Nós que imitamos aquelles que nos apraz…,
habeo,lilaLemma:105044,Saraiva,Saraiva1910.xHabeo,Saraiva1910.xHabeo.sg01,Saraiva1910.xHabeo.sg01.s13,13,qui in Bruttiis habent,Cic,Os que habitam em Bruttio,
sum,lilaLemma:126689,Saraiva,Saraiva1910.xSum,Saraiva1910.xSum.sg01,Saraiva1910.xSum.sg01.s06,6,qui natus est infelix,Phaed,O que nasceu desgraçado,
sum,lilaLemma:126689,Saraiva,Saraiva1910.xSum,Saraiva1910.xSum.sg01,Saraiva1910.xSum.sg01.s10,10,qui oneri essent ferendo,Liv,Os que podessem supportar este encargo,
sum,lilaLemma:126689,Saraiva,Saraiva1910.xSum,Saraiva1910.xSum.sg01,Saraiva1910.xSum.sg01.s08,8,qui Romanæ partis erant,Liv,Os que eram do partido romano,
habeo,lilaLemma:105044,Saraiva,Saraiva1910.xHabeo,Saraiva1910.xHabeo.sg01,Saraiva1910.xHabeo.sg01.s01,1,qui se non habet,Mart,O que não é senhor de si mesmo,
fero,lilaLemma:103126,Saraiva,Saraiva1910.xFero,Saraiva1910.xFero.sg01,Saraiva1910.xFero.sg01.s01,1,qui speciem doctrinæ præ se ferunt,Cic,Os que inculcam instrucção,
sum,lilaLemma:126689,Saraiva,Saraiva1910.xSum,Saraiva1910.xSum.sg01,Saraiva1910.xSum.sg01.s07,7,"quia tanti, quantum habeas, sis",Hor,Porque tu vales tanto quanto tens,
sum,lilaLemma:126689,Saraiva,Saraiva1910.xSum,Saraiva1910.xSum.sg01,Saraiva1910.xSum.sg01.s09,9,quibus occidi… bono fuit,Cic,Aos quaes o sêr morto… foi um bem,
ago,lilaLemma:88140,Faria,Faria1994.n01300.e01,Faria1994.n01300.sg01,Faria1994.n01300.sg01.s05,5,"quid agam Cíc. At. 7, 12, 3 «que farei? ».",,,
sum,lilaLemma:126689,Saraiva,Saraiva1910.xSum,Saraiva1910.xSum.sg01,Saraiva1910.xSum.sg01.s04,4,quid est?,Ter,Que há? Que acontece? Que temos?,
debeo,lilaLemma:97963,Faria,Faria1994.n08726.e01,Faria1994.n08726.sg01,Faria1994.n08726.sg01.s02,2,quid facere debeas Cat. Agr. 119 «o que tinhas obrigação de fazef» Cíc. Lae. 36.,,,
facio,lilaLemma:102758,Saraiva,Saraiva1910.xFacio,Saraiva1910.xFacio.sg01,Saraiva1910.xFacio.sg01.s01,1,quid facerem?,Virg,Que havia eu de fazer? que podia eu fazer?,
facio,lilaLemma:102758,Saraiva,Saraiva1910.xFacio,Saraiva1910.xFacio.sg01,Saraiva1910.xFacio.sg01.s05,5,quid faciat segetes…,Virg,O que produz colheitas,
facio,lilaLemma:102758,Saraiva,Saraiva1910.xFacio,Saraiva1910.xFacio.sg01,Saraiva1910.xFacio.sg01.s01,1,quid facies illi?,Hor,Que lhe farás tu?,
fero,lilaLemma:103126,Saraiva,Saraiva1910.xFero,Saraiva1910.xFero.sg01,Saraiva1910.xFero.sg01.s12,12,"quid fuit in Graccho, quod tantopere ferretur?",Cic,"Que eloquencia houve em Graccho, que merecesse sêr tão elogiada?",
sum,lilaLemma:126689,Saraiva,Saraiva1910.xSum,Saraiva1910.xSum.sg01,Saraiva1910.xSum.sg01.s04,4,quid futurum est?,Cic,Que será? Que acontecerá…?,
sum,lilaLemma:126689,Saraiva,Saraiva1910.xSum,Saraiva1910.xSum.sg01,Saraiva1910.xSum.sg01.s04,4,quid hoc rei est?,Liv,Que quer isto dizer?,
homo,lilaLemma:105624,Fonseca,Fonseca1798.n13559.e01,Fonseca1798.n13559.sg01,Fonseca1798.n13559.sg01.s99,X,quid hominis es?,Ter,Que qualidade de homem es?,
uolo,lilaLemma:130745,Fonseca,Fonseca1798.n32153.e01,Fonseca1798.n32153.sg01,Fonseca1798.n32153.sg01.s99,X,quid istud sibi uult?,Ter,Que quer dizer isto,
ita,lilaLemma:109126,Fonseca,Fonseca1798.n16312.e01,Fonseca1798.n16312.sg01,Fonseca1798.n16312.sg01.s99,X,quid ita?,Ter,Porque motivo?,
uolo,lilaLemma:130745,Saraiva,Saraiva1910.xVolo,Saraiva1910.xVolo.sg01,Saraiva1910.xVolo.sg01.s02,2,quid me uis?,Plaut,Que me queres?,
peto,lilaLemma:117549,Velez,Velez1744.n2568.e01,Velez1744.n2568.sg01,Velez1744.n2568.sg01.s02,2,quid petis istis?,,,Virg
uolo,lilaLemma:130745,Saraiva,Saraiva1910.xVolo,Saraiva1910.xVolo.sg01,Saraiva1910.xVolo.sg01.s06,6,quid sibi uolunt…?,Cic,que querem dizer…?,
uolo,lilaLemma:130745,Saraiva,Saraiva1910.xVolo,Saraiva1910.xVolo.sg01,Saraiva1910.xVolo.sg01.s04,4,quid sibi uult pater?,Ter,Que pretende meu pae?,
uolo,lilaLemma:130745,Saraiva,Saraiva1910.xVolo,Saraiva1910.xVolo.sg01,Saraiva1910.xVolo.sg01.s06,6,quid sibi uult…?,Cic,Que quer dizer…?,
sum,lilaLemma:126689,Saraiva,Saraiva1910.xSum,Saraiva1910.xSum.sg01,Saraiva1910.xSum.sg01.s04,4,quid te futurum est?,Char,Que hade ser de ti?,
fero,lilaLemma:103126,Saraiva,Saraiva1910.xFero,Saraiva1910.xFero.sg01,Saraiva1910.xFero.sg01.s07,7,quid tempus ferat,,O que a circumstancia exigir,
sum,lilaLemma:126689,Saraiva,Saraiva1910.xSum,Saraiva1910.xSum.sg01,Saraiva1910.xSum.sg01.s04,4,quid tibi futurum est?,Char,Que hade ser de ti?,
uideo,lilaLemma:130163,Saraiva,Saraiva1910.xVideo,Saraiva1910.xVideo.sg01,Saraiva1910.xVideo.sg01.s08,8,quid tibi uidetur?,Phaed,Que te parece? Que achas?,
uolo,lilaLemma:130745,Saraiva,Saraiva1910.xVolo,Saraiva1910.xVolo.sg01,Saraiva1910.xVolo.sg01.s02,2,quid uis faciam?,Ter,Que queres que eu faça?,
sum,lilaLemma:126689,Saraiva,Saraiva1910.xSum,Saraiva1910.xSum.sg01,Saraiva1910.xSum.sg01.s04,4,quid uis tibi dicam nisi quod est?,Plaut,"Que queres que eu te diga, se não o que é?",
uolo,lilaLemma:130745,Saraiva,Saraiva1910.xVolo,Saraiva1910.xVolo.sg01,Saraiva1910.xVolo.sg01.s06,6,quid uult concursus…?,Virg,Que significa ou para que é este concurso…?,
quis,lilaLemma:121165,Velez,,,Velez1744.n2877.sg01.s01,1,quidita,Adverb.,porque? Porque causa,
ita,lilaLemma:109126,Velez,,,Velez1744.n2877.sg01.s01,1,quidita,Adverb.,porque? Porque causa,
quis,lilaLemma:121165,Velez,,,Velez1744.n2877.sg01.s02,2,quidita,Adverb.,Como assim?,
ita,lilaLemma:109126,Velez,,,Velez1744.n2877.sg01.s02,2,quidita,Adverb.,Como assim?,
quis,lilaLemma:121165,Velez,,,Velez1744.n2873.sg10.s01,1,quidnam,,,i. cur
nam,lilaLemma:113344,Velez,,,Velez1744.n2873.sg10.s01,1,quidnam,,,i. cur
sum,lilaLemma:126689,Saraiva,Saraiva1910.xSum,Saraiva1910.xSum.sg01,Saraiva1910.xSum.sg01.s04,4,quidnam est?,Ter,Que há? Que acontece? Que temos?,
facio,lilaLemma:102758,Saraiva,Saraiva1910.xFacio,Saraiva1910.xFacio.sg01,Saraiva1910.xFacio.sg01.s01,1,quidnam facerent de rebus suis,Nep,O que deviam fazer em similhante conjunctura,
sum,lilaLemma:126689,Saraiva,Saraiva1910.xSum,Saraiva1910.xSum.sg01,Saraiva1910.xSum.sg01.s04,4,quidnam futurum est…?,Phaed,Que será? Que acontecerá…?,
quis,lilaLemma:121165,Velez,,,Velez1744.n2878.sg01.s01,1,quidni,Adverb.,porque naõ?,
ni,lilaLemma:113559,Velez,,,Velez1744.n2878.sg01.s01,1,quidni,Adverb.,porque naõ?,
sum,lilaLemma:126689,Saraiva,Saraiva1910.xSum,Saraiva1910.xSum.sg01,Saraiva1910.xSum.sg01.s05,5,quidquid id est,Virg,O que quer que isto seja,
qua,lilaIpoLemma:110471,Velez,,,Velez1744.n2872.sg20.s01,1,quidum,,Porque?,
dum,lilaLemma:100236,Velez,,,Velez1744.n2872.sg20.s01,1,quidum,,Porque?,
uideo,lilaLemma:130163,Saraiva,Saraiva1910.xVideo,Saraiva1910.xVideo.sg01,Saraiva1910.xVideo.sg01.s04,4,quin tu me uides?,Cic,Por que não te acostas a mim?,
quisque,lilaLemma:121320,Faria,Faria1994.n26657.e01,Faria1994.n26657.sg01,Faria1994.n26657.sg01.s04,4,"quinto quoque anno Cíc. Verr. 2, 139 ‘cada cinco anos’, i. e., de cinco em cinco anos; primo quoque tempora Cíc. Phil. 3, 39 “logo que seja possível, na primeira ocasião”: cosilia cujusque modi Cés. B. Gal. 7, 22, 1 “disposições tomadas de uma maneira ou de outra”.",,,
quis,lilaLemma:121165,Velez,Velez1744.n2888.e01,Velez1744.n2888.sg01,Velez1744.n2888.sg01.s01,1,quinto quoque anno fiebat lustrum,,"todos os cinco annos se fazia, etc",
quis,lilaLemma:121165,Faria,Faria1994.n26653.e01,Faria1994.n26653.sg01,Faria1994.n26653.sg01.s01,1,quis clarior in Graecia Themistocle? Cíc. Lae. 42 'quem foi mais ilustre na Grecia do que Temístocles?’.,,,
sum,lilaLemma:126689,Saraiva,Saraiva1910.xSum,Saraiva1910.xSum.sg01,Saraiva1910.xSum.sg01.s01,1,quis miles fuit qui illam non uiderit…?,Cic,Que soldado houve que não a visse…?,
quis,lilaLemma:121165,Faria,Faria1994.n26653.e01,Faria1994.n26653.sg01,Faria1994.n26653.sg01.s02,2,"quis senator. ..? Cíc. Cat. 2, 12 “qual o senador ...?”.",,,
sum,lilaLemma:126689,Saraiva,Saraiva1910.xSum,Saraiva1910.xSum.sg01,Saraiva1910.xSum.sg01.s05,5,quisquis es,Virg,Quem quer que sejas,
sum,lilaLemma:126689,Saraiva,Saraiva1910.xSum,Saraiva1910.xSum.sg01,Saraiva1910.xSum.sg01.s03,3,quo die in Tusculanum essem futurus,Cic,Em que dia eu chegaria á minha quinta de Tusculo,
fero,lilaLemma:103126,Saraiva,Saraiva1910.xFero,Saraiva1910.xFero.sg01,Saraiva1910.xFero.sg01.s02,2,quo ferar?,Virg,Para que parte me hei de voltar?,
qua,lilaIpoLemma:110471,Fonseca,Fonseca1798.n25116.e01,Fonseca1798.n25116.sg01,Fonseca1798.n25116.sg01.s99,X,quo gentium fugiam?,Plaut,Para que parte do mundo fugirei?,
sum,lilaLemma:126689,Saraiva,Saraiva1910.xSum,Saraiva1910.xSum.sg01,Saraiva1910.xSum.sg01.s05,5,quo sit patre,Hor,"Quem seja seu pae, de quem é filho",
qua,lilaIpoLemma:110471,Faria,Faria1994.n26665.e01,Faria1994.n26665.sg01,Faria1994.n26665.sg01.s02,2,quo tantum pecuniam Cíc. Verr. 2. 137 “para que tanto dinheiro?”.,,,
qua,lilaIpoLemma:110471,Faria,Faria1994.n26666.e01,Faria1994.n26666.sg01,Faria1994.n26666.sg01.s02,2,quo... eo Cíc. Amer. 121 ‘quanto mais ... tanto mais?'.,,,
sum,lilaLemma:126689,Saraiva,Saraiva1910.xSum,Saraiva1910.xSum.sg01,Saraiva1910.xSum.sg01.s05,5,quod est euidentius,Cic,O que é mais evidente,
sum,lilaLemma:126689,Saraiva,Saraiva1910.xSum,Saraiva1910.xSum.sg01,Saraiva1910.xSum.sg01.s08,8,"quod est, eo decet uti",Cic,Deve-se usar do que se tem,
fero,lilaLemma:103126,Saraiva,Saraiva1910.xFero,Saraiva1910.xFero.sg01,Saraiva1910.xFero.sg01.s09,9,"quod fers, cedo",Ter,Dize as novas que trazes,
fero,lilaLemma:103126,Saraiva,Saraiva1910.xFero,Saraiva1910.xFero.sg01,Saraiva1910.xFero.sg01.s07,7,quod natura fert in omnibus rebus,Cic,"O que a naturesa permitte em todas as coisas, i. é, segundo o curso natural das coisas",
do,lilaLemma:99970,Saraiva,Saraiva1910.xDo,Saraiva1910.xDo.sg01,Saraiva1910.xDo.sg01.s12,12,quod nomen huic cœtui dabo?,Tac,Que nome darei eu a este ajuntamento?,
sum,lilaLemma:126689,Saraiva,Saraiva1910.xSum,Saraiva1910.xSum.sg01,Saraiva1910.xSum.sg01.s02,2,quod non simul esses,Hor,Que não estavas em minha companhia,
quod,lilaLemma:74854,Velez,Velez1744.n2894.e20,Velez1744.n2894.sg20,Velez1744.n2894.sg20.s02,2,quod si,,mas se,
sum,lilaLemma:126689,Saraiva,Saraiva1910.xSum,Saraiva1910.xSum.sg01,Saraiva1910.xSum.sg01.s05,5,"quod si, ut es, cessabis",Cic,"Se continuares a estar ocioso, como estás",
sum,lilaLemma:126689,Saraiva,Saraiva1910.xSum,Saraiva1910.xSum.sg01,Saraiva1910.xSum.sg01.s01,1,quod timeas non est,Ov,Não tens que temer,
uenio,lilaLemma:129790,Saraiva,Saraiva1910.xVenio,Saraiva1910.xVenio.sg01,Saraiva1910.xVenio.sg01.s08,8,quod uenit ex facili,Ov,O que se faz sem trabalho,
sum,lilaLemma:126689,Saraiva,Saraiva1910.xSum,Saraiva1910.xSum.sg01,Saraiva1910.xSum.sg01.s04,4,quod uersu dicere non est,Hor,O que não póde caber em um verso,
possum,lilaLemma:118569,Saraiva,Saraiva1910.xPossum,Saraiva1910.xPossum.sg01,Saraiva1910.xPossum.sg01.s02,2,quod unus tu facere maxime potuisti,Cic,"A ti, sobre tudo, é que cumpre fazer isto",
sum,lilaLemma:126689,Saraiva,Saraiva1910.xSum,Saraiva1910.xSum.sg01,Saraiva1910.xSum.sg01.s10,10,quod usui foret,Stat,"O que fosse util, ou necessario",
sum,lilaLemma:126689,Saraiva,Saraiva1910.xSum,Saraiva1910.xSum.sg01,Saraiva1910.xSum.sg01.s01,1,"quod…, non solet esse diu",Prop,O que… não é muito duradouro,
qui,lilaLemma:121354,Velez,,,Velez1744.n2895.sg01.s01,1,quomodo,,como? De que modo?,2. br.
modus,lilaLemma:112553,Velez,,,Velez1744.n2895.sg01.s01,1,quomodo,,como? De que modo?,2. br.
habeo,lilaLemma:105044,Saraiva,Saraiva1910.xHabeo,Saraiva1910.xHabeo.sg01,Saraiva1910.xHabeo.sg01.s05,5,quomodo remp. habuerint,Tac,Como tiverem dirigido os negocios do estado,
quoquo,lilaLemma:139950,Velez,,,Velez1744.n2899.sg01.s01,1,quoquouersum,,para todas as partes,
uersus2,lilaLemma:129944,Velez,,,Velez1744.n2899.sg01.s01,1,quoquouersum,,para todas as partes,
quoquo,lilaLemma:139950,Velez,,,Velez1744.n2899.sg01.s01,1,quoquouersus,,para todas as partes,
uersus2,lilaLemma:129944,Velez,,,Velez1744.n2899.sg01.s01,1,quoquouersus,,para todas as partes,
facio,lilaLemma:102758,Saraiva,Saraiva1910.xFacio,Saraiva1910.xFacio.sg01,Saraiva1910.xFacio.sg01.s03,3,quos reliquos fortuna fecerat,Liv,Os que a fortuna tinha salvado,
facio,lilaLemma:102758,Saraiva,Saraiva1910.xFacio,Saraiva1910.xFacio.sg01,Saraiva1910.xFacio.sg01.s12,12,quot agnis fecerat?,Plaut,Quantos anhos tinha elle immolado?,
sum,lilaLemma:126689,Saraiva,Saraiva1910.xSum,Saraiva1910.xSum.sg01,Saraiva1910.xSum.sg01.s05,5,quota hora est?,Hor,Que horas são?,
quot,lilaLemma:121302,Velez,,,Velez1744.n2901.sg10.s01,1,quotannis,,cada anno,
annus,lilaLemma:89129,Velez,,,Velez1744.n2901.sg10.s01,1,quotannis,,cada anno,
ago,lilaLemma:88140,Saraiva,Saraiva1910.xAgo,Saraiva1910.xAgo.sg01,Saraiva1910.xAgo.sg01.s08,8,quum ageretur in senatu de coniuratione,Cic,Quando o senado se occupava da conjuração,
sum,lilaLemma:126689,Saraiva,Saraiva1910.xSum,Saraiva1910.xSum.sg01,Saraiva1910.xSum.sg01.s02,2,quum Athenis decem dies fuissem,Cic,Como eu tivesse residido dez dias em Athenas,
ago,lilaLemma:88140,Saraiva,Saraiva1910.xAgo,Saraiva1910.xAgo.sg01,Saraiva1910.xAgo.sg01.s08,8,quum cœpisset agere,Cic,Tendo começado a fallar,
sum,lilaLemma:126689,Saraiva,Saraiva1910.xSum,Saraiva1910.xSum.sg01,Saraiva1910.xSum.sg01.s05,5,quum ea esset ætate ut…,Nep,Como estivesse naquella edade em que…,
habeo,lilaLemma:105044,Saraiva,Saraiva1910.xHabeo,Saraiva1910.xHabeo.sg01,Saraiva1910.xHabeo.sg01.s15,15,quum ego me non belle haberem,Cic,Como eu não me desse bem,
sum,lilaLemma:126689,Saraiva,Saraiva1910.xSum,Saraiva1910.xSum.sg01,Saraiva1910.xSum.sg01.s02,2,quum esset casu apud Marcellum,Cic,Como elle estivesse por acaso em casa de Marcello,
facio,lilaLemma:102758,Saraiva,Saraiva1910.xFacio,Saraiva1910.xFacio.sg01,Saraiva1910.xFacio.sg01.s12,12,quum faciam uitula,Virg,Quando eu sacrificar uma novilha,
debeo,lilaLemma:97963,Saraiva,Saraiva1910.xDebeo,Saraiva1910.xDebeo.sg01,Saraiva1910.xDebeo.sg01.s01,1,quum frumentum deberetur,Cic,Como fosse devido trigo,
ago,lilaLemma:88140,Saraiva,Saraiva1910.xAgo,Saraiva1910.xAgo.sg01,Saraiva1910.xAgo.sg01.s09,9,quum res agentur,Plin. J,Quando os negócios proseguirem,
uenio,lilaLemma:129790,Saraiva,Saraiva1910.xVenio,Saraiva1910.xVenio.sg01,Saraiva1910.xVenio.sg01.s15,15,quum uenit in mentem solis lunæque uiarum,Lucr,Quando se pensa no curso do sol e da lua,
ago,lilaLemma:88140,Velez,Velez1744.n0201.e01,Velez1744.n0201.sg01,Velez1744.n0201.sg01.s99,X,radices agere,,arreigar-se,
ago,lilaLemma:88140,Saraiva,Saraiva1910.xAgo,Saraiva1910.xAgo.sg01,Saraiva1910.xAgo.sg01.s05,5,raptim omnia agebantur,Liv,Tudo era feito á pressa,
ratio,lilaLemma:121458,Fonseca,Fonseca1798.n25265.e01,Fonseca1798.n25265.sg01,Fonseca1798.n25265.sg01.s99,X,ratio nauigii tum iacebat,Lucr,Fazia-se entaõ pouco caso da navegaçaõ,
ratio,lilaLemma:121458,Fonseca,Fonseca1798.n25265.e01,Fonseca1798.n25265.sg01,Fonseca1798.n25265.sg01.s99,X,ratio quae tibi cum illo intercedit?,Cic,Que negocio tens tu com elle?,
ratio,lilaLemma:121458,Fonseca,Fonseca1798.n25265.e01,Fonseca1798.n25265.sg01,Fonseca1798.n25265.sg01.s99,X,ratio rei familiaris habenda est,Cic,He preciso vigiar sobre o bom successo dos seus negocios,
res,lilaLemma:121868,Fonseca,Fonseca1798.n25883.e01,Fonseca1798.n25883.sg01,Fonseca1798.n25883.sg01.s99,X,re,Cic,"Effectivamente, na realidade",
in,lilaLemma:106748,Velez,Velez1744.n1646.e01,Velez1744.n1646.sg01,Velez1744.n1646.sg01.s01,1,receptus est in urbem,,,
facio,lilaLemma:102758,Saraiva,Saraiva1910.xFacio,Saraiva1910.xFacio.sg01,Saraiva1910.xFacio.sg01.s01,1,recte aut perperam facere,Quint,Fazer bem ou mal,
uideo,lilaLemma:130163,Saraiva,Saraiva1910.xVideo,Saraiva1910.xVideo.sg01,Saraiva1910.xVideo.sg01.s06,6,recte ego mihi uidissem,Ter,Eu me teria precavido,
ab,lilaLemma:86824,Cardoso,Cardoso1570.n00001.e01,Cardoso1570.n00001.sg01,Cardoso1570.n00001.sg01.s02,2,redeo a domo,,Eu torno da casa,
refero,lilaLemma:122494,Fonseca,Fonseca1798.n25507.e01,Fonseca1798.n25507.sg01,Fonseca1798.n25507.sg01.s99,X,referre alicui fructum diligentiae,Cic,Recompensar a alguem a sua diligencia,
refero,lilaLemma:122494,Velez,Velez1744.n2926.e01,Velez1744.n2926.sg01,Velez1744.n2926.sg01.s01,1,referre pedem,,tornar para tras,
sum,lilaLemma:126689,Saraiva,Saraiva1910.xSum,Saraiva1910.xSum.sg01,Saraiva1910.xSum.sg01.s10,10,"regium imperium, quod conseruandæ libertatis fuerat",Sall,"O poder real, que tinha sido instituido para manutenção da liberdade",
res,lilaLemma:121868,Fonseca,Fonseca1798.n25883.e01,Fonseca1798.n25883.sg01,Fonseca1798.n25883.sg01.s99,X,reipsa,Cic,"Effectivamente, na realidade",
relinquo,lilaLemma:122569,Fonseca,Fonseca1798.n25656.e01,Fonseca1798.n25656.sg01,Fonseca1798.n25656.sg01.s99,X,relinquere aes alienum,Cic,Morrer individado,
relinquo,lilaLemma:122569,Fonseca,Fonseca1798.n25656.e01,Fonseca1798.n25656.sg01,Fonseca1798.n25656.sg01.s99,X,"relinquere Diis, uotisque",Ovid,Remetter tudo á Divina Providencia,
res,lilaLemma:121868,Fonseca,Fonseca1798.n25883.e01,Fonseca1798.n25883.sg01,Fonseca1798.n25883.sg01.s99,X,rem augere,Cic,Enriquecer-se,
res,lilaLemma:121868,Fonseca,Fonseca1798.n25883.e01,Fonseca1798.n25883.sg01,Fonseca1798.n25883.sg01.s99,X,rem male gerere,Hor,Manejar mal os seus negocios,
ago,lilaLemma:88140,Velez,Velez1744.n0201.e01,Velez1744.n0201.sg01,Velez1744.n0201.sg01.s99,X,rem suam agere,,,"i, commodo suo consulere"
facio,lilaLemma:102758,Saraiva,Saraiva1910.xFacio,Saraiva1910.xFacio.sg01,Saraiva1910.xFacio.sg01.s11,11,remedium optime facit,Colum,Este remédio é efficacissimo,
gero,lilaLemma:104536,Velez,Velez1744.n1455.e01,Velez1744.n1455.sg01,Velez1744.n1455.sg01.s99,X,rempublicam gerere,,"administrar, governar a Republica",
res,lilaLemma:121868,Fonseca,Fonseca1798.n25883.e01,Fonseca1798.n25883.sg01,Fonseca1798.n25883.sg01.s99,X,rerum potiri,Liv,Ter a suprema authoridade,
apud,lilaLemma:89686,Velez,Velez1744.n0347.e01,Velez1744.n0347.sg01,Velez1744.n0347.sg01.s01,1,res agitur apud Judicem,,ante o juiz,
gero,lilaLemma:104536,Velez,Velez1744.n1455.e01,Velez1744.n1455.sg01,Velez1744.n1455.sg01.s99,X,res alias gerere,,naõ estar attento ao que se diz,
uolo,lilaLemma:130745,Saraiva,Saraiva1910.xVolo,Saraiva1910.xVolo.sg01,Saraiva1910.xVolo.sg01.s06,6,res comica non uult exponi…,Hor,Um assumpto comico exige que não seja tractado…,
res,lilaLemma:121868,Fonseca,Fonseca1798.n25883.e01,Fonseca1798.n25883.sg01,Fonseca1798.n25883.sg01.s99,X,res familiaris,Cic,"Fazenda, bens da casa",
ago,lilaLemma:88140,Velez,Velez1744.n0201.e01,Velez1744.n0201.sg01,Velez1744.n0201.sg01.s99,X,"res nostra, uel de re nostra agitur; Salus nostra, uel bona aguntur",,,"i, in discrimen adducuntur"
nouus,lilaLemma:113900,Faria,Faria1994.n20735.e01,Faria1994.n20735.sg01,Faria1994.n20735.sg01.s06,6,res novae Cíc. Cal. I. 3 «novidades políticas».,,,
manus,lilaLemma:111585,Velez,Velez1744.n2058.e01,Velez1744.n2058.sg01,Velez1744.n2058.sg01.s02,2,res per manus tradita,,"cousa, que naõ está escrita, e so se tem por tradiçaõ",
res,lilaLemma:121868,Fonseca,Fonseca1798.n25883.e01,Fonseca1798.n25883.sg01,Fonseca1798.n25883.sg01.s99,X,res Romana,Liv,Exercito Romano,
habeo,lilaLemma:105044,Saraiva,Saraiva1910.xHabeo,Saraiva1910.xHabeo.sg01,Saraiva1910.xHabeo.sg01.s15,15,res sic se habet,Cic,"Assim é, é d’este modo",
habeo,lilaLemma:105044,Saraiva,Saraiva1910.xHabeo,Saraiva1910.xHabeo.sg01,Saraiva1910.xHabeo.sg01.s03,3,res tuas tibi habe,Plaut. Cic. Mart,Toma o que é teu,formula de divórcio;
habeo,lilaLemma:105044,Saraiva,Saraiva1910.xHabeo,Saraiva1910.xHabeo.sg01,Saraiva1910.xHabeo.sg01.s03,3,res tuas tibi habe,Plaut. Cic. Mart,"Vae-te ambora, sae d’aqui, muda-te",
uenio,lilaLemma:129790,Saraiva,Saraiva1910.xVenio,Saraiva1910.xVenio.sg01,Saraiva1910.xVenio.sg01.s13,13,"respub. uenit in religionem, ut senatus…",Liv,"A republica concebeu o escrupulo religioso, que o senado…",
res,lilaLemma:121868,Fonseca,Fonseca1798.n25883.e01,Fonseca1798.n25883.sg01,Fonseca1798.n25883.sg01.s99,X,reuera,Cic,"Effectivamente, na realidade",
rex,lilaLemma:122013,Faria,Faria1994.n27678.e01,Faria1994.n27678.sg01,Faria1994.n27678.sg01.s02,2,"rex aquarom Ov. Met. 10, 606 ‘rei das águas. i. e.. Netuno.",,,
rex,lilaLemma:122013,Fonseca,Fonseca1798.n26126.e01,Fonseca1798.n26126.sg01,Fonseca1798.n26126.sg01.s99,X,rex fluuiorum,Virg,O maior dos rios,
rex,lilaLemma:122013,Faria,Faria1994.n27678.e01,Faria1994.n27678.sg01,Faria1994.n27678.sg01.s03,3,rex Nemorensis Suet. Cal. 35 ‘sacerdote de Diana Aricina’.,,,
rex,lilaLemma:122013,Fonseca,Fonseca1798.n26126.e01,Fonseca1798.n26126.sg01,Fonseca1798.n26126.sg01.s99,X,rex pueritiae,Hor,Pedagogo de hum menino,
rex,lilaLemma:122013,Fonseca,Fonseca1798.n26126.e01,Fonseca1798.n26126.sg01,Fonseca1798.n26126.sg01.s99,X,rex sacrorum,Cic,"O que fazia os sacrificios, que tocavaõ aos Reis",
uideo,lilaLemma:130163,Saraiva,Saraiva1910.xVideo,Saraiva1910.xVideo.sg01,Saraiva1910.xVideo.sg01.s04,4,rogo uideas Plinium domi,Plin. J,Peço-te que vás ter com Plinio,
romanus,lilaLemma:20302,Faria,Faria1994.n27821.e01,Faria1994.n27821.sg01,Faria1994.n27821.sg01.s01,1,Romani ludi Cíc. Verr. 5. 36 “jogos romanos”.,,,
dico,lilaLemma:99302,Velez,Velez1744.n1038.e01,Velez1744.n1038.sg01,Velez1744.n1038.sg01.s99,X,"sacramentum, uel sacramento dicere",,jurarem os soldados de defenderem a Republica,
dies,lilaLemma:99334,Velez,Velez1744.n1042.e01,Velez1744.n1042.sg01,Velez1744.n1042.sg01.s99,X,saturni,,Sabbado,
scio,lilaLemma:123732,Velez,Velez1744.n3067.e01,Velez1744.n3067.sg01,Velez1744.n3067.sg01.s99,X,scire de aliquo,,"saber de alguma cousa, ou que he feito della",
scio,lilaLemma:123732,Velez,Velez1744.n3067.e01,Velez1744.n3067.sg01,Velez1744.n3067.sg01.s99,X,scire ex aliquo,,"saber de alguem entendendo, e sabendo delle",
scio,lilaLemma:123732,Fonseca,Fonseca1798.n26981.e01,Fonseca1798.n26981.sg01,Fonseca1798.n26981.sg01.s99,X,scire fidibus,Ter,Saber tocar instrumento de cordas,
scio,lilaLemma:123732,Velez,Velez1744.n3067.e01,Velez1744.n3067.sg01,Velez1744.n3067.sg01.s99,X,scire graece,,saber grego,
scio,lilaLemma:123732,Fonseca,Fonseca1798.n26981.e01,Fonseca1798.n26981.sg01,Fonseca1798.n26981.sg01.s99,X,scire Graece luculenter,Cic,Saber com perfeiçaõ a lingua Grega,
scribo,lilaLemma:123840,Fonseca,Fonseca1798.n27054.e01,Fonseca1798.n27054.sg01,Fonseca1798.n27054.sg01.s99,X,scribere alicui nummos,Plaut,"Dar a alguem huma letra de cambio, ou hum bilhete para cobrar dinheiro",
scribo,lilaLemma:123840,Fonseca,Fonseca1798.n27054.e01,Fonseca1798.n27054.sg01,Fonseca1798.n27054.sg01.s99,X,scribere milites,Liv,Fazer levas de soldados,
scribo,lilaLemma:123840,Velez,Velez1744.n3075.e01,Velez1744.n3075.sg01,Velez1744.n3075.sg01.s99,X,scribere notis,,escrever em breves,
scribo,lilaLemma:123840,Fonseca,Fonseca1798.n27054.e01,Fonseca1798.n27054.sg01,Fonseca1798.n27054.sg01.s99,X,scribere notis,Quinct,"Escrever em cifra, ou com caracteres de abbreviaçaõ",
scribo,lilaLemma:123840,Fonseca,Fonseca1798.n27054.e01,Fonseca1798.n27054.sg01,Fonseca1798.n27054.sg01.s99,X,scribere seruo libertatem,Ulp,Dar carta de alforria ao escravo,
scribo,lilaLemma:123840,Fonseca,Fonseca1798.n27054.e01,Fonseca1798.n27054.sg01,Fonseca1798.n27054.sg01.s99,X,scribere stigmata fugitiuo,Quinct,Fazer marcar hum escravo fugitivo,
scribo,lilaLemma:123840,Fonseca,Fonseca1798.n27054.e01,Fonseca1798.n27054.sg01,Fonseca1798.n27054.sg01.s99,X,scribere supplementum legionibus,Cic,Fazer reclutas para as legiões,
ago,lilaLemma:88140,Saraiva,Saraiva1910.xAgo,Saraiva1910.xAgo.sg01,Saraiva1910.xAgo.sg01.s01,1,se ad auras palmes agit,Virg,A vinha eleva aos ares seus ramos,
sine,lilaLemma:124883,Faria,Faria1994.n28676.e01,Faria1994.n28676.sg01,Faria1994.n28676.sg01.s01,1,"se fraude esto XII T. apud Cíc. Leg. 2, 60, “que esteja sem erro”.",,,
habeo,lilaLemma:105044,Saraiva,Saraiva1910.xHabeo,Saraiva1910.xHabeo.sg01,Saraiva1910.xHabeo.sg01.s15,15,se isto modo res habet,Cic,Isto é incontestável,
uolo,lilaLemma:130745,Saraiva,Saraiva1910.xVolo,Saraiva1910.xVolo.sg01,Saraiva1910.xVolo.sg01.s04,4,se ortum Teucrorum a stirpe uolebat,Virg,Elle pretendia descender dos Troianos,
fero,lilaLemma:103126,Saraiva,Saraiva1910.xFero,Saraiva1910.xFero.sg01,Saraiva1910.xFero.sg01.s09,9,se regiæ stirpis ferebat,Vell,Pretendia sêr de sangue real,
uenio,lilaLemma:129790,Saraiva,Saraiva1910.xVenio,Saraiva1910.xVenio.sg01,Saraiva1910.xVenio.sg01.s02,2,se satis ambobus uenire,Virg,Que elle só basta para ambos,
ab,lilaLemma:86824,Cardoso,Cardoso1570.n00001.e01,Cardoso1570.n00001.sg01,Cardoso1570.n00001.sg01.s03,3,secũdus a Rege,,o mayor logo despois del Rey,
sine,lilaLemma:124883,Faria,Faria1994.n28676.e01,Faria1994.n28676.sg01,Faria1994.n28676.sg01.s02,2,"sécúrus “sem cuidado”, sédùló “sem engano”.",,,
sed,lilaLemma:123994,Faria,Faria1994.n28736.e01,Faria1994.n28736.sg01,Faria1994.n28736.sg01.s03,3,sed redeamus ad hortensium Cíc. Br. 291 “mas voltemos a Hortênsio”.,,,
apud,lilaLemma:89686,Velez,Velez1744.n0347.e01,Velez1744.n0347.sg01,Velez1744.n0347.sg01.s01,1,sede apud me,,junto de mim,
fero,lilaLemma:103126,Saraiva,Saraiva1910.xFero,Saraiva1910.xFero.sg01,Saraiva1910.xFero.sg01.s01,1,semper præ me tuli…,Cic,Sempre tive por norma…,
senatus,lilaLemma:124309,Faria,Faria1994.n28939.e01,Faria1994.n28939.sg01,Faria1994.n28939.sg01.s03,3,"senatum habere Cíc. Phil. 3, 9 ‘realizar uma reunião do senado’.",,,
que,lilaLemma:131416,Faria,Faria1994.n26527.e01,Faria1994.n26527.sg01,Faria1994.n26527.sg01.s01,1,senatus populusque Romanus «o senado e o povo romano».,,,
senatus,lilaLemma:124309,Faria,Faria1994.n28939.e01,Faria1994.n28939.sg01,Faria1994.n28939.sg01.s01,1,senatus populusque Romanus Cíc. Planc. 90 ‘o senado e o povo romano’.,,,
ad,lilaLemma:87344,Velez,Velez1744.n0082.e01,Velez1744.n0082.sg01,Velez1744.n0082.sg01.s02,2,sententia ad uerbum translata,,,"i, de verbo ad verbum"
dico,lilaLemma:99302,Velez,Velez1744.n1038.e01,Velez1744.n1038.sg01,Velez1744.n1038.sg01.s99,X,"sententiam, uel pro sententia dicere",,dizer seu parecer,
uideo,lilaLemma:130163,Saraiva,Saraiva1910.xVideo,Saraiva1910.xVideo.sg01,Saraiva1910.xVideo.sg01.s04,4,septimium uide et Lænatem,Cic,Vae ver Septimio e Lenate,
sequor,lilaLemma:124461,Fonseca,Fonseca1798.n27526.e01,Fonseca1798.n27526.sg01,Fonseca1798.n27526.sg01.s99,X,sequi aliquem uestigiis,Liv,Seguir alguem passo a passo,
sequor,lilaLemma:124461,Fonseca,Fonseca1798.n27526.e01,Fonseca1798.n27526.sg01,Fonseca1798.n27526.sg01.s99,X,sequi digitos,Plin,"Ser pegajoso, pegar-se aos dedos",
sequor,lilaLemma:124461,Fonseca,Fonseca1798.n27526.e01,Fonseca1798.n27526.sg01,Fonseca1798.n27526.sg01.s99,X,sequi gratiam alicuius,Caes,Procurar entrar na boa graça de alguem,
sequor,lilaLemma:124461,Fonseca,Fonseca1798.n27526.e01,Fonseca1798.n27526.sg01,Fonseca1798.n27526.sg01.s99,X,sequi uerbum,Cic,"Interpretar litteralmente, tomar huma palavra ao pé da letra",
ab,lilaLemma:86824,Velez,Velez1744.n0001.e01,Velez1744.n0001.sg01,Velez1744.n0001.sg01.s04,4,"serui a manibus, siue a manu",,os escreventes,qui etiam dicuntur Amanuenses
mitto,lilaLemma:112499,Velez,Velez1744.n2136.e01,Velez1744.n2136.sg01,Velez1744.n2136.sg01.s99,X,seruum manu mittere,,dar liberdade,
in,lilaLemma:106748,Faria,Faria1994.n15371.e01,Faria1994.n15371.sg01,Faria1994.n15371.sg01.s08,8,servilem in modum Cíc. Verr. pr. 13 “à maneira dos escravos” .,,,
sum,lilaLemma:126689,Saraiva,Saraiva1910.xSum,Saraiva1910.xSum.sg01,Saraiva1910.xSum.sg01.s01,1,seu nos fata fuisse uolent,Tib,Ou quererão os destinos que nós deixemos de existir,
sum,lilaLemma:126689,Saraiva,Saraiva1910.xSum,Saraiva1910.xSum.sg01,Saraiva1910.xSum.sg01.s07,7,sextante sal erat,Liv,O sal era do preço d’um sextante,
facio,lilaLemma:102758,Saraiva,Saraiva1910.xFacio,Saraiva1910.xFacio.sg01,Saraiva1910.xFacio.sg01.s14,14,si ædes uitium fecerunt,Cic,"Se a casa adquiriu defeito, ou ameaça cair",
ago,lilaLemma:88140,Saraiva,Saraiva1910.xAgo,Saraiva1910.xAgo.sg01,Saraiva1910.xAgo.sg01.s09,9,si agendi necessitas instat,Plin. J,Se a necessidade obriga a comparecer no tribunal,
ago,lilaLemma:88140,Saraiva,Saraiva1910.xAgo,Saraiva1910.xAgo.sg01,Saraiva1910.xAgo.sg01.s01,1,si agmen uellet agi,Liv,Se queria que a força avançasse,
sum,lilaLemma:126689,Saraiva,Saraiva1910.xSum,Saraiva1910.xSum.sg01,Saraiva1910.xSum.sg01.s05,5,si curas esse quod audis,Hor,Se tractas de justificar a tua reputação,
sum,lilaLemma:126689,Saraiva,Saraiva1910.xSum,Saraiva1910.xSum.sg01,Saraiva1910.xSum.sg01.s02,2,si essetis nobiscum,Cic,"Se estivesseis comnosco, em nossa companhia",
sum,lilaLemma:126689,Saraiva,Saraiva1910.xSum,Saraiva1910.xSum.sg01,Saraiva1910.xSum.sg01.s04,4,si est ut uelis…,Ter,"Se é que queres, se queres…",
fero,lilaLemma:103126,Saraiva,Saraiva1910.xFero,Saraiva1910.xFero.sg01,Saraiva1910.xFero.sg01.s07,7,si fert ita corde uoluntas,Virg,Se este é o teu desejo,
refero,lilaLemma:122494,Fonseca,Fonseca1798.n25507.e01,Fonseca1798.n25507.sg01,Fonseca1798.n25507.sg01.s99,X,si forte refers,Ovid,Se acaso te lembras,
sum,lilaLemma:126689,Saraiva,Saraiva1910.xSum,Saraiva1910.xSum.sg01,Saraiva1910.xSum.sg01.s07,7,si frumentum tanti fuit quanti…,Cic,Se o trigo valeu tanto quanto,Ved. Tanti
sum,lilaLemma:126689,Saraiva,Saraiva1910.xSum,Saraiva1910.xSum.sg01,Saraiva1910.xSum.sg01.s02,2,si fuerit Deus mecum,Hier,Se Deus estiver commigo,
sum,lilaLemma:126689,Saraiva,Saraiva1910.xSum,Saraiva1910.xSum.sg01,Saraiva1910.xSum.sg01.s05,5,si fuerit is hebeti ingenio,Cic,Se elle foi de espirito acanhado,
uenio,lilaLemma:129790,Saraiva,Saraiva1910.xVenio,Saraiva1910.xVenio.sg01,Saraiva1910.xVenio.sg01.s01,1,si illo ueneris,Cic,Se fores alli,
ago,lilaLemma:88140,Saraiva,Saraiva1910.xAgo,Saraiva1910.xAgo.sg01,Saraiva1910.xAgo.sg01.s11,11,si magna res agetur,Cic,Se se tracta d’uma coisa importante,
sum,lilaLemma:126689,Saraiva,Saraiva1910.xSum,Saraiva1910.xSum.sg01,Saraiva1910.xSum.sg01.s02,2,si mihi tecum minus esset quam cum…,Cic,Se eu estivesse em menos relação comtigo do que com…,
si,lilaLemma:124676,Fonseca,Fonseca1798.n27705.e01,Fonseca1798.n27705.sg01,Fonseca1798.n27705.sg01.s99,X,si ne,Plaut,Se naõ,
fero,lilaLemma:103126,Saraiva,Saraiva1910.xFero,Saraiva1910.xFero.sg01,Saraiva1910.xFero.sg01.s07,7,si occasio tulerit,Cic,Se se offerecer occasião,
licet,lilaLemma:110432,Velez,Velez1744.n1971.e01,Velez1744.n1971.sg01,Velez1744.n1971.sg01.s99,X,"si per te, uel per uos licet",,se mo permittis,
uenio,lilaLemma:129790,Saraiva,Saraiva1910.xVenio,Saraiva1910.xVenio.sg01,Saraiva1910.xVenio.sg01.s08,8,si quando similis fortuna ueniret,Liv,Se se desse o mesmo acontecimento,
qui,lilaLemma:121354,Faria,Faria1994.n26549.e01,Faria1994.n26549.sg01,Faria1994.n26549.sg01.s08,8,"si qui in foro cantet Cíc. Of. 1, 145 ‘se alguém cantasse ou cantar no foro’.",,,
uolo,lilaLemma:130745,Saraiva,Saraiva1910.xVolo,Saraiva1910.xVolo.sg01,Saraiva1910.xVolo.sg01.s02,2,si quid ille se uelit,Caes,"Se elle tinha alguma coisa a lhe dizer, se elle lhe queria fallar",
possum,lilaLemma:118569,Saraiva,Saraiva1910.xPossum,Saraiva1910.xPossum.sg01,Saraiva1910.xPossum.sg01.s06,6,si quid potest,Liv,Se é possível,
fero,lilaLemma:103126,Saraiva,Saraiva1910.xFero,Saraiva1910.xFero.sg01,Saraiva1910.xFero.sg01.s07,7,si res ita fert,Cic,Se a necessidade o requerer,
do,lilaLemma:99970,Saraiva,Saraiva1910.xDo,Saraiva1910.xDo.sg01,Saraiva1910.xDo.sg01.s04,4,si se dant iudices,Cic. Ov,"Se os juízes se apresentam, ou se elles prestam",
uolo,lilaLemma:130745,Saraiva,Saraiva1910.xVolo,Saraiva1910.xVolo.sg01,Saraiva1910.xVolo.sg01.s01,1,si uelit Jupiter…,Virg,"Se Jupiter consentir, se permittir que…",
uenio,lilaLemma:129790,Saraiva,Saraiva1910.xVenio,Saraiva1910.xVenio.sg01,Saraiva1910.xVenio.sg01.s15,15,si ueniat in dubium…,Quint,Se houver duvida…,
fero,lilaLemma:103126,Saraiva,Saraiva1910.xFero,Saraiva1910.xFero.sg01,Saraiva1910.xFero.sg01.s09,9,si uera feram,Virg,Se eu digo a verdade,
uideo,lilaLemma:130163,Saraiva,Saraiva1910.xVideo,Saraiva1910.xVideo.sg01,Saraiva1910.xVideo.sg01.s08,8,si uidetur,Cic,Se parece bem,
bene,lilaLemma:91473,Faria,Faria1994.n03984.e01,Faria1994.n03984.sg01,Faria1994.n03984.sg01.s04,4,"si vales bene est ego valeo, ou em abreviatura s.v.b. e.e.v “se estás passando bem, está bem, eu também estou”.",,,
uiuo,lilaLemma:130476,Faria,Faria1994.n34074.e01,Faria1994.n34074.sg01,Faria1994.n34074.sg01.s07,7,"Si vivo Plaut. Aul. 555 ‘se eu viver’ i. e., ‘se os deuses me derem vida’;",,,
sum,lilaLemma:126689,Saraiva,Saraiva1910.xSum,Saraiva1910.xSum.sg01,Saraiva1910.xSum.sg01.s04,4,sibi cum hac mima posthac nihil futurum,Plaut,Que elle não tornará a ver esta comediante,
habeo,lilaLemma:105044,Saraiva,Saraiva1910.xHabeo,Saraiva1910.xHabeo.sg01,Saraiva1910.xHabeo.sg01.s03,3,sibi habeat suam fortunam,Cic,"Lá se avenha com a sua fortuna, eu não lhe invejo a fortuna",
sic,lilaLemma:124690,Faria,Faria1994.n29246.e01,Faria1994.n29246.sg01,Faria1994.n29246.sg01.s04,4,"sic ... ut Cíc. Br. 250 ‘de tal modo que, a tal ponto que’.",,,
do,lilaLemma:99970,Saraiva,Saraiva1910.xDo,Saraiva1910.xDo.sg01,Saraiva1910.xDo.sg01.s06,6,"sic datur, si quis seruus herum spernit",Plaut,É assim que se tracta o escravo que falta aos deveres para com o senhor,
sum,lilaLemma:126689,Saraiva,Saraiva1910.xSum,Saraiva1910.xSum.sg01,Saraiva1910.xSum.sg01.s04,4,sic est,Ter,"É assim, ou assim é, é como dizes, sim",
habeo,lilaLemma:105044,Saraiva,Saraiva1910.xHabeo,Saraiva1910.xHabeo.sg01,Saraiva1910.xHabeo.sg01.s15,15,sic habet,Hor,"Assim é, é d’este modo",
habeo,lilaLemma:105044,Saraiva,Saraiva1910.xHabeo,Saraiva1910.xHabeo.sg01,Saraiva1910.xHabeo.sg01.s09,9,sic habeto,Cic,"Convence-te, fica sabendo",
fero,lilaLemma:103126,Saraiva,Saraiva1910.xFero,Saraiva1910.xFero.sg01,Saraiva1910.xFero.sg01.s01,1,sic ora ferebat,Virg,Taes eram as suas feições,
uolo,lilaLemma:130745,Saraiva,Saraiva1910.xVolo,Saraiva1910.xVolo.sg01,Saraiva1910.xVolo.sg01.s02,2,sic uiuere ut uelis,Cic,"Viver á sua vontade, a seu modo, viver como quizer",
do,lilaLemma:99970,Saraiva,Saraiva1910.xDo,Saraiva1910.xDo.sg01,Saraiva1910.xDo.sg01.s05,5,sicanium dedit usque fretum,V. Fl,Lançou-me no mar da Sicilia,
sic,lilaLemma:124690,Velez,,,Velez1744.n3130.sg01.s01,1,sicut,Adverb.,assim como,
ut2,lilaLemma:130905,Velez,,,Velez1744.n3130.sg01.s01,1,sicut,Adverb.,assim como,
sum,lilaLemma:126689,Saraiva,Saraiva1910.xSum,Saraiva1910.xSum.sg01,Saraiva1910.xSum.sg01.s05,5,sicut eram,,,Ved. Sicut
uolo,lilaLemma:130745,Saraiva,Saraiva1910.xVolo,Saraiva1910.xVolo.sg01,Saraiva1910.xVolo.sg01.s02,2,sicut ipse uoluerat,Nep,Como elle mesmo tinha desejado,
sic,lilaLemma:124690,Velez,,,Velez1744.n3130.sg01.s01,1,sicuti,,assim como,
ut2,lilaLemma:130905,Velez,,,Velez1744.n3130.sg01.s01,1,sicuti,,assim como,
habeo,lilaLemma:105044,Saraiva,Saraiva1910.xHabeo,Saraiva1910.xHabeo.sg01,Saraiva1910.xHabeo.sg01.s15,15,sicuti pleraque mortalium habentur,Sall,Como acontece ordinariamente,
sine,lilaLemma:124883,Faria,Faria1994.n29406.e01,Faria1994.n29406.sg01,Faria1994.n29406.sg01.s01,1,"sine regibus Cíc. Rep. 1, 58 ‘sem reis’.",,,
uenio,lilaLemma:129790,Saraiva,Saraiva1910.xVenio,Saraiva1910.xVenio.sg01,Saraiva1910.xVenio.sg01.s06,6,sinopis quæ ex Africa uenit,Plin,A terra de Sinope que vem da Africa,
si,lilaLemma:124676,Velez,,,Velez1744.n3159.sg01.s01,1,sis,"à Sum, long. ut: Etiam sis, pro Si vis quod ad verba imperativa, quia videbantur contumeliosa, addebant Veteres, ut: Fac sis, vide sis, & c.",se quereis;,
uolo,lilaLemma:130745,Velez,,,Velez1744.n3159.sg01.s01,1,sis,"à Sum, long. ut: Etiam sis, pro Si vis quod ad verba imperativa, quia videbantur contumeliosa, addebant Veteres, ut: Fac sis, vide sis, & c.",se quereis;,
at,lilaLemma:87415,Faria,Faria1994.n03256.e01,Faria1994.n03256.sg01,Faria1994.n03256.sg01.s02,2,"sit fur, sit sacrilegus ... at est bonus imperator Cíc. Verr. 5, 44 «que seja ladrão, que seja ímpio... ao menos é um bom general».",,,
sum,lilaLemma:126689,Saraiva,Saraiva1910.xSum,Saraiva1910.xSum.sg01,Saraiva1910.xSum.sg01.s04,4,sit ita sane,Cic,Pois seja assim,
sum,lilaLemma:126689,Saraiva,Saraiva1910.xSum,Saraiva1910.xSum.sg01,Saraiva1910.xSum.sg01.s08,8,sit mihi mensa!,Hor,Tenha eu uma mesa!,
sum,lilaLemma:126689,Saraiva,Saraiva1910.xSum,Saraiva1910.xSum.sg01,Saraiva1910.xSum.sg01.s04,4,sit ut intereant,Colum,Faça-se com que pereçam,
uideo,lilaLemma:130163,Saraiva,Saraiva1910.xVideo,Saraiva1910.xVideo.sg01,Saraiva1910.xVideo.sg01.s01,1,sol non uidetur,Varr,Não se vê o sol,
lex,lilaLemma:110351,Faria,Faria1994.n17969.e01,Faria1994.n17969.sg01,Faria1994.n17969.sg01.s06,6,sparsi sine lege capilli Ov. Her. 15. 73. “cabelos espalhados em desordem”.,,,
uideo,lilaLemma:130163,Saraiva,Saraiva1910.xVideo,Saraiva1910.xVideo.sg01,Saraiva1910.xVideo.sg01.s07,7,spero uos bona multa esse uisuros,Cic,Espero que vós vereis muitos acontecimentos felizes,
facio,lilaLemma:102758,Velez,Velez1744.n1303.e01,Velez1744.n1303.sg01,Velez1744.n1303.sg01.s99,X,stipendia sub aliquo facere,,"militar, ou ser soldado de alguem",
ago,lilaLemma:88140,Velez,Velez1744.n0201.e01,Velez1744.n0201.sg01,Velez1744.n0201.sg01.s99,X,stultum agere,,,"i, fingere, vel repraesentare se stultum"
ago,lilaLemma:88140,Saraiva,Saraiva1910.xAgo,Saraiva1910.xAgo.sg01,Saraiva1910.xAgo.sg01.s03,3,sudor agit flumen,Virg,O suor corre ás levadas,
ius,lilaLemma:109252,Velez,Velez1744.n1883.e01,Velez1744.n1883.sg01,Velez1744.n1883.sg01.s99,X,sui iuris esse,,ser senhor de si,
lex,lilaLemma:110351,Faria,Faria1994.n17969.e01,Faria1994.n17969.sg01,Faria1994.n17969.sg01.s04,4,"suis legibus uti Cés. B. Gal. 1. 45, 3 “conservar sua independência falando de um povo”.",,,
sum,lilaLemma:126689,Saraiva,Saraiva1910.xSum,Saraiva1910.xSum.sg01,Saraiva1910.xSum.sg01.s05,5,sum Æneas,Virg,Eu sou Eneas,
in,lilaLemma:106748,Velez,Velez1744.n1646.e01,Velez1744.n1646.sg01,Velez1744.n1646.sg01.s02,2,sum in templo,,,
sum,lilaLemma:126689,Saraiva,Saraiva1910.xSum,Saraiva1910.xSum.sg01,Saraiva1910.xSum.sg01.s05,5,sum patria ex Ithaca,Virg,Sou natural de Ithaca,
locus,lilaLemma:110019,Fonseca,Fonseca1798.n17311.e01,Fonseca1798.n17311.sg01,Fonseca1798.n17311.sg01.s99,X,summo Loco natus,Liv,Homem de hum illustrissimo nascimento,
sum,lilaLemma:126689,Saraiva,Saraiva1910.xSum,Saraiva1910.xSum.sg01,Saraiva1910.xSum.sg01.s05,5,sumus otiosi,Cic,"Estamos desoccupados, estamos em descanço",
sum,lilaLemma:126689,Saraiva,Saraiva1910.xSum,Saraiva1910.xSum.sg01,Saraiva1910.xSum.sg01.s01,1,sunt bona,Mart,Há coisas boas n’uma obra,
sum,lilaLemma:126689,Saraiva,Saraiva1910.xSum,Saraiva1910.xSum.sg01,Saraiva1910.xSum.sg01.s04,4,sunt ista,Cic,"É assim, ou assim é, é como dizes, sim",
sum,lilaLemma:126689,Saraiva,Saraiva1910.xSum,Saraiva1910.xSum.sg01,Saraiva1910.xSum.sg01.s08,8,sunt mihi bis septem nymphæ,Virg,Tenho quatorze nymphas,
sum,lilaLemma:126689,Saraiva,Saraiva1910.xSum,Saraiva1910.xSum.sg01,Saraiva1910.xSum.sg01.s01,1,sunt qui…,Cic. Hor,Há homens ou pessoas que…;,
sum,lilaLemma:126689,Saraiva,Saraiva1910.xSum,Saraiva1910.xSum.sg01,Saraiva1910.xSum.sg01.s01,1,sunt quidam qui…,Cic,há certos homens que…,
capio,lilaLemma:92686,Velez,Velez1744.n0587.e01,Velez1744.n0587.sg01,Velez1744.n0587.sg01.s99,X,superbum totus orbis non capit,,o soberbo naõ cabe em todo o mundo,
legio,lilaLemma:110166,Fonseca,Fonseca1798.n16860.e01,Fonseca1798.n16860.sg01,Fonseca1798.n16860.sg01.s99,X,supplere legiones,Liv,Fazer reclutas de gente,
fero,lilaLemma:103126,Velez,Velez1744.n1337.e01,Velez1744.n1337.sg01,Velez1744.n1337.sg01.s99,X,"susque, deque fero",,,"apud veteres, i, sursùm, an deorsum res feratur, parvi facio"
nouus,lilaLemma:113900,Faria,Faria1994.n20735.e01,Faria1994.n20735.sg01,Faria1994.n20735.sg01.s07,7,"tabulae novae Cíc. Or. 2, 8 4 “novos livros de conta, onde se registravam as dívidas”.",,,
fides,lilaLemma:103260,Velez,Velez1744.n1345.e01,Velez1744.n1345.sg01,Velez1744.n1345.sg01.s99,X,tabularum fides,,a authoridade das escrituras,
ad,lilaLemma:87344,Velez,Velez1744.n0082.e01,Velez1744.n0082.sg01,Velez1744.n0082.sg01.s01,1,taleta ad quindecim coegi,,,"i, circiter"
tamen,lilaLemma:127607,Fonseca,Fonseca1798.n29827.e01,Fonseca1798.n29827.sg01,Fonseca1798.n29827.sg01.s99,X,tamenetsi,Cic,"Bemque, aindaque, postoque",
tam,lilaLemma:127600,Velez,,,Velez1744.n3339.sg01.s01,1,tametsi,Conjunct.,"aidaque, se bem",
etsi,lilaLemma:102562,Velez,,,Velez1744.n3339.sg01.s01,1,tametsi,Conjunct.,"aidaque, se bem",
ago,lilaLemma:88140,Saraiva,Saraiva1910.xAgo,Saraiva1910.xAgo.sg01,Saraiva1910.xAgo.sg01.s13,13,tanta mobilitate sese agunt!,Sall,Tão inconstantes são elles!,
tantus,lilaLemma:127630,Velez,Velez1744.n3346.e01,Velez1744.n3346.sg01,Velez1744.n3346.sg01.s99,X,"tanti aestimo, & c",,"tanto, ou em tanto estimo;",
fero,lilaLemma:103126,Saraiva,Saraiva1910.xFero,Saraiva1910.xFero.sg01,Saraiva1910.xFero.sg01.s02,2,tanto odio ferebatur in…,Nep,Tão violento era o odio que o levava contra…,
tantus,lilaLemma:127630,Fonseca,Fonseca1798.n29848.e01,Fonseca1798.n29848.sg01,Fonseca1798.n29848.sg01.s99,X,tantum est,Ter,"Tanto, e naõ mais",
tantum,lilaIpoLemma:110679,Velez,,,Velez1744.n3344.sg01.s01,1,tantummodo,,somente,
modo,lilaLemma:113289,Velez,,,Velez1744.n3344.sg01.s01,1,tantummodo,,somente,
tantum,lilaIpoLemma:110679,Velez,,,Velez1744.n3344.sg01.s02,2,tantummodo,"quo utimur eleganter pro non solùm non est, sub. sequente gemino Ut, vel uno solùm","tanto, ou taõ",adverb. Significat etiam Tantùm
modo,lilaLemma:113289,Velez,,,Velez1744.n3344.sg01.s02,2,tantummodo,"quo utimur eleganter pro non solùm non est, sub. sequente gemino Ut, vel uno solùm","tanto, ou taõ",adverb. Significat etiam Tantùm
tantus,lilaLemma:127630,Fonseca,Fonseca1798.n29848.e01,Fonseca1798.n29848.sg01,Fonseca1798.n29848.sg01.s99,X,tantus natu,Cic,Taõ velho,
uenio,lilaLemma:129790,Saraiva,Saraiva1910.xVenio,Saraiva1910.xVenio.sg01,Saraiva1910.xVenio.sg01.s07,7,tarda uenit dictis fides,Ov,Levou muito tempo que se desse credito ás suas palavras,
ago,lilaLemma:88140,Saraiva,Saraiva1910.xAgo,Saraiva1910.xAgo.sg01,Saraiva1910.xAgo.sg01.s02,2,te discus agit,Hor,Tu gostas de jogar o disco,
uolo,lilaLemma:130745,Saraiva,Saraiva1910.xVolo,Saraiva1910.xVolo.sg01,Saraiva1910.xVolo.sg01.s02,2,te superesse uelim,Virg,Desejo que me sobrevivas,
uolo,lilaLemma:130745,Saraiva,Saraiva1910.xVolo,Saraiva1910.xVolo.sg01,Saraiva1910.xVolo.sg01.s02,2,te uolo,scil. alloqui. Plaut,Quero fallar-te,
habeo,lilaLemma:105044,Saraiva,Saraiva1910.xHabeo,Saraiva1910.xHabeo.sg01,Saraiva1910.xHabeo.sg01.s03,3,tecum habeto,Cic,"Guarda isto para ti, guarda segredo á cerca d’disto, não reveles isto",
habeo,lilaLemma:105044,Saraiva,Saraiva1910.xHabeo,Saraiva1910.xHabeo.sg01,Saraiva1910.xHabeo.sg01.s02,2,tegmen habent capiti…,Virg,Teem por cobertura da cabeça…,
sum,lilaLemma:126689,Saraiva,Saraiva1910.xSum,Saraiva1910.xSum.sg01,Saraiva1910.xSum.sg01.s08,8,temeritas est florentis ætatis,Cic,Da mocidade é própria a temeridade,
tuus,lilaLemma:129328,Faria,Faria1994.n32795.e01,Faria1994.n32795.sg01,Faria1994.n32795.sg01.s06,6,"tempore tuo, occasio tua, ‘ocasião oportuna para ti’ T. Lív. 22, 39, 21.",,,
sum,lilaLemma:126689,Saraiva,Saraiva1910.xSum,Saraiva1910.xSum.sg01,Saraiva1910.xSum.sg01.s04,4,tempus erat quo…,Virg,Era a hora em que…,
ab,lilaLemma:86824,Faria,Faria1994.n00003.e01,Faria1994.n00003.sg01,Faria1994.n00003.sg01.s07,7,"tempus mutus a litteris Cíc. At. 8, 14, J “época silenciosa quanto a cartas”.",,,
uenio,lilaLemma:129790,Saraiva,Saraiva1910.xVenio,Saraiva1910.xVenio.sg01,Saraiva1910.xVenio.sg01.s08,8,tempus ueniet quum…,Virg,"Tempo virá, em que…",
teneo,lilaLemma:127822,Velez,Velez1744.n3365.e01,Velez1744.n3365.sg01,Velez1744.n3365.sg01.s02,2,teneo rem,,,
teneo,lilaLemma:127822,Fonseca,Fonseca1798.n29988.e01,Fonseca1798.n29988.sg01,Fonseca1798.n29988.sg01.s99,X,tenere oculos,Cic,Ser agradavel á vista,
teneo,lilaLemma:127822,Velez,Velez1744.n3365.e01,Velez1744.n3365.sg01,Velez1744.n3365.sg01.s99,X,teneri argumentis,,"ser apanhado, ou convencido com argumentos",
teneo,lilaLemma:127822,Velez,Velez1744.n3365.e01,Velez1744.n3365.sg01,Velez1744.n3365.sg01.s02,2,"tenes, quid dicam?",,entendeis o que digo?,
teneo,lilaLemma:127822,Velez,Velez1744.n3365.e01,Velez1744.n3365.sg01,Velez1744.n3365.sg01.s01,1,"tenet me spes, & c",Dicimus eleganter,"espero, tenho esperança, etc",
teneo,lilaLemma:127822,Velez,Velez1744.n3365.e01,Velez1744.n3365.sg01,Velez1744.n3365.sg01.s99,X,tenet omnia limo,,,"i, tegit"
filius,lilaLemma:103307,Velez,Velez1744.n1350.e01,Velez1744.n1350.sg01,Velez1744.n1350.sg01.s99,X,terrae filii,,,"i, obscuro, ignotoque nati genere"
dico,lilaLemma:99302,Velez,Velez1744.n1038.e01,Velez1744.n1038.sg01,Velez1744.n1038.sg01.s99,X,testimonium uel pro testimonio dicere,,"testificar, depor com testemunho",
dico,lilaLemma:99302,Saraiva,Saraiva1910.xDico,Saraiva1910.xDico.sg01,Saraiva1910.xDico.sg01.s09,9,tibi dico,Ter. Phaed,"Olha, eu aviso-te",
dico,lilaLemma:99302,Saraiva,Saraiva1910.xDico,Saraiva1910.xDico.sg01,Saraiva1910.xDico.sg01.s09,9,tibi diximus,Ov,"Olha, eu aviso-te",
credo,lilaLemma:96881,Velez,Velez1744.n0891.e01,Velez1744.n0891.sg01,Velez1744.n0891.sg01.s02,2,"tibi me credo, meaque consilia",,,
uideo,lilaLemma:130163,Saraiva,Saraiva1910.xVideo,Saraiva1910.xVideo.sg01,Saraiva1910.xVideo.sg01.s08,8,tibi si uidebitur…,Cic,"Se achares que é bem, se quizeres, se te aprouver",
sum,lilaLemma:126689,Saraiva,Saraiva1910.xSum,Saraiva1910.xSum.sg01,Saraiva1910.xSum.sg01.s04,4,tityon cernere erat,Virg,Tityão podia ser visto,
habeo,lilaLemma:105044,Saraiva,Saraiva1910.xHabeo,Saraiva1910.xHabeo.sg01,Saraiva1910.xHabeo.sg01.s08,8,tolli uicissim pontus habet,V. Fl,O mar tem que elevar-se alternativamente,
totus,lilaLemma:128484,Faria,Faria1994.n32149.e01,Faria1994.n32149.sg01,Faria1994.n32149.sg01.s01,1,tota res publica Cíc. Mil. 61 ‘a república inteira’.,,,
corpus,lilaLemma:96667,Velez,Velez1744.n0878.e01,Velez1744.n0878.sg01,Velez1744.n0878.sg01.s99,X,"toto corpore, atque omnibus ungulis",,,"i, summâ pertinaciâ"
pars,lilaLemma:116084,Faria,Faria1994.n22363.e01,Faria1994.n22363.sg01,Faria1994.n22363.sg01.s04,4,"transactis meis partibus Cíc. De Or. 2, 15 “tendo acabado meu papel”.",,,
ipse,lilaLemma:108945,Faria,Faria1994.n16942.e01,Faria1994.n16942.sg01,Faria1994.n16942.sg01.s02,2,triennio ipso minor Cíc. Br. 161 «justamente três anos mais moço»: Cíc. Verr. 5. 160.,,,
ipse,lilaLemma:108945,Velez,Velez1744.n1846.e01,Velez1744.n1846.sg01,Velez1744.n1846.sg01.s02,2,"triginta dies erant ipsi, quum, & c",,,
alter,lilaLemma:88457,Velez,Velez1744.n0247.e01,Velez1744.n0247.sg01,Velez1744.n0247.sg01.s01,1,tu nunc eris alter ab illo,,,
uolo,lilaLemma:130745,Saraiva,Saraiva1910.xVolo,Saraiva1910.xVolo.sg01,Saraiva1910.xVolo.sg01.s02,2,"tu uelim, ut consuesti, nos diligas",Cic,Desejo que me ames como até aqui,
quantus,lilaLemma:121092,Faria,Faria1994.n26488.e01,Faria1994.n26488.sg01,Faria1994.n26488.sg01.s04,4,"tu, quantus quantu's Ter. Ad. 394 ‘tu, tão grande quanto és, i. e.. tu da cabeça aos pés’: quanta quanta haec mea paupertas est Ter. Phorm. 904 ‘por grande que seja a minha pobreza’.",,,
legio,lilaLemma:110166,Faria,Faria1994.n17818.e01,Faria1994.n17818.sg01,Faria1994.n17818.sg01.s01,1,tua est legio Plaut. Men. 188 “a escolha é tua”.,,,
ago,lilaLemma:88140,Saraiva,Saraiva1910.xAgo,Saraiva1910.xAgo.sg01,Saraiva1910.xAgo.sg01.s11,11,tua res agitur,Hor,Tracta-se do teu interesse,
tum,lilaLemma:129198,Velez,Velez1744.n3470.e01,Velez1744.n3470.sg01,Velez1744.n3470.sg01.s03,3,"tum hoc, tum illud dicebat",,"dizia humas vezes huma cousa, outras vezes outra",
ille,lilaLemma:106221,Faria,Faria1994.n14953.e01,Faria1994.n14953.sg01,Faria1994.n14953.sg01.s04,4,"tum ille Cíc. De Oro 1, 45 «então ele».",,,
sum,lilaLemma:126689,Saraiva,Saraiva1910.xSum,Saraiva1910.xSum.sg01,Saraiva1910.xSum.sg01.s05,5,turpe est…,Liv,É vergonhoso que…,
tu,lilaLemma:129131,Velez,Velez1744.n3352.e01,Velez1744.n3352.sg01,Velez1744.n3352.sg01.s01,1,tute,,vos mesmo,
tuus,lilaLemma:129328,Fonseca,Fonseca1798.n31052.e01,Fonseca1798.n31052.sg01,Fonseca1798.n31052.sg01.s99,X,tuum est,Ter,"Pertence-te, he tua obrigaçaõ",
tuus,lilaLemma:129328,Fonseca,Fonseca1798.n31052.e01,Fonseca1798.n31052.sg01,Fonseca1798.n31052.sg01.s99,X,tuum est,Plaut,He teu costume,
tuus,lilaLemma:129328,Faria,Faria1994.n32795.e01,Faria1994.n32795.sg01,Faria1994.n32795.sg01.s05,5,Tuum est mais inf.: cabe a ti ... Plaut. St. 718.,,,
uideo,lilaLemma:130163,Saraiva,Saraiva1910.xVideo,Saraiva1910.xVideo.sg01,Saraiva1910.xVideo.sg01.s05,5,uates in futurum uidet,Liv,Os adivinhos conhecem o futuro,
habeo,lilaLemma:105044,Saraiva,Saraiva1910.xHabeo,Saraiva1910.xHabeo.sg01,Saraiva1910.xHabeo.sg01.s11,11,ubi adolescentiam habuere,Sall,Onde elles passaram a adolescencia,
uenio,lilaLemma:129790,Saraiva,Saraiva1910.xVenio,Saraiva1910.xVenio.sg01,Saraiva1910.xVenio.sg01.s08,8,ubi ea dies uenit,Caes,Logo que chegou este dia,
uenio,lilaLemma:129790,Saraiva,Saraiva1910.xVenio,Saraiva1910.xVenio.sg01,Saraiva1910.xVenio.sg01.s01,1,ubi eo uentum est,Caes,Apenas se chegou alli,
ubi,lilaLemma:129639,Velez,Velez1744.n3513.e01,Velez1744.n3513.sg01,Velez1744.n3513.sg01.s01,1,ubi loci,,"em que lugar, ou estado?",
ubi,lilaLemma:129639,Velez,Velez1744.n3513.e01,Velez1744.n3513.sg01,Velez1744.n3513.sg01.s02,2,ubi primum,,tanto que,
uideo,lilaLemma:130163,Saraiva,Saraiva1910.xVideo,Saraiva1910.xVideo.sg01,Saraiva1910.xVideo.sg01.s08,8,"ubi uisum est, discedunt",Caes,Retiram-se quando lhes aprouve,
uel,lilaLemma:129695,Cardoso,Cardoso1570.n25680.e01,Cardoso1570.n25680.sg01,Cardoso1570.n25680.sg01.s01,1,uel ego,,,
uel,lilaLemma:129695,Cardoso,Cardoso1570.n25680.e01,Cardoso1570.n25680.sg01,Cardoso1570.n25680.sg01.s01,1,uel tu,,,
facio,lilaLemma:102758,Velez,Velez1744.n1303.e01,Velez1744.n1303.sg01,Velez1744.n1303.sg01.s99,X,uela facere,,dar á vela,
dico,lilaLemma:99302,Saraiva,Saraiva1910.xDico,Saraiva1910.xDico.sg01,Saraiva1910.xDico.sg01.s03,3,uelere dicendo,Cic,Sêr eloquente,
uolo,lilaLemma:130745,Saraiva,Saraiva1910.xVolo,Saraiva1910.xVolo.sg01,Saraiva1910.xVolo.sg01.s02,2,uelim ut uelles,Plaut,"Desejo que tenhas o que desejas, teus desejos sejam cumpridos",formula de cortezia
uolo,lilaLemma:130745,Saraiva,Saraiva1910.xVolo,Saraiva1910.xVolo.sg01,Saraiva1910.xVolo.sg01.s01,1,"uelim, nolim",Hier,"eu queira ou não queira; por bem ou por mal, por vontade ou por força, a bem ou a mal",
uolo,lilaLemma:130745,Saraiva,Saraiva1910.xVolo,Saraiva1910.xVolo.sg01,Saraiva1910.xVolo.sg01.s01,1,"uelint, nolint",Plin. J,"queiram ou não queiram; por bem ou por mal, por vontade ou por força, a bem ou a mal",
uolo,lilaLemma:130745,Fonseca,Fonseca1798.n32153.e01,Fonseca1798.n32153.sg01,Fonseca1798.n32153.sg01.s99,X,"uelint, nolint",Cic,"Queiraõ, ou naõ queiraõ",
uolo,lilaLemma:130745,Saraiva,Saraiva1910.xVolo,Saraiva1910.xVolo.sg01,Saraiva1910.xVolo.sg01.s01,1,"uelis, nolis",Hier,"queiras ou não; por bem ou por mal, por vontade ou por força, a bem ou a mal",
uolo,lilaLemma:130745,Saraiva,Saraiva1910.xVolo,Saraiva1910.xVolo.sg01,Saraiva1910.xVolo.sg01.s01,1,"uelit, nolit",Cic,"Elle queira ou não queira; por bem ou por mal, por vontade ou por força, a bem ou a mal",
uolo,lilaLemma:130745,Saraiva,Saraiva1910.xVolo,Saraiva1910.xVolo.sg01,Saraiva1910.xVolo.sg01.s01,1,"uelitis, iubeatis, Quirites",Liv,"Queirais, Romanos, ordenar",formula usada nos comicios para a votação das leis
uolo,lilaLemma:130745,Saraiva,Saraiva1910.xVolo,Saraiva1910.xVolo.sg01,Saraiva1910.xVolo.sg01.s02,2,uelle fugam…,Virg,Querer fugir…,
uolo,lilaLemma:130745,Saraiva,Saraiva1910.xVolo,Saraiva1910.xVolo.sg01,Saraiva1910.xVolo.sg01.s02,2,uelle nostrum,Aug,"A nossa vontade, o nosso desejo",
uolo,lilaLemma:130745,Saraiva,Saraiva1910.xVolo,Saraiva1910.xVolo.sg01,Saraiva1910.xVolo.sg01.s02,2,uelle parum est,Ov,Pouco é o querer,
uolo,lilaLemma:130745,Saraiva,Saraiva1910.xVolo,Saraiva1910.xVolo.sg01,Saraiva1910.xVolo.sg01.s02,2,uellem quæ uelles,Sen,"Desejo que tenhas o que desejas, teus desejos sejam cumpridos",formula de cortezia
uenio,lilaLemma:129790,Saraiva,Saraiva1910.xVenio,Saraiva1910.xVenio.sg01,Saraiva1910.xVenio.sg01.s12,12,"uenerat in eam opinionem Cassius, ut…",Cic,Cassio tinha dado a crer que…,
dies,lilaLemma:99334,Velez,Velez1744.n1042.e01,Velez1744.n1042.sg01,Velez1744.n1042.sg01.s99,X,ueneris,,6. feira,
uenio,lilaLemma:129790,Saraiva,Saraiva1910.xVenio,Saraiva1910.xVenio.sg01,Saraiva1910.xVenio.sg01.s13,13,ueni in eum sermonem ut dicerem…,Cic,Cheguei a dizer…,
uenio,lilaLemma:129790,Saraiva,Saraiva1910.xVenio,Saraiva1910.xVenio.sg01,Saraiva1910.xVenio.sg01.s08,8,ueniens æuum,Hor,"Os seculos vindouros, os tempos que hão de vir, o futuro",
uenio,lilaLemma:129790,Saraiva,Saraiva1910.xVenio,Saraiva1910.xVenio.sg01,Saraiva1910.xVenio.sg01.s08,8,ueniens annus,Cic. Virg,O anno que vem,
uenio,lilaLemma:129790,Saraiva,Saraiva1910.xVenio,Saraiva1910.xVenio.sg01,Saraiva1910.xVenio.sg01.s04,4,ueniens aurora,Virg,A aurora que nasce,
uenio,lilaLemma:129790,Saraiva,Saraiva1910.xVenio,Saraiva1910.xVenio.sg01,Saraiva1910.xVenio.sg01.s08,8,ueniens fama,Virg,A futura gloria,
uenio,lilaLemma:129790,Saraiva,Saraiva1910.xVenio,Saraiva1910.xVenio.sg01,Saraiva1910.xVenio.sg01.s04,4,ueniente die,Virg,Ao romper do dia,
uenio,lilaLemma:129790,Saraiva,Saraiva1910.xVenio,Saraiva1910.xVenio.sg01,Saraiva1910.xVenio.sg01.s04,4,uenientis sibilus Austri,Virg,O primeiro sibilar do vento Austro,
uenio,lilaLemma:129790,Saraiva,Saraiva1910.xVenio,Saraiva1910.xVenio.sg01,Saraiva1910.xVenio.sg01.s06,6,ueniet mihi fama,Virg,Chegar-me-há a nova,
ab,lilaLemma:86824,Cardoso,Cardoso1570.n00003.e01,Cardoso1570.n00003.sg01,Cardoso1570.n00003.sg01.s01,1,uenio ab urbe,,Venho da cidade,
uenio,lilaLemma:129790,Saraiva,Saraiva1910.xVenio,Saraiva1910.xVenio.sg01,Saraiva1910.xVenio.sg01.s13,13,uenio ad uerum ordinem,Tac,Volto á ordem dos factos,
uenio,lilaLemma:129790,Saraiva,Saraiva1910.xVenio,Saraiva1910.xVenio.sg01,Saraiva1910.xVenio.sg01.s13,13,uenio nunc ad…,Cic,Agora passo a…,
uenio,lilaLemma:129790,Saraiva,Saraiva1910.xVenio,Saraiva1910.xVenio.sg01,Saraiva1910.xVenio.sg01.s02,2,uenire ad confligendum,Lucr,Avançar para combater,
uenio,lilaLemma:129790,Saraiva,Saraiva1910.xVenio,Saraiva1910.xVenio.sg01,Saraiva1910.xVenio.sg01.s07,7,uenire ad extremum,Cic,Chegar ao fim d’um discurso,
uenio,lilaLemma:129790,Fonseca,Fonseca1798.n31367.e01,Fonseca1798.n31367.sg01,Fonseca1798.n31367.sg01.s99,X,uenire ad manus,Cic,"Brigar, vir ás mãos",
uenio,lilaLemma:129790,Saraiva,Saraiva1910.xVenio,Saraiva1910.xVenio.sg01,Saraiva1910.xVenio.sg01.s13,13,uenire ad nihilum,Cic,Ser anniquilado,
uenio,lilaLemma:129790,Saraiva,Saraiva1910.xVenio,Saraiva1910.xVenio.sg01,Saraiva1910.xVenio.sg01.s06,6,uenire ad nostras acies,Lucr,Vir dar em nossa vista uma imagem reflectida,
uenio,lilaLemma:129790,Saraiva,Saraiva1910.xVenio,Saraiva1910.xVenio.sg01,Saraiva1910.xVenio.sg01.s07,7,uenire ad summum,Cic,Tocar o mais alto grau,
uenio,lilaLemma:129790,Saraiva,Saraiva1910.xVenio,Saraiva1910.xVenio.sg01,Saraiva1910.xVenio.sg01.s03,3,uenire ad terram,Virg,Cair ao chão de cima d’uma torre,
uenio,lilaLemma:129790,Saraiva,Saraiva1910.xVenio,Saraiva1910.xVenio.sg01,Saraiva1910.xVenio.sg01.s01,1,uenire ad urbem,Cic,Chegar a Roma;,
uenio,lilaLemma:129790,Saraiva,Saraiva1910.xVenio,Saraiva1910.xVenio.sg01,Saraiva1910.xVenio.sg01.s01,1,uenire auxilio Atticis,Nep,Vir em soccorro dos Athenienses,
uenio,lilaLemma:129790,Saraiva,Saraiva1910.xVenio,Saraiva1910.xVenio.sg01,Saraiva1910.xVenio.sg01.s01,1,uenire cœnam ad aliquem,Plaut,Vir jantar com alguem,
uenio,lilaLemma:129790,Saraiva,Saraiva1910.xVenio,Saraiva1910.xVenio.sg01,Saraiva1910.xVenio.sg01.s02,2,uenire contra alienum,Cic,Pleitear contra um estrangeiro,
uenio,lilaLemma:129790,Saraiva,Saraiva1910.xVenio,Saraiva1910.xVenio.sg01,Saraiva1910.xVenio.sg01.s02,2,uenire contra amici existimationem,Cic,Fazer mal á reputação d’um amigo,
uenio,lilaLemma:129790,Saraiva,Saraiva1910.xVenio,Saraiva1910.xVenio.sg01,Saraiva1910.xVenio.sg01.s02,2,uenire contra iniuriam,Cic,Oppor-se a uma injustiça,
uenio,lilaLemma:129790,Saraiva,Saraiva1910.xVenio,Saraiva1910.xVenio.sg01,Saraiva1910.xVenio.sg01.s02,2,uenire contra rem alicuius,Cic,Prejudicar os interesses de alguem,
uenio,lilaLemma:129790,Saraiva,Saraiva1910.xVenio,Saraiva1910.xVenio.sg01,Saraiva1910.xVenio.sg01.s01,1,uenire Delum,Cic,Aportar a Delos,
uenio,lilaLemma:129790,Saraiva,Saraiva1910.xVenio,Saraiva1910.xVenio.sg01,Saraiva1910.xVenio.sg01.s01,1,uenire gressu languido,Phaed,"Caminhar com passo vagaroso, andar preguiçosamente",
uenio,lilaLemma:129790,Saraiva,Saraiva1910.xVenio,Saraiva1910.xVenio.sg01,Saraiva1910.xVenio.sg01.s12,12,uenire in æstimationem,Liv,"Sêr apreçado, ser posto a preço",
uenio,lilaLemma:129790,Saraiva,Saraiva1910.xVenio,Saraiva1910.xVenio.sg01,Saraiva1910.xVenio.sg01.s11,11,uenire in amicitiam Germanis,Caes,Entrar na amisade dos Germanos,
uenio,lilaLemma:129790,Saraiva,Saraiva1910.xVenio,Saraiva1910.xVenio.sg01,Saraiva1910.xVenio.sg01.s07,7,uenire in buccam,,,Ved. Bucca
uenio,lilaLemma:129790,Saraiva,Saraiva1910.xVenio,Saraiva1910.xVenio.sg01,Saraiva1910.xVenio.sg01.s12,12,uenire in calamitatem,Cic,Cair em uma desgraça,
uenio,lilaLemma:129790,Saraiva,Saraiva1910.xVenio,Saraiva1910.xVenio.sg01,Saraiva1910.xVenio.sg01.s01,1,uenire in Cariam,Cic,Chegar á Caria,
uenio,lilaLemma:129790,Saraiva,Saraiva1910.xVenio,Saraiva1910.xVenio.sg01,Saraiva1910.xVenio.sg01.s13,13,uenire in certamen,Cic,"Ter uma contenda, uma disputa",
uenio,lilaLemma:129790,Saraiva,Saraiva1910.xVenio,Saraiva1910.xVenio.sg01,Saraiva1910.xVenio.sg01.s12,12,uenire in cognitionem senatûs,Quint,"Ser da alçada do senado, ser julgado pelo senado",
uenio,lilaLemma:129790,Fonseca,Fonseca1798.n31367.e01,Fonseca1798.n31367.sg01,Fonseca1798.n31367.sg01.s99,X,uenire in confessum,Plin. Jun,Ser evidente,
uenio,lilaLemma:129790,Saraiva,Saraiva1910.xVenio,Saraiva1910.xVenio.sg01,Saraiva1910.xVenio.sg01.s01,1,uenire in conspectu,Phaed,Apresentar-se diante de alguem,
uenio,lilaLemma:129790,Saraiva,Saraiva1910.xVenio,Saraiva1910.xVenio.sg01,Saraiva1910.xVenio.sg01.s01,1,uenire in conspectum,Nep,Apresentar-se diante de alguem,
uenio,lilaLemma:129790,Saraiva,Saraiva1910.xVenio,Saraiva1910.xVenio.sg01,Saraiva1910.xVenio.sg01.s13,13,uenire in consuetudinem,Cic,Tornar-se habitual,
uenio,lilaLemma:129790,Saraiva,Saraiva1910.xVenio,Saraiva1910.xVenio.sg01,Saraiva1910.xVenio.sg01.s13,13,uenire in consuetudinem uitæ…,Caes,Habituar-se ao modo de viver…,
uenio,lilaLemma:129790,Saraiva,Saraiva1910.xVenio,Saraiva1910.xVenio.sg01,Saraiva1910.xVenio.sg01.s12,12,uenire in contemptionem alicui,Caes,"Tornar-se objecto de odio para alguem, grangear o despreso de alguem",
uenio,lilaLemma:129790,Saraiva,Saraiva1910.xVenio,Saraiva1910.xVenio.sg01,Saraiva1910.xVenio.sg01.s12,12,uenire in controuersiam,Quint,Entrar em questão; ser discutido,
uenio,lilaLemma:129790,Saraiva,Saraiva1910.xVenio,Saraiva1910.xVenio.sg01,Saraiva1910.xVenio.sg01.s12,12,uenire in crimen,Ter,Ser accusado,
uenio,lilaLemma:129790,Fonseca,Fonseca1798.n31367.e01,Fonseca1798.n31367.sg01,Fonseca1798.n31367.sg01.s99,X,uenire in crimen,Ter,Ser culpado,
uenio,lilaLemma:129790,Fonseca,Fonseca1798.n31367.e01,Fonseca1798.n31367.sg01,Fonseca1798.n31367.sg01.s99,X,uenire in discrimen existimationis,Cic,Arriscar a reputaçaõ,
uenio,lilaLemma:129790,Saraiva,Saraiva1910.xVenio,Saraiva1910.xVenio.sg01,Saraiva1910.xVenio.sg01.s12,12,uenire in dubium,Cic,Ser posto em duvida,
uenio,lilaLemma:129790,Saraiva,Saraiva1910.xVenio,Saraiva1910.xVenio.sg01,Saraiva1910.xVenio.sg01.s12,12,uenire in eam turpitudinem ut…,Cic,Passar pela vergonha de…,
uenio,lilaLemma:129790,Saraiva,Saraiva1910.xVenio,Saraiva1910.xVenio.sg01,Saraiva1910.xVenio.sg01.s12,12,uenire in fidem,Liv,"Render-se, entregar-se",
uenio,lilaLemma:129790,Saraiva,Saraiva1910.xVenio,Saraiva1910.xVenio.sg01,Saraiva1910.xVenio.sg01.s13,13,uenire in laudem,Quint,Ser elogiado,
uenio,lilaLemma:129790,Saraiva,Saraiva1910.xVenio,Saraiva1910.xVenio.sg01,Saraiva1910.xVenio.sg01.s07,7,uenire in mentem,,,Ved. mens
uenio,lilaLemma:129790,Saraiva,Saraiva1910.xVenio,Saraiva1910.xVenio.sg01,Saraiva1910.xVenio.sg01.s13,13,uenire in morem,Liv,Passar a ser usado,
uenio,lilaLemma:129790,Saraiva,Saraiva1910.xVenio,Saraiva1910.xVenio.sg01,Saraiva1910.xVenio.sg01.s12,12,uenire in odium alicui,Cic,"Tornar-se objecto de odio para alguem, grangear o despreso de alguem",
uenio,lilaLemma:129790,Saraiva,Saraiva1910.xVenio,Saraiva1910.xVenio.sg01,Saraiva1910.xVenio.sg01.s07,7,uenire in ora,,,Ved. os
uenio,lilaLemma:129790,Saraiva,Saraiva1910.xVenio,Saraiva1910.xVenio.sg01,Saraiva1910.xVenio.sg01.s11,11,uenire in partem doloris,Ov,Partilhar a dôr,
uenio,lilaLemma:129790,Saraiva,Saraiva1910.xVenio,Saraiva1910.xVenio.sg01,Saraiva1910.xVenio.sg01.s11,11,uenire in partem impensæ,Cic,Concorrer para a despesa,
uenio,lilaLemma:129790,Saraiva,Saraiva1910.xVenio,Saraiva1910.xVenio.sg01,Saraiva1910.xVenio.sg01.s01,1,uenire in patriam uoluit,Phaed,Quiz tornar á patria por mar,
uenio,lilaLemma:129790,Saraiva,Saraiva1910.xVenio,Saraiva1910.xVenio.sg01,Saraiva1910.xVenio.sg01.s12,12,uenire in periculum,Caes,Correr perigo,
uenio,lilaLemma:129790,Saraiva,Saraiva1910.xVenio,Saraiva1910.xVenio.sg01,Saraiva1910.xVenio.sg01.s01,1,uenire in portum,Ov,Entrar no porto,
uenio,lilaLemma:129790,Saraiva,Saraiva1910.xVenio,Saraiva1910.xVenio.sg01,Saraiva1910.xVenio.sg01.s11,11,uenire in possessionem,Cic,"Entrar, metter-se de posse",
uenio,lilaLemma:129790,Saraiva,Saraiva1910.xVenio,Saraiva1910.xVenio.sg01,Saraiva1910.xVenio.sg01.s12,12,uenire in potestatem alicuius,Caes. Liv,Cair no poder de alguem,
uenio,lilaLemma:129790,Saraiva,Saraiva1910.xVenio,Saraiva1910.xVenio.sg01,Saraiva1910.xVenio.sg01.s13,13,uenire in prouerbium,Cic,Tornar-se proverbio,
uenio,lilaLemma:129790,Saraiva,Saraiva1910.xVenio,Saraiva1910.xVenio.sg01,Saraiva1910.xVenio.sg01.s12,12,uenire in quæstionem,Quint,Entrar em questão; ser discutido,
uenio,lilaLemma:129790,Saraiva,Saraiva1910.xVenio,Saraiva1910.xVenio.sg01,Saraiva1910.xVenio.sg01.s12,12,uenire in religionem populo,Cic,Incutir no povo um escrupulo religioso,
uenio,lilaLemma:129790,Saraiva,Saraiva1910.xVenio,Saraiva1910.xVenio.sg01,Saraiva1910.xVenio.sg01.s11,11,uenire in sacerdotium,Cic,"Entrar em um collegio de sacerdotes, ser feito sacerdote",
uenio,lilaLemma:129790,Fonseca,Fonseca1798.n31367.e01,Fonseca1798.n31367.sg01,Fonseca1798.n31367.sg01.s99,X,uenire in sermonem,Cic,Dar que fallar de si. Póde-se explicar de outros modos segundo os subst. á que se ajunta,
uenio,lilaLemma:129790,Saraiva,Saraiva1910.xVenio,Saraiva1910.xVenio.sg01,Saraiva1910.xVenio.sg01.s11,11,uenire in societatem laudum tuarum,Cic,Associar-me á tua gloria,
uenio,lilaLemma:129790,Saraiva,Saraiva1910.xVenio,Saraiva1910.xVenio.sg01,Saraiva1910.xVenio.sg01.s13,13,uenire in spem…,Caes,Ter esperança que…,
uenio,lilaLemma:129790,Saraiva,Saraiva1910.xVenio,Saraiva1910.xVenio.sg01,Saraiva1910.xVenio.sg01.s12,12,uenire in summum cruciatum,Caes,Passar pelos mais crueis tormentos,
uenio,lilaLemma:129790,Saraiva,Saraiva1910.xVenio,Saraiva1910.xVenio.sg01,Saraiva1910.xVenio.sg01.s12,12,uenire in suspicionem alicui…,Lentul. ad Cic,Ser suspeitado por alguem…,
uenio,lilaLemma:129790,Saraiva,Saraiva1910.xVenio,Saraiva1910.xVenio.sg01,Saraiva1910.xVenio.sg01.s01,1,uenire in uitam,Cic,"Vir ao mundo, sêr dado á luz, nascer",
uenio,lilaLemma:129790,Fonseca,Fonseca1798.n31367.e01,Fonseca1798.n31367.sg01,Fonseca1798.n31367.sg01.s99,X,uenire in uitam,Cic,Nascer,
uenio,lilaLemma:129790,Saraiva,Saraiva1910.xVenio,Saraiva1910.xVenio.sg01,Saraiva1910.xVenio.sg01.s13,13,uenire in usum,Plin,Passar a ser usado,
uenio,lilaLemma:129790,Saraiva,Saraiva1910.xVenio,Saraiva1910.xVenio.sg01,Saraiva1910.xVenio.sg01.s01,1,uenire Oaxem,Virg,Ir para as margens do Oaxes,
uenio,lilaLemma:129790,Saraiva,Saraiva1910.xVenio,Saraiva1910.xVenio.sg01,Saraiva1910.xVenio.sg01.s01,1,uenire oratum,Liv,Vir rogar;,
uenio,lilaLemma:129790,Saraiva,Saraiva1910.xVenio,Saraiva1910.xVenio.sg01,Saraiva1910.xVenio.sg01.s01,1,uenire populare,Virg,vir assolar,
uenio,lilaLemma:129790,Saraiva,Saraiva1910.xVenio,Saraiva1910.xVenio.sg01,Saraiva1910.xVenio.sg01.s01,1,uenire speculari,Caes,vir observar;,
uenio,lilaLemma:129790,Saraiva,Saraiva1910.xVenio,Saraiva1910.xVenio.sg01,Saraiva1910.xVenio.sg01.s13,13,uenire summam in spem obtinendi regni,Caes,Ter summa esperança de chegar ao supremo poder,
uenio,lilaLemma:129790,Saraiva,Saraiva1910.xVenio,Saraiva1910.xVenio.sg01,Saraiva1910.xVenio.sg01.s01,1,uenire uiam tot dierum,Cic,Fazer uma viagem tão longa,
uenio,lilaLemma:129790,Saraiva,Saraiva1910.xVenio,Saraiva1910.xVenio.sg01,Saraiva1910.xVenio.sg01.s09,9,uenit a gestu decor,Quint,A bellesa da acção oratoria vem do gesto,
uenio,lilaLemma:129790,Saraiva,Saraiva1910.xVenio,Saraiva1910.xVenio.sg01,Saraiva1910.xVenio.sg01.s07,7,uenit amor carminum ei,Tac,Veiu-lhe o gosto aos versos,
uenio,lilaLemma:129790,Saraiva,Saraiva1910.xVenio,Saraiva1910.xVenio.sg01,Saraiva1910.xVenio.sg01.s08,8,uenit arboribusque satisque lues,Virg,Deu a peste nos pomares e nos campos,
uenio,lilaLemma:129790,Saraiva,Saraiva1910.xVenio,Saraiva1910.xVenio.sg01,Saraiva1910.xVenio.sg01.s03,3,uenit fulmen,Ov,Cae o raio,
uenio,lilaLemma:129790,Saraiva,Saraiva1910.xVenio,Saraiva1910.xVenio.sg01,Saraiva1910.xVenio.sg01.s04,4,uenit Hesperus,Virg,Nasce a estrella da tarde,
uenio,lilaLemma:129790,Saraiva,Saraiva1910.xVenio,Saraiva1910.xVenio.sg01,Saraiva1910.xVenio.sg01.s08,8,uenit in artus liuor,Ov,Tornou-se livido o corpo,
uenio,lilaLemma:129790,Saraiva,Saraiva1910.xVenio,Saraiva1910.xVenio.sg01,Saraiva1910.xVenio.sg01.s15,15,"uenit in contentionem, utrum…",Cic,"Foi discutido, se…",
uenio,lilaLemma:129790,Saraiva,Saraiva1910.xVenio,Saraiva1910.xVenio.sg01,Saraiva1910.xVenio.sg01.s15,15,uenit in religionem…,Liv,Houve um escrúpulo que…,
uenio,lilaLemma:129790,Saraiva,Saraiva1910.xVenio,Saraiva1910.xVenio.sg01,Saraiva1910.xVenio.sg01.s09,9,uenit inde celeritas percipiendi,Quint,D’aqui vem a promptidão da concepção,
uenio,lilaLemma:129790,Saraiva,Saraiva1910.xVenio,Saraiva1910.xVenio.sg01,Saraiva1910.xVenio.sg01.s03,3,uenit lumen ab…,Ov,A luz rompe de…,
uenio,lilaLemma:129790,Saraiva,Saraiva1910.xVenio,Saraiva1910.xVenio.sg01,Saraiva1910.xVenio.sg01.s06,6,uenit medio ui pontus,Virg,O mar furioso atravessou este espaço,
uenio,lilaLemma:129790,Velez,Velez1744.n3532.e01,Velez1744.n3532.sg01,Velez1744.n3532.sg01.s99,X,uenit mihi in mentem huius rei,dicimus eleganter,"occorre-me, ou lembro-me desta cousa",pro haec res
uenio,lilaLemma:129790,Saraiva,Saraiva1910.xVenio,Saraiva1910.xVenio.sg01,Saraiva1910.xVenio.sg01.s07,7,uenitur ad usque decem,Cic,Chega-se até dez contando,
uenio,lilaLemma:129790,Saraiva,Saraiva1910.xVenio,Saraiva1910.xVenio.sg01,Saraiva1910.xVenio.sg01.s01,1,uenitur Lilybæum,Cic,Chegou-se a Lilybeu,
uenio,lilaLemma:129790,Saraiva,Saraiva1910.xVenio,Saraiva1910.xVenio.sg01,Saraiva1910.xVenio.sg01.s03,3,ueniunt lacrimæ,Ov,Correm as lagrimas,
uenio,lilaLemma:129790,Saraiva,Saraiva1910.xVenio,Saraiva1910.xVenio.sg01,Saraiva1910.xVenio.sg01.s09,9,ueniunt mille passus,Colum,Há mil passos,
pono,lilaLemma:118414,Velez,Velez1744.n2637.e01,Velez1744.n2637.sg01,Velez1744.n2637.sg01.s99,X,uenti posuere,Apud Virg,cessaraõ os ventos,
pono,lilaLemma:118414,Fonseca,Fonseca1798.n22976.e01,Fonseca1798.n22976.sg01,Fonseca1798.n22976.sg01.s99,X,uenti posuere,Virg,Acalmárão os ventos,
do,lilaLemma:99970,Velez,Velez1744.n1100.e01,Velez1744.n1100.sg01,Velez1744.n1100.sg01.s99,X,uerba dare,,enganar,
uerbum,lilaLemma:131057,Fonseca,Fonseca1798.n31423.e01,Fonseca1798.n31423.sg01,Fonseca1798.n31423.sg01.s99,X,uerba dare,Cic,Enganar,
uerbum,lilaLemma:131057,Fonseca,Fonseca1798.n31423.e01,Fonseca1798.n31423.sg01,Fonseca1798.n31423.sg01.s99,X,uerba facere,Cic,Fallar,
uerbum,lilaLemma:131057,Fonseca,Fonseca1798.n31423.e01,Fonseca1798.n31423.sg01,Fonseca1798.n31423.sg01.s99,X,uerba ultro citroque habere,Cic,"Conversar, fallar alternadamente",
uerbum,lilaLemma:131057,Fonseca,Fonseca1798.n31423.e01,Fonseca1798.n31423.sg01,Fonseca1798.n31423.sg01.s99,X,uerbum pro uerbo reddere,Cic,Traduzir palavra por palavra,
uerbum,lilaLemma:131057,Fonseca,Fonseca1798.n31423.e01,Fonseca1798.n31423.sg01,Fonseca1798.n31423.sg01.s99,X,uerbum uerbo reddere,Hor,Traduzir palavra por palavra,
facio,lilaLemma:102758,Saraiva,Saraiva1910.xFacio,Saraiva1910.xFacio.sg01,Saraiva1910.xFacio.sg01.s10,10,ueritas cum illo facit,Quint,A verdade está do seu lado,
maneo,lilaLemma:111485,Velez,,,Velez1744.n3338.sg01.s01,1,ueruntamen,,"contudo, todavia",
tamen,lilaLemma:127607,Velez,,,Velez1744.n3338.sg01.s01,1,ueruntamen,,"contudo, todavia",
sum,lilaLemma:126689,Saraiva,Saraiva1910.xSum,Saraiva1910.xSum.sg01,Saraiva1910.xSum.sg01.s04,4,uesper erat,Sall,Era á tarde,
fero,lilaLemma:103126,Velez,Velez1744.n1337.e01,Velez1744.n1337.sg01,Velez1744.n1337.sg01.s99,X,uetustatem,,"durar muito, naõ se corromper alguma cousa com o tempo","i, annos ferre"
fero,lilaLemma:103126,Saraiva,Saraiva1910.xFero,Saraiva1910.xFero.sg01,Saraiva1910.xFero.sg01.s13,13,uia fert ad…,Cæs. Virg,O caminho leva ou vae dar a…,
uideo,lilaLemma:130163,Fonseca,Fonseca1798.n31678.e01,Fonseca1798.n31678.sg01,Fonseca1798.n31678.sg01.s99,X,uide me,Ter,Confia-te em mim,
uideo,lilaLemma:130163,Saraiva,Saraiva1910.xVideo,Saraiva1910.xVideo.sg01,Saraiva1910.xVideo.sg01.s03,3,uide quam durum sit,Aug,Vê como é duro,
uideo,lilaLemma:130163,Fonseca,Fonseca1798.n31678.e01,Fonseca1798.n31678.sg01,Fonseca1798.n31678.sg01.s99,X,uide quid agas,Ter,"Vê o que fazes, repara em que te mettes",
uideo,lilaLemma:130163,Saraiva,Saraiva1910.xVideo,Saraiva1910.xVideo.sg01,Saraiva1910.xVideo.sg01.s03,3,"uide quod oleat, quod sapiat",Aug,"Vê que cheiro, que gosto tem",
uideo,lilaLemma:130163,Saraiva,Saraiva1910.xVideo,Saraiva1910.xVideo.sg01,Saraiva1910.xVideo.sg01.s04,4,"uide, tali ubi sint",Plaut,Vê onde estão os dados,
uideo,lilaLemma:130163,Saraiva,Saraiva1910.xVideo,Saraiva1910.xVideo.sg01,Saraiva1910.xVideo.sg01.s08,8,uidebatur Limnæam oppugnari posse,Liv,Parecia que Limnea podia ser levada á escala,
uideo,lilaLemma:130163,Fonseca,Fonseca1798.n31678.e01,Fonseca1798.n31678.sg01,Fonseca1798.n31678.sg01.s99,X,uidebis sub pedibus mugire solum,Virg,Sentirás soar o chaõ debaixo dos pés,
uideo,lilaLemma:130163,Velez,Velez1744.n3566.e01,Velez1744.n3566.sg01,Velez1744.n3566.sg01.s99,X,uiden,,Vedes por ventura?,pro Videsne?
uideo,lilaLemma:130163,Saraiva,Saraiva1910.xVideo,Saraiva1910.xVideo.sg01,Saraiva1910.xVideo.sg01.s01,1,uidere acriter,Cic,"Ter vista aguda, penetrante",
uideo,lilaLemma:130163,Saraiva,Saraiva1910.xVideo,Saraiva1910.xVideo.sg01,Saraiva1910.xVideo.sg01.s05,5,uidere aliquid in somnis,Cic,Ver alguma coisa em sonho,
uideo,lilaLemma:130163,Saraiva,Saraiva1910.xVideo,Saraiva1910.xVideo.sg01,Saraiva1910.xVideo.sg01.s06,6,uidere aliud consilium,Cic,Tomar outras medidas,
uideo,lilaLemma:130163,Saraiva,Saraiva1910.xVideo,Saraiva1910.xVideo.sg01,Saraiva1910.xVideo.sg01.s01,1,uidere clare oculis,Plaut,"Ver bem, ter boa vista",
uideo,lilaLemma:130163,Fonseca,Fonseca1798.n31678.e01,Fonseca1798.n31678.sg01,Fonseca1798.n31678.sg01.s99,X,uidere diem,Ovid,Viver,
uideo,lilaLemma:130163,Saraiva,Saraiva1910.xVideo,Saraiva1910.xVideo.sg01,Saraiva1910.xVideo.sg01.s05,5,uidere exitum animo,Cic,Prever um resultado,
uideo,lilaLemma:130163,Saraiva,Saraiva1910.xVideo,Saraiva1910.xVideo.sg01,Saraiva1910.xVideo.sg01.s05,5,uidere imperia immodica,Liv,Cobiçar um poder absoluto,
uideo,lilaLemma:130163,Saraiva,Saraiva1910.xVideo,Saraiva1910.xVideo.sg01,Saraiva1910.xVideo.sg01.s05,5,uidere magnam gloriam,Liv,Aspirar a grande gloria,
uideo,lilaLemma:130163,Saraiva,Saraiva1910.xVideo,Saraiva1910.xVideo.sg01,Saraiva1910.xVideo.sg01.s08,8,uidere mihi uideor populum…,Cic,Parece-me ver o povo…,
uideo,lilaLemma:130163,Saraiva,Saraiva1910.xVideo,Saraiva1910.xVideo.sg01,Saraiva1910.xVideo.sg01.s06,6,uidere ne…,Cic,Fazer por evitar que…,
uideo,lilaLemma:130163,Saraiva,Saraiva1910.xVideo,Saraiva1910.xVideo.sg01,Saraiva1910.xVideo.sg01.s05,5,uidere plurimum,Phaed,Ser muito perspicaz,
uideo,lilaLemma:130163,Saraiva,Saraiva1910.xVideo,Saraiva1910.xVideo.sg01,Saraiva1910.xVideo.sg01.s05,5,uidere plus,Cic,Ter mais previdencia,
uideo,lilaLemma:130163,Saraiva,Saraiva1910.xVideo,Saraiva1910.xVideo.sg01,Saraiva1910.xVideo.sg01.s05,5,uidere somnia,Cic,Ter sonhos,
uideo,lilaLemma:130163,Saraiva,Saraiva1910.xVideo,Saraiva1910.xVideo.sg01,Saraiva1910.xVideo.sg01.s05,5,uidere uentura,Virg,Prever o futuro,
uideo,lilaLemma:130163,Saraiva,Saraiva1910.xVideo,Saraiva1910.xVideo.sg01,Saraiva1910.xVideo.sg01.s05,5,uidere uitia in dicente,Cic,Perceber os defeitos d’um orador,
uideo,lilaLemma:130163,Saraiva,Saraiva1910.xVideo,Saraiva1910.xVideo.sg01,Saraiva1910.xVideo.sg01.s06,6,uidere ut…,Cic,"Cuidar em, fazer por…",
uideo,lilaLemma:130163,Saraiva,Saraiva1910.xVideo,Saraiva1910.xVideo.sg01,Saraiva1910.xVideo.sg01.s01,1,uideres…,Virg. Hor,"Verias, ver-se-hia…",
uideo,lilaLemma:130163,Saraiva,Saraiva1910.xVideo,Saraiva1910.xVideo.sg01,Saraiva1910.xVideo.sg01.s06,6,uiderint ista officia uiri boni,Cic,Occupem-se d’estes deveres os homens de bem,
uideo,lilaLemma:130163,Saraiva,Saraiva1910.xVideo,Saraiva1910.xVideo.sg01,Saraiva1910.xVideo.sg01.s06,6,"uideris, inquit; non ero tuî similis",Petr,"Lá verás, diz elle; eu não me parecerei comtigo",
uideo,lilaLemma:130163,Saraiva,Saraiva1910.xVideo,Saraiva1910.xVideo.sg01,Saraiva1910.xVideo.sg01.s06,6,uiderit Atrides; ego…,Ov,Diga o que quizer Atrides; eu…,
uideo,lilaLemma:130163,Saraiva,Saraiva1910.xVideo,Saraiva1910.xVideo.sg01,Saraiva1910.xVideo.sg01.s07,7,uiderunt nondum diem,Sen. tr,"Eu não tinha ainda vindo á luz, eu não tinha ainda nascido",
uideo,lilaLemma:130163,Saraiva,Saraiva1910.xVideo,Saraiva1910.xVideo.sg01,Saraiva1910.xVideo.sg01.s01,1,uides illam urbem…?,Cic,Ves aquella cidade…?,
uenio,lilaLemma:129790,Saraiva,Saraiva1910.xVenio,Saraiva1910.xVenio.sg01,Saraiva1910.xVenio.sg01.s07,7,uides quo uenturum me puto,Cic,Vês a que eu penso chegar,
uideo,lilaLemma:130163,Saraiva,Saraiva1910.xVideo,Saraiva1910.xVideo.sg01,Saraiva1910.xVideo.sg01.s01,1,uidesis etiam,Plaut,Mas vê pois,
uideo,lilaLemma:130163,Saraiva,Saraiva1910.xVideo,Saraiva1910.xVideo.sg01,Saraiva1910.xVideo.sg01.s06,6,uidete numquid hoc placeat,Petr,Vede se isto é do vosso parecer,
uideo,lilaLemma:130163,Saraiva,Saraiva1910.xVideo,Saraiva1910.xVideo.sg01,Saraiva1910.xVideo.sg01.s05,5,uidit se magno fore periculo,Nep,Viu que corria grande perigo,
uinco,lilaLemma:130232,Fonseca,Fonseca1798.n31750.e01,Fonseca1798.n31750.sg01,Fonseca1798.n31750.sg01.s99,X,uincere expectationem,Cic,"Fazer mais, do que se esperava",
uinco,lilaLemma:130232,Fonseca,Fonseca1798.n31750.e01,Fonseca1798.n31750.sg01,Fonseca1798.n31750.sg01.s99,X,uincere sponsionem,Cic,Ganhar a aposta,
uir,lilaLemma:130300,Fonseca,Fonseca1798.n31803.e01,Fonseca1798.n31803.sg01,Fonseca1798.n31803.sg01.s99,X,uir gregis,Virg,Bode,
uenio,lilaLemma:129790,Saraiva,Saraiva1910.xVenio,Saraiva1910.xVenio.sg01,Saraiva1910.xVenio.sg01.s01,1,uir mihi rure uenit,Prop,Meu marido volta do campo,
tum,lilaLemma:129198,Velez,Velez1744.n3470.e01,Velez1744.n3470.sg01,Velez1744.n3470.sg01.s01,1,"uirtutem cum omnes amplecti debent, tum ii praecipue, qui literis uacant",,,
uideo,lilaLemma:130163,Saraiva,Saraiva1910.xVideo,Saraiva1910.xVideo.sg01,Saraiva1910.xVideo.sg01.s01,1,uisum est,Plaut,"Está visto já vi, tenho visto",
uideo,lilaLemma:130163,Saraiva,Saraiva1910.xVideo,Saraiva1910.xVideo.sg01,Saraiva1910.xVideo.sg01.s01,1,uisus sum,Ter,"Fui visto, viram-me",
sum,lilaLemma:126689,Velez,Velez1744.n3287.e01,Velez1744.n3287.sg01,Velez1744.n3287.sg01.s04,4,uitium bonis odio est,,os bons aborrecem os vicios,
facio,lilaLemma:102758,Velez,Velez1744.n1303.e01,Velez1744.n1303.sg01,Velez1744.n1303.sg01.s99,X,uitium facere,,,"dicitur aedificium, cùm aliqua parte labefactatur"
uenio,lilaLemma:129790,Saraiva,Saraiva1910.xVenio,Saraiva1910.xVenio.sg01,Saraiva1910.xVenio.sg01.s09,9,uitium quod ex inopia uenit,Quint,De feito que provem de esterilidade do espirito,
uiuo,lilaLemma:130476,Fonseca,Fonseca1798.n31945.e01,Fonseca1798.n31945.sg01,Fonseca1798.n31945.sg01.s99,X,uiuere in diem,Cic,"Viver em passatempos, sem se lembrar do futuro",
uiuo,lilaLemma:130476,Velez,Velez1744.n3582.e01,Velez1744.n3582.sg01,Velez1744.n3582.sg01.s01,1,uiuere rapto,,viver de roubos,
uiuo,lilaLemma:130476,Velez,Velez1744.n3582.e01,Velez1744.n3582.sg01,Velez1744.n3582.sg01.s01,1,"uiuo uitam, aetatem, annos, annis",,,
ago,lilaLemma:88140,Saraiva,Saraiva1910.xAgo,Saraiva1910.xAgo.sg01,Saraiva1910.xAgo.sg01.s01,1,unde agis?,Plaut,D’onde vens tu?,
uerbum,lilaLemma:131057,Fonseca,Fonseca1798.n31423.e01,Fonseca1798.n31423.sg01,Fonseca1798.n31423.sg01.s99,X,uno uerbo,Cat,"N' uma palavra, por conclusaõ",
do,lilaLemma:99970,Saraiva,Saraiva1910.xDo,Saraiva1910.xDo.sg01,Saraiva1910.xDo.sg01.s09,9,unum da mihi ex istis aratoribus,Cic,Nomea-me um só d’estes lavradores,
unus,lilaLemma:85636,Fonseca,Fonseca1798.n32114.e01,Fonseca1798.n32114.sg01,Fonseca1798.n32114.sg01.s99,X,unus & alter,Cic,Dois,
unus,lilaLemma:85636,Velez,,,Velez1744.n3596.sg01.s01,1,unusquisque,,cada hum,
quis,lilaLemma:121165,Velez,,,Velez1744.n3596.sg01.s01,1,unusquisque,,cada hum,
uoco,lilaLemma:130729,Fonseca,Fonseca1798.n32139.e01,Fonseca1798.n32139.sg01,Fonseca1798.n32139.sg01.s99,X,uocare a maestitia,Cic,Procurar que alguem se alegre,
uoco,lilaLemma:130729,Fonseca,Fonseca1798.n32139.e01,Fonseca1798.n32139.sg01,Fonseca1798.n32139.sg01.s99,X,uocare ad computationem,Plin. Jun,"Fazer, dar contas a alguem",
uoco,lilaLemma:130729,Fonseca,Fonseca1798.n32139.e01,Fonseca1798.n32139.sg01,Fonseca1798.n32139.sg01.s99,X,uocare aliquem ad calculos,Cic,"Fazer, dar contas a alguem",
uoco,lilaLemma:130729,Fonseca,Fonseca1798.n32139.e01,Fonseca1798.n32139.sg01,Fonseca1798.n32139.sg01.s99,X,uocare in inuidiam,Cic,Excitar a inveja contra alguem,
uoco,lilaLemma:130729,Fonseca,Fonseca1798.n32139.e01,Fonseca1798.n32139.sg01,Fonseca1798.n32139.sg01.s99,X,uocare in partem alicuius rei,Virg,Fazer alguem participante de alguma cousa,
uoco,lilaLemma:130729,Fonseca,Fonseca1798.n32139.e01,Fonseca1798.n32139.sg01,Fonseca1798.n32139.sg01.s99,X,uocare in suspicionem,Cic,Metter em suspeita,
uox,lilaLemma:130806,Fonseca,Fonseca1798.n32220.e01,Fonseca1798.n32220.sg01,Fonseca1798.n32220.sg01.s99,X,uocem aduersus pericula poscere,Tac,Requerer defensa contra os perigos,
uolo,lilaLemma:130745,Saraiva,Saraiva1910.xVolo,Saraiva1910.xVolo.sg01,Saraiva1910.xVolo.sg01.s02,2,uolo mense quintili in Græciam,scil. proficisci. Cic,Estou disposto a partir para a Grecia no mez de Julho,
uolo,lilaLemma:130745,Fonseca,Fonseca1798.n32153.e01,Fonseca1798.n32153.sg01,Fonseca1798.n32153.sg01.s99,X,uolo te paucis,Ter,Quero-te dar huma palavra,
uolo,lilaLemma:130745,Fonseca,Fonseca1798.n32153.e01,Fonseca1798.n32153.sg01,Fonseca1798.n32153.sg01.s99,X,uolo te tribus uerbis,Plaut,Quero-te dar huma palavra,
uolo,lilaLemma:130745,Saraiva,Saraiva1910.xVolo,Saraiva1910.xVolo.sg01,Saraiva1910.xVolo.sg01.s02,2,uolo utì mihi respondeas,Cic,"Desejo que me respondas, vamos, responde-me",
uolo,lilaLemma:130745,Saraiva,Saraiva1910.xVolo,Saraiva1910.xVolo.sg01,Saraiva1910.xVolo.sg01.s02,2,"uolueris, faciet…",Petr,"Ordena, que elle fará…",
facio,lilaLemma:102758,Saraiva,Saraiva1910.xFacio,Saraiva1910.xFacio.sg01,Saraiva1910.xFacio.sg01.s08,8,uoluptatem uirtus minimi facit,Cic,A virtude não tem em conta alguma o prazer,
uenio,lilaLemma:129790,Saraiva,Saraiva1910.xVenio,Saraiva1910.xVenio.sg01,Saraiva1910.xVenio.sg01.s06,6,uox mihi uenit ad aures,Plaut,Uma voz bateu-me nos ouvidos,
sum,lilaLemma:126689,Saraiva,Saraiva1910.xSum,Saraiva1910.xSum.sg01,Saraiva1910.xSum.sg01.s01,1,urbs antiqua fuit,Virg,Houve uma antiga cidade,
usque,lilaLemma:130872,Velez,,,Velez1744.n3607.sg20.s01,1,usquequaque,,"sempre, ou em toda a parte",
quis,lilaLemma:121165,Velez,,,Velez1744.n3607.sg20.s01,1,usquequaque,,"sempre, ou em toda a parte",
usus,lilaLemma:131133,Velez,,,Velez1744.n3608.sg01.s01,1,usuuenit,,acontecer,
uenio,lilaLemma:129790,Velez,,,Velez1744.n3608.sg01.s01,1,usuuenit,,acontecer,
uenio,lilaLemma:129790,Saraiva,Saraiva1910.xVenio,Saraiva1910.xVenio.sg01,Saraiva1910.xVenio.sg01.s13,13,ut ad fabulas ueniamus,Cic,Para chegar ás peças theatraes,
fero,lilaLemma:103126,Saraiva,Saraiva1910.xFero,Saraiva1910.xFero.sg01,Saraiva1910.xFero.sg01.s07,7,ut amor tuus fert,Cic,Conforme a tua amisade o quer,
ut,lilaLemma:130906,Faria,Faria1994.n33117.e11,Faria1994.n33117.sg11,Faria1994.n33117.sg11.s06,6,"ut desint vires, tamen est laudanda voluntas Ov. P. 3, 4, 79 “embora faltem as forças, entretanto deve ser louvada a vontade. i. e., o espírito de determinação”.",,,
dico,lilaLemma:99302,Saraiva,Saraiva1910.xDico,Saraiva1910.xDico.sg01,Saraiva1910.xDico.sg01.s08,8,ut dictum erat,Sall,Segundo tinha sido convencionado,
fio,lilaLemma:103328,Faria,Faria1994.n12777.e01,Faria1994.n12777.sg01,Faria1994.n12777.sg01.s03,3,"ut fit Cíc. Mil. 28 ‘como acontece, conforme o costume’; ita fiat ut, inde fit, ex quo fit, i. e., «do que resulta que», «donde se segue que»: fieri potest ‘é possível’: fieri non potest C le. Verr. 2, 190 ‘não é possível é impossivel’.",,,
ut,lilaLemma:130906,Faria,Faria1994.n33117.e11,Faria1994.n33117.sg11,Faria1994.n33117.sg11.s04,4,ut illos de republica libros edidisti Cíc. Br. 19 ‘desde quando publicaste aqueles levros sobre a república’.,,,
dico,lilaLemma:99302,Saraiva,Saraiva1910.xDico,Saraiva1910.xDico.sg01,Saraiva1910.xDico.sg01.s01,1,ut ita dicam,Petr,Sen,
sum,lilaLemma:126689,Saraiva,Saraiva1910.xSum,Saraiva1910.xSum.sg01,Saraiva1910.xSum.sg01.s06,6,ut iussum erat,Sall,Como tinha sido ordenado,
ut2,lilaLemma:130905,Fonseca,Fonseca1798.n32299.e01,Fonseca1798.n32299.sg01,Fonseca1798.n32299.sg01.s99,X,ut mea memoria est,Cic,Segundo me lembro,
ut,lilaLemma:130906,Velez,Velez1744.n3609.e01,Velez1744.n3609.sg01,Velez1744.n3609.sg01.s99,X,ut ne,,para que naõ,
do,lilaLemma:99970,Velez,Velez1744.n1100.e01,Velez1744.n1100.sg01,Velez1744.n1100.sg01.s99,X,"ut nobis res dant sese, ita magni, atque humiles sumus",,"Como as cousas se nos offerece, assim, etc",
uenio,lilaLemma:129790,Saraiva,Saraiva1910.xVenio,Saraiva1910.xVenio.sg01,Saraiva1910.xVenio.sg01.s06,6,ut noua uenit epistola,Ov,Logo que chegou nova carta,
fero,lilaLemma:103126,Saraiva,Saraiva1910.xFero,Saraiva1910.xFero.sg01,Saraiva1910.xFero.sg01.s07,7,ut opinio mea fert,Cic,"Segundo a minha opinião, a meu vêr",
ut2,lilaLemma:130905,Faria,Faria1994.n33117.e01,Faria1994.n33117.sg01,Faria1994.n33117.sg01.s02,2,"ut optasti, ita est CÍc. Fam. 2, 10 “é assim como o desejaste”: Pomponium Atticum sic amo, ut alterum fratrem Cíc. Fam. 13,1 “gosto de Pompônio Ático assim como de um segundo irmão”.",,,
ut2,lilaLemma:130905,Fonseca,Fonseca1798.n32299.e01,Fonseca1798.n32299.sg01,Fonseca1798.n32299.sg01.s99,X,ut plurimum,Cic,"Quando muito, ao mais",
possum,lilaLemma:118569,Saraiva,Saraiva1910.xPossum,Saraiva1910.xPossum.sg01,Saraiva1910.xPossum.sg01.s06,6,ut potest,Cic,Consoante poder ser,
do,lilaLemma:99970,Saraiva,Saraiva1910.xDo,Saraiva1910.xDo.sg01,Saraiva1910.xDo.sg01.s04,4,ut res dant sese,Ter,"Consoante as coisas correm, segundo as circumstancias",
do,lilaLemma:99970,Saraiva,Saraiva1910.xDo,Saraiva1910.xDo.sg01,Saraiva1910.xDo.sg01.s04,4,ut se initia dederint perscribas,Cic,Manda-me circumstanciadamente quaes tenham sido os começos,
do,lilaLemma:99970,Fonseca,Fonseca1798.n09326.e01,Fonseca1798.n09326.sg01,Fonseca1798.n09326.sg01.s99,X,ut sese res dant,Ter,Segundo as cousas correm,
habeo,lilaLemma:105044,Saraiva,Saraiva1910.xHabeo,Saraiva1910.xHabeo.sg01,Saraiva1910.xHabeo.sg01.s03,3,ut sibi haberet hereditatem,Cic,Que adjudicasse a si a herança,
dico,lilaLemma:99302,Saraiva,Saraiva1910.xDico,Saraiva1910.xDico.sg01,Saraiva1910.xDico.sg01.s01,1,ut sic dicam,Cic,"Por assim dizer, digamo-lo assim",
ut2,lilaLemma:130905,Faria,Faria1994.n33117.e01,Faria1994.n33117.sg01,Faria1994.n33117.sg01.s04,4,ut te di deaeque perduint Ter. Heaut. 810 “que ou oxalá os deuses e as deusas causem a tua perda”.,,,
uolo,lilaLemma:130745,Saraiva,Saraiva1910.xVolo,Saraiva1910.xVolo.sg01,Saraiva1910.xVolo.sg01.s02,2,ut uelis,Cic,"Como quizeres, como te aprouver, segundo a tua vontade",
ut2,lilaLemma:130905,Fonseca,Fonseca1798.n32299.e01,Fonseca1798.n32299.sg01,Fonseca1798.n32299.sg01.s99,X,ut uere dicam,Cic,A dizer a verdade,
ut2,lilaLemma:130905,Faria,Faria1994.n33117.e01,Faria1994.n33117.sg01,Faria1994.n33117.sg01.s03,3,"ut vales? Plaut. Most. 718 ‘como vais?’; videmusne, ut pueri aliquid scire se gaudeant? Cíc. Fin. 5, 48 ‘não vemos como as crianças gostam de saber alguma coisa?’ quae ut sustinuit! Cíc. Mil. 64 “como suportou estas coisas!”.",,,
habeo,lilaLemma:105044,Saraiva,Saraiva1910.xHabeo,Saraiva1910.xHabeo.sg01,Saraiva1910.xHabeo.sg01.s05,5,utì me habueris,Plaut,Como me houveres tractado,
uideo,lilaLemma:130163,Saraiva,Saraiva1910.xVideo,Saraiva1910.xVideo.sg01,Saraiva1910.xVideo.sg01.s07,7,"utinam eum uideam diem, quum…!",Cic,Oxalá que eu veja o dia em que…!,
uenio,lilaLemma:129790,Saraiva,Saraiva1910.xVenio,Saraiva1910.xVenio.sg01,Saraiva1910.xVenio.sg01.s15,15,utrisque uenit in opinionem…,Nep,Uns e outros se persuadiram…,
an,lilaLemma:88828,Faria,Faria1994.n02014.e01,Faria1994.n02014.sg01,Faria1994.n02014.sg01.s04,4,"utrum superbiam prius memorem an crudelitatem? Cíc. Verr. 1, 122 «qual das duas devo mencionar primeiro, sua soberba ou sua crueldade?».",,,
facio,lilaLemma:102758,Saraiva,Saraiva1910.xFacio,Saraiva1910.xFacio.sg01,Saraiva1910.xFacio.sg01.s02,2,uulcanum eum quem Alcamenes fecit,Plin,"Aquelle Vulcano estatua de, que Alcumenes fez",
fero,lilaLemma:103126,Saraiva,Saraiva1910.xFero,Saraiva1910.xFero.sg01,Saraiva1910.xFero.sg01.s02,2,uxor lata est pro…,Ov,"A esposa foi levada, morreu em vez de…",
dico,lilaLemma:99302,Saraiva,Saraiva1910.xDico,Saraiva1910.xDico.sg01,Saraiva1910.xDico.sg01.s10,10,"uxoris dico, non tuam",Plaut,"Fallo da morte de tua mulher, e não da tua",
uel,lilaLemma:129695,Faria,Faria1994.n33384.e01,Faria1994.n33384.sg01,Faria1994.n33384.sg01.s03,3,vel mediocris orator Cíc. Br. 193 “O orador mesmo de valor medíocre”.,,,
uolo,lilaLemma:130745,Faria,Faria1994.n34130.e01,Faria1994.n34130.sg01,Faria1994.n34130.sg01.s07,7,"velitis, jubeatis, Quirites, ut Cíc. Dom. 44; Pis. 72 ‘ordenai, se vos apraz, Romanos, que’.",,,
in,lilaLemma:106748,Faria,Faria1994.n15371.e01,Faria1994.n15371.sg01,Faria1994.n15371.sg01.s07,7,"venire in funus Cíc. At. 16, IB, 1 “vir para os funerais”.",,,
nunc,lilaLemma:113990,Faria,Faria1994.n20824.e01,Faria1994.n20824.sg01,Faria1994.n20824.sg01.s03,3,"vera igitur illa sunt nunc omnia Cíc. Ac. 2, 106 “assim sendo, pois, todos esses dogmas são verdadeiros”.",,,
uerbum,lilaLemma:131057,Faria,Faria1994.n33544.e01,Faria1994.n33544.sg01,Faria1994.n33544.sg01.s06,6,"Verbum pro verbo reddere Cíc. Opt. 14 «traduzir literalmente, isto é, palavra por palavra».",,,
ago,lilaLemma:88140,Faria,Faria1994.n01300.e01,Faria1994.n01300.sg01,Faria1994.n01300.sg01.s01,1,"vinctum ante se regern agebat C. Nep. Dat. 3, 2 «fazia marchar na frente o rei acorrentado»; en ipse capellas ago Verg. Buc. 1, 13 «eis que eu mesmo toco as cabritas».",,,
atque,lilaLemma:90490,Faria,Faria1994.n03333.e01,Faria1994.n03333.sg01,Faria1994.n03333.sg01.s04,4,"vir bonus et prudens did delector ego ac tu Hor. Ep. 1, 16, 32 «eu me regozijo como tu de ser chamado um homem de bem e sensato».",,,
uiuo,lilaLemma:130476,Faria,Faria1994.n34074.e01,Faria1994.n34074.sg01,Faria1994.n34074.sg01.s08,8,"Vive valeque Hor. Sát. 2, 5, 110 ‘goza a vida e passa bem’;",,,
uiuo,lilaLemma:130476,Faria,Faria1994.n34074.e01,Faria1994.n34074.sg01,Faria1994.n34074.sg01.s09,9,"Vivite, silvae Verg. Buc. 8, 58 «adeus, florestas»;",,,
uiuo,lilaLemma:130476,Faria,Faria1994.n34074.e01,Faria1994.n34074.sg01,Faria1994.n34074.sg01.s10,10,"Vixit plaut. Most. 1.002 ‘viveu’ i. e., ‘seus dias estão terminados’.",,,
ut,lilaLemma:130906,Faria,Faria1994.n33117.e11,Faria1994.n33117.sg11,Faria1994.n33117.sg11.s01,1,"volo ut facias Plaut. Bac. 988a “quero que faças”; huic mandat ut ad se quam primum revertatur Cés. B. Gal. 4, 21, 2 ‘recomenda a este que volte o mais depressa possível’; Cíc. At. 13, 45, 1; Cíc. Nat. 2, 41; T. Lív. 2, 43, 11.",,,
