lemma,prefix,fullEntry
ab,Fonseca,"<b>Ab</b> <br> <small>prepos. de ablat.</small>   <p> <b>1</b> &ensp; <small>Cic.</small> &ensp; da, das, de, do, dos, depois, por, por causa. </p>"
ab,Fonseca,<b>Abs</b> <br> <small>prepos. de ablat. Cic.</small> <br> <small>v. Ab.</small>
atque,Fonseca,"<b>Ac</b> <br> <small>conjunc.</small>   <p> <b>1</b> &ensp; <small>Cic.</small> &ensp; e, do que. </p>"
accersitus,Fonseca,<b>Accersitus</b> -<b>a</b> -<b>um</b> <br> <small>Cic. part. de Accerso</small>
accidentia,Fonseca,<b>Accidentia</b> -<b>ium</b> <br> <small>n. pl.</small>
accipio,Fonseca,"<b>Accipio</b> -<b>is</b> -<b>cepi</b> -<b>ceptum</b> -<b>pere</b>   <p> <b>1</b> &ensp; <small>Cic.</small> &ensp; receber, aceitar. <br> <b>2</b> &ensp; ouvir, aprender. </p>"
accubitio,Fonseca,<b>Accubitio</b> -<b>onis</b> <br> <small>f.</small>
acipenser,Fonseca,<b>Acipensis</b> -<b>is</b> <br> <small>m.</small>
ad,Fonseca,"<b>Ad</b> <br> <small>prepos. que rege accus.</small>   <p> <b>1</b> &ensp; <small>Cic.</small> &ensp; para, junto, ao pé, até. </p>"
ademptus,Fonseca,<b>Ademtus</b> <small>l</small> -<b>a</b> <small>l</small> -<b>um</b> <br> <small>Cic. part. de Adimo.</small>
admotus,Fonseca,<b>Admotus</b> -<b>a</b> -<b>um</b> <br> <small>Plin. part. de Admoveo</small>
adulescentior,Fonseca,<b>Adolescentior</b> -<b>oris</b> <br> <small>comp.</small>
adorsus,Fonseca,<b>Adortus</b> -<b>a</b> -<b>um</b> <br> <small>part. de Adorior.</small>
aedes,Fonseca,<b>Aedes</b> -<b>dium</b> <br> <small>f. plur.</small>
aerius,Fonseca,<b>Aerius</b> <small>l</small> -<b>a</b> <small>l</small> -<b>um</b>
aetherius,Fonseca,<b>Aetherius</b> <small>l</small> -<b>a</b> <small>l</small> -<b>um</b>
ago,Fonseca,"<b>Ago</b> -<b>is</b> -<b>egi</b> <b>actum</b> -<b>gere</b>   <p> <b>1</b> &ensp; <small>Cic.</small> &ensp; fazer, tratar, obrar. <br> <b>2</b> &ensp; conduzir, levar, representar. </p>   <p><small>[EXEMPLOS]</small><br> <br><b>X</b><br>agere forum &ensp; <small><small>Cic</small></small> &ensp; <small>Administrar a justiça</small> <br> agere furti &ensp; <small><small>Cic</small></small> &ensp; <small>Accusar de furto</small> </p>"
agrestis,Fonseca,<b>Agrestis</b> -<b>is</b> <br> <small>m.</small>
alia,Fonseca,<b>Alias</b> <br> <small>adv.</small>
alioqui,Fonseca,<b>Alioquin</b> <small>&</small> <br> <small>adv.</small>
aliorsum,Fonseca,<b>Alioversum</b> <small>&</small> <br> <small>adv.</small>
aliorsum,Fonseca,<b>Alioversus</b> <br> <small>adv.</small>
aliqua,Fonseca,<b>aliquam</b>
aliqua,Fonseca,<b>Aliquid</b> <br> <small>subst. n.</small>
aliquis,Fonseca,<b>Aliquis</b> -<b>qua</b> -<b>quod</b> -<b>quid</b> <small>&</small>   <p> <b>1</b> &ensp; <small>Cic.</small> &ensp; algum. </p>
aliquotiens,Fonseca,<b>Aliquotiens</b> <small>&</small> <br> <small>adv.</small>
alius,Fonseca,"<b>Alius</b> -<b>a</b> -<b>ud</b> <b>Alius</b> <small>genit</small> <b>Alii</b> <small>l</small> -<b>ae</b> -<b>ii</b> <small>para todos os gen</small> <b>Alii</b> <small>dat</small>   <p> <b>1</b> &ensp; <small>Cic.</small> &ensp; outro. <br> <b>2</b> &ensp; diverso, differente. </p>"
alter,Fonseca,<b>Alter</b> -<b>eris</b> <br> <small>n.</small>   <p> <b>1</b> &ensp; <small>Mart.</small> &ensp; maça de chumbo para o exercicio da palestra. </p>
altus2,Fonseca,<b>Altus</b> -<b>a</b> -<b>um</b> -<b>tior</b> -<b>tissimus</b>
ambages,Fonseca,<b>Ambages</b> -<b>gum</b> -<b>gibus</b> <br> <small>f. plur.</small>
amicus,Fonseca,<b>Amicus</b> -<b>i</b> <br> <small>m.</small>   <p> <b>1</b> &ensp; <small>Cic.</small> &ensp; amigo. </p>
an,Fonseca,"<b>An</b> <br> <small>adv. de perguntar</small>   <p> <b>1</b> &ensp; <small>Cic.</small> &ensp; por ventura. </p>   <p><small>[EXEMPLOS]</small><br> <br><b>X</b><br>errauit, an potius insaniuit? &ensp; <small><small>Cic</small></small> &ensp; <small>Elle errou, ou mais de pressa enlouqueceo?</small> </p>"
ancisus,Fonseca,<b>Ancisus</b> -<b>us</b> <br> <small>m.</small>
animans,Fonseca,<b>Animans</b> -<b>antis</b> <br> <small>omn. gen.</small>
animus,Fonseca,"<b>Animus</b> -<b>i</b> <br> <small>m.</small>   <p> <b>1</b> &ensp; <small>Cic.</small> &ensp; animo, alma. <br> <b>2</b> &ensp; vontade, designio, tenção. <br> <b>3</b> &ensp; affecto, paixão. <br> <b>4</b> &ensp; valor. </p>   <p><small>[EXEMPLOS]</small><br> <br><b>X</b><br>animi causa &ensp; <small><small>Cic</small></small> &ensp; <small>Por divertimento</small> <br> animis cadere &ensp; <small><small>Cic</small></small> &ensp; <small>Desanimar-se</small> <br> mi anime &ensp; <small><small>Plaut</small></small> &ensp; <small>Meu caro amigo, meu coração</small> </p>"
annus,Fonseca,<b>Annus</b> -<b>i</b> <br> <small>m.</small>   <p> <b>1</b> &ensp; <small>Cic.</small> &ensp; anno. <br> <b>2</b> &ensp; estação do anno. </p>
antecedo,Fonseca,<b>Antecedo</b> -<b>is</b> -<b>cessi</b> -<b>cessum</b> -<b>dere</b>
anthyllium,Fonseca,<b>Anthyllium</b> <small>l</small> -<b>ii</b> <small>l</small> <br> <small>n.</small>
aperio,Fonseca,<b>Aperio</b> -<b>is</b> -<b>rui</b> -<b>ertum</b> -<b>ire</b>
apis,Fonseca,<b>Apes</b> -<b>is</b> <br> <small>f.</small>
apiacus,Fonseca,<b>Apiacus</b> -<b>a</b> -<b>um</b>
adplicatus,Fonseca,<b>Applicitus</b> -<b>a</b> -<b>um</b> <br> <small>Col. part. de Applico</small>
adprehensus,Fonseca,<b>Apprensus</b> <small>&</small> -<b>a</b> <small>&</small> -<b>um</b> <br> <small>Stat. part. de Apprehendo.</small>
apud,Fonseca,"<b>Apud</b> <br> <small>prep. de accus.</small>   <p> <b>1</b> &ensp; <small>Cic.</small> &ensp; junto, ao pé. <br> <b>2</b> &ensp; diante. </p>"
archetypus,Fonseca,<b>Archetypus</b> -<b>a</b> -<b>um</b>
archium,Fonseca,<b>Archivum</b> <small>l</small> -<b>i</b> <small>l</small> <br> <small>n.</small>
arctos,Fonseca,<b>Arctus</b> <small>l</small> -<b>i</b> <small>l</small> <br> <small>f.</small>
argutus,Fonseca,<b>Argutus</b> -<b>a</b> -<b>um</b> <br> <small>Plaut. part. de Arguo.</small>
arma,Fonseca,"<b>Arma</b> -<b>orum</b> <br> <small>n. plur.</small>   <p> <b>1</b> &ensp; <small>Cic.</small> &ensp; armas defensivas, e offensivas. <br> <b>2</b> &ensp; <small>Virg.</small> &ensp; guerra, combate. <br> <b>3</b> &ensp; instrumentos da mechanica de todas as artes, e officios. </p>"
armilustrium,Fonseca,<b>Armilustrum</b> <small>l</small> -<b>i</b> <small>l</small> <br> <small>n.</small>
armoracia,Fonseca,<b>Armoracia</b> -<b>ae</b> <br> <small>f.</small>
arteria,Fonseca,<b>Arteria</b> -<b>orum</b> <br> <small>n. plur.</small>
artifex,Fonseca,<b>Artifex</b> -<b>icis</b> <br> <small>omn. gen.</small>
adsecutus,Fonseca,<b>Assecutus</b> <small>l</small> -<b>a</b> <small>l</small> -<b>um</b> <br> <small>act. Cic. part. de Assequor.</small>
astytis,Fonseca,<b>Astytis</b> <small>l</small> -<b>idis</b> <small>l</small> <br> <small>f.</small>
at,Fonseca,"<b>At</b> <br> <small>conjunç.</small>   <p> <b>1</b> &ensp; <small>Cic.</small> &ensp; mas, porém, ao menos. </p>"
athera,Fonseca,<b>Athera</b> <small>l</small> -<b>ae</b> <small>l</small> <br> <small>f.</small>
atque,Fonseca,"<b>Atque</b> <br> <small>conj.</small>   <p> <b>1</b> &ensp; <small>Cic.</small> &ensp; e, do que, assim como. <br> <b>2</b> &ensp; <small>Virg.</small> &ensp; logo. <br> <b>3</b> &ensp; <small>Ter.</small> &ensp; com tudo. </p>"
attingo,Fonseca,<b>Attigo</b> -<b>is</b> -<b>gere</b>
audaciter,Fonseca,<b>Audacter</b> <br> <small>adv.</small>
audio,Fonseca,"<b>Audio</b> -<b>is</b> -<b>ivi</b> -<b>itum</b> -<b>ire</b>   <p> <b>1</b> &ensp; <small>Cic.</small> &ensp; ouvir, escutar. <br> <b>2</b> &ensp; obedecer. <br> <b>3</b> &ensp; <small>Ter.</small> &ensp; perceber. </p>"
aulicus2,Fonseca,<b>Aulicus</b> -<b>i</b> <br> <small>m.</small>
aut,Fonseca,<b>Aut</b> <br> <small>conj.</small>   <p> <b>1</b> &ensp; <small>Cic.</small> &ensp; ou. </p>
autem,Fonseca,"<b>Autem</b> <br> <small>conj.</small>   <p> <b>1</b> &ensp; <small>Cic.</small> &ensp; mas, porém, pois. </p>"
babaecalus,Fonseca,<b>Babecalus</b> <small>vel</small> -<b>a</b> <small>vel</small> -<b>um</b>
Bacchanal,Fonseca,<b>Bacchanale</b> <small>l</small> -<b>lis</b> <small>l</small> <br> <small>n.</small>
barbitos,Fonseca,<b>Barbitos</b> -<b>i</b> <br> <small>m. Hor. f. Ovid.</small>
bardaicus,Fonseca,<b>Bardiacus</b> -<b>a</b> -<b>um</b>
batis,Fonseca,<b>Batis</b> -<b>idis</b> <br> <small>f.</small>
bellum,Fonseca,"<b>Bellum</b> -<b>i</b> <br> <small>n.</small>   <p> <b>1</b> &ensp; <small>Cic.</small> &ensp; guerra, estado ou tempo de guerra. <br> <b>2</b> &ensp; <small>Sall.</small> &ensp; combate, peleja. </p>   <p><small>[EXEMPLOS]</small><br> <br><b>X</b><br>gerere bellum cum aliquo &ensp; <small><small>Cic</small></small> &ensp; <small>Andar em guerra com alguem, ou pelejar na companhia de alguem com as forças unidas</small> <br> indicere bellum uentri &ensp; <small><small>Hor</small></small> &ensp; <small>Declarar guerra ao ventre, isto he, não comer, nem beber</small> </p>"
bene,Fonseca,"<b>Bene</b> <br> <small>adv.</small>   <p> <b>1</b> &ensp; <small>Cic.</small> &ensp; bem, excellentemente. </p>   <p><small>[EXEMPLOS]</small><br> <br><b>X</b><br>bene mane &ensp; <small><small>Cic</small></small> &ensp; <small>Muito de madrugada</small> <br> bene nummatus &ensp; <small><small>Cic</small></small> &ensp; <small>Muito rico</small> </p>"
biblus,Fonseca,<b>Biblus</b> <small>l</small> -<b>i</b> <small>l</small> <br> <small>f.</small>
bidens,Fonseca,<b>Bidens</b> -<b>entis</b> <br> <small>m.</small>
bipennis,Fonseca,<b>Bipennis</b> -<b>is</b> <br> <small>f.</small>
bisextus,Fonseca,<b>Bisextus</b> <small>l</small> -<b>a</b> <small>l</small> -<b>um</b>
bonum,Fonseca,"<b>Bonum</b> -<b>i</b> <br> <small>n.</small>   <p> <b>1</b> &ensp; <small>Cic.</small> &ensp; bem, utilidade, proveito, commodo. </p>"
bonus,Fonseca,"<b>Bonus</b> -<b>a</b> -<b>um</b> -<b>melior</b> -<b>optimus</b>   <p> <b>1</b> &ensp; <small>Cic.</small> &ensp; bom, propicio, favoravel. <br> <b>2</b> &ensp; bono genere natus. <br> <b>3</b> &ensp; <small>Cic.</small> &ensp; descendente de huma illustre familia. </p>   <p><small>[EXEMPLOS]</small><br> <br><b>X</b><br>bona pars hominum &ensp; <small><small>Hor</small></small> &ensp; <small>Grande parte dos homens</small> <br> bona tua uenia &ensp; <small><small>Cic</small></small> &ensp; <small>Com tua permissão</small> </p>"
braca,Fonseca,<b>Bracca</b> <small>&</small> -<b>ae</b> <small>&</small> <br> <small>f.</small>
bubo,Fonseca,<b>Bubo</b> -<b>is</b> -<b>ere</b>
bucerus,Fonseca,<b>Bucerus</b> -<b>a</b> -<b>um</b>
bucetum,Fonseca,<b>Bucitum</b> <small>l</small> -<b>i</b> <small>l</small> <br> <small>n.</small>
cachecta,Fonseca,<b>Cachectes</b> <small>l</small> -<b>ae</b> <small>l</small> <br> <small>m.</small>
cachino,Fonseca,<b>Cachino</b> -<b>as</b> -<b>avi</b> -<b>atum</b> -<b>are</b>
cachrys,Fonseca,<b>Cachry</b> -<b>ys</b> <br> <small>f.</small>
caelites,Fonseca,<b>Caelites</b> -<b>tum</b> <br> <small>adject.</small>
caeruleus,Fonseca,<b>Caerulus</b> -<b>a</b> -<b>um</b>
caesicius,Fonseca,<b>Caesitius</b> <small>l</small> -<b>a</b> <small>l</small> -<b>um</b>
ceteroqui,Fonseca,<b>Caeteroquin</b> <small>l</small> <br> <small>adv.</small>
ceterus,Fonseca,"<b>Caeterus</b> -<b>a</b> -<b>um</b>   <p> <b>1</b> &ensp; <small>Cic.</small> &ensp; restante, que resta. <br> <b>2</b> &ensp; <small>Caetera, accus. do plur. Virg.</small> &ensp; no demais, no restante. &ensp; <small>Subentende-se a prep. Grega Kata, ou a Latina Secundum.</small> </p>"
callithrix,Fonseca,<b>Callithrix</b> -<b>ichis</b> <br> <small>f.</small>
campe,Fonseca,<b>Campe</b> <small>l</small> -<b>es</b> <small>l</small> <br> <small>f.</small>
capio,Fonseca,"<b>Capio</b> -<b>is</b> <b>cepi</b> <b>captum</b> -<b>pere</b>   <p> <b>1</b> &ensp; <small>Cic.</small> &ensp; tomar, receber. <br> <b>2</b> &ensp; comprender. <br> <b>3</b> &ensp; apoderar-se, cativar. </p>"
capronae,Fonseca,<b>Caproneae</b> <small>l</small> -<b>arum</b> <small>l</small> <br> <small>f. plur.</small>
capio,Fonseca,"<b>Capso</b> -<b>is</b> -<b>it</b> <br> <small>Plaut. por Cepero, is, it.</small>"
carbasinus,Fonseca,<b>Carbasinus</b> -<b>a</b> -<b>um</b>
carnifex,Fonseca,<b>Carnifex</b> -<b>icis</b> <br> <small>m.</small>
carptus,Fonseca,<b>Carptus</b> -<b>us</b> <br> <small>m.</small>
castra,Fonseca,"<b>Castra</b> -<b>orum</b> <br> <small>n. plur.</small>   <p> <b>1</b> &ensp; <small>Cic.</small> &ensp; arraial, acampamento do exercito. </p>"
cataclysmos,Fonseca,<b>Cataclysmus</b> <small>l</small> -<b>i</b> <small>l</small> <br> <small>m.</small>
cataracta,Fonseca,<b>Cataractes</b> -<b>ae</b> <br> <small>m.</small>
causa,Fonseca,"<b>Causa</b> -<b>ae</b> <br> <small>f.</small>   <p> <b>1</b> &ensp; <small>Cic.</small> &ensp; causa, origem, principio. <br> <b>2</b> &ensp; materia, motivo, razão, pretexto. <br> <b>3</b> &ensp; escusa, apparencia. <br> <b>4</b> &ensp; partido, facção. <br> <b>5</b> &ensp; litigio, demanda. <br> <b>6</b> &ensp; negocio. <br> <b>7</b> &ensp; <small>Tib.</small> &ensp; doença. </p>"
causa,Fonseca,<b>Caussa</b> -<b>ae</b> <br> <small>f.</small> <br> <small>& c. v. Causa.</small>
cauo,Fonseca,<b>Cavo</b> -<b>is</b> -<b>ere</b>
celox,Fonseca,<b>Celox</b> -<b>ocis</b> <br> <small>omn. gen.</small>
centaurium,Fonseca,<b>Centaurium</b> <small>l</small> -<b>ii</b> <small>l</small> <br> <small>n.</small>
cerintha,Fonseca,<b>Cerinthe</b> -<b>es</b> <br> <small>f.</small>
chamaeleon,Fonseca,<b>Chamaeleon</b> -<b>onis</b> -<b>ontis</b> <small>l</small> <br> <small>m.</small>
chamaeleon,Fonseca,<b>Chamaeleon</b> <small>l</small> -<b>onis</b> <small>l</small> -<b>ontis</b> <small>l</small> <br> <small>m.</small>
chelidonia,Fonseca,<b>Chelidonia</b> -<b>orum</b> <br> <small>n. plur.</small>
chelonia,Fonseca,<b>Chelonia</b> -<b>orum</b> <br> <small>n. pl.</small>
cholericus,Fonseca,<b>Cholericus</b> -<b>i</b> <br> <small>m.</small>
choraules,Fonseca,<b>Choraules</b> -<b>is</b> <br> <small>m. Plin.</small>
cicimalindrum,Fonseca,<b>Cicimandrum</b> -<b>i</b> <br> <small>n.</small>
cinnamominus,Fonseca,<b>Cinnaminus</b> <small>l</small> -<b>a</b> <small>l</small> -<b>um</b>
circumcludo,Fonseca,<b>Circumcludo</b> <small>l</small> -<b>is</b> <small>l</small> -<b>si</b> -<b>sum</b> -<b>dere</b>
circumcalco,Fonseca,<b>Circumculco</b> <small>l</small> -<b>as</b> <small>l</small> -<b>avi</b> -<b>atum</b> -<b>are</b>
ciuis,Fonseca,"<b>Civis</b> -<b>is</b> <br> <small>m. f.</small>   <p> <b>1</b> &ensp; <small>Cic.</small> &ensp; cidadão, Cidadoa. </p>"
ciuitas,Fonseca,"<b>Civitas</b> -<b>atis</b> <br> <small>f.</small>   <p> <b>1</b> &ensp; <small>Cic.</small> &ensp; cidade. <br> <b>2</b> &ensp; povo, gente de huma Cidade. <br> <b>3</b> &ensp; fóro, privilegios de Cidadão. <br> <b>4</b> &ensp; <small>Caes.</small> &ensp; paiz, Estado, que se governa com as mesmas Leis. </p>"
clatri,Fonseca,<b>Clatri</b> <small>l</small> -<b>orum</b> <small>l</small> <br> <small>m. plur.</small>
claustritumus,Fonseca,<b>Claustritumus</b> <small>l</small> -<b>i</b> <small>l</small> <br> <small>m.</small>
cliuia,Fonseca,<b>Clivina</b> <small>l</small> -<b>ae</b> <small>l</small> <br> <small>f.</small>
cnecos,Fonseca,<b>Cnicus</b> <small>l</small> -<b>i</b> <small>l</small> <br> <small>m.</small>
cochlear,Fonseca,<b>Cochleare</b> -<b>is</b> <br> <small>n.</small>
cognosco,Fonseca,"<b>Cognosco</b> -<b>is</b> -<b>gnovi</b> -<b>gnitum</b> -<b>cere</b>   <p> <b>1</b> &ensp; <small>Cic.</small> &ensp; conhecer, entender, saber. <br> <b>2</b> &ensp; conhecer, devaçar, inquirir de huma causa. <br> <b>3</b> &ensp; asseverar em juizo, que conhece alguem. </p>"
colossicus,Fonseca,<b>Colossicus</b> -<b>a</b> -<b>um</b>
comessus2,Fonseca,<b>Comesus</b> -<b>a</b> -<b>um</b>
cometes,Fonseca,<b>Cometes</b> <small>l</small> -<b>ae</b> <small>l</small> <br> <small>m.</small>
commanducatus,Fonseca,<b>Commanducatus</b> -<b>a</b> -<b>um</b> <br> <small>pass. Plin. act. Lucil. apud Non. part. de Commanduco</small>
compar,Fonseca,<b>Compar</b> -<b>aris</b> <br> <small>m.</small>
compar,Fonseca,<b>Compar</b> -<b>aris</b> <br> <small>n.</small>
complicatus,Fonseca,<b>Complicitus</b> -<b>a</b> -<b>um</b> <br> <small>Apul. part. de Complico</small>
comprehendo,Fonseca,<b>Comprendo</b> <br> <small>Virg. por Comprehendo.</small>
comprehensus,Fonseca,<b>Comprensus</b> -<b>a</b> -<b>um</b> <br> <small>Ovid.</small> <br> <small>v. Comprehensus.</small>
concitus,Fonseca,<b>Concitus</b> -<b>a</b> -<b>um</b>
concredo,Fonseca,<b>Concreduo</b> -<b>is</b> -<b>ui</b> -<b>ere</b> <br> <small>Plaut.</small> <br> <small>v. Concredo.</small>
conditiuus,Fonseca,<b>Conditivus</b> -<b>a</b> -<b>um</b>
congermanesco,Fonseca,<b>Congermanisco</b> <small>l</small> -<b>is</b> <small>l</small> -<b>scere</b>
conger,Fonseca,<b>Congrus</b> -<b>a</b> -<b>um</b>
conieratus,Fonseca,<b>Conjuratus</b> -<b>a</b> -<b>um</b> <br> <small>Virg. part. de Conjuro</small>
consequentia,Fonseca,<b>Consequentia</b> -<b>ae</b> <br> <small>f.</small>
consilium,Fonseca,"<b>Consilium</b> -<b>ii</b> <br> <small>n.</small>   <p> <b>1</b> &ensp; <small>Cic.</small> &ensp; conselho, parecer. <br> <b>2</b> &ensp; designio, projecto, deliberação. <br> <b>3</b> &ensp; congresso dos que aconselhão. </p>   <p><small>[EXEMPLOS]</small><br> <br><b>X</b><br>consilium est ita facere &ensp; <small><small>Plaut</small></small> &ensp; <small>Está determinado fazer assim</small> <br> in consilio aliquem habere &ensp; <small><small>Plin. Jun</small></small> &ensp; <small>Servir-se do conselho de alguem</small> </p>"
conspicillum,Fonseca,<b>Conspicillum</b> -<b>i</b> <br> <small>n.</small>
consul,Fonseca,<b>Consul</b> -<b>ulis</b> <br> <small>m.</small>   <p> <b>1</b> &ensp; <small>Cic.</small> &ensp; consul. &ensp; <small>Supremo Magistrado dos Romanos em os tempos da Republica.</small> </p>
contactus2,Fonseca,<b>Contactus</b> -<b>a</b> -<b>um</b> <br> <small>m.</small>
continens,Fonseca,<b>Continens</b> -<b>entis</b> <br> <small>n.</small>
cordyla,Fonseca,<b>Cordylla</b> <small>l</small> -<b>ae</b> <small>l</small> <br> <small>f.</small>
corpus,Fonseca,"<b>Corpus</b> -<b>oris</b> <br> <small>n.</small>   <p> <b>1</b> &ensp; <small>Cic.</small> &ensp; corpo. <br> <b>2</b> &ensp; obra escrita, volume. <br> <b>3</b> &ensp; <small>Nep.</small> &ensp; homem. <br> <b>4</b> &ensp; <small>Liv.</small> &ensp; familia, tribu. </p>   <p><small>[EXEMPLOS]</small><br> <br><b>X</b><br>corpus amittere &ensp; <small><small>Cic</small></small> &ensp; <small>Emmagrecer</small> <br> corpus euirare &ensp; <small><small>Catul</small></small> &ensp; <small>Castrar</small> </p>"
coctanum,Fonseca,<b>Cottanum</b> <small>l</small> <br> <small>v. Cotana.</small>
crataegonum,Fonseca,<b>Crataeogonum</b> <small>l</small> -<b>i</b> <small>l</small> <br> <small>n.</small>
craticius,Fonseca,<b>Cratitius</b> <small>l</small> -<b>a</b> <small>l</small> -<b>um</b>
credo,Fonseca,"<b>Credo</b> -<b>is</b> -<b>didi</b> -<b>ditum</b> -<b>dere</b>   <p> <b>1</b> &ensp; <small>Cic.</small> &ensp; crer, dar credito. <br> <b>2</b> &ensp; confiar, commetter, encommendar. <br> <b>3</b> &ensp; <small>Plaut.</small> &ensp; emprestar. </p>   <p><small>[EXEMPLOS]</small><br> <br><b>X</b><br>credere se Neptuno &ensp; <small><small>Plaut</small></small> &ensp; <small>Embarcar-se</small> <br> in nouos soles gramina se credunt &ensp; <small><small>Virg</small></small> &ensp; <small>As hervas rebentão, ou nascem na primavera</small> </p>"
credo,Fonseca,"<b>Creduam</b> -<b>as</b> -<b>at</b> <br> <small>Plaut. por Credam, as, at.</small>"
credo,Fonseca,"<b>Creduim</b> -<b>is</b> -<b>it</b> <br> <small>Plaut. por Crediderim, is, it.</small>"
Corocotta,Fonseca,<b>Crocuta</b> <small>l</small> <br> <small>v. Corocotta.</small>
crumina,Fonseca,<b>Crumina</b> <small>l</small> -<b>ae</b> <small>l</small> <br> <small>f.</small>
cubicularis,Fonseca,<b>Cubicularis</b> -<b>is</b> <br> <small>m.</small>
cuculus,Fonseca,<b>Cuculus</b> -<b>i</b> <br> <small>m.</small>
cucumis,Fonseca,<b>Cucumis</b> -<b>eris</b> <br> <small>m.</small>
cucus,Fonseca,<b>Cucus</b> -<b>i</b> <br> <small>m.</small>
cudo2,Fonseca,<b>Cudon</b> <small>l</small> -<b>onis</b> <small>l</small> <br> <small>m.</small>
culcitula,Fonseca,<b>Culcitula</b> <small>l</small> -<b>ae</b> <small>l</small>
cum2,Fonseca,"<b>Cum</b> <br> <small>prep. de abl.</small>   <p> <b>1</b> &ensp; <small>Cic.</small> &ensp; com, juntamente, em companhia. </p>"
cuppedenarius2,Fonseca,<b>Cupediarius</b> <small>l</small> -<b>ii</b> <small>l</small> <br> <small>m.</small>
curulis,Fonseca,<b>Curulis</b> -<b>is</b> <br> <small>f.</small>
cyma,Fonseca,<b>Cyma</b> -<b>atis</b> <br> <small>n.</small>
cyperos,Fonseca,<b>Cyperus</b> <small>l</small> -<b>i</b> <small>l</small> <br> <small>m.</small>
cypiros,Fonseca,<b>Cypirus</b> <small>l</small> -<b>i</b> <small>l</small> <br> <small>m.</small>
cyprus,Fonseca,<b>Cyprus</b> <small>l</small> -<b>i</b> <small>l</small> <br> <small>f.</small>
cypselus,Fonseca,<b>Cypsellus</b> <small>l</small> -<b>i</b> <small>l</small> <br> <small>m.</small>
damma,Fonseca,<b>Dama</b> -<b>ae</b> <br> <small>m.</small>
damnatus,Fonseca,<b>Damnatus</b> -<b>a</b> -<b>um</b> -<b>tior</b> <br> <small>Cic. part. de Damno.</small>
de,Fonseca,"<b>De</b> <br> <small>prep. de ablat.</small>   <p> <b>1</b> &ensp; <small>Cic.</small> &ensp; de, da, das, do, dos, ácerca, conforme, depois. </p>"
debeo,Fonseca,"<b>Debeo</b> -<b>es</b> -<b>ui</b> -<b>itum</b> -<b>ere</b>   <p> <b>1</b> &ensp; <small>Cic.</small> &ensp; dever, ser devedor, estar obrigado. </p>"
deciduus,Fonseca,<b>Deciduus</b> -<b>a</b> -<b>um</b>
decussus,Fonseca,<b>Decussus</b> -<b>a</b> -<b>um</b> <br> <small>Liv. part. de Decutio</small>
dedicatus,Fonseca,<b>Dedicatus</b> -<b>a</b> -<b>um</b> <br> <small>Cic. part. de Dedico</small>
deinde,Fonseca,<b>Dein</b> <br> <small>adv.</small>   <p> <b>1</b> &ensp; <small>Cic.</small> &ensp; depois. </p>
deinde,Fonseca,"<b>Deinde</b> <br> <small>adv.</small>   <p> <b>1</b> &ensp; <small>Cic.</small> &ensp; depois disto. <br> <b>2</b> &ensp; <small>Curt.</small> &ensp; dahi, desse lugar para diante. </p>"
demptus,Fonseca,<b>Demtus</b> <small>l</small> -<b>a</b> <small>l</small> -<b>um</b> <br> <small>Cic. part. de Demo.</small>
deorsum,Fonseca,<b>Deorsus</b> <br> <small>adv.</small>
deprehensus,Fonseca,<b>Deprensus</b> -<b>a</b> -<b>um</b> <br> <small>Virg. part. de Deprehendo.</small>
depromptus,Fonseca,<b>Depromtus</b> -<b>a</b> -<b>um</b>
deus,Fonseca,"<b>Deus</b> -<b>ei</b> <br> <small>m.</small>   <p> <b>1</b> &ensp; <small>Cic.</small> &ensp; deos. &ensp; <small>Os Poetas Latinos á imitação dos Gregos denominão Dei tanto os machos, como as femeas. Toma-se tambem por tudo que he excellente, v. gr. Plato Philosophorum Deus. Cic. Platão o mais admiravel entre os Filosofos.</small> </p>"
dextera,Fonseca,<b>Dextra</b> -<b>ae</b> <br> <small>f.</small>
dextrorsum,Fonseca,<b>Dextrosus</b> <br> <small>adv.</small>
dextrorsum,Fonseca,<b>Dextroversum</b>
dialecticus,Fonseca,<b>Dialecticus</b> -<b>i</b> <br> <small>m.</small>
dico,Fonseca,"<b>Dico</b> -<b>is</b> -<b>ixi</b> -<b>ictum</b> -<b>cere</b>   <p> <b>1</b> &ensp; <small>Cic.</small> &ensp; dizer, fallar. <br> <b>2</b> &ensp; <small>Liv.</small> &ensp; eleger. </p>   <p><small>[EXEMPLOS]</small><br> <br><b>X</b><br>dicere diem alicui &ensp; <small><small>Cic</small></small> &ensp; <small>Assinar dia para apparecer em juizo</small> <br> dicere salutem &ensp; <small><small>Cic</small></small> &ensp; <small>Saudar, enviar saude</small> </p>"
dies,Fonseca,<b>Dies</b> -<b>ei</b> <br> <small>m. f. sing. m. plur.</small>   <p> <b>1</b> &ensp; <small>Cic.</small> &ensp; dia. <br> <b>2</b> &ensp; tempo. </p>   <p><small>[EXEMPLOS]</small><br> <br><b>X</b><br>die caeca emere &ensp; <small><small>Plaut</small></small> &ensp; <small>Comprar fiado</small> <br> die oculata &ensp; <small><small>Plaut</small></small> &ensp; <small>Comprar com dinheiro á vista</small> <br> diem fungi &ensp; <small><small>Plaut</small></small> &ensp; <small>Morrer</small> <br> diem obire &ensp; <small><small>Cic</small></small> &ensp; <small>Morrer</small> <br> diem supremum explere &ensp; <small><small>Tac</small></small> &ensp; <small>Morrer</small> </p>
differens,Fonseca,<b>Differens</b> -<b>entis</b> <br> <small>omn. gen.</small>
distendo,Fonseca,<b>Distenno</b> -<b>is</b> -<b>ere</b>
do,Fonseca,"<b>Do</b> -<b>as</b> <b>dedi</b> <b>datum</b> <b>dare</b>   <p> <b>1</b> &ensp; <small>Cic.</small> &ensp; dar, conceder. <br> <b>2</b> &ensp; attribuir. <br> <b>3</b> &ensp; dizer. </p>   <p><small>[EXEMPLOS]</small><br> <br><b>X</b><br>dare aliquem ad languorem &ensp; <small><small>Ter</small></small> &ensp; <small>Fatigar alguem</small> <br> dare aliquem manibus &ensp; <small><small>Liv</small></small> &ensp; <small>Sacrificar alguem ás almas dos mortos</small> <br> dare aliquid auribus &ensp; <small><small>Cic</small></small> &ensp; <small>Dizer alguma cousa por lisonja</small> <br> dare fenestram &ensp; <small><small>Virg</small></small> &ensp; <small>Abrir hum buraco na parede</small> <br> dare paucis &ensp; <small><small>Ter</small></small> &ensp; <small>Dizer brevemente</small> <br> dare signum receptui &ensp; <small><small>Liv</small></small> &ensp; <small>Tocar a recolher</small> <br> ut sese res dant &ensp; <small><small>Ter</small></small> &ensp; <small>Segundo as cousas correm</small> </p>"
dominus,Fonseca,"<b>Dominus</b> -<b>i</b> <br> <small>m.</small>   <p> <b>1</b> &ensp; <small>Cic.</small> &ensp; senhor, dominador. </p>"
domus,Fonseca,"<b>Domus</b> -<b>us</b> -<b>i</b> <small>l</small> <br> <small>f.</small>   <p> <b>1</b> &ensp; <small>Cic.</small> &ensp; casa, habitação. <br> <b>2</b> &ensp; familia. <br> <b>3</b> &ensp; paiz. <br> <b>4</b> &ensp; <small>Virg.</small> &ensp; templo. </p>"
bellum,Fonseca,"<b>Duellum</b> -<b>i</b> <br> <small>n.</small>   <p> <b>1</b> &ensp; <small>Cic.</small> &ensp; guerra, combate. <br> <b>2</b> &ensp; <small>Eutrop.</small> &ensp; duéllo, peleja só por só. </p>"
dum,Fonseca,"<b>Dum</b> <br> <small>adv.</small>   <p> <b>1</b> &ensp; <small>Cic.</small> &ensp; em quanto, até que. </p>"
duo,Fonseca,<b>Duo</b> -<b>ae</b> -<b>o</b>   <p> <b>1</b> &ensp; <small>Cic.</small> &ensp; dous. </p>
duplicarius2,Fonseca,<b>Duplicarius</b> -<b>ii</b> <br> <small>m.</small>
ex,Fonseca,"<b>E</b> <br> <small>prepos. de ablat.</small>   <p> <b>1</b> &ensp; <small>Cic.</small> &ensp; da, das, de, do, dos. </p>"
ipse,Fonseca,<b>Eampse</b> <br> <small>Plaut. por Eam ipsam.</small>
ipse,Fonseca,<b>Eapse</b> <br> <small>Plaut. por Ea ipsa.</small>
ego,Fonseca,<b>Ego</b> -<b>mei</b> -<b>mihi</b> <br> <small>m. f.</small>   <p> <b>1</b> &ensp; <small>Cic.</small> &ensp; eu. </p>
ego,Fonseca,<b>Egomet</b>
eho,Fonseca,<b>Ehodum</b>
elegia,Fonseca,<b>Elegia</b> -<b>ae</b> <br> <small>f.</small>
eloco,Fonseca,<b>Eloco</b> <br> <small>adv. Plaut. por Illico.</small>
embolarius,Fonseca,<b>Emboliarius</b> <small>l</small> -<b>a</b> <small>l</small> -<b>um</b>
in,Fonseca,<b>Endo</b> <br> <small>prep. Lucr. por In.</small>
enim,Fonseca,"<b>Enim</b> <br> <small>conjunc.</small>   <p> <b>1</b> &ensp; <small>Cic.</small> &ensp; porque. <br> <b>2</b> &ensp; <small>Caes.</small> &ensp; porém. <br> <b>3</b> &ensp; <small>Cic. Ter.</small> &ensp; na verdade, certamente. </p>"
eo,Fonseca,"<b>Eo</b> -<b>is</b> -<b>ivi</b> -<b>itum</b> -<b>ire</b>   <p> <b>1</b> &ensp; <small>Cic.</small> &ensp; ir, caminhar. </p>"
ephebeum,Fonseca,<b>Ephebium</b> <small>l</small> -<b>ii</b> <small>l</small> <br> <small>n.</small>
epiglossis,Fonseca,<b>Epiglottis</b> <small>l</small> -<b>idis</b> <small>l</small> <br> <small>f.</small>
ergo,Fonseca,"<b>Ergo</b> <br> <small>conjunç.</small>   <p> <b>1</b> &ensp; <small>Cic.</small> &ensp; mas, assim que, por tanto, pois, por causa. </p>"
erythinus,Fonseca,<b>Erythrinus</b> <small>l</small> -<b>i</b> <small>l</small> <br> <small>m.</small>
et,Fonseca,"<b>Et</b> <br> <small>conjunç.</small>   <p> <b>1</b> &ensp; <small>Cic.</small> &ensp; e, tambem. </p>"
et2,Fonseca,<b>Et</b>   <p> <b>2</b> &ensp; ainda. </p>
etiam,Fonseca,"<b>Etiam</b> <br> <small>conjunç.</small>   <p> <b>1</b> &ensp; <small>Cic.</small> &ensp; sim, tambem, ainda, mas antes. </p>   <p><small>[EXEMPLOS]</small><br> <br><b>X</b><br>etiam atque etiam &ensp; <small><small>Cic</small></small> &ensp; <small>Extremamente</small> <br> etiam num &ensp; <small><small>Ter</small></small> &ensp; <small>Até o presente</small> <br> etiam nunc &ensp; <small><small>Cic</small></small> &ensp; <small>Até o presente</small> <br> etiam si &ensp; <small><small>Cic</small></small> &ensp; <small>Ainda que</small> <br> etiam tum &ensp; <small><small>Cic</small></small> &ensp; <small>Até então</small> <br> etiam ut &ensp; <small><small>Cic</small></small> &ensp; <small>Ainda que</small> </p>"
euhoe,Fonseca,<b>Evohe</b> <small>l</small> <br> <small>v. Evhoe.</small>
euoluo,Fonseca,<b>Evolvo</b> -<b>is</b> -<b>vi</b> -<b>olutum</b> -<b>ere</b>
ex,Fonseca,"<b>Ex</b> <br> <small>prep. de ablat.</small>   <p> <b>1</b> &ensp; <small>Cic.</small> &ensp; da, das, de, des, do, dos, desde, depois, de dentro, em, por. </p>"
exaduersum,Fonseca,<b>Exadversus</b> <br> <small>adv.</small>
excalefacio,Fonseca,<b>Excalfacio</b> <small>l</small> -<b>is</b> <small>l</small> -<b>feci</b> -<b>factum</b> -<b>ere</b>
excitus2,Fonseca,<b>Excitus</b> -<b>a</b> -<b>um</b> <br> <small>Ovid. part. de Excio.</small>
excogitatus,Fonseca,<b>Excogitatus</b> -<b>a</b> -<b>um</b> <small>Suet</small> -<b>tissimus</b> <br> <small>Cic. part. de Excogito</small>
exemplar,Fonseca,<b>Exemplare</b> -<b>is</b> <br> <small>n.</small>
exercitus,Fonseca,<b>Exercitus</b> -<b>us</b> <br> <small>m.</small>   <p> <b>1</b> &ensp; <small>Cic.</small> &ensp; exercito. <br> <b>2</b> &ensp; <small>Plaut.</small> &ensp; exercicio. </p>
expansus,Fonseca,<b>Expassus</b> -<b>a</b> -<b>um</b> <br> <small>Tac. part. de Expadno.</small>
expetesso,Fonseca,<b>Expetisso</b> <small>&</small> -<b>is</b> <small>&</small> -<b>ere</b>
explicatus,Fonseca,<b>Explicitus</b> -<b>a</b> -<b>um</b> <small>Caes</small> -<b>tior</b> <br> <small>Cic. part. de Explico</small>
exquiro,Fonseca,<b>Exquiro</b> -<b>is</b> -<b>sivi</b> -<b>situm</b> -<b>ere</b>
exsugo,Fonseca,<b>Exsugo</b> -<b>is</b> -<b>uxi</b> -<b>uctum</b> -<b>ere</b>
exstinguo,Fonseca,"<b>Extinxti</b> <b>Extinxem</b> <small>&</small> <br> <small>Virg. por Extinxisti, & Extinxissem.</small>"
facio,Fonseca,"<b>Facio</b> -<b>is</b> <b>feci</b> <b>factum</b> -<b>ere</b>   <p> <b>1</b> &ensp; <small>Cic.</small> &ensp; fazer, executar. <br> <b>2</b> &ensp; estimar, prezar. <br> <b>3</b> &ensp; sacrificar. </p>"
faecinius,Fonseca,<b>Faecinus</b> -<b>a</b> -<b>um</b>
farraceus,Fonseca,<b>Farracius</b> <small>l</small> -<b>a</b> <small>l</small> -<b>um</b>
fastigatus,Fonseca,<b>Fastigiatus</b> <small>l</small> -<b>a</b> <small>l</small> -<b>um</b> <br> <small>Caes. part. de Fastigio</small>
faticanus,Fonseca,<b>Faticinus</b> <small>l</small> -<b>a</b> <small>l</small> -<b>um</b>
facio,Fonseca,"<b>Faxim</b> -<b>is</b> -<b>it</b> -<b>imus</b> -<b>itis</b> -<b>int</b> <br> <small>Ter. por Faciam, as, & c. e Fecerim, & c.</small>"
facio,Fonseca,"<b>Faxo</b> -<b>is</b> -<b>it</b> -<b>unt</b> <br> <small>Virg. Plaut. por Faciam, es, et, & c.</small>"
feminalia,Fonseca,<b>Femoralia</b> <small>l</small> -<b>ium</b> <small>l</small> <br> <small>n. pl.</small>
fero,Fonseca,"<b>Fero</b> <b>fers</b> -<b>tuli</b> -<b>latum</b> <b>ferre</b>   <p> <b>1</b> &ensp; <small>Cic.</small> &ensp; trazer, levar. <br> <b>2</b> &ensp; produzir, gerar, occasionar. <br> <b>3</b> &ensp; soffrer, supportar. <br> <b>4</b> &ensp; referir, contar, dizer. <br> <b>5</b> &ensp; alcançar, obter. </p>"
fides,Fonseca,"<b>FIdes</b> -<b>ei</b> <br> <small>f.</small>   <p> <b>1</b> &ensp; <small>Cic.</small> &ensp; boa fé, fidelidade. <br> <b>2</b> &ensp; segurança, autoridade. <br> <b>3</b> &ensp; credito, confiança, que se faz em alguem. <br> <b>4</b> &ensp; protecção. <br> <b>5</b> &ensp; promessa. <br> <b>6</b> &ensp; <small>Ulp.</small> &ensp; caução, fiança. </p>"
fides2,Fonseca,<b>Fides</b> -<b>ium</b> <br> <small>f. plur.</small>
filius,Fonseca,<b>Filius</b> -<b>ii</b> <br> <small>m.</small>   <p> <b>1</b> &ensp; <small>Cic.</small> &ensp; filho. </p>
fio,Fonseca,"<b>Fio</b> -<b>is</b> <b>factus sum</b> -<b>ieri</b>   <p> <b>1</b> &ensp; <small>Cic.</small> &ensp; ser feito, ser estimado. <br> <b>2</b> &ensp; <small>nas terceiras pessoas</small> &ensp; acontecer. <br> <b>3</b> &ensp; <small>Varr.</small> &ensp; nascer. </p>"
faenisicium,Fonseca,<b>Foenisicium</b> <small>l</small> -<b>ii</b> <small>l</small> <br> <small>n.</small>
sum,Fonseca,"<b>Forem</b> -<b>es</b> <small>& c.</small> -<b>et</b> <br> <small>Cic. por Essem, esses, & c.</small>"
fors,Fonseca,<b>Forsit</b> <br> <small>adv.</small>
fors,Fonseca,<b>Forsitan</b> <br> <small>adv.</small>
fors,Fonseca,<b>Fortasse</b> <br> <small>adv.</small>
fortuna,Fonseca,"<b>Fortuna</b> -<b>ae</b> <br> <small>f.</small>   <p> <b>1</b> &ensp; <small>Cic.</small> &ensp; fortuna, acaso, destino. <br> <b>2</b> &ensp; felicidade, bom successo. <br> <b>3</b> &ensp; desgraça. <br> <b>4</b> &ensp; <small>No plur.</small> &ensp; bens, riquezas. </p>   <p><small>[EXEMPLOS]</small><br> <br><b>X</b><br>periculum fortunae facere &ensp; <small><small>Cic</small></small> &ensp; <small>Tentar a fortuna</small> </p>"
fraxineus,Fonseca,<b>Fraxinus</b> -<b>a</b> -<b>um</b>
fressus,Fonseca,<b>Fresus</b> <small>l</small> -<b>a</b> <small>l</small> -<b>um</b>
fringilla,Fonseca,<b>Fringuilla</b> -<b>ae</b> <br> <small>f.</small>
fruges,Fonseca,<b>Fruges</b> -<b>gum</b> <br> <small>f. plur.</small>
frutectosus,Fonseca,<b>Frutetosus</b> <small>l</small> -<b>a</b> <small>l</small> -<b>um</b>
frutectum,Fonseca,<b>Frutetum</b> <small>l</small> -<b>i</b> <small>l</small> <br> <small>n.</small>
fullonica,Fonseca,<b>Fullonica</b> -<b>orum</b> <br> <small>n. plur.</small>
funditor,Fonseca,<b>Funditor</b> -<b>oris</b> <br> <small>m.</small>
gallinaceus,Fonseca,<b>Gallinaceus</b> -<b>i</b> <br> <small>m.</small>
ganglion,Fonseca,<b>Ganglion</b> <small>l</small> -<b>ii</b> <small>l</small> <br> <small>n.</small>
ganta,Fonseca,<b>Ganza</b> <small>l</small> -<b>ae</b> <small>l</small> <br> <small>f.</small>
gargarissatus,Fonseca,<b>Gargarizatus</b> -<b>a</b> -<b>um</b> <br> <small>Plin. part. de Gargarizo</small>
gausapa,Fonseca,<b>Gausapa</b> -<b>orum</b> <br> <small>n. plur.</small>
gausapina,Fonseca,<b>Gausapina</b> -<b>ae</b> <br> <small>f.</small>
genetiuus,Fonseca,<b>Genitivus</b> -<b>i</b> <br> <small>m.</small>
genus,Fonseca,"<b>Genus</b> -<b>eris</b> <br> <small>n.</small>   <p> <b>1</b> &ensp; <small>Cic.</small> &ensp; geração, raça, familia, parentesco. <br> <b>2</b> &ensp; genero, que abrange muitas especies. <br> <b>3</b> &ensp; multidão de muitas cousas da mesma qualidade. <br> <b>4</b> &ensp; descendencia, filhos. <br> <b>5</b> &ensp; <small>Sall.</small> &ensp; gente, nação. <br> <b>6</b> &ensp; <small>Quinct.</small> &ensp; genero, termo Grammatico. </p>   <p><small>[EXEMPLOS]</small><br> <br><b>X</b><br>eius generis homines &ensp; <small><small>Cic</small></small> &ensp; <small>A gente desta qualidade, deste caracter</small> <br> genus hoc hominum &ensp; <small><small>Cic</small></small> &ensp; <small>A gente desta qualidade, deste caracter</small> <br> id genus hominis &ensp; <small><small>Cic</small></small> &ensp; <small>A gente desta qualidade, deste caracter</small> </p>"
geometres,Fonseca,<b>Geometres</b> <small>l</small> -<b>ae</b> <small>l</small> <br> <small>m.</small>
gero,Fonseca,"<b>Gero</b> -<b>is</b> -<b>essi</b> -<b>estum</b> -<b>ere</b>   <p> <b>1</b> &ensp; <small>Cic.</small> &ensp; trazer. <br> <b>2</b> &ensp; exercitar, administrar. </p>   <p><small>[EXEMPLOS]</small><br> <br><b>X</b><br>gerere animum muliebrem &ensp; <small><small>Cic</small></small> &ensp; <small>Ser effeminado</small> <br> gerere Consulem &ensp; <small><small>Sall</small></small> &ensp; <small>Ser Consul</small> <br> gerere formam &ensp; <small><small>Plaut</small></small> &ensp; <small>Representar, ter a figura</small> <br> gerere habitum &ensp; <small><small>Col</small></small> &ensp; <small>Representar, ter a figura</small> <br> gerere speciem &ensp; <small><small>Virg</small></small> &ensp; <small>Representar, ter a figura</small> <br> gerere tutelam ianuae &ensp; <small><small>Plaut</small></small> &ensp; <small>Guardar a porta</small> </p>"
glaucoma,Fonseca,<b>Glaucoma</b> -<b>atis</b> <br> <small>n.</small>
glomus,Fonseca,<b>Glomus</b> -<b>i</b> <br> <small>m.</small>
grammatica,Fonseca,<b>Grammatice</b> -<b>es</b> <br> <small>f.</small>
gubernaculum,Fonseca,<b>Gubernaculum</b> -<b>i</b> <br> <small>n.</small>
habeo,Fonseca,"<b>Habeo</b> -<b>es</b> -<b>ui</b> -<b>itum</b> -<b>ere</b>   <p> <b>1</b> &ensp; <small>Cic.</small> &ensp; ter, possuir. <br> <b>2</b> &ensp; habitar. <br> <b>3</b> &ensp; estimar, prezar. <br> <b>4</b> &ensp; imaginar, crer, persuadir-se. <br> <b>5</b> &ensp; <small>Sall.</small> &ensp; demorar, retardar, deter. <br> <b>6</b> &ensp; <small>Virg.</small> &ensp; occupar. </p>   <p><small>[EXEMPLOS]</small><br> <br><b>X</b><br>habere aliquem despicatui &ensp; <small><small>Plaut</small></small> &ensp; <small>Desprezar alguem</small> <br> habere aliquid nullo loco &ensp; <small><small>Cic</small></small> &ensp; <small>Desprezar, fazer pouco caso</small> <br> habere belle &ensp; <small><small>Cic</small></small> &ensp; <small>Estar com boa saude</small> <br> habere bene &ensp; <small><small>Cic</small></small> &ensp; <small>Estar com boa saude</small> <br> habere certum &ensp; <small><small>Cic</small></small> &ensp; <small>Saber com certeza, estar perfeitamente informado</small> <br> habere cognitum &ensp; <small><small>Cic</small></small> &ensp; <small>Fazer escrupulo de consciencia</small> <br> habere compertum &ensp; <small><small>Cic</small></small> &ensp; <small>Fazer escrupulo de consciencia</small> <br> habere exploratum &ensp; <small><small>Cic</small></small> &ensp; <small>Fazer escrupulo de consciencia</small> <br> habere in leui &ensp; <small><small>Ter</small></small> &ensp; <small>Desprezar, fazer pouco caso</small> <br> habere male &ensp; <small><small>Cic</small></small> &ensp; <small>Estar doente</small> <br> habere perspectum &ensp; <small><small>Cic</small></small> &ensp; <small>Fazer escrupulo de consciencia</small> <br> habere pro certo &ensp; <small><small>Cic</small></small> &ensp; <small>Fazer escrupulo de consciencia</small> <br> habere pro comperto &ensp; <small><small>Cic</small></small> &ensp; <small>Fazer escrupulo de consciencia</small> <br> habere pro stercore &ensp; <small><small>Plaut</small></small> &ensp; <small>Desprezar, fazer pouco caso</small> <br> habere rationem cum terra &ensp; <small><small>Cic</small></small> &ensp; <small>Cultivar a terra</small> <br> habere religioni &ensp; <small><small>Cic</small></small> &ensp; <small>Fazer escrupulo de consciencia</small> </p>"
hallex,Fonseca,<b>Halex</b> <small>&</small> <br> <small>v. Alec. & Alex.</small>
halo,Fonseca,<b>Halo</b> -<b>onis</b> <br> <small>f.</small>
hauritus,Fonseca,<b>Hauritus</b> -<b>us</b> <br> <small>m.</small>
hedycrum,Fonseca,<b>Hedychroum</b> <small>l</small> -<b>i</b> <small>l</small> <br> <small>n.</small>
helepolis,Fonseca,<b>Heleptoles</b> <small>l</small> -<b>is</b> <small>l</small>
Heliconiades,Fonseca,<b>Heliconides</b> -<b>dum</b> <br> <small>f. plur.</small>
heluella,Fonseca,<b>Heluella</b> <small>l</small> -<b>ae</b> <small>l</small> <br> <small>f.</small>
heluennacus,Fonseca,<b>Helvenacus</b> -<b>a</b> -<b>um</b>
hemicyclus,Fonseca,<b>Hemicyclus</b> -<b>a</b> -<b>um</b>
Heracleon,Fonseca,<b>Heraclion</b> <small>l</small> -<b>ii</b> <small>l</small> <br> <small>n.</small>
herbesco,Fonseca,<b>Herbesco</b> -<b>is</b> -<b>scere</b>
hic,Fonseca,<b>Hic</b> <b>haec</b> <b>hoc</b>
hic,Fonseca,"<b>Hicce</b> <b>haecce</b> <b>hocce</b>   <p> <b>1</b> &ensp; <small>Cic.</small> &ensp; este, esta, isto. </p>"
hierophanta,Fonseca,<b>Hierophantes</b> <small>l</small> -<b>ae</b> <small>l</small> <br> <small>m.</small>
hinc,Fonseca,"<b>Hinc</b> <br> <small>adv.</small>   <p> <b>1</b> &ensp; <small>Cic.</small> &ensp; daqui, deste lugar. </p>"
hypoglossa,Fonseca,<b>Hippoglossa</b> <small>l</small> -<b>ae</b> <small>l</small> <br> <small>f.</small>
homo,Fonseca,"<b>Homo</b> -<b>inis</b>   <p> <b>1</b> &ensp; <small>m. Cic.</small> &ensp; homem. <br> <b>2</b> &ensp; <small>Plaut. f.</small> &ensp; mulher. </p>   <p><small>[EXEMPLOS]</small><br> <br><b>X</b><br>homo ita est &ensp; <small><small>Ter</small></small> &ensp; <small>Elle he deste humor, tal he o seu genio</small> <br> homo meus &ensp; <small><small>Cic</small></small> &ensp; <small>O meu criado ou domestico</small> <br> homo nata erat &ensp; <small><small>Serv. Sulp. ad Cic</small></small> &ensp; <small>Havia nascido mortal, ou sujeita á condiçao humana</small> <br> homo nemo est &ensp; <small><small>Plaut</small></small> &ensp; <small>Não ha ninguem</small> <br> paucorum hominum est &ensp; <small><small>Hor</small></small> &ensp; <small>He retirado, e de pouca communicação</small> <br> quid hominis es? &ensp; <small><small>Ter</small></small> &ensp; <small>Que qualidade de homem es?</small> </p>"
homullus,Fonseca,<b>Homullus</b> -<b>i</b> <br> <small>m.</small>
hostis,Fonseca,"<b>Hostis</b> -<b>is</b> <br> <small>m. Cic. f. Ovid.</small>   <p> <b>1</b> &ensp; inimigo ou inimiga, principalmente publicos. <br> <b>2</b> &ensp; <small>Veter. apud Cic.</small> &ensp; estrangeiro, forasteiro, peregrino. </p>"
hinc,Fonseca,<b>Huc</b> <br> <small>adv.</small>   <p> <b>1</b> &ensp; <small>Cic.</small> &ensp; para aqui. <br> <b>2</b> &ensp; <small>Virg.</small> &ensp; aqui. </p>   <p><small>[EXEMPLOS]</small><br> <br><b>X</b><br>huc pertinet &ensp; <small><small>Cic</small></small> &ensp; <small>A isto pertence</small> <br> huc redeunt haec uerba &ensp; <small><small>Ter</small></small> &ensp; <small>A este proposito he que se diz isto</small> </p>
huiusmodi,Fonseca,<b>Hujuscemodi</b> <small>&</small> <br> <small>genit. indecl.</small>
hyacinthus,Fonseca,<b>Hyacinthus</b> -<b>i</b> <br> <small>f.</small>
hydraula,Fonseca,<b>Hydraula</b> -<b>ae</b> <br> <small>m.</small>
hydraula,Fonseca,<b>Hydraules</b> <small>l</small> -<b>ae</b> <small>l</small> <br> <small>m.</small>
hypothecarius,Fonseca,<b>Hypothecarius</b> -<b>a</b> -<b>um</b>
idem,Fonseca,"<b>Idem</b> -<b>eadem</b> <b>idem</b>   <p> <b>1</b> &ensp; <small>Cic.</small> &ensp; mesmo, mesma. </p>"
igitur,Fonseca,"<b>Igitur</b> <br> <small>adv.</small>   <p> <b>1</b> &ensp; <small>Cic.</small> &ensp; logo, por tanto. </p>"
ignauio,Fonseca,<b>Ignavio</b> -<b>is</b> -<b>ire</b>
ignotus,Fonseca,<b>Ignotus</b> -<b>a</b> -<b>um</b> <small>Liv</small> -<b>tior</b> <small>Cic</small> -<b>tissimus</b>
ileus,Fonseca,<b>Ileus</b> <small>l</small> -<b>i</b> <small>l</small> <br> <small>m.</small>
ille,Fonseca,"<b>Ille</b> <b>illa</b> <b>illud</b>   <p> <b>1</b> &ensp; <small>Cic.</small> &ensp; aquelle, aquella, aquillo. </p>"
illex2,Fonseca,<b>Illex</b> -<b>egis</b> <br> <small>omn. gen.</small>
immistim,Fonseca,<b>Immixtim</b> <small>l</small> <br> <small>adv.</small>
immistus,Fonseca,<b>Immixtus</b> <small>l</small> -<b>a</b> <small>l</small> -<b>um</b> <br> <small>adv.</small>
imperium,Fonseca,"<b>Imperium</b> -<b>ii</b> <br> <small>n.</small>   <p> <b>1</b> &ensp; <small>Cic.</small> &ensp; preceito, mandado, ordem. <br> <b>2</b> &ensp; autoridade, poder, imperio dos Magistrados civis, e militares. <br> <b>3</b> &ensp; <small>Virg.</small> &ensp; estado, républica, senhorio, dominio, & c. </p>"
impromptus,Fonseca,<b>Impromtus</b> <small>l</small> -<b>a</b> <small>l</small> -<b>um</b>
inprimis,Fonseca,<b>In primis</b> <small>l</small>
in,Fonseca,"<b>In</b> <br> <small>preposiç. de accusat. e de ablat.</small>   <p> <b>1</b> &ensp; <small>Cic.</small> &ensp; em, na, nas, no, nos, para, para com, contra, por amor, entre, até, depois. &ensp; <small>Póde ter outras muitas significações, segundo os verbos, a que se ajunta. Ainda que as mais das vezes junta aos verbos de movimento reja accusativo, e aos de quietação ablativo, tambem se achão frequentes exemplos do contrario nos Autores classicos.</small> </p>"
incerte,Fonseca,<b>Incerto</b> <br> <small>adv.</small>
incipisso,Fonseca,<b>Incipisso</b> <small>l</small> -<b>is</b> <small>l</small> -<b>ere</b>
inclutus,Fonseca,<b>Inclytus</b> <small>l</small> -<b>a</b> <small>l</small> -<b>um</b> <small>Cat. apud Gell</small> -<b>tissimus</b>
incomptus,Fonseca,<b>Incomtus</b> <small>l</small> -<b>a</b> <small>l</small> -<b>um</b> <small>Suet</small> -<b>tior</b>
inconsulte,Fonseca,<b>Inconsulto</b> <br> <small>adv.</small>
increbresco,Fonseca,<b>Increbesco</b> <small>l</small> -<b>is</b> <small>l</small> -<b>bui</b> -<b>brui</b> <small>l</small> -<b>scere</b>
indeprensus,Fonseca,<b>Indeprensus</b> <small>l</small> -<b>a</b> <small>l</small> -<b>um</b>
inemptus,Fonseca,<b>Inemtus</b> <small>l</small> -<b>a</b> <small>l</small> -<b>um</b>
infelico,Fonseca,<b>Infelico</b> -<b>as</b> -<b>avi</b> -<b>atum</b> -<b>are</b>
inferius,Fonseca,<b>Inferius</b> -<b>a</b> -<b>um</b>
inficio,Fonseca,<b>Inficio</b> -<b>as</b> -<b>avi</b> -<b>atum</b> -<b>are</b>
ingero,Fonseca,<b>Ingero</b> -<b>is</b> -<b>essi</b> -<b>estum</b> -<b>ere</b>
ingratiis,Fonseca,<b>Ingratis</b> <br> <small>abl. abs.</small>
ingressus2,Fonseca,<b>Ingressus</b> -<b>a</b> -<b>um</b> <br> <small>m.</small>
inimicus,Fonseca,<b>Inimicus</b> -<b>a</b> -<b>um</b> -<b>cior</b> -<b>cissimus</b>
iniucundus,Fonseca,<b>Injucundus</b> -<b>a</b> -<b>um</b>
iniussus,Fonseca,<b>Injussus</b> -<b>us</b> <br> <small>m.</small>
innexus,Fonseca,<b>Innexus</b> -<b>us</b> <br> <small>m.</small>
inquam,Fonseca,<b>Inquam</b> -<b>is</b> <br> <small>Cic.</small> <br> <small>v. Inquio.</small>
inquam,Fonseca,<b>Inquio</b> -<b>is</b> -<b>it</b> <br> <small>verbo defect.</small>   <p> <b>1</b> &ensp; <small>Catul.</small> &ensp; dizer. </p>
inter,Fonseca,"<b>Inter</b> <br> <small>prep. de accus.</small>   <p> <b>1</b> &ensp; <small>Cic.</small> &ensp; entre, dentro, no tempo, no meio. </p>"
interdiu,Fonseca,<b>Interdius</b> <br> <small>adv.</small>
intergeriuus,Fonseca,<b>Intergerivus</b> <small>l</small> -<b>a</b> <small>l</small> -<b>um</b>
interminatus,Fonseca,<b>Interminatus</b> -<b>a</b> -<b>um</b>
introrsum,Fonseca,<b>Introrsus</b> <br> <small>adv.</small>
inuito,Fonseca,<b>Invito</b> -<b>as</b> -<b>avi</b> -<b>atum</b> -<b>are</b>
ipse,Fonseca,"<b>Ipse</b> <b>ipsa</b> <b>ipsum</b>   <p> <b>1</b> &ensp; <small>Cic.</small> &ensp; mesmo, mesma. </p>"
ipsus,Fonseca,<b>Ipsus</b> -<b>a</b> -<b>um</b>
is,Fonseca,"<b>Is</b> -<b>ea</b> <b>id</b> <b>ejus</b> <small>gen</small> <b>ei</b> <small>dat</small> <br> <small>pron.</small>   <p> <b>1</b> &ensp; <small>Cic.</small> &ensp; este, esta, isto, aquelle, tanto, tal. </p>"
ischias,Fonseca,<b>Ischias</b> -<b>adis</b> <br> <small>f.</small>
iste,Fonseca,"<b>Iste</b> -<b>a</b> -<b>ud</b> -<b>tius</b> <small>gen</small> <b>isti</b> <small>dat</small>   <p> <b>1</b> &ensp; <small>Cic.</small> &ensp; este, esta, isto, esse, essa, isso. </p>"
istac,Fonseca,<b>Isthac</b> <small>l</small> <br> <small>adv.</small>
isthmos,Fonseca,<b>Isthmus</b> <small>l</small> -<b>i</b> <small>l</small> <br> <small>m.</small>
istac,Fonseca,<b>Isthoc</b> <br> <small>adv.</small>
iste,Fonseca,<b>Istic</b> <small>l</small> -<b>aec</b> <small>l</small> -<b>oc</b>   <p> <b>1</b> &ensp; <small>Cic.</small> &ensp; este mesmo. </p>
istim,Fonseca,<b>Istinc</b> <small>l</small> <br> <small>adv.</small>
istac,Fonseca,<b>Istoc</b> <small>l</small> <br> <small>adv.</small>
istac,Fonseca,<b>Istuccine</b> <br> <small>adv. Ter. por Istudne.</small>
ita,Fonseca,"<b>Ita</b> <br> <small>adv.</small>   <p> <b>1</b> &ensp; <small>Cic.</small> &ensp; assim, de tal sorte, sim, tambem, na verdade, sem duvida, por tanto. </p>   <p><small>[EXEMPLOS]</small><br> <br><b>X</b><br>quid ita? &ensp; <small><small>Ter</small></small> &ensp; <small>Porque motivo?</small> </p>"
itaque,Fonseca,"<b>Itaque</b> <br> <small>conj.</small>   <p> <b>1</b> &ensp; <small>Cic.</small> &ensp; por tanto, assim que, finalmente. </p>"
iter,Fonseca,<b>Iter</b> <b>itineris</b> <br> <small>n.</small>
iam,Fonseca,"<b>Jam</b> <br> <small>adv.</small>   <p> <b>1</b> &ensp; <small>Cic.</small> &ensp; já. <br> <b>2</b> &ensp; <small>Virg.</small> &ensp; agora, logo. </p>   <p><small>[EXEMPLOS]</small><br> <br><b>X</b><br>iam a pueris &ensp; <small><small>Ter</small></small> &ensp; <small>Desde criança</small> <br> iam, iamque tibi faciendum est &ensp; <small><small>Cic</small></small> &ensp; <small>He preciso que tu faças isto logo, a toda a pressa</small> </p>"
ianuarius,Fonseca,<b>Januarius</b> -<b>a</b> -<b>um</b>
ioco,Fonseca,<b>Joco</b> -<b>as</b> -<b>avi</b> -<b>atum</b> -<b>are</b>
iubeo,Fonseca,"<b>Jubeo</b> -<b>es</b> -<b>ussi</b> -<b>ussum</b> -<b>ere</b>   <p> <b>1</b> &ensp; <small>Cic.</small> &ensp; ordenar, mandar com imperio. <br> <b>2</b> &ensp; <small>Liv.</small> &ensp; eleger. </p>"
iudex,Fonseca,"<b>Judex</b> -<b>icis</b> <br> <small>m. f.</small>   <p> <b>1</b> &ensp; <small>Cic.</small> &ensp; juiz, juiza, avaliador. <br> <b>2</b> &ensp; <small>Varr.</small> &ensp; consul. </p>"
iudicium,Fonseca,"<b>Judicium</b> -<b>ii</b> <br> <small>n.</small>   <p> <b>1</b> &ensp; <small>Cic.</small> &ensp; juizo, contenda, acção da causa em juizo. <br> <b>2</b> &ensp; potencia judicativa. <br> <b>3</b> &ensp; juizo, parecer, opinião. <br> <b>4</b> &ensp; <small>Quinct.</small> &ensp; tribunal, lugar, em que se julga alguma cousa. </p>"
ius,Fonseca,"<b>Jus</b> -<b>uris</b> <br> <small>n.</small>   <p> <b>1</b> &ensp; <small>Cic.</small> &ensp; direito, justiça, equidade. <br> <b>2</b> &ensp; autoridade, poder. <br> <b>3</b> &ensp; sentença do Juiz. <br> <b>4</b> &ensp; <small>Ter.</small> &ensp; tribunal, juizo. </p>   <p><small>[EXEMPLOS]</small><br> <br><b>X</b><br>facere legiones fui iuris &ensp; <small><small>Vell. Pat</small></small> &ensp; <small>Chamar as legiões ao seu partido</small> <br> iuris sui esse, ac mancipii &ensp; <small><small>Cic</small></small> &ensp; <small>Ser livre e independente, não ser sujeito a outro</small> </p>"
largitor,Fonseca,<b>Largitor</b> -<b>oris</b> <br> <small>m.</small>
lea,Fonseca,<b>Lea</b> -<b>ae</b> <br> <small>f.</small>
legio,Fonseca,"<b>Legio</b> -<b>onis</b> <br> <small>f.</small>   <p> <b>1</b> &ensp; <small>Cic.</small> &ensp; legião, regimento, tropa de gente na milicia Romana. </p>   <p><small>[EXEMPLOS]</small><br> <br><b>X</b><br>supplere legiones &ensp; <small><small>Liv</small></small> &ensp; <small>Fazer reclutas de gente</small> </p>"
letum,Fonseca,<b>Letum</b> <small>l</small> -<b>i</b> <small>l</small> <br> <small>n.</small>
leucophaeatus,Fonseca,<b>Leucophaeatus</b> <small>l</small> -<b>a</b> <small>l</small> -<b>um</b>
lex,Fonseca,"<b>Lex</b> -<b>egis</b> <br> <small>f.</small>   <p> <b>1</b> &ensp; <small>Cic.</small> &ensp; lei, Direito escrito, regra, modelo. <br> <b>2</b> &ensp; <small>Ter.</small> &ensp; condição, pacto, ajuste, concerto. </p>"
licet,Fonseca,<b>Licet</b> <br> <small>adv.</small>
licet,Fonseca,<b>Licet</b> -<b>ebat</b> -<b>uit</b> <b>licitum est</b> <small>l</small> -<b>ere</b>   <p> <b>1</b> &ensp; <small>Cic.</small> &ensp; ser licito. </p>
licitus,Fonseca,<b>Licitus</b> -<b>a</b> -<b>um</b> <br> <small>Cic. part. de Licet.</small>
lien,Fonseca,<b>Lienis</b> -<b>is</b> <br> <small>m.</small>
limax,Fonseca,<b>Limax</b> -<b>acis</b> <br> <small>f.</small>
limbolarius,Fonseca,<b>Limborarius</b> <small>l</small> -<b>ii</b> <small>l</small> <br> <small>m.</small>
liquidum,Fonseca,<b>Liquidum</b> <br> <small>adv.</small>
locus,Fonseca,"<b>Locus</b> -<b>i</b> <small>m. plur</small> <b>Loci</b> <br> <small>m.</small>   <p> <b>1</b> &ensp; lugar. <br> <b>2</b> &ensp; ordem, estado, disposição das cousas. <br> <b>3</b> &ensp; opportunidade, commodidade. <br> <b>4</b> &ensp; lugar, ou passo de hum autor. <br> <b>5</b> &ensp; occasião, tempo. <br> <b>6</b> &ensp; autoridade, gráo. <br> <b>7</b> &ensp; <small>Loci. Varr. Loca. Col.</small> &ensp; madre das mulheres, e tambem dos animaes, ovario das aves. </p>   <p><small>[EXEMPLOS]</small><br> <br><b>X</b><br>interea loci &ensp; <small><small>Liv</small></small> &ensp; <small>Todavia</small> <br> summo Loco natus &ensp; <small><small>Liv</small></small> &ensp; <small>Homem de hum illustrissimo nascimento</small> </p>"
logos,Fonseca,<b>Logus</b> <small>l</small> -<b>i</b> <small>l</small> <br> <small>m.</small>
luctus,Fonseca,"<b>Luctus</b> -<b>i</b> <br> <small>m. Acc. apud Non.</small> <br> <small>v. Luctus, us.</small>"
lutra,Fonseca,<b>Lytra</b> -<b>ae</b> <br> <small>f.</small>
magis,Fonseca,<b>Mage</b> <br> <small>adv.</small>   <p> <b>1</b> &ensp; <small>Virg.</small> &ensp; mais. </p>
magis,Fonseca,<b>Magis</b> <br> <small>adv.</small>   <p> <b>1</b> &ensp; <small>Cic.</small> &ensp; mais. </p>
magnus,Fonseca,"<b>Magnus</b> -<b>a</b> -<b>um</b> <b>major</b> <b>maximus</b>   <p> <b>1</b> &ensp; <small>Cic.</small> &ensp; grande, poderoso, illustre, excellente. <br> <b>2</b> &ensp; excessivo. <br> <b>3</b> &ensp; <small>Virg.</small> &ensp; grande em número. <br> <b>4</b> &ensp; <small>Juv.</small> &ensp; rico. </p>"
manes,Fonseca,<b>Manes</b> -<b>ium</b> <br> <small>plur. m.</small>
mansues,Fonseca,<b>Mansues</b> -<b>etis</b> <br> <small>omn. gen.</small>
manus,Fonseca,"<b>Manus</b> -<b>us</b> <br> <small>f.</small>   <p> <b>1</b> &ensp; <small>Cic.</small> &ensp; mão, tropa, esquadra, multidão de gente. <br> <b>2</b> &ensp; poder. <br> <b>3</b> &ensp; <small>Prop.</small> &ensp; obra de mãos, artefacto. <br> <b>4</b> &ensp; <small>Luc.</small> &ensp; arpéo, manópla com que se afferrão as náos na guerra. <br> <b>5</b> &ensp; <small>Cic.</small> &ensp; tromba do elefante. <br> <b>6</b> &ensp; escrita, letra, escriturario, amanuense. <br> <b>7</b> &ensp; <small>Quinct.</small> &ensp; estocada, ou cutilada na esgrima. <br> <b>8</b> &ensp; <small>Suet.</small> &ensp; parada, lanço no jogo. </p>"
martius,Fonseca,<b>Martius</b> -<b>a</b> -<b>um</b>
martius,Fonseca,<b>Martius</b> -<b>ii</b> <br> <small>m.</small>
mastiche,Fonseca,<b>Mastiche</b> <small>l</small> -<b>es</b> <small>l</small> <br> <small>f.</small>
mathematica,Fonseca,<b>Mathematica</b> -<b>orum</b> <br> <small>n. plur.</small>
mediusfidius,Fonseca,<b>Mediusfidius</b> <small>l</small>
mehercule,Fonseca,<b>Mehercule</b> <small>l</small>
mehercule,Fonseca,<b>Mehercules</b> <small>&</small>
mesolabium,Fonseca,<b>Mesolabium</b> <small>l</small> -<b>ii</b> <small>l</small> <br> <small>n.</small>
meus,Fonseca,"<b>Meus</b> -<b>a</b> -<b>um</b>   <p> <b>1</b> &ensp; <small>Cic.</small> &ensp; meu, que me pertence. </p>   <p><small>[EXEMPLOS]</small><br> <br><b>X</b><br>meum est &ensp; <small><small>Ter</small></small> &ensp; <small>He cousa minha, eu sou o seu verdadeiro autor</small> <br> meum est &ensp; <small><small>Plaut</small></small> &ensp; <small>Convem-me</small> <br> meus carnifex &ensp; <small><small>Ter</small></small> &ensp; <small>Algoz, que me atormenta</small> <br> meus sum &ensp; <small><small>Pers</small></small> &ensp; <small>Sou livre, sou senhor da minha vontade</small> </p>"
miles,Fonseca,"<b>Miles</b> -<b>itis</b> <br> <small>m. Cic. f. Ovid.</small>   <p> <b>1</b> &ensp; soldado. <br> <b>2</b> &ensp; <small>Virg.</small> &ensp; soldadesca. <br> <b>3</b> &ensp; <small>Ulp.</small> &ensp; archeiro, homem que levava as insignias dos Magistrados. </p>"
miluus,Fonseca,<b>Milvus</b> -<b>i</b> <br> <small>m.</small>
mitto,Fonseca,"<b>Mitto</b> -<b>is</b> -<b>isi</b> -<b>issum</b> -<b>ere</b>   <p> <b>1</b> &ensp; <small>Cic.</small> &ensp; mandar, remetter, enviar. <br> <b>2</b> &ensp; deixar, depôr. <br> <b>3</b> &ensp; <small>Caes.</small> &ensp; arrojar, atirar. <br> <b>4</b> &ensp; <small>Plin.</small> &ensp; brotar, arrebentar as arvores, & c. </p>   <p><small>[EXEMPLOS]</small><br> <br><b>X</b><br>lacrymas mittere &ensp; <small><small>Ter</small></small> &ensp; <small>Deixar de chorar</small> <br> mittere de aliqua re &ensp; <small><small>Ter</small></small> &ensp; <small>Calar-se a respeito de alguma cousa</small> <br> mittere sanguinem &ensp; <small><small>Cels</small></small> &ensp; <small>Sangrar</small> </p>"
modo,Fonseca,"<b>Modo</b> <br> <small>adv.</small>   <p> <b>1</b> &ensp; <small>Cic.</small> &ensp; ha pouco, algumas vezes, na verdade, com tanto que, sómente, ao menos. </p>"
modus,Fonseca,"<b>Modus</b> -<b>i</b> <br> <small>m.</small>   <p> <b>1</b> &ensp; <small>Cic.</small> &ensp; modo, maneira. <br> <b>2</b> &ensp; medição dos versos, compasso da musica. <br> <b>3</b> &ensp; quantidade, extensão, medida. <br> <b>4</b> &ensp; moderação. <br> <b>5</b> &ensp; termo, fim, limite. <br> <b>6</b> &ensp; <small>Quinct.</small> &ensp; modo nos verbos. </p>   <p><small>[EXEMPLOS]</small><br> <br><b>X</b><br>ad modos tibicinis saltare &ensp; <small><small>Liv</small></small> &ensp; <small>Dançar ao som da frauta</small> <br> figere modum nequitiae &ensp; <small><small>Hor</small></small> &ensp; <small>Moderar o curso dos delictos</small> </p>"
molitus,Fonseca,<b>Molitus</b> -<b>a</b> -<b>um</b> <br> <small>act. Cic. part. de Molior.</small>
montuosus,Fonseca,<b>Montuosus</b> <br> <small>v. Montosus.</small>
moror,Fonseca,<b>Moror</b> -<b>aris</b> -<b>atus sum</b> -<b>ari</b>
mors,Fonseca,<b>Mors</b> <b>mortis</b> <br> <small>f.</small>   <p> <b>1</b> &ensp; <small>Cic.</small> &ensp; morte. <br> <b>2</b> &ensp; <small>Plin.</small> &ensp; cadaver. </p>
mos,Fonseca,"<b>Mos</b> <b>moris</b> <br> <small>m.</small>   <p> <b>1</b> &ensp; <small>Cic.</small> &ensp; costume, uso, moda, prática, habito. </p>   <p><small>[EXEMPLOS]</small><br> <br><b>X</b><br>imponere morem pacis populis &ensp; <small><small>Virg</small></small> &ensp; <small>Impôr aos póvos as condições da paz</small> <br> more ferarum &ensp; <small><small>Hor</small></small> &ensp; <small>Á maneira das feras</small> </p>"
mugil,Fonseca,<b>Mugilis</b> -<b>is</b> <br> <small>m.</small>
multus,Fonseca,"<b>Multus</b> -<b>a</b> -<b>um</b>   <p> <b>1</b> &ensp; <small>Cic.</small> &ensp; muito, numeroso, em grande quantidade. </p>   <p><small>[EXEMPLOS]</small><br> <br><b>X</b><br>multus in opere &ensp; <small><small>Sall</small></small> &ensp; <small>Assiduo no trabalho</small> <br> nocte de multa &ensp; <small><small>Cic</small></small> &ensp; <small>Alta noite</small> <br> nocte multa &ensp; <small><small>Cic</small></small> &ensp; <small>Alta noite</small> <br> nomen tuum multum in his locis &ensp; <small><small>Cic</small></small> &ensp; <small>Falla-se muito de ti neste paiz</small> </p>"
murra2,Fonseca,<b>Murrha</b> <small>l</small> -<b>ae</b> <small>l</small> <br> <small>f.</small>
murreus,Fonseca,<b>Murrheus</b> <small>l</small> -<b>a</b> <small>l</small> -<b>um</b>
musice,Fonseca,<b>Musice</b> -<b>es</b> <br> <small>f.</small>
myrice,Fonseca,<b>Myrice</b> -<b>es</b> <br> <small>f.</small>
nam,Fonseca,<b>Nam</b> <br> <small>conjunc.</small>   <p> <b>1</b> &ensp; <small>Cic.</small> &ensp; porque. </p>
natio,Fonseca,<b>Natio</b> -<b>onis</b> <br> <small>f.</small>
natura,Fonseca,"<b>Natura</b> -<b>ae</b> <br> <small>f.</small>   <p> <b>1</b> &ensp; <small>Cic.</small> &ensp; natureza. <br> <b>2</b> &ensp; essencia, força, virtude de cada ser. <br> <b>3</b> &ensp; inclinação, genio, condição. <br> <b>4</b> &ensp; temperamento, qualidade. <br> <b>5</b> &ensp; <small>Natura, abl. Quinct.</small> &ensp; naturalmente. </p>"
nauclericus,Fonseca,<b>Nauclericus</b> <small>l</small> -<b>a</b> <small>l</small> -<b>um</b>
ne3,Fonseca,<b>Ne</b> <br> <small>adv.</small>   <p> <b>1</b> &ensp; <small>Cic.</small> &ensp; não <br> <b>3</b> &ensp; <small>Cic.</small> &ensp; nem. </p>
ne,Fonseca,<b>Ne</b>   <p> <b>2</b> &ensp; <small>Cic.</small> &ensp; para que não </p>
nec,Fonseca,"<b>Nec</b> <br> <small>conjunc.</small>   <p> <b>1</b> &ensp; <small>Cic.</small> &ensp; nem, não. </p>   <p><small>[EXEMPLOS]</small><br> <br><b>X</b><br>necne &ensp; <small><small>Cic</small></small> &ensp; <small>Ou não</small> <br> necnon et &ensp; <small><small>Ovid</small></small> &ensp; <small>Tambem</small> </p>"
necessarie,Fonseca,<b>Necessario</b> <br> <small>adv.</small>
nefas,Fonseca,<b>Nefas</b> <br> <small>adject.</small>
nefas,Fonseca,<b>Nefas</b>
nemo,Fonseca,"<b>Nemo</b> -<b>inis</b> <br> <small>m. Cic. f. Plaut.</small>   <p> <b>1</b> &ensp; ninguem, nenhum. <br> <b>2</b> &ensp; homem de nenhuma conta. </p>"
nequam,Fonseca,<b>Nequam</b> <br> <small>adv.</small>
nequiquam,Fonseca,<b>Nequidquam</b> <small>l</small> <br> <small>adv.</small>
nesapius,Fonseca,<b>Nesapus</b> <small>l</small> -<b>a</b> <small>l</small> -<b>um</b>
neue,Fonseca,<b>Neve</b> <br> <small>conj.</small>
nihil,Fonseca,<b>Nihil</b> <br> <small>indec. n.</small>   <p> <b>1</b> &ensp; <small>Cic.</small> &ensp; nada. <br> <b>2</b> &ensp; <small>Ter.</small> &ensp; não. </p>
nihil,Fonseca,"<b>Nihilum</b> -<b>i</b> <br> <small>n.</small>   <p> <b>1</b> &ensp; <small>Cic.</small> &ensp; nada, cousa nenhuma. </p>"
nihil,Fonseca,<b>Nil</b> <br> <small>adv.</small>
nihil,Fonseca,<b>Nilum</b> -<b>i</b> <br> <small>n.</small>   <p> <b>1</b> &ensp; <small>Lucr.</small> &ensp; nada. </p>
nisi,Fonseca,"<b>Nisi</b> <br> <small>conj.</small>   <p> <b>1</b> &ensp; <small>Cic.</small> &ensp; senão, excepto. </p>"
nomen,Fonseca,"<b>Nomen</b> -<b>inis</b> <br> <small>n.</small>   <p> <b>1</b> &ensp; <small>Cic.</small> &ensp; nome. <br> <b>2</b> &ensp; reputação, fama, credito. <br> <b>3</b> &ensp; pretexto, causa, razão, motivo. <br> <b>4</b> &ensp; devedor. <br> <b>5</b> &ensp; divida. <br> <b>6</b> &ensp; articulo de huma conta, ou de huma memoria. <br> <b>7</b> &ensp; <small>Quinct.</small> &ensp; nome substantivo, ou adjectivo. </p>   <p><small>[EXEMPLOS]</small><br> <br><b>X</b><br>bonum nomen existimari &ensp; <small><small>Cic</small></small> &ensp; <small>Ser reputado por bom pagador</small> <br> multis nominibus &ensp; <small><small>Ovid</small></small> &ensp; <small>Por muitas razões</small> <br> nomina facere &ensp; <small><small>Cic</small></small> &ensp; <small>Endividar-se</small> </p>"
non,Fonseca,<b>Non</b> <br> <small>adv.</small>   <p> <b>1</b> &ensp; <small>Cic.</small> &ensp; não. </p>
nos,Fonseca,<b>Nos</b> <b>nostrum</b> <b>nostri</b> <small>l</small> <br> <small>plur. de Ego.</small>   <p> <b>1</b> &ensp; <small>Cic.</small> &ensp; nós. </p>
nos,Fonseca,<b>Nosmet</b>   <p> <b>1</b> &ensp; <small>Plaut.</small> &ensp; nós mesmos. </p>
noster,Fonseca,<b>Noster</b> -<b>tra</b> -<b>trum</b>   <p> <b>1</b> &ensp; <small>Cic.</small> &ensp; nosso. </p>
nothus,Fonseca,<b>Nothus</b> -<b>a</b> -<b>um</b>
nouus,Fonseca,"<b>Novus</b> -<b>a</b> -<b>um</b> <small>Varr</small> -<b>vior</b> <small>Cic</small> -<b>vissimus</b>   <p> <b>1</b> &ensp; <small>Cic.</small> &ensp; novo, moderno, de pouco tempo. </p>"
nullus,Fonseca,"<b>Nullus</b> -<b>a</b> -<b>um</b>   <p> <b>1</b> &ensp; <small>Cic.</small> &ensp; nenhum. <br> <b>2</b> &ensp; vão, de nenhuma consequencia. <br> <b>3</b> &ensp; <small>Hor.</small> &ensp; abjecto, desconhecido. <br> <b>4</b> &ensp; <small>Ter.</small> &ensp; em lugar de Non. </p>   <p><small>[EXEMPLOS]</small><br> <br><b>X</b><br>nonnullus &ensp; <small><small>Cic</small></small> &ensp; <small>Algum</small> <br> nullum habere aliquem &ensp; <small><small>Cic</small></small> &ensp; <small>Não fazer caso de alguem</small> <br> nullus non &ensp; <small><small>Cic</small></small> &ensp; <small>Todos</small> <br> nullus sum &ensp; <small><small>Ter</small></small> &ensp; <small>Estou perdido</small> </p>"
nummus,Fonseca,<b>Numus</b> <small>l</small> -<b>i</b> <small>l</small> <br> <small>m.</small>
nunc,Fonseca,"<b>Nunc</b> <br> <small>adv.</small>   <p> <b>1</b> &ensp; <small>Cic.</small> &ensp; agora, presentemente. <br> <b>2</b> &ensp; porém, mas. </p>   <p><small>[EXEMPLOS]</small><br> <br><b>X</b><br>nunc huc, nunc illuc &ensp; <small><small>Virg</small></small> &ensp; <small>Já para aqui, já para alli</small> <br> nunc ipsum &ensp; <small><small>Cic</small></small> &ensp; <small>Neste mesmo instante</small> <br> nunc nunc &ensp; <small><small>Plaut</small></small> &ensp; <small>Neste mesmo instante</small> </p>"
nunc,Fonseca,<b>Nunccine</b> <br> <small>adv.</small>
nunc,Fonseca,<b>Nuncine</b> <small>l</small> <br> <small>adv.</small>
nutritus,Fonseca,<b>Nutritus</b> -<b>us</b> <br> <small>m.</small>
nyctelius,Fonseca,<b>Nyctelius</b> -<b>a</b> -<b>um</b>
oblocutor,Fonseca,<b>Oblocutor</b> <small>l</small> -<b>oris</b> <small>l</small> <br> <small>m.</small>
obortus,Fonseca,<b>Obortus</b> -<b>us</b> <br> <small>m.</small>
obrussa,Fonseca,<b>Obrussa</b> <small>l</small> -<b>ae</b> <small>l</small> <br> <small>f.</small>
obsecro,Fonseca,<b>Obsecro</b>
obstrictus,Fonseca,<b>Obstrictus</b> -<b>a</b> -<b>um</b>
onochilis,Fonseca,<b>Onochiles</b> <small>l</small> -<b>is</b> <small>l</small> <br> <small>f.</small>
opperitus,Fonseca,<b>Oppertus</b> -<b>a</b> -<b>um</b>
optio,Fonseca,<b>Optio</b> -<b>onis</b> <br> <small>m.</small>
opus,Fonseca,<b>Opus</b> <br> <small>subst. indecl.</small>
opus,Fonseca,<b>Opus</b> <br> <small>adj. indecl.</small>
oraculum,Fonseca,<b>Oraculum</b> -<b>i</b> <br> <small>n.</small>
ossifragus,Fonseca,<b>Ossifragus</b> -<b>a</b> -<b>um</b>
ouatio,Fonseca,<b>Ovatio</b> -<b>onis</b> <br> <small>f.</small>
pager,Fonseca,<b>Pagur</b> -<b>uris</b> <br> <small>n.</small>
palacrana,Fonseca,<b>Palacrana</b> <small>l</small> -<b>ae</b> <small>l</small> <br> <small>f.</small>
pancratium,Fonseca,<b>Pancratium</b> -<b>ii</b> <br> <small>n.</small>
pancratium,Fonseca,<b>Pancratium</b> <small>l</small> -<b>ii</b> <small>l</small> <br> <small>n.</small>
pannuceus,Fonseca,<b>Pannucius</b> <small>l</small> -<b>a</b> <small>l</small> -<b>um</b>
panuuellium,Fonseca,<b>Panuclum</b> <small>l</small> -<b>i</b> <small>l</small> <br> <small>n.</small>
panuuellium,Fonseca,<b>Panuelum</b> -<b>i</b> <br> <small>n.</small>
par,Fonseca,<b>Par</b> -<b>aris</b> <small>Plaut</small> -<b>rissimus</b> <br> <small>omn. gen.</small>
paratragoedo,Fonseca,<b>Paratragoedo</b> <small>l</small> -<b>as</b> <small>l</small> -<b>avi</b> -<b>atum</b> -<b>are</b>
pars,Fonseca,"<b>Pars</b> -<b>artis</b> <br> <small>f.</small>   <p> <b>1</b> &ensp; <small>Cic.</small> &ensp; parte, porção. <br> <b>2</b> &ensp; parcialidade, facção, bando, partido. <br> <b>3</b> &ensp; especie, que divide o genero. <br> <b>4</b> &ensp; <small>No plur.</small> &ensp; officios, cargos, obrigações. <br> <b>5</b> &ensp; <small>Ter.</small> &ensp; parte na demanda. <br> <b>6</b> &ensp; <small>Cic.</small> &ensp; papel, figura, personagem, actor de theatro. </p>   <p><small>[EXEMPLOS]</small><br> <br><b>X</b><br>meae partes sunt &ensp; <small><small>Cic</small></small> &ensp; <small>He minha obrigação</small> <br> multis partibus &ensp; <small><small>Cic</small></small> &ensp; <small>Muito</small> <br> pars bona hominum &ensp; <small><small>Hor</small></small> &ensp; <small>A maior parte, ou huma boa parte dos homens</small> <br> pars magna lacte uiuunt &ensp; <small><small>Caes</small></small> &ensp; <small>A maior parte se sustenta de leite</small> <br> partes priores apud aliquem habere &ensp; <small><small>Ter</small></small> &ensp; <small>Ter o primeiro lugar na estimação de alguem</small> </p>"
parum,Fonseca,"<b>Parum</b> <br> <small>adv.</small>   <p> <b>1</b> &ensp; <small>Cic.</small> &ensp; pouco, hum pouco. </p>"
paruus,Fonseca,"<b>Parvus</b> -<b>a</b> -<b>um</b> -<b>minor</b> <small>Cic</small> -<b>minimus</b> <small>Lucr</small> <b>parvissimus</b> <small>l</small>   <p> <b>1</b> &ensp; pequeno. <br> <b>2</b> &ensp; abjecto, humilde, desprezado, vil. <br> <b>3</b> &ensp; <small>Ter.</small> &ensp; breve. <br> <b>4</b> &ensp; <small>Plin.</small> &ensp; pouco. </p>"
paruus,Fonseca,<b>Parvus</b> -<b>i</b> <br> <small>m.</small>
passus2,Fonseca,<b>Passus</b> -<b>a</b> -<b>um</b> <br> <small>part. de Pando</small>
pastinatus,Fonseca,<b>Pastinatus</b> -<b>a</b> -<b>um</b> <br> <small>Col. part. de Pastino</small>
pater,Fonseca,"<b>Pater</b> -<b>tris</b> <br> <small>m.</small>   <p> <b>1</b> &ensp; <small>Cic.</small> &ensp; pai. <br> <b>2</b> &ensp; <small>No plur.</small> &ensp; antepassados, maiores. </p>   <p><small>[EXEMPLOS]</small><br> <br><b>X</b><br>pater coenae &ensp; <small><small>Hor</small></small> &ensp; <small>O que dá o banquete</small> <br> pater patratus &ensp; <small><small>Liv</small></small> &ensp; <small>Sacerdote, que declarava a paz, e a guerra</small> <br> pater Romanus &ensp; <small><small>Virg</small></small> &ensp; <small>Imperador Romano</small> <br> patres conscripti &ensp; <small><small>Cic</small></small> &ensp; <small>Senadores Romanos</small> </p>"
paullatim,Fonseca,<b>Paullatim</b> <small>l</small> <br> <small>adv.</small>
paullisper,Fonseca,<b>Paullisper</b> <small>l</small> <br> <small>adv.</small>
paullulus,Fonseca,<b>Paullulus</b> <small>l</small> -<b>a</b> <small>l</small> -<b>um</b>
paulum,Fonseca,<b>Paullum</b> <small>l</small> <br> <small>adv.</small>
paullus,Fonseca,<b>Paullus</b> <small>l</small> -<b>a</b> <small>l</small> -<b>um</b>
posia,Fonseca,<b>Pausia</b> <small>l</small> -<b>ae</b> <small>l</small> <br> <small>f.</small>
pecunia,Fonseca,"<b>Pecunia</b> -<b>ae</b> <br> <small>f.</small>   <p> <b>1</b> &ensp; <small>Cic.</small> &ensp; dinheiro, moeda. </p>"
pedarius,Fonseca,<b>Pedarius</b> -<b>a</b> -<b>um</b>
pedisequa,Fonseca,<b>Pedissequa</b> <small>l</small> -<b>ae</b> <small>l</small> <br> <small>f.</small>
pedisequus,Fonseca,<b>Pedissequus</b> <small>l</small> -<b>i</b> <small>l</small> <br> <small>m.</small>
pelamys,Fonseca,<b>Pelamys</b> <small>l</small> -<b>ydis</b> <small>l</small> <br> <small>f.</small>
per,Fonseca,"<b>Per</b> <br> <small>prep. de accus.</small>   <p> <b>1</b> &ensp; <small>Cic.</small> &ensp; por, por amor, por causa, por entre, pelo meio, em. </p>"
percrebresco,Fonseca,<b>Percrebresco</b> <small>l</small> -<b>is</b> <small>l</small> -<b>bui</b> -<b>brui</b> <small>l</small> -<b>scere</b>
peremptus,Fonseca,<b>Peremtus</b> <small>l</small> -<b>a</b> <small>l</small> -<b>um</b>
periculum,Fonseca,"<b>Periculum</b> -<b>i</b> <br> <small>n.</small>   <p> <b>1</b> &ensp; <small>Cic.</small> &ensp; perigo, risco. <br> <b>2</b> &ensp; próva, ensaio, experiencia. <br> <b>3</b> &ensp; processo, autos, sentença de condemnação. </p>"
permiste,Fonseca,<b>Permixte</b> <small>l</small> <br> <small>adv.</small>
permixtio,Fonseca,<b>Permixtio</b> <small>l</small> -<b>onis</b> <small>l</small> <br> <small>f.</small>
permistus,Fonseca,<b>Permixtus</b> <small>l</small> -<b>a</b> <small>l</small> -<b>um</b>
permulctus,Fonseca,<b>Permulsus</b> -<b>a</b> -<b>um</b>
permulte,Fonseca,<b>Permultum</b> <br> <small>adv.</small>
perpessus,Fonseca,"<b>Perpessus</b> -<b>us</b> <br> <small>m.</small> <br> <small>Só se acha em ablativo, e por isso julgão alguns ser supino passivo.</small>"
persecutus,Fonseca,<b>Persequutus</b> <small>l</small> -<b>a</b> <small>l</small> -<b>um</b>
persollata,Fonseca,<b>Persollata</b> <small>l</small> -<b>ae</b> <small>l</small> <br> <small>f.</small>
petaso,Fonseca,<b>Petaso</b> -<b>onis</b> <br> <small>m.</small>
petesso,Fonseca,<b>Petesso</b> <small>l</small> -<b>is</b> <small>l</small> -<b>scere</b>
petesso,Fonseca,<b>Petisso</b> <small>l</small> -<b>is</b> <small>l</small> -<b>scere</b> <br> <small>Lucr.</small> <br> <small>v. Petesco.</small>
peto,Fonseca,"<b>Peto</b> -<b>is</b> -<b>ivi</b> -<b>itum</b> -<b>ere</b>   <p> <b>1</b> &ensp; <small>Cic.</small> &ensp; pedir. <br> <b>2</b> &ensp; requerer, demandar em juizo. <br> <b>3</b> &ensp; acommetter, assaltar, investir. <br> <b>4</b> &ensp; ir, caminhar, demandar algum lugar. <br> <b>5</b> &ensp; <small>Virg.</small> &ensp; desejar. <br> <b>6</b> &ensp; <small>Hor.</small> &ensp; procurar, buscar. </p>   <p><small>[EXEMPLOS]</small><br> <br><b>X</b><br>petere aliquem dextra &ensp; <small><small>Virg</small></small> &ensp; <small>Pegar na mão direita a alguem</small> <br> petere aliquem lapidibus &ensp; <small><small>Cic</small></small> &ensp; <small>Apedrejar alguem</small> <br> petere consulatum &ensp; <small><small>Cic</small></small> &ensp; <small>Pertender a dignidade de Consul</small> <br> petere iugulum &ensp; <small><small>Cic</small></small> &ensp; <small>Procurar a morte</small> <br> petere poenas ab aliquo &ensp; <small><small>Cic</small></small> &ensp; <small>Procurar o castigo de alguem</small> </p>"
petorritum,Fonseca,<b>Petorritum</b> <small>l</small> -<b>i</b> <small>l</small> <br> <small>n.</small>
pezicae,Fonseca,<b>Pezitae</b> <small>l</small> -<b>arum</b> <small>l</small> <br> <small>f. plur.</small>
pager,Fonseca,<b>Phagrus</b> <small>l</small> -<b>i</b> <small>l</small> <br> <small>m.</small>
phalangium,Fonseca,<b>Phalangium</b> -<b>ii</b> <br> <small>n.</small>
pharicum,Fonseca,<b>Pharicum</b> <small>l</small> -<b>i</b> <small>l</small> <br> <small>n.</small>
phu,Fonseca,<b>Phu</b> <br> <small>interj.</small>
physica,Fonseca,<b>Physica</b> -<b>orum</b> <br> <small>n. plur.</small>
pigneratus,Fonseca,<b>Pignoratus</b> <small>l</small> -<b>a</b> <small>l</small> -<b>um</b>
pignero,Fonseca,<b>Pignoro</b> <small>l</small> -<b>as</b> <small>l</small> -<b>avi</b> -<b>atum</b> -<b>are</b>
pigneror,Fonseca,<b>Pignoror</b> <small>l</small> -<b>aris</b> <small>l</small> -<b>atus sum</b> -<b>ari</b>
pinnoteres,Fonseca,<b>Pinnotheres</b> -<b>is</b> <br> <small>m.</small>
pinso,Fonseca,<b>Pinso</b> -<b>is</b> -<b>ire</b>
pistacium,Fonseca,<b>Pistacium</b> <small>l</small> -<b>ii</b> <small>l</small> <br> <small>n.</small>
plancus,Fonseca,<b>Plancus</b> -<b>i</b> <br> <small>m.</small>
platanus,Fonseca,<b>Platanus</b> -<b>us</b> <br> <small>f.</small>
ploxemus,Fonseca,<b>Ploxenus</b> <small>l</small> -<b>i</b> <small>l</small> <br> <small>m.</small>
poetica,Fonseca,<b>Poetice</b> -<b>es</b> <br> <small>f.</small>
pollinctor,Fonseca,<b>Pollinctor</b> <small>l</small> -<b>oris</b> <small>l</small> <br> <small>m.</small>
polycnemon,Fonseca,<b>Polycnemon</b> -<b>i</b> <br> <small>n.</small>
pono,Fonseca,"<b>Pono</b> -<b>is</b> -<b>osui</b> -<b>ositum</b> -<b>ere</b>   <p> <b>1</b> &ensp; <small>Cic.</small> &ensp; pôr, collocar, situar, & c. <br> <b>2</b> &ensp; propôr. <br> <b>3</b> &ensp; deixar, omittir, depôr. <br> <b>4</b> &ensp; edificar. <br> <b>5</b> &ensp; <small>Virg.</small> &ensp; plantar. <br> <b>6</b> &ensp; reclinar, encostar. <br> <b>7</b> &ensp; <small>Flor.</small> &ensp; presentar, pôr diante na meza. <br> <b>8</b> &ensp; <small>Ovid.</small> &ensp; enterrar, sepultar. </p>   <p><small>[EXEMPLOS]</small><br> <br><b>X</b><br>ponere barbam &ensp; <small><small>Hor</small></small> &ensp; <small>Rapar, ou fazer a barba</small> <br> ponere capillos &ensp; <small><small>Ovid</small></small> &ensp; <small>Pentear, concertar os cabellos</small> <br> ponere Deum coloribus &ensp; <small><small>Hor</small></small> &ensp; <small>Pintar hum idolo</small> <br> ponere uitia &ensp; <small><small>Cic</small></small> &ensp; <small>Deixar os vicios</small> <br> uenti posuere &ensp; <small><small>Virg</small></small> &ensp; <small>Acalmárão os ventos</small> </p>"
publicus,Fonseca,<b>Poplicus</b> -<b>a</b> -<b>um</b>   <p> <b>1</b> &ensp; <small>* Plaut.</small> &ensp; publico. </p>
populneus,Fonseca,<b>Populnus</b> -<b>a</b> -<b>um</b>
populus,Fonseca,"<b>Populus</b> -<b>i</b> <br> <small>m.</small>   <p> <b>1</b> &ensp; <small>Cic.</small> &ensp; povo. <br> <b>2</b> &ensp; <small>Col.</small> &ensp; qualquer ajuntamento, ou multidão. </p>"
portatus,Fonseca,<b>Portatus</b> -<b>a</b> -<b>um</b>
Portunalia,Fonseca,<b>Portunalia</b> <small>l</small> -<b>ium</b> <small>l</small> <br> <small>n. plur.</small>
posia,Fonseca,<b>Posia</b> <small>l</small> -<b>ae</b> <small>l</small> <br> <small>f.</small>
possum,Fonseca,"<b>Possiem</b> -<b>ies</b> -<b>iet</b> <br> <small>Plaut. por Possim, is, it.</small>"
possum,Fonseca,<b>Possum</b> <b>potes</b> <b>potui</b> <b>posse</b>
postmodum,Fonseca,<b>Postmodum</b> <br> <small>adv.</small>
potamantis,Fonseca,<b>Potamitis</b> <small>l</small> -<b>idis</b> <small>l</small> <br> <small>f.</small>
potens,Fonseca,<b>Potens</b> -<b>entis</b> <br> <small>subst. m.</small>
possum,Fonseca,"<b>Potessem</b> -<b>es</b> <small>& c.</small> -<b>et</b> <br> <small>Plaut. por Possem, es, et, & c.</small>"
potissime,Fonseca,<b>Potissimum</b> <br> <small>adv.</small>
praefiscini,Fonseca,<b>Praefiscini</b> <small>l</small>
praegnans,Fonseca,<b>Praegnas</b> -<b>atis</b> <br> <small>omn. gen.</small>
praestega,Fonseca,<b>Praesterga</b> <small>l</small> -<b>ae</b> <small>l</small> <br> <small>f.</small>
praestigia,Fonseca,<b>Praestigia</b> -<b>orum</b> <br> <small>n. plur. * Cic.</small> <br> <small>v. Praestigiae.</small>
praeterbito,Fonseca,<b>Praeterbito</b> -<b>is</b> -<b>ere</b>
pragmaticus,Fonseca,<b>Pragmaticus</b> -<b>i</b> <br> <small>m.</small>
primitus,Fonseca,<b>Primitus</b> <br> <small>adv.</small>
primum,Fonseca,<b>Primum</b> <br> <small>adv.</small>   <p> <b>1</b> &ensp; <small>Cic.</small> &ensp; primeiramente. </p>
primus,Fonseca,"<b>Primus</b> -<b>a</b> -<b>um</b>   <p> <b>1</b> &ensp; <small>Cic.</small> &ensp; primeiro, principal. </p>   <p><small>[EXEMPLOS]</small><br> <br><b>X</b><br>a primo &ensp; <small><small>Cic</small></small> &ensp; <small>Desde o principio</small> </p>"
priuatus,Fonseca,<b>Privatus</b> -<b>a</b> -<b>um</b> <br> <small>part. de Privo.</small>
pro,Fonseca,"<b>Pro</b> <br> <small>prep. de ablat.</small>   <p> <b>1</b> &ensp; <small>Cic.</small> &ensp; por diante, por causa, em consideração, em lugar, por, em, como, segundo, conforme, em vez de, no tempo, sobre, a favor. </p>"
procidentia,Fonseca,<b>Procidentia</b> -<b>ium</b> <br> <small>n. plur.</small>
profluens,Fonseca,<b>Profluens</b> -<b>entis</b> <br> <small>omn. gen.</small>
pro2,Fonseca,<b>Proh</b> <small>l</small>
prohibeo,Fonseca,"<b>Prohibessim</b> -<b>is</b> -<b>it</b> <br> <small>Plaut. por Prohibuerim, is, it.</small>"
proinde,Fonseca,<b>Proinde</b> <br> <small>adv.</small>
prolocutor,Fonseca,<b>Proloquutor</b> <small>l</small> -<b>oris</b> <small>l</small> <br> <small>m.</small>
promisce,Fonseca,<b>Promiscue</b> <br> <small>adv.</small>
promiscuus,Fonseca,<b>Promiscus</b> -<b>a</b> -<b>um</b>
prompto,Fonseca,<b>Promto</b> <small>l</small> -<b>as</b> <small>l</small> -<b>avi</b> -<b>atum</b> -<b>are</b>
prosecutus,Fonseca,<b>Prosequutus</b> <small>l</small> -<b>a</b> <small>l</small> -<b>um</b>
psychrolutes,Fonseca,<b>Psychrolutes</b> <small>l</small> -<b>ae</b> <small>l</small> <br> <small>m.</small>
publicus,Fonseca,"<b>Publicus</b> -<b>a</b> -<b>um</b>   <p> <b>1</b> &ensp; <small>Cic.</small> &ensp; publico, vulgar, do publico, commum, do povo. <br> <b>2</b> &ensp; <small>Ovid.</small> &ensp; ordinario, de pouco valor, ou artificio. </p>   <p><small>[EXEMPLOS]</small><br> <br><b>X</b><br>publica fides &ensp; <small><small>Sall</small></small> &ensp; <small>Passaporte, salvoconduto</small> <br> publica uerba &ensp; <small><small>Ovid</small></small> &ensp; <small>Cumprimentos, palavras de ceremonia</small> <br> publicum omnium est &ensp; <small><small>Plin</small></small> &ensp; <small>He commum a todos</small> </p>"
pugillar,Fonseca,<b>Pugillare</b> <small>l</small> -<b>is</b> <small>l</small> <br> <small>n.</small>
pulchritas,Fonseca,<b>Pulchritas</b> -<b>atis</b> <br> <small>f.</small>
puleium,Fonseca,<b>Pulejum</b> -<b>i</b> <br> <small>n.</small>
punio,Fonseca,<b>Punior</b> -<b>iris</b> -<b>itus sum</b> -<b>iri</b> <br> <small>pass.</small>
putesco,Fonseca,<b>Putisco</b> <small>l</small> -<b>is</b> <small>l</small> -<b>scere</b>
puto,Fonseca,"<b>Puto</b> -<b>as</b> -<b>avi</b> -<b>atum</b> -<b>are</b>   <p> <b>1</b> &ensp; <small>Virg.</small> &ensp; podar a vinha. <br> <b>2</b> &ensp; <small>Col.</small> &ensp; limpar as arvores, cortar-lhes os ramos seccos, e inuteis. <br> <b>3</b> &ensp; <small>Cic.</small> &ensp; imaginar, meditar, considerar. <br> <b>4</b> &ensp; estimar. </p>   <p><small>[EXEMPLOS]</small><br> <br><b>X</b><br>putare aliquem in aliquo numero &ensp; <small><small>Cic</small></small> &ensp; <small>Estimar alguem, fazer delle apreço</small> <br> putare cum aliquo argumentis &ensp; <small><small>Cic</small></small> &ensp; <small>Disputar com alguem</small> <br> putare rationem cum aliquo &ensp; <small><small>Varr</small></small> &ensp; <small>Ajustar, ou liquidar contas com alguem</small> <br> putare rationem secum &ensp; <small><small>Plaut</small></small> &ensp; <small>Considerar, meditar</small> </p>"
pyctes,Fonseca,<b>Pyctes</b> -<b>ae</b> <br> <small>m.</small>
pyrrhopoecilos,Fonseca,<b>Pyropoecilus</b> <small>l</small> -<b>i</b> <small>l</small> <br> <small>m.</small>
pyrricha,Fonseca,<b>Pyrrhice</b> -<b>es</b> <br> <small>f.</small>
qua,Fonseca,"<b>Qua</b> <br> <small>ablat.</small>   <p> <b>1</b> &ensp; <small>sc. ratione, via, regione, parte Cic.</small> &ensp; por que parte? de que modo? de que sorte? pela parte que. </p>   <p><small>[EXEMPLOS]</small><br> <br><b>X</b><br>qua paterna gloria, qua sua insignis &ensp; <small><small>Liv</small></small> &ensp; <small>Illustre tanto pela gloria dos seus maiores, como pela sua propria</small> </p>"
quadringeni,Fonseca,<b>Quadringenteni</b> -<b>ae</b> -<b>a</b>
quis,Fonseca,"<b>Quae</b> <small>& c.</small> <b>quaecumque</b> <br> <small>v. Quis, quicumque, & c.</small>"
quaero,Fonseca,"<b>Quaero</b> -<b>is</b> -<b>sivi</b> -<b>situm</b> -<b>ere</b>   <p> <b>1</b> &ensp; <small>Cic.</small> &ensp; buscar, procurar. <br> <b>2</b> &ensp; informar-se. <br> <b>3</b> &ensp; devassar. <br> <b>4</b> &ensp; julgar, ser juiz em causas crimes. <br> <b>5</b> &ensp; disputar, questionar. <br> <b>6</b> &ensp; adquirir, ajuntar, grangear. </p>"
qualibeat,Fonseca,<b>Quamlubet</b> <small>l</small> <br> <small>adv.</small>
quantus,Fonseca,"<b>Quantus</b> -<b>a</b> -<b>um</b>   <p> <b>1</b> &ensp; <small>Cic.</small> &ensp; quanto, quaõ grande. <br> <b>2</b> &ensp; qual? <br> <b>3</b> &ensp; taõ grande que. </p>   <p><small>[EXEMPLOS]</small><br> <br><b>X</b><br>quanti est? &ensp; <small><small>Ter</small></small> &ensp; <small>Quanto val? que preço tem?</small> </p>"
qua,Fonseca,<b>Quaque</b> <br> <small>adv.</small>   <p> <b>1</b> &ensp; <small>* Cic.</small> &ensp; por qualquer parte. </p>
que,Fonseca,"<b>Que</b> <br> <small>conj.</small>   <p> <b>1</b> &ensp; <small>Cic.</small> &ensp; e, ainda, tambem. </p>"
querela,Fonseca,<b>Querella</b> <small>l</small> -<b>ae</b> <small>l</small> <br> <small>f.</small>
querneus,Fonseca,<b>Quernus</b> -<b>a</b> -<b>um</b>
qui,Fonseca,"<b>Qui</b> <b>quae</b> <b>quod</b> <b>cujus</b> <small>gen</small> <b>cui</b> <small>dat</small>   <p> <b>1</b> &ensp; <small>Cic.</small> &ensp; quem, que, qual. </p>"
qui,Fonseca,<b>qui</b> <small>l</small> <b>quae</b> <small>l</small> <b>quod</b> <b>quid</b> <small>l</small>   <p> <b>1</b> &ensp; <small>Cic.</small> &ensp; quem? qual? algum? <br> <b>1</b> &ensp; <small>Cic.</small> &ensp; quem? qual? algum? </p>
quia,Fonseca,<b>Quia</b> <br> <small>conj.</small>   <p> <b>1</b> &ensp; <small>Cic.</small> &ensp; porque. </p>
quidam,Fonseca,<b>Quidam</b> <b>quaedam</b> <b>quoddam</b> <b>quiddam</b> <small>l</small>   <p> <b>1</b> &ensp; <small>Cic.</small> &ensp; hum certo. </p>
quidem,Fonseca,<b>Quidem</b> <br> <small>adv.</small>   <p> <b>1</b> &ensp; <small>Cic.</small> &ensp; na verdade. </p>
quinarius,Fonseca,<b>Quinarius</b> -<b>ii</b> <br> <small>m.</small>
quinquepertitus,Fonseca,<b>Quinquepertitus</b> -<b>a</b> -<b>um</b>
quis,Fonseca,<b>Quis</b> <b>quae</b> <b>quod</b> <b>quid</b> <small>l</small>   <p> <b>1</b> &ensp; <small>Cic.</small> &ensp; quem? qual? algum? <br> <b>1</b> &ensp; <small>Cic.</small> &ensp; quem? qual? algum? </p>
quisquam,Fonseca,"<b>Quisquam</b> <b>quaequam</b> <b>quisquam</b> <small>l</small> <b>quodquam</b> <b>quidquam</b> <small>l</small>   <p> <b>1</b> &ensp; <small>Cic.</small> &ensp; algum, alguem, qualquer. </p>"
quisque,Fonseca,<b>Quisque</b> <b>quaeque</b> <b>quodque</b> <b>quidque</b> <small>l</small>   <p> <b>1</b> &ensp; <small>Cic.</small> &ensp; qualquer. <br> <b>2</b> &ensp; cada hum. </p>
cum,Fonseca,<b>Qum</b> <br> <small>v. Cum.</small>
qua,Fonseca,"<b>Quo</b> <br> <small>adv.</small>   <p> <b>1</b> &ensp; <small>Cic.</small> &ensp; para onde. <br> <b>2</b> &ensp; quanto. <br> <b>3</b> &ensp; porque, para que. <br> <b>4</b> &ensp; <small>Nep.</small> &ensp; pelo que, por cuja causa. <br> <b>5</b> &ensp; <small>Ovid.</small> &ensp; do modo que, como. </p>   <p><small>[EXEMPLOS]</small><br> <br><b>X</b><br>quo gentium fugiam? &ensp; <small><small>Plaut</small></small> &ensp; <small>Para que parte do mundo fugirei?</small> </p>"
quod,Fonseca,"<b>Quod</b> <br> <small>conj.</small>   <p> <b>1</b> &ensp; <small>Cic.</small> &ensp; porque, que, para que, por quanto, mais quanto. </p>"
cum,Fonseca,<b>Quom</b> <br> <small>v. Cum.</small>
qua2,Fonseca,<b>Quoque</b> <br> <small>conj.</small>   <p> <b>1</b> &ensp; <small>Cic.</small> &ensp; tambem. </p>
quorsum,Fonseca,<b>Quorsus</b> <br> <small>adv. Cic.</small> <br> <small>v. Quorsum.</small>
ratio,Fonseca,"<b>Ratio</b> -<b>onis</b> <br> <small>f.</small>   <p> <b>1</b> &ensp; <small>Cic.</small> &ensp; razão, entendimento. <br> <b>2</b> &ensp; consideração, cuidado. <br> <b>3</b> &ensp; motivo, causa, pretexto. <br> <b>4</b> &ensp; meio, modo, methodo, costume. <br> <b>5</b> &ensp; conta, calculo. <br> <b>6</b> &ensp; regra, medida, proporçaõ. <br> <b>7</b> &ensp; negocio, commercio, sociedade. <br> <b>8</b> &ensp; razão, prova. <br> <b>9</b> &ensp; resoluçaõ, parecer, determinaçaõ. </p>   <p><small>[EXEMPLOS]</small><br> <br><b>X</b><br>habere rationem alicuius in comitiis &ensp; <small><small>Liv</small></small> &ensp; <small>Propôr alguem para ser eleito em alguma assemblea</small> <br> ratio nauigii tum iacebat &ensp; <small><small>Lucr</small></small> &ensp; <small>Fazia-se entaõ pouco caso da navegaçaõ</small> <br> ratio quae tibi cum illo intercedit? &ensp; <small><small>Cic</small></small> &ensp; <small>Que negocio tens tu com elle?</small> <br> ratio rei familiaris habenda est &ensp; <small><small>Cic</small></small> &ensp; <small>He preciso vigiar sobre o bom successo dos seus negocios</small> </p>"
redemptio,Fonseca,<b>Redemtio</b> <small>l</small> -<b>onis</b> <small>l</small> <br> <small>f.</small>
redemptus2,Fonseca,<b>Redemtus</b> <small>l</small> -<b>a</b> <small>l</small> -<b>um</b> <br> <small>Cic. part. de Redimo.</small>
rediuiuus,Fonseca,<b>Redivivus</b> -<b>a</b> -<b>um</b>
refero,Fonseca,"<b>Refero</b> -<b>fers</b> -<b>tulli</b> -<b>latum</b> -<b>erre</b>   <p> <b>1</b> &ensp; <small>Cic.</small> &ensp; tornar a trazer, ou a levar. <br> <b>2</b> &ensp; contar, referir, relatar, propor, representar. <br> <b>3</b> &ensp; dirigir, encaminhar a algum fim. <br> <b>4</b> &ensp; contar, entremetter no numero. <br> <b>5</b> &ensp; <small>Virg.</small> &ensp; arremedar, assimilhar, imitar. </p>   <p><small>[EXEMPLOS]</small><br> <br><b>X</b><br>referre alicui fructum diligentiae &ensp; <small><small>Cic</small></small> &ensp; <small>Recompensar a alguem a sua diligencia</small> <br> si forte refers &ensp; <small><small>Ovid</small></small> &ensp; <small>Se acaso te lembras</small> </p>"
reiculus,Fonseca,<b>Rejiculus</b> <small>l</small> -<b>a</b> <small>l</small> -<b>um</b>
relinquo,Fonseca,"<b>Relinquo</b> -<b>is</b> -<b>iqui</b> -<b>ictum</b> -<b>ere</b>   <p> <b>1</b> &ensp; <small>Cic.</small> &ensp; deixar, abandonar. </p>   <p><small>[EXEMPLOS]</small><br> <br><b>X</b><br>relinquere aes alienum &ensp; <small><small>Cic</small></small> &ensp; <small>Morrer individado</small> <br> relinquere Diis, uotisque &ensp; <small><small>Ovid</small></small> &ensp; <small>Remetter tudo á Divina Providencia</small> </p>"
renisus,Fonseca,<b>Renixus</b> <small>l</small> -<b>us</b> <small>l</small> <br> <small>m.</small>
res,Fonseca,"<b>Res</b> <b>rei</b> <br> <small>f.</small>   <p> <b>1</b> &ensp; <small>Cic.</small> &ensp; cousa. <br> <b>2</b> &ensp; negocio. <br> <b>3</b> &ensp; utilidade. <br> <b>4</b> &ensp; interesse. <br> <b>5</b> &ensp; fazenda, bens da fortuna. <br> <b>6</b> &ensp; herança, patrimonio. <br> <b>7</b> &ensp; modo, occasiaõ. </p>   <p><small>[EXEMPLOS]</small><br> <br><b>X</b><br>e re nata &ensp; <small><small>Ter</small></small> &ensp; <small>Opportunamente, segundo a occasiaõ, que se offerece</small> <br> pro re nata &ensp; <small><small>Cic</small></small> &ensp; <small>Opportunamente, segundo a occasiaõ, que se offerece</small> <br> re &ensp; <small><small>Cic</small></small> &ensp; <small>Effectivamente, na realidade</small> <br> reipsa &ensp; <small><small>Cic</small></small> &ensp; <small>Effectivamente, na realidade</small> <br> rem augere &ensp; <small><small>Cic</small></small> &ensp; <small>Enriquecer-se</small> <br> rem male gerere &ensp; <small><small>Hor</small></small> &ensp; <small>Manejar mal os seus negocios</small> <br> rerum potiri &ensp; <small><small>Liv</small></small> &ensp; <small>Ter a suprema authoridade</small> <br> res familiaris &ensp; <small><small>Cic</small></small> &ensp; <small>Fazenda, bens da casa</small> <br> res Romana &ensp; <small><small>Liv</small></small> &ensp; <small>Exercito Romano</small> <br> reuera &ensp; <small><small>Cic</small></small> &ensp; <small>Effectivamente, na realidade</small> </p>"
respicio,Fonseca,<b>Respicio</b> -<b>is</b> -<b>exi</b> -<b>ectum</b> -<b>ere</b>
retrorsus,Fonseca,<b>Retrorsus</b> <br> <small>adv.</small>
rex,Fonseca,"<b>rex</b> -<b>egis</b> <br> <small>m.</small>   <p> <b>1</b> &ensp; <small>Cic.</small> &ensp; rei. <br> <b>2</b> &ensp; <small>Hor.</small> &ensp; grande senhor. </p>   <p><small>[EXEMPLOS]</small><br> <br><b>X</b><br>rex fluuiorum &ensp; <small><small>Virg</small></small> &ensp; <small>O maior dos rios</small> <br> rex pueritiae &ensp; <small><small>Hor</small></small> &ensp; <small>Pedagogo de hum menino</small> <br> rex sacrorum &ensp; <small><small>Cic</small></small> &ensp; <small>O que fazia os sacrificios, que tocavaõ aos Reis</small> </p>"
rhapeion,Fonseca,<b>Rhaphejon</b> <small>l</small> -<b>i</b> <small>l</small> <br> <small>n.</small>
raedarius,Fonseca,<b>Rhedarius</b> -<b>ii</b> <br> <small>m.</small>
rhetorica,Fonseca,<b>Rhetorica</b> -<b>ae</b> <br> <small>f.</small>
rhetorica,Fonseca,<b>Rhetorice</b> -<b>es</b> <br> <small>f.</small>
rhetoricus,Fonseca,<b>Rhetoricus</b> -<b>a</b> -<b>um</b>
rumpia,Fonseca,<b>Rhomphea</b> -<b>ae</b>
ricinium,Fonseca,<b>Ricinum</b> -<b>i</b> <br> <small>n.</small>
ridiculus,Fonseca,<b>Ridiculus</b> -<b>a</b> -<b>um</b> -<b>issimus</b> <small>*</small> <small>Plaut</small> -<b>osissimus</b> <small>l</small>
rumpotinus,Fonseca,<b>Rumpotinus</b> -<b>i</b> <br> <small>m.</small>
rursus,Fonseca,<b>Rursus</b> <br> <small>adv.</small>
sabbatum,Fonseca,<b>Sabbatum</b> <small>l</small> -<b>i</b> <small>l</small> <br> <small>n.</small>
sacrificus,Fonseca,<b>Sacrificus</b> -<b>i</b> <br> <small>m.</small>
saepe,Fonseca,"<b>Saepe</b> <small>Cic</small> -<b>pius</b> <small>Sall</small> -<b>pissime</b> <br> <small>adv.</small>   <p> <b>1</b> &ensp; amiude, muitas vezes. </p>"
saligneus,Fonseca,<b>Saligneus</b> -<b>a</b> -<b>um</b>
salsamentarius,Fonseca,<b>Salsamentarius</b> -<b>ii</b> <br> <small>m.</small>
sancitus,Fonseca,<b>Sanctus</b> -<b>a</b> -<b>um</b> -<b>ctior</b> -<b>ctissimus</b>
sandaraca,Fonseca,<b>Sandaracha</b> <small>l</small> -<b>ae</b> <small>l</small> <br> <small>f.</small>
sandaracatus,Fonseca,<b>Sandarachatus</b> <small>l</small> -<b>a</b> <small>l</small> -<b>um</b>
sandyx,Fonseca,<b>Sandyx</b> <small>l</small> -<b>ycis</b> <small>l</small> <br> <small>f.</small>
sane,Fonseca,<b>Sane</b> <small>Hor</small> -<b>nius</b> <br> <small>adv.</small>
saperda,Fonseca,<b>Saperda</b> -<b>ae</b> <br> <small>f.</small>
scamonia,Fonseca,<b>Scammonia</b> <small>&</small> -<b>ae</b> <small>&</small> <br> <small>f.</small>
scaenicus,Fonseca,<b>Scenicus</b> -<b>i</b> <br> <small>m.</small>
scio,Fonseca,<b>Scin</b> <br> <small>Ter. por Scisne?</small>   <p> <b>1</b> &ensp; sabes tu? </p>
scio,Fonseca,"<b>Scio</b> -<b>is</b> -<b>ivi</b> -<b>itum</b> -<b>ire</b>   <p> <b>1</b> &ensp; <small>Cic.</small> &ensp; saber, conhecer, estar instruido. </p>   <p><small>[EXEMPLOS]</small><br> <br><b>X</b><br>certe scire &ensp; <small><small>Cic</small></small> &ensp; <small>Saber com certeza</small> <br> certo scire &ensp; <small><small>Cic</small></small> &ensp; <small>Saber com certeza</small> <br> certum scire &ensp; <small><small>Cic</small></small> &ensp; <small>Saber com certeza</small> <br> scire fidibus &ensp; <small><small>Ter</small></small> &ensp; <small>Saber tocar instrumento de cordas</small> <br> scire Graece luculenter &ensp; <small><small>Cic</small></small> &ensp; <small>Saber com perfeiçaõ a lingua Grega</small> </p>"
scobis,Fonseca,<b>Scobs</b> <small>l</small> -<b>obis</b> <small>l</small> <br> <small>m. Vitr. f. Col.</small>
scomber,Fonseca,<b>Scombrus</b> <small>l</small> -<b>i</b> <small>l</small> <br> <small>m.</small>
scribo,Fonseca,"<b>Scribo</b> -<b>is</b> -<b>psi</b> -<b>ptum</b> -<b>ere</b>   <p> <b>1</b> &ensp; <small>Cic.</small> &ensp; escrever. <br> <b>2</b> &ensp; compôr, fazer huma obra em prosa, ou em verso. <br> <b>3</b> &ensp; <small>Plin.</small> &ensp; pintar. </p>   <p><small>[EXEMPLOS]</small><br> <br><b>X</b><br>scribere alicui nummos &ensp; <small><small>Plaut</small></small> &ensp; <small>Dar a alguem huma letra de cambio, ou hum bilhete para cobrar dinheiro</small> <br> scribere milites &ensp; <small><small>Liv</small></small> &ensp; <small>Fazer levas de soldados</small> <br> scribere notis &ensp; <small><small>Quinct</small></small> &ensp; <small>Escrever em cifra, ou com caracteres de abbreviaçaõ</small> <br> scribere seruo libertatem &ensp; <small><small>Ulp</small></small> &ensp; <small>Dar carta de alforria ao escravo</small> <br> scribere stigmata fugitiuo &ensp; <small><small>Quinct</small></small> &ensp; <small>Fazer marcar hum escravo fugitivo</small> <br> scribere supplementum legionibus &ensp; <small><small>Cic</small></small> &ensp; <small>Fazer reclutas para as legiões</small> </p>"
scrobis,Fonseca,<b>Scrobs</b> <small>&</small> -<b>obis</b> <small>&</small> <br> <small>m. Col. f. Virg.</small>
scytale,Fonseca,<b>Scytale</b> -<b>es</b> <br> <small>f.</small>
scytale,Fonseca,<b>Scytale</b> <small>l</small> -<b>es</b> <small>l</small> <br> <small>f.</small>
sed,Fonseca,"<b>Sed</b> <br> <small>conj.</small>   <p> <b>1</b> &ensp; <small>Cic.</small> &ensp; mas, porém. </p>"
seductus,Fonseca,<b>Seductus</b> -<b>a</b> -<b>um</b> <br> <small>Cic. part. de Seduco.</small>
semiclausus,Fonseca,<b>Semiclusus</b> <small>&</small> -<b>a</b> <small>&</small> -<b>um</b>
seminex,Fonseca,<b>Seminex</b> <small>l</small> -<b>ecis</b> <small>l</small> <br> <small>omn. gen.</small>
semper,Fonseca,<b>Semper</b> <br> <small>adv.</small>   <p> <b>1</b> &ensp; <small>Cic.</small> &ensp; sempre. </p>
senatus,Fonseca,"<b>Senatus</b> -<b>us</b> -<b>i</b> <small>l</small> <br> <small>m.</small>   <p> <b>1</b> &ensp; <small>Cic.</small> &ensp; senado, ordem dos Senadores. <br> <b>2</b> &ensp; lugar em que se ajuntavaõ os Senadores. </p>"
seorsum,Fonseca,<b>Seorsus</b> <br> <small>adv.</small>
Seplasia,Fonseca,<b>Seplasia</b> -<b>ae</b> <br> <small>f.</small>
sepositus,Fonseca,<b>Sepostus</b> -<b>a</b> -<b>um</b> <br> <small>Sil. Ital.</small> <br> <small>v. Sepositus.</small>
sequor,Fonseca,"<b>Sequor</b> -<b>eris</b> -<b>cutus</b> -<b>quutus sum</b> <small>l</small> -<b>equi</b>   <p> <b>1</b> &ensp; <small>Ter.</small> &ensp; seguir, ir atraz de outro. <br> <b>2</b> &ensp; <small>Cic.</small> &ensp; seguir-se, ser consequencia. <br> <b>3</b> &ensp; imitar, tomar por modélo. </p>   <p><small>[EXEMPLOS]</small><br> <br><b>X</b><br>sequi aliquem uestigiis &ensp; <small><small>Liv</small></small> &ensp; <small>Seguir alguem passo a passo</small> <br> sequi digitos &ensp; <small><small>Plin</small></small> &ensp; <small>Ser pegajoso, pegar-se aos dedos</small> <br> sequi gratiam alicuius &ensp; <small><small>Caes</small></small> &ensp; <small>Procurar entrar na boa graça de alguem</small> <br> sequi uerbum &ensp; <small><small>Cic</small></small> &ensp; <small>Interpretar litteralmente, tomar huma palavra ao pé da letra</small> </p>"
serperastrum,Fonseca,<b>Serperastrum</b> <small>l</small> -<b>i</b> <small>l</small> <br> <small>n.</small>
serpullum,Fonseca,<b>Serpyllum</b> <small>&</small> -<b>i</b> <small>&</small> <br> <small>n.</small>
sestertius,Fonseca,<b>Sestertius</b> -<b>ii</b> <br> <small>m.</small>
saetiger,Fonseca,<b>Setiger</b> -<b>eri</b> <br> <small>m.</small>
sexus,Fonseca,<b>Sexus</b> -<b>us</b> <br> <small>m.</small>
si,Fonseca,"<b>Si</b> <br> <small>conj.</small>   <p> <b>1</b> &ensp; <small>Cic.</small> &ensp; se. <br> <b>2</b> &ensp; <small>Ter.</small> &ensp; ainda que, posto que. <br> <b>3</b> &ensp; <small>Cic.</small> &ensp; porque. <br> <b>4</b> &ensp; <small>Virg. adv.</small> &ensp; prouvera a Deos que. <br> <b>5</b> &ensp; <small>Ter.</small> &ensp; por ventura. <br> <b>6</b> &ensp; tanto que, depois que. <br> <b>7</b> &ensp; <small>Plaut.</small> &ensp; assim como, como se. </p>   <p><small>[EXEMPLOS]</small><br> <br><b>X</b><br>si ne &ensp; <small><small>Plaut</small></small> &ensp; <small>Se naõ</small> </p>"
sic,Fonseca,"<b>Sic</b> <br> <small>conj.</small> <br> <small>Algumas vezes he adverbio.</small>   <p> <b>1</b> &ensp; <small>Cic.</small> &ensp; assim, de tal maneira, de sorte, de modo. <br> <b>2</b> &ensp; <small>Plaut.</small> &ensp; taõ, tanto, muito. <br> <b>3</b> &ensp; <small>Cic.</small> &ensp; por tanto. </p>"
sic,Fonseca,<b>Siccine</b> <br> <small>adv.</small>   <p> <b>1</b> &ensp; <small>Prop.</small> &ensp; assim. </p>
sum,Fonseca,"<b>Siem</b> -<b>es</b> -<b>et</b> <br> <small>Plaut. por Sim, sis, sit.</small>"
si,Fonseca,"<b>Sin</b> <br> <small>conj.</small>   <p> <b>1</b> &ensp; <small>Cic.</small> &ensp; mas se, porém se. </p>"
sinapi,Fonseca,<b>Sinapi</b> <br> <small>n. indecl.</small>
sine,Fonseca,<b>Sine</b> <br> <small>prep. de ablat.</small>   <p> <b>1</b> &ensp; <small>Cic.</small> &ensp; sem. </p>
sinistrorsum,Fonseca,<b>Sinistrorsus</b> <br> <small>adv.</small>
siremps,Fonseca,<b>Sirempse</b> <small>l</small> <br> <small>He palavra composta de similis re ipsa.</small>
sitarchia,Fonseca,<b>Sitarcia</b> <small>l</small> -<b>ae</b> <small>l</small> <br> <small>f.</small>
socer,Fonseca,<b>Socerus</b> -<b>i</b> <br> <small>m.</small>
salpuga,Fonseca,<b>Solipunga</b> <small>l</small> -<b>ae</b> <small>l</small> <br> <small>f.</small>
somnurnus,Fonseca,<b>Somnurnus</b> <small>l</small> -<b>a</b> <small>l</small> -<b>um</b>
spatha,Fonseca,<b>Spathe</b> -<b>es</b> <br> <small>f.</small>
speculatus,Fonseca,<b>Speculatus</b> -<b>a</b> -<b>um</b> <br> <small>act. Vell. Pat. pass. Auct. vitae Hor. part. de Speculor</small>
speratus,Fonseca,<b>Speratus</b> -<b>i</b> <br> <small>m.</small>
speres,Fonseca,<b>Speris</b> <small>l</small> -<b>is</b> <small>l</small> <br> <small>f.</small>
stacta,Fonseca,<b>Stacte</b> <small>l</small> -<b>es</b> <small>l</small> <br> <small>f.</small>
statim,Fonseca,<b>Statim</b> <br> <small>adv.</small>
strategema,Fonseca,<b>Strategema</b> <small>l</small> -<b>atis</b> <small>l</small> <br> <small>n.</small>
strigilium,Fonseca,<b>Strigillium</b> <small>l</small> -<b>ii</b> <small>l</small> <br> <small>n.</small>
strumea,Fonseca,<b>Strumia</b> <small>l</small> -<b>ae</b> <small>l</small> <br> <small>f.</small>
stylobates,Fonseca,<b>Stylobates</b> <small>l</small> -<b>ae</b> <small>l</small> <br> <small>m.</small>
subsolanus,Fonseca,<b>Subsolanus</b> -<b>i</b> <br> <small>m.</small>
subuulsus,Fonseca,<b>Subvolsus</b> <small>l</small> -<b>a</b> <small>l</small> -<b>um</b>
sudes,Fonseca,<b>Sudes</b> -<b>is</b> <br> <small>f.</small>
suffoco,Fonseca,<b>Suffoco</b> -<b>as</b> -<b>avi</b> -<b>atum</b> -<b>are</b>
sui,Fonseca,"<b>Sui</b> <b>sibi</b> <b>se</b> <br> <small>pronome da terceira pessoa no sing., e no plur.</small>   <p> <b>1</b> &ensp; <small>Cic.</small> &ensp; de si, para si, se, & c. </p>"
sulpur,Fonseca,<b>Sulphur</b> <small>l</small> -<b>uris</b> <small>l</small> <br> <small>n.</small>
sum,Fonseca,"<b>Sum</b> -<b>es</b> -<b>fui</b> -<b>esse</b>   <p> <b>1</b> &ensp; <small>Cic.</small> &ensp; ser, estar, ser tido, ser estimado, valer, pertencer, causar, & c. </p>"
sumptus,Fonseca,<b>sumtus</b> <small>l</small> -<b>a</b> <small>l</small> -<b>um</b>
sumptus3,Fonseca,<b>sumtus</b> <small>l</small> -<b>i</b> <small>l</small> <br> <small>m.</small>
sumptus2,Fonseca,<b>sumtus</b> <small>l</small> -<b>us</b> <small>l</small> <br> <small>m.</small>
super,Fonseca,<b>Super</b> -<b>era</b> -<b>erum</b> <br> <small>Cat.</small> <br> <small>v. Superus.</small>
super,Fonseca,"<b>Superus</b> -<b>era</b> -<b>erum</b> -<b>perior</b> -<b>premus</b>   <p> <b>1</b> &ensp; <small>Cic.</small> &ensp; de sima, da parte de sima. </p>"
surgo,Fonseca,<b>Surrigo</b> <br> <small>v. Subrigo.</small>
suus,Fonseca,<b>Suus</b> -<b>a</b> -<b>um</b>
tam,Fonseca,"<b>Tam</b> <br> <small>adv.</small>   <p> <b>1</b> &ensp; taõ, tanto, assim. </p>"
tamen,Fonseca,"<b>Tamen</b> <br> <small>conj.</small>   <p> <b>1</b> &ensp; <small>Cic.</small> &ensp; com tudo, mas, porém, todavia. </p>   <p><small>[EXEMPLOS]</small><br> <br><b>X</b><br>tamenetsi &ensp; <small><small>Cic</small></small> &ensp; <small>Bemque, aindaque, postoque</small> </p>"
tantus,Fonseca,"<b>Tantus</b> -<b>a</b> -<b>um</b>   <p> <b>1</b> &ensp; <small>Cic.</small> &ensp; tanto, taõ grande. </p>   <p><small>[EXEMPLOS]</small><br> <br><b>X</b><br>in tantum &ensp; <small><small>Virg</small></small> &ensp; <small>De tal sorte</small> <br> tantum est &ensp; <small><small>Ter</small></small> &ensp; <small>Tanto, e naõ mais</small> <br> tantus natu &ensp; <small><small>Cic</small></small> &ensp; <small>Taõ velho</small> </p>"
tarmes,Fonseca,<b>Tarmis</b> <small>l</small> -<b>itis</b> <small>l</small> <br> <small>m.</small>
taura,Fonseca,<b>Taurea</b> -<b>ae</b> <br> <small>f.</small>
tegimen,Fonseca,<b>Tegmen</b> -<b>inis</b> <br> <small>n.</small>
tempus,Fonseca,"<b>Tempus</b> -<b>oris</b> <br> <small>n.</small>   <p> <b>1</b> &ensp; <small>Cic.</small> &ensp; tempo. <br> <b>2</b> &ensp; parte do anno, ou do dia. <br> <b>3</b> &ensp; <small>Varr.</small> &ensp; clima. <br> <b>4</b> &ensp; <small>Cic.</small> &ensp; occasiaõ, opportunidade de tempo. <br> <b>5</b> &ensp; <small>Varr.</small> &ensp; tempo entre os Grammaticos. <br> <b>6</b> &ensp; <small>Cic.</small> &ensp; quantidade de syllaba longa, ou breve. </p>"
teneo,Fonseca,"<b>Teneo</b> -<b>es</b> -<b>enui</b> -<b>entum</b> -<b>ere</b>   <p> <b>1</b> &ensp; <small>Cic.</small> &ensp; ter, possuir. <br> <b>2</b> &ensp; <small>Liv.</small> &ensp; habitar. <br> <b>3</b> &ensp; <small>Cic.</small> &ensp; deter, demorar. <br> <b>4</b> &ensp; <small>Cic.</small> &ensp; guardar, defender. <br> <b>5</b> &ensp; <small>Virg.</small> &ensp; encobrir. <br> <b>6</b> &ensp; <small>Ter.</small> &ensp; conceber, entender, comprehender, perceber. <br> <b>7</b> &ensp; <small>Cic.</small> &ensp; saber. <br> <b>8</b> &ensp; <small>Virg.</small> &ensp; lembrar-se, recordar-se. <br> <b>9</b> &ensp; <small>Cic.</small> &ensp; reprimir, refrear. <br> <b>10</b> &ensp; <small>Cic.</small> &ensp; obrigar. <br> <b>11</b> &ensp; <small>Cic.</small> &ensp; convencer. <br> <b>12</b> &ensp; <small>Caes.</small> &ensp; durar, conservar-se. </p>   <p><small>[EXEMPLOS]</small><br> <br><b>X</b><br>incendium per duas noctes ac diem unum tenuit &ensp; <small><small>Caes</small></small> &ensp; <small>Durou o incendio duas noites, e hum dia</small> <br> tenere oculos &ensp; <small><small>Cic</small></small> &ensp; <small>Ser agradavel á vista</small> </p>"
terra,Fonseca,"<b>Terra</b> -<b>ae</b> <br> <small>f.</small>   <p> <b>1</b> &ensp; <small>Cic.</small> &ensp; terra. <br> <b>2</b> &ensp; paiz, regiaõ, provincia. </p>"
tripudium,Fonseca,<b>Terripudium</b> <br> <small>v. Tripudium.</small>
testudinatus,Fonseca,<b>Testudinatus</b> <small>l</small> -<b>a</b> <small>l</small> -<b>um</b>
tetrarches,Fonseca,<b>Tetrarches</b> <small>l</small> -<b>ae</b> <small>l</small> <br> <small>m.</small>
tamnus,Fonseca,<b>Thannus</b> <small>l</small> -<b>i</b> <small>l</small> <br> <small>m.</small>
thlaspi,Fonseca,<b>Thlaspi</b> <small>&</small> <br> <small>n. indecl.</small>
tippula,Fonseca,<b>Tipula</b> <small>&</small> -<b>ae</b> <small>&</small> <br> <small>f.</small>
tollo,Fonseca,<b>Tollo</b> -<b>is</b> -<b>sustuli</b> -<b>sublatum</b> <b>tollere</b>
tomix,Fonseca,<b>Tomix</b> <small>l</small> -<b>icis</b> <small>l</small> <br> <small>f.</small>
tono,Fonseca,"<b>Tono</b> -<b>is</b> -<b>ere</b> <br> <small>Varr. apud Non.</small> <br> <small>v. Tono, as.</small>"
topiarius,Fonseca,<b>Topiarius</b> -<b>ii</b> <br> <small>m.</small>
toral,Fonseca,<b>Torale</b> <small>l</small> -<b>is</b> <small>l</small> <br> <small>n.</small>
torques,Fonseca,<b>Torquis</b> <small>&</small> -<b>is</b> <small>&</small> <br> <small>m. Cic. f. Prop.</small>
totus,Fonseca,"<b>Totus</b> -<b>a</b> -<b>um</b> -<b>tius</b> <small>gen</small> <b>toti</b> <small>l. gen</small> -<b>ae</b> <small>gen</small> <b>toti</b> <small>gen</small> <b>toti</b> <small>dat</small> <b>toto</b> <small>l. dat</small> <b>totae</b> <small>dat</small> <b>toto</b> <small>dat</small>   <p> <b>1</b> &ensp; <small>Cic.</small> &ensp; todo, inteiro, total. </p>"
trabs,Fonseca,<b>Trabs</b> -<b>abis</b> <br> <small>f.</small>
tracta,Fonseca,<b>Tracta</b> -<b>orum</b> <br> <small>n. plur.</small>
tragicus,Fonseca,<b>Tragicus</b> -<b>i</b> <br> <small>m.</small>
tragus,Fonseca,<b>Tragus</b> <small>l</small> -<b>i</b> <small>l</small> <br> <small>m.</small>
tributus2,Fonseca,<b>Tributus</b> -<b>a</b> -<b>um</b> <br> <small>Cic. part. de Tribuo.</small>
tricliniarches,Fonseca,<b>Tricliniarcha</b> <small>l</small> -<b>ae</b> <small>l</small> <br> <small>m.</small>
tridens,Fonseca,<b>Tridens</b> -<b>entis</b> <br> <small>m.</small>
tropaeum,Fonseca,<b>Trophaeum</b> <small>l</small> -<b>i</b> <small>l</small> <br> <small>n.</small>
tu,Fonseca,<b>Tu</b> <b>tui</b> <b>tibi</b> -<b>te</b> <br> <small>pron. com. gen.</small>   <p> <b>1</b> &ensp; <small>Cic.</small> &ensp; tu. </p>
tuber2,Fonseca,<b>Tuber</b> -<b>eris</b> <br> <small>m.</small>
tum,Fonseca,"<b>Tum</b> <br> <small>adv.</small>   <p> <b>1</b> &ensp; <small>Cic.</small> &ensp; entaõ, além disto, de mais disto. <br> <b>2</b> &ensp; depois. <br> <b>3</b> &ensp; finalmente, tanto assim. </p>"
tum,Fonseca,<b>Tum</b> <br> <small>conj.</small>
tu,Fonseca,<b>Tute</b>   <p> <b>1</b> &ensp; <small>Cic.</small> &ensp; tu mesmo. </p>
tuus,Fonseca,"<b>Tuus</b> -<b>a</b> -<b>um</b>   <p> <b>1</b> &ensp; <small>Cic.</small> &ensp; teu. </p>   <p><small>[EXEMPLOS]</small><br> <br><b>X</b><br>tuum est &ensp; <small><small>Ter</small></small> &ensp; <small>Pertence-te, he tua obrigaçaõ</small> <br> tuum est &ensp; <small><small>Plaut</small></small> &ensp; <small>He teu costume</small> </p>"
ubi,Fonseca,"<b>Ubi</b> <br> <small>adv.</small>   <p> <b>1</b> &ensp; <small>Cic.</small> &ensp; onde? em que lugar? <br> <b>2</b> &ensp; onde, naquelle lugar que. <br> <b>3</b> &ensp; depois que. <br> <b>4</b> &ensp; quando, tanto que. </p>"
ullus,Fonseca,<b>Ullus</b> -<b>a</b> -<b>um</b>   <p> <b>1</b> &ensp; <small>Cic.</small> &ensp; algum. </p>
unctorius,Fonseca,<b>Unctuarius</b> -<b>a</b> -<b>um</b>
undetricesimus,Fonseca,<b>Undetrigesimus</b> -<b>a</b> -<b>um</b>
undeuicensimus,Fonseca,<b>Undevigesimus</b> -<b>a</b> -<b>um</b>
unus,Fonseca,"<b>Unus</b> -<b>a</b> -<b>um</b>   <p> <b>1</b> &ensp; <small>Cic.</small> &ensp; hum só, unico. </p>   <p><small>[EXEMPLOS]</small><br> <br><b>X</b><br>ad unum &ensp; <small><small>Cic</small></small> &ensp; <small>Geralmente, sem escapar hum só</small> <br> ex unis geminas mihi facies nuptias &ensp; <small><small>Ter</small></small> &ensp; <small>Tu me farás casar duas vezes em vez de huma</small> <br> in unum &ensp; <small><small>sc. locum. Sall</small></small> &ensp; <small>Para hum só lugar</small> <br> unus & alter &ensp; <small><small>Cic</small></small> &ensp; <small>Dois</small> </p>"
urbs,Fonseca,<b>Urbs</b> -<b>bis</b> <br> <small>f.</small>   <p> <b>1</b> &ensp; <small>Cic.</small> &ensp; cidade. <br> <b>2</b> &ensp; <small>Hor.</small> &ensp; cidade de Roma. </p>
ut2,Fonseca,"<b>Ut</b> <br> <small>adv.</small>   <p> <b>1</b> &ensp; <small>Cic.</small> &ensp; assim como, como. <br> <b>2</b> &ensp; da maneira que, de que modo. <br> <b>3</b> &ensp; segundo, conforme. <br> <b>4</b> &ensp; porque. <br> <b>5</b> &ensp; tanto que, despois que, logo que. <br> <b>6</b> &ensp; que. </p>   <p><small>[EXEMPLOS]</small><br> <br><b>X</b><br>ut mea memoria est &ensp; <small><small>Cic</small></small> &ensp; <small>Segundo me lembro</small> <br> ut plurimum &ensp; <small><small>Cic</small></small> &ensp; <small>Quando muito, ao mais</small> <br> ut uere dicam &ensp; <small><small>Cic</small></small> &ensp; <small>A dizer a verdade</small> </p>"
ut,Fonseca,"<b>Ut</b> <br> <small>Conj.</small>   <p> <b>1</b> &ensp; que, para que, para que naõ. <br> <b>2</b> &ensp; com tanto que. <br> <b>3</b> &ensp; como se. </p>"
ut2,Fonseca,<b>Uti</b> <br> <small>conj.</small>   <p> <b>1</b> &ensp; <small>Plaut.</small> &ensp; como. </p>
ut,Fonseca,<b>Uti</b> <br> <small>conj.</small>   <p> <b>2</b> &ensp; <small>Cic.</small> &ensp; para que. </p>
uafritia,Fonseca,<b>Vafritia</b> <small>l</small> -<b>ae</b> <small>l</small> <br> <small>f.</small>
uah,Fonseca,<b>Vaha</b>
ualde,Fonseca,<b>Valdius</b> <br> <small>comp.</small>
ualles,Fonseca,<b>Vallis</b> -<b>is</b> <br> <small>f.</small>
ualuolus,Fonseca,<b>Valvulus</b> <small>&</small> -<b>i</b> <small>&</small> <br> <small>m.</small>
uaporifer,Fonseca,<b>Vaporiferus</b> <small>l</small> -<b>a</b> <small>l</small> -<b>um</b>
uel,Fonseca,"<b>Vel</b> <br> <small>conj.</small>   <p> <b>1</b> &ensp; <small>Cic.</small> &ensp; ou, ao menos. <br> <b>2</b> &ensp; ainda, tambem. <br> <b>3</b> &ensp; <small>Ter.</small> &ensp; assim como. <br> <b>4</b> &ensp; <small>Quinct.</small> &ensp; por ventura. </p>"
uelut,Fonseca,<b>Veluti</b> <br> <small>adv.</small>
uenalicius,Fonseca,<b>Venalitius</b> -<b>ii</b> <br> <small>m.</small>
uenio,Fonseca,"<b>Venio</b> -<b>is</b> -<b>eni</b> -<b>entum</b> -<b>ire</b>   <p> <b>1</b> &ensp; <small>Cic.</small> &ensp; vir, chegar. <br> <b>2</b> &ensp; ser trazido, ser levado. <br> <b>3</b> &ensp; acontecer, succeder. </p>   <p><small>[EXEMPLOS]</small><br> <br><b>X</b><br>haereditas mihi uenit a patre &ensp; <small><small>Cic</small></small> &ensp; <small>Tive huma herança de meu pai</small> <br> uenire ad manus &ensp; <small><small>Cic</small></small> &ensp; <small>Brigar, vir ás mãos</small> <br> uenire in confessum &ensp; <small><small>Plin. Jun</small></small> &ensp; <small>Ser evidente</small> <br> uenire in crimen &ensp; <small><small>Ter</small></small> &ensp; <small>Ser culpado</small> <br> uenire in discrimen existimationis &ensp; <small><small>Cic</small></small> &ensp; <small>Arriscar a reputaçaõ</small> <br> uenire in sermonem &ensp; <small><small>Cic</small></small> &ensp; <small>Dar que fallar de si. Póde-se explicar de outros modos segundo os subst. á que se ajunta</small> <br> uenire in uitam &ensp; <small><small>Cic</small></small> &ensp; <small>Nascer</small> </p>"
uentriosus,Fonseca,<b>Ventrosus</b> -<b>a</b> -<b>um</b>
uepris,Fonseca,<b>Vepres</b> -<b>ium</b> <br> <small>plur. m. Virg. f. Lucr. l. 4. 60.</small>
uerbum,Fonseca,"<b>Verbum</b> -<b>i</b> <br> <small>n.</small>   <p> <b>1</b> &ensp; <small>Cic.</small> &ensp; palavra, dito, termo. <br> <b>2</b> &ensp; <small>Ter.</small> &ensp; proverbio, sentença. <br> <b>3</b> &ensp; <small>Quinct.</small> &ensp; verbo. </p>   <p><small>[EXEMPLOS]</small><br> <br><b>X</b><br>bona uerba quaeso &ensp; <small><small>Ter</small></small> &ensp; <small>Peço-vos que naõ vos agasteis, fallai com brandura por vida vossa, & c</small> <br> dare plura mandata uerbo, quam scripto &ensp; <small><small>Cic</small></small> &ensp; <small>Recommendar mais cousas de viva voz, do que por escrito</small> <br> meis uerbis &ensp; <small><small>Cic</small></small> &ensp; <small>Da minha parte, em meu nome</small> <br> uerba dare &ensp; <small><small>Cic</small></small> &ensp; <small>Enganar</small> <br> uerba facere &ensp; <small><small>Cic</small></small> &ensp; <small>Fallar</small> <br> uerba ultro citroque habere &ensp; <small><small>Cic</small></small> &ensp; <small>Conversar, fallar alternadamente</small> <br> uerbum pro uerbo reddere &ensp; <small><small>Cic</small></small> &ensp; <small>Traduzir palavra por palavra</small> <br> uerbum uerbo reddere &ensp; <small><small>Hor</small></small> &ensp; <small>Traduzir palavra por palavra</small> <br> uno uerbo &ensp; <small><small>Cat</small></small> &ensp; <small>N' uma palavra, por conclusaõ</small> </p>"
uero,Fonseca,"<b>Vero</b> <br> <small>adv.</small>   <p> <b>1</b> &ensp; <small>Cic.</small> &ensp; certamente, na verdade. </p>"
uero,Fonseca,<b>Vero</b> <br> <small>conj.</small>
uesper,Fonseca,<b>Vesper</b> -<b>era</b> -<b>erum</b>
uester,Fonseca,<b>Vester</b> -<b>tra</b> -<b>trum</b>   <p> <b>1</b> &ensp; <small>Cic.</small> &ensp; vosso. </p>
uetustesco,Fonseca,<b>Vetustisco</b> -<b>is</b> -<b>scere</b>
uibex,Fonseca,<b>Vibix</b> <small>l</small> -<b>icis</b> <small>l</small> <br> <small>f.</small>
uictrix,Fonseca,<b>Victrix</b> -<b>icis</b> <br> <small>adject.</small>
uideo,Fonseca,"<b>Video</b> -<b>es</b> -<b>idi</b> -<b>isum</b> -<b>ere</b>   <p> <b>1</b> &ensp; <small>Cic.</small> &ensp; ver. <br> <b>2</b> &ensp; examinar, considerar, ponderar, reflectir. </p>   <p><small>[EXEMPLOS]</small><br> <br><b>X</b><br>uide me &ensp; <small><small>Ter</small></small> &ensp; <small>Confia-te em mim</small> <br> uide quid agas &ensp; <small><small>Ter</small></small> &ensp; <small>Vê o que fazes, repara em que te mettes</small> <br> uidebis sub pedibus mugire solum &ensp; <small><small>Virg</small></small> &ensp; <small>Sentirás soar o chaõ debaixo dos pés</small> <br> uidere diem &ensp; <small><small>Ovid</small></small> &ensp; <small>Viver</small> </p>"
uideo,Fonseca,<b>Videor</b> -<b>eris</b> -<b>isus sum</b> -<b>eri</b>
uideo,Fonseca,<b>Videor</b> -<b>eris</b> -<b>isus sum</b> -<b>eri</b>
uinco,Fonseca,"<b>Vinco</b> -<b>is</b> -<b>ici</b> -<b>ictum</b> -<b>ere</b>   <p> <b>1</b> &ensp; <small>Cic.</small> &ensp; vencer, ser vencedor, prevalecer. <br> <b>2</b> &ensp; alcançar, obter. </p>   <p><small>[EXEMPLOS]</small><br> <br><b>X</b><br>uincere expectationem &ensp; <small><small>Cic</small></small> &ensp; <small>Fazer mais, do que se esperava</small> <br> uincere sponsionem &ensp; <small><small>Cic</small></small> &ensp; <small>Ganhar a aposta</small> </p>"
uindico,Fonseca,<b>Vindico</b> -<b>is</b> -<b>ere</b>
uir,Fonseca,<b>Vir</b> <b>viri</b> <br> <small>m.</small>   <p> <b>1</b> &ensp; <small>Cic.</small> &ensp; homem. <br> <b>2</b> &ensp; homem casado. <br> <b>3</b> &ensp; macho entre os animaes. </p>   <p><small>[EXEMPLOS]</small><br> <br><b>X</b><br>uir gregis &ensp; <small><small>Virg</small></small> &ensp; <small>Bode</small> </p>
uirtus,Fonseca,"<b>Virtus</b> -<b>utis</b> <br> <small>f.</small>   <p> <b>1</b> &ensp; <small>Cic.</small> &ensp; virtude. <br> <b>2</b> &ensp; fortaleza, valentia. <br> <b>3</b> &ensp; propriedade, perfeiçaõ do homem tanto no corpo, como no animo. </p>"
uis,Fonseca,"<b>Vis</b> <small>gen</small> <b>vis</b> <small>accus</small> <b>vim</b> <small>ablat</small> <b>vi</b> <br> <small>f.</small>   <p> <b>1</b> &ensp; <small>Cic.</small> &ensp; força, vigor. <br> <b>2</b> &ensp; violencia. <br> <b>3</b> &ensp; virtude, propriedade. <br> <b>4</b> &ensp; autoridade, credito, poder. <br> <b>5</b> &ensp; abundancia, quantidade, multidaõ. </p>   <p><small>[EXEMPLOS]</small><br> <br><b>X</b><br>inferre uim uitae suae &ensp; <small><small>Vell Pat</small></small> &ensp; <small>Matar-se por suas proprias mãos</small> </p>"
uita,Fonseca,"<b>Vita</b> -<b>ae</b> <br> <small>f.</small>   <p> <b>1</b> &ensp; <small>Cic.</small> &ensp; vida. <br> <b>2</b> &ensp; <small>Virg.</small> &ensp; alma. <br> <b>3</b> &ensp; <small>Plaut.</small> &ensp; alimento, sustento. <br> <b>4</b> &ensp; <small>Cic.</small> &ensp; modo de vida. <br> <b>5</b> &ensp; <small>Ter.</small> &ensp; procedimento, costumes. </p>"
uiuo,Fonseca,"<b>Vivo</b> -<b>is</b> -<b>ixi</b> -<b>ictum</b> -<b>ere</b>   <p> <b>1</b> &ensp; <small>Cic.</small> &ensp; viver. <br> <b>2</b> &ensp; passar a vida. </p>   <p><small>[EXEMPLOS]</small><br> <br><b>X</b><br>ita uitam &ensp; <small><small>Cic</small></small> &ensp; <small>Assim eu viva, por minha vida</small> <br> uiuere in diem &ensp; <small><small>Cic</small></small> &ensp; <small>Viver em passatempos, sem se lembrar do futuro</small> </p>"
uoco,Fonseca,"<b>Voco</b> -<b>as</b> -<b>avi</b> -<b>atum</b> -<b>are</b>   <p> <b>1</b> &ensp; <small>Cic.</small> &ensp; chamar. <br> <b>2</b> &ensp; nomear, pôr hum nome. <br> <b>3</b> &ensp; <small>Virg.</small> &ensp; invocar. <br> <b>4</b> &ensp; <small>Tac.</small> &ensp; provocar, desafiar. <br> <b>5</b> &ensp; <small>Cic.</small> &ensp; attrahir, convidar. </p>   <p><small>[EXEMPLOS]</small><br> <br><b>X</b><br>uocare a maestitia &ensp; <small><small>Cic</small></small> &ensp; <small>Procurar que alguem se alegre</small> <br> uocare ad computationem &ensp; <small><small>Plin. Jun</small></small> &ensp; <small>Fazer, dar contas a alguem</small> <br> uocare aliquem ad calculos &ensp; <small><small>Cic</small></small> &ensp; <small>Fazer, dar contas a alguem</small> <br> uocare in inuidiam &ensp; <small><small>Cic</small></small> &ensp; <small>Excitar a inveja contra alguem</small> <br> uocare in partem alicuius rei &ensp; <small><small>Virg</small></small> &ensp; <small>Fazer alguem participante de alguma cousa</small> <br> uocare in suspicionem &ensp; <small><small>Cic</small></small> &ensp; <small>Metter em suspeita</small> </p>"
uolo,Fonseca,"<b>Volo</b> <b>vis</b> <b>volui</b> <b>velle</b>   <p> <b>1</b> &ensp; <small>Cic.</small> &ensp; querer, desejar. </p>   <p><small>[EXEMPLOS]</small><br> <br><b>X</b><br>quid istud sibi uult? &ensp; <small><small>Ter</small></small> &ensp; <small>Que quer dizer isto</small> <br> uelint, nolint &ensp; <small><small>Cic</small></small> &ensp; <small>Queiraõ, ou naõ queiraõ</small> <br> uolo te paucis &ensp; <small><small>Ter</small></small> &ensp; <small>Quero-te dar huma palavra</small> <br> uolo te tribus uerbis &ensp; <small><small>Plaut</small></small> &ensp; <small>Quero-te dar huma palavra</small> </p>"
uolup,Fonseca,<b>Volupe</b> <br> <small>n. indecl.</small>
uos,Fonseca,<b>Vos</b> <b>Vestrum</b> <small>gen</small> <b>Vestri</b> <small>l. gen</small> <b>Vobis</b> <small>dat</small> <br> <small>plur.</small>   <p> <b>1</b> &ensp; <small>Cic.</small> &ensp; vós. </p>
uester,Fonseca,<b>Voster</b> -<b>tra</b> -<b>trum</b>   <p> <b>1</b> &ensp; <small>Plaut.</small> &ensp; vosso. </p>
uox,Fonseca,"<b>Vox</b> -<b>ocis</b> <br> <small>f.</small>   <p> <b>1</b> &ensp; <small>Cic.</small> &ensp; voz. <br> <b>2</b> &ensp; <small>Virg.</small> &ensp; som de qualquer cousa. <br> <b>3</b> &ensp; <small>Cic.</small> &ensp; palavra, dito. <br> <b>4</b> &ensp; <small>Hor.</small> &ensp; oraçaõ, discurso. </p>   <p><small>[EXEMPLOS]</small><br> <br><b>X</b><br>haec una uox omnium est &ensp; <small><small>Cic</small></small> &ensp; <small>He fama publica, todos assim o dizem a huma voz</small> <br> uocem aduersus pericula poscere &ensp; <small><small>Tac</small></small> &ensp; <small>Requerer defensa contra os perigos</small> </p>"
hic,Fonseca,<small>ablat. Plaut. por His</small> <b>Hibus</b>
is,Fonseca,<small>ablat. Plaut. por Iis</small> <b>Ibus</b>
ego,Fonseca,<small>accus. e ablat. de Ego</small> <b>Me</b>
ego,Fonseca,<small>accus. Virg. por Me ipsum</small> <b>Memet</b>
habeo,Fonseca,<small>apud Cic. por Habeat</small> <b>Habessit</b>
iubeo,Fonseca,<small>Cat. por Jubetur</small> <b>Jussitur</b>
alius,Fonseca,<small>Catul. por Alius</small> <b>Alis</b>
ego,Fonseca,<small>Cic. dat. de Ego</small> <b>Mihi</b>
qui,Fonseca,<small>Cic. dat. de Qui</small> <b>Quoi</b>
qui,Fonseca,<small>Cic. genit. de Qui</small> <b>Quojus</b>
dico,Fonseca,<small>Cic. por Dixisti</small> <b>Dixti</b>
sum,Fonseca,<small>Cic. por Erunt</small> <b>Escunt</b>
ille,Fonseca,<small>Cic. por Illis</small> <b>Ollis</b>
possum,Fonseca,<small>Cic. por Posse</small> <b>Potesse</b>
tu,Fonseca,<small>dat. Varr. por Tibi</small> <b>Tibe</b>
sum,Fonseca,<small>fut. de Sum</small> <b>Ero</b> <b>eris</b> <b>erit</b>
ego,Fonseca,<small>genit. de Ego</small> <b>Mei</b>
lex,Fonseca,<small>genit. de Lex</small> <b>Legis</b>
hic,Fonseca,<small>genit. Plaut. por Horum</small> <b>Horunc</b>
sum,Fonseca,<small>infinit. de Sum</small> <b>Esse</b>
labes,Fonseca,<small>Lucr. abl. do singul. de Labes</small> <b>Labi</b>
alius,Fonseca,<small>Lucr. por Aliud</small> <b>Alid</b>
sum,Fonseca,<small>Lucr. por Esset</small> <b>Fueret</b>
alacer,Fonseca,<small>m. f</small> <b>Alacris</b> <small>n</small> -<b>cre</b> -<b>is</b>
campestris,Fonseca,<small>m. f</small> <b>Campestris</b> <small>n</small> -<b>tre</b> -<b>is</b>
copis,Fonseca,<small>m. f</small> <b>Copis</b> <small>n</small> -<b>pe</b> -<b>is</b>
flexibilis,Fonseca,<small>m. f</small> <b>Flexibilis</b> <small>n</small> -<b>le</b> -<b>is</b>
grauis,Fonseca,"<small>m. f</small> <b>Gravis</b> <small>n</small> -<b>ve</b> -<b>is</b> -<b>ior</b> -<b>issimus</b>   <p> <b>1</b> &ensp; <small>Cic.</small> &ensp; pezado. <br> <b>2</b> &ensp; grave, serio, majestoso, de autoridade. <br> <b>3</b> &ensp; nocivo, desagradavel, molesto, triste. <br> <b>4</b> &ensp; <small>Col.</small> &ensp; fedorento. <br> <b>5</b> &ensp; <small>Cels.</small> &ensp; doentio, pouco sadio. </p>"
impubes2,Fonseca,<small>m. f</small> <b>Impubis</b> <small>n</small> -<b>be</b> -<b>is</b>
incohibilis,Fonseca,<small>m. f</small> <b>Incoibilis</b> <small>l</small> <small>n</small> -<b>le</b> <small>l</small> -<b>is</b>
indecor,Fonseca,<small>m. f</small> <b>Indecoris</b> <small>n</small> -<b>re</b> -<b>is</b>
internecialis,Fonseca,<small>m. f</small> <b>Internicialis</b> <small>l</small> <small>n</small> -<b>le</b> <small>l</small> -<b>is</b>
liberalis,Fonseca,<small>m. f</small> <b>Liberalis</b> <small>n</small> -<b>le</b> -<b>is</b>
manipularis,Fonseca,<small>m. f</small> <b>Manipularis</b> <small>n</small> -<b>re</b> -<b>is</b>
Nouember,Fonseca,<small>m. f</small> <b>Novembris</b> <small>n</small> -<b>bre</b> -<b>is</b>
omnis,Fonseca,"<small>m. f</small> <b>omnis</b> <small>n</small> -<b>ne</b> -<b>is</b>   <p> <b>1</b> &ensp; <small>Cic.</small> &ensp; todo em número. <br> <b>2</b> &ensp; <small>Omne. Cic.</small> &ensp; o universo, todo o mundo. </p>"
paluster,Fonseca,<small>m. f</small> <b>Palustris</b> <small>n</small> -<b>tre</b> -<b>is</b>
patruelis,Fonseca,<small>m. f</small> <b>Patruelis</b> <small>n</small> -<b>le</b> -<b>is</b>
pedester,Fonseca,<small>m. f</small> <b>Pedestris</b> <small>n</small> -<b>tre</b> -<b>is</b>
pluuialis,Fonseca,<small>m. f</small> <b>Pluvialis</b> <small>n</small> -<b>le</b> -<b>is</b>
pugillaris,Fonseca,<small>m. f</small> <b>Pugillaris</b> <small>n</small> -<b>re</b> -<b>is</b>
riualis,Fonseca,<small>m. f</small> <b>Rivalis</b> <small>n</small> -<b>le</b> -<b>is</b>
saluber,Fonseca,<small>m. f</small> <b>Salubris</b> <small>n</small> -<b>bre</b> -<b>is</b>
sextilis,Fonseca,<small>m. f</small> <b>Sextilis</b> <small>n</small> -<b>le</b> -<b>is</b>
siluestris,Fonseca,<small>m. f</small> <b>Silvestris</b> <small>n</small> -<b>tre</b> -<b>is</b> <small>Plin</small> -<b>trior</b>
sodalis,Fonseca,<small>m. f</small> <b>Sodalis</b> <small>n</small> -<b>le</b> -<b>is</b>
terrestris,Fonseca,<small>m. f</small> <b>Terrestris</b> <small>n</small> -<b>tre</b> -<b>is</b>
tonitrualis,Fonseca,<small>m. f</small> <b>Tonitrualis</b> <small>n</small> -<b>le</b> -<b>is</b>
ulterior,Fonseca,<small>m. f</small> <b>Ulterior</b> <small>n</small> -<b>rius</b> -<b>oris</b> <br> <small>comp.</small>
ego,Fonseca,<small>Plaut. & Ter. por Mihi</small> <b>Me</b>
qui,Fonseca,<small>Plaut. ablat. do sing. para todos os generos</small> <b>Qui</b>
is,Fonseca,"<small>Plaut. dat. de. Is, ea, id</small> <b>Ei</b>"
quis,Fonseca,"<small>Plaut. dat., e ablat. de Quis</small> <b>Queis</b>"
tu,Fonseca,<small>Plaut. genit. do plural de Tu</small> <b>Vostrorum</b>
tu,Fonseca,<small>Plaut. genit. do sing. de Tu</small> <b>Tis</b>
facio,Fonseca,<small>Plaut. imper. por Fac</small> <b>Face</b>
fio,Fonseca,<small>Plaut. imperat. de Fio</small> <b>Fi</b>
sum,Fonseca,<small>Plaut. Lucr. por Fui</small> <b>Fuvi</b>
qui,Fonseca,<small>Plaut. nomin. do sing. por Quae</small> <b>Qui</b>
accredo,Fonseca,<small>Plaut. por Accredas</small> <b>Accreduas</b>
adimo,Fonseca,<small>Plaut. por Ademerit</small> <b>Adempsit</b>
admitto,Fonseca,<small>Plaut. por Admisisse</small> <b>Admisse</b>
atqui,Fonseca,<small>Plaut. por Atqui</small> <b>Atquin</b>
do,Fonseca,<small>Plaut. por Dant</small> <b>Diunt</b>
do,Fonseca,<small>Plaut. por Des</small> <b>Duas</b>
dico,Fonseca,<small>Plaut. por Dic</small> <b>Dice</b>
dico,Fonseca,<small>Plaut. por Dicas</small> <b>Dicassis</b>
sum,Fonseca,<small>Plaut. por Erit</small> <b>Escit</b>
facio,Fonseca,<small>Plaut. por Fecissem</small> <b>Faxem</b>
ille,Fonseca,<small>Plaut. por Illud</small> <b>Illuc</b>
pono,Fonseca,<small>Plaut. pret. de Pono</small> <b>Posivi</b>
absum,Fonseca,<small>pret. de Absum</small> <b>Abfui</b>
accipio,Fonseca,<small>pret. de Accipio</small> <b>Accepi</b>
ago,Fonseca,<small>pret. de Ago</small> <b>Egi</b>
debeo,Fonseca,<small>pret. de Debeo</small> <b>Debui</b>
dico,Fonseca,<small>pret. de Dico</small> <b>Dixi</b>
do,Fonseca,<small>pret. de Do</small> <b>Dedi</b>
eicio,Fonseca,<small>pret. de Ejicio</small> <b>Ejeci</b>
fero,Fonseca,<small>pret. de Fero</small> <b>Tuli</b>
pono,Fonseca,<small>pret. de Pono</small> <b>Posui</b>
sum,Fonseca,<small>pret. de Sum</small> <b>Fui</b>
uiuo,Fonseca,<small>pret. de Vivo</small> <b>Vixi</b>
abscedo,Fonseca,<small>Sil. Ital. por Abscessissem</small> <b>Abscessem</b>
reicio,Fonseca,<small>Stat. por Rejicit</small> <b>Reicit</b>
suus,Fonseca,<small>Ter. genit. do plur. por Suorum</small> <b>Suum</b>
do,Fonseca,"<small>Ter. por Dent, ou Dederint</small> <b>Duint</b>"
do,Fonseca,"<small>Ter. por Des, ou Dederis</small> <b>Duis</b>"
emorior,Fonseca,<small>Ter. por Emori</small> <b>Emoriri</b>
possum,Fonseca,<small>Ter. por Potes</small> <b>Pote</b>
mi2,Fonseca,<small>Ter. vocat. do sing. Plaut. Petr. vocat. do pl. de Meus</small> <b>Mi</b>
nutrio,Fonseca,"<small>Virg. imper. act. por Nutri, l. Nutrito</small> <b>Nutritor</b>"
admitto,Fonseca,<small>Virg. por Admitti</small> <b>Admittier</b>
ille,Fonseca,<small>Virg. por Illi</small> <b>Olli</b>
iubeo,Fonseca,<small>Virg. por Jussero</small> <b>Jusso</b>
sum,Fonseca,"<small>Virg. por Sit, ou Fuerit</small> <b>Fuat</b>"
uiuo,Fonseca,<small>Virg. por Vixisset</small> <b>Vixet</b>
