lemma,lila_id,synset_id,sem_type,definition_pt,lexemes_pt,argumentSet
animus,lilaLemma:89094,"<small><small>synset_id:&ensp;<a href=""https://www.openwordnet-pt.org/synset?id=00163233-n"" target=""_blank"">00163233-n</a></small></small><br>",<small><small>categoria:&ensp;ação</small></small><br>,<small><small>definição:</small>&ensp;um ato de intenção; uma volição que você pretende realizar</small><br>,<small><small>lexemas:</small></small>&ensp;intenção<br>,"<small><small>valências:&ensp;[ACT] ou [ACT,PAT]</small></small><br>"
annus,lilaLemma:89129,"<small><small>synset_id:&ensp;<a href=""https://www.openwordnet-pt.org/synset?id=00295172-n"" target=""_blank"">00295172-n</a></small></small><br>",<small><small>categoria:&ensp;ação</small></small><br>,"<small><small>definição:</small>&ensp;movimento, uma vez em torno de um curso</small><br>","<small><small>lexemas:</small></small>&ensp;ciclo, circuito, círculo, volta<br>","<small><small>valências:&ensp;[ACT] ou [ACT,PAT]</small></small><br>"
uita,lilaLemma:130393,"<small><small>synset_id:&ensp;<a href=""https://www.openwordnet-pt.org/synset?id=01215902-n"" target=""_blank"">01215902-n</a></small></small><br>",<small><small>categoria:&ensp;ação</small></small><br>,"<small><small>definição:</small>&ensp;a atividade de prover ou manter, fornecendo com dinheiro ou necessidades</small><br>","<small><small>lexemas:</small></small>&ensp;amparo, suporte, ajuda, apoio, auxílio<br>","<small><small>valências:&ensp;[ACT,PAT]</small></small><br>"
uita,lilaLemma:130393,"<small><small>synset_id:&ensp;<a href=""https://www.openwordnet-pt.org/synset?id=00282613-n"" target=""_blank"">00282613-n</a></small></small><br>",<small><small>categoria:&ensp;ação</small></small><br>,<small><small>definição:</small>&ensp;a progressão geral do seu trabalho ou vida profissional</small><br>,"<small><small>lexemas:</small></small>&ensp;carriera, carreira, corrida, trajetória<br>",<small><small>valências:&ensp;[ACT]</small></small><br>
castra,lilaLemma:138599,"<small><small>synset_id:&ensp;<a href=""https://www.openwordnet-pt.org/synset?id=00973077-n"" target=""_blank"">00973077-n</a></small></small><br>",<small><small>categoria:&ensp;ação</small></small><br>,<small><small>definição:</small>&ensp;o travamento de conflito armado contra um inimigo</small><br>,<small><small>lexemas:</small></small>&ensp;guerra<br>,
castra,lilaLemma:138599,"<small><small>synset_id:&ensp;<a href=""https://www.openwordnet-pt.org/synset?id=00282840-n"" target=""_blank"">00282840-n</a></small></small><br>",<small><small>categoria:&ensp;ação</small></small><br>,<small><small>definição:</small>&ensp;um avanço constante</small><br>,"<small><small>lexemas:</small></small>&ensp;marcha, progresso, andamento, passeata<br>",
causa,lilaLemma:93253,"<small><small>synset_id:&ensp;<a href=""https://www.openwordnet-pt.org/synset?id=01182654-n"" target=""_blank"">01182654-n</a></small></small><br>",<small><small>categoria:&ensp;ação</small></small><br>,<small><small>definição:</small>&ensp;um termo abrangente para qualquer processo em um tribunal de direito segundo o qual um indivíduo procura uma solução jurídica</small><br>,"<small><small>lexemas:</small></small>&ensp;causa, pleito, processo, processo judicial<br>","<small><small>valências:&ensp;[ACT,PAT] ou [ACT]</small></small><br>"
causa,lilaLemma:93253,"<small><small>synset_id:&ensp;<a href=""https://www.openwordnet-pt.org/synset?id=01195867-n"" target=""_blank"">01195867-n</a></small></small><br>",<small><small>categoria:&ensp;ação</small></small><br>,"<small><small>definição:</small>&ensp;(Lei) a determinação da culpa ou inocência de uma pessoa, atraves do processo legal apropriado</small><br>","<small><small>lexemas:</small></small>&ensp;julgamento, juízo, processo<br>",
ciuitas,lilaLemma:94400,"<small><small>synset_id:&ensp;<a href=""https://www.openwordnet-pt.org/synset?id=00084642-n"" target=""_blank"">00084642-n</a></small></small><br>",<small><small>categoria:&ensp;ação</small></small><br>,<small><small>definição:</small>&ensp;mudando a pronúncia de uma palavra emprestada a concordar com a fonologia dos mutuários</small><br>,<small><small>lexemas:</small></small>&ensp;naturalização<br>,
consilium,lilaLemma:96060,"<small><small>synset_id:&ensp;<a href=""https://www.openwordnet-pt.org/synset?id=00162632-n"" target=""_blank"">00162632-n</a></small></small><br>",<small><small>categoria:&ensp;ação</small></small><br>,<small><small>definição:</small>&ensp;o ato de se decidir sobre alguma coisa</small><br>,"<small><small>lexemas:</small></small>&ensp;decisão, resolução, determinação<br>","<small><small>valências:&ensp;[ACT] ou [ACT,PAT]</small></small><br>"
consilium,lilaLemma:96060,"<small><small>synset_id:&ensp;<a href=""https://www.openwordnet-pt.org/synset?id=00163233-n"" target=""_blank"">00163233-n</a></small></small><br>",<small><small>categoria:&ensp;ação</small></small><br>,<small><small>definição:</small>&ensp;um ato de intenção; uma volição que você pretende realizar</small><br>,<small><small>lexemas:</small></small>&ensp;intenção<br>,"<small><small>valências:&ensp;[ACT] ou [ACT,PAT]</small></small><br>"
corpus,lilaLemma:96667,"<small><small>synset_id:&ensp;<a href=""https://www.openwordnet-pt.org/synset?id=01014066-n"" target=""_blank"">01014066-n</a></small></small><br>",<small><small>categoria:&ensp;ação</small></small><br>,<small><small>definição:</small>&ensp;o ato de reunir coisas</small><br>,"<small><small>lexemas:</small></small>&ensp;agregação, coleção, reunião, acumulação, recolha<br>","<small><small>valências:&ensp;[ACT,PAT] ou [ACT]</small></small><br>"
exercitus,lilaLemma:101960,"<small><small>synset_id:&ensp;<a href=""https://www.openwordnet-pt.org/synset?id=00624738-n"" target=""_blank"">00624738-n</a></small></small><br>",<small><small>categoria:&ensp;ação</small></small><br>,<small><small>definição:</small>&ensp;a atividade de execitar seus músculos de várias maneiras para manter a forma</small><br>,"<small><small>lexemas:</small></small>&ensp;exercício fisico, exercício físico, adestramento, exercício, treinamento, treino<br>","<small><small>valências:&ensp;[ACT,PAT]</small></small><br>"
genus,lilaLemma:104504,"<small><small>synset_id:&ensp;<a href=""https://www.openwordnet-pt.org/synset?id=00172710-n"" target=""_blank"">00172710-n</a></small></small><br>",<small><small>categoria:&ensp;ação</small></small><br>,<small><small>definição:</small>&ensp;como um resultado é obtido ou um fim é alcançado</small><br>,"<small><small>lexemas:</small></small>&ensp;caminho, ferramenta, jeito, maneira, meio, modo, forma<br>",
imperium,lilaLemma:106532,"<small><small>synset_id:&ensp;<a href=""https://www.openwordnet-pt.org/synset?id=00803617-n"" target=""_blank"">00803617-n</a></small></small><br>",<small><small>categoria:&ensp;ação</small></small><br>,<small><small>definição:</small>&ensp;a atividade de manejar ou exercer controle sobre algo</small><br>,"<small><small>lexemas:</small></small>&ensp;controle, controlo<br>","<small><small>valências:&ensp;[ACT,PAT]</small></small><br>"
imperium,lilaLemma:106532,"<small><small>synset_id:&ensp;<a href=""https://www.openwordnet-pt.org/synset?id=00594738-n"" target=""_blank"">00594738-n</a></small></small><br>",<small><small>categoria:&ensp;ação</small></small><br>,<small><small>definição:</small>&ensp;o cargo de magistrado</small><br>,<small><small>lexemas:</small></small>&ensp;magistratura<br>,
iudicium,lilaLemma:109170,"<small><small>synset_id:&ensp;<a href=""https://www.openwordnet-pt.org/synset?id=01182654-n"" target=""_blank"">01182654-n</a></small></small><br>",<small><small>categoria:&ensp;ação</small></small><br>,<small><small>definição:</small>&ensp;um termo abrangente para qualquer processo em um tribunal de direito segundo o qual um indivíduo procura uma solução jurídica</small><br>,"<small><small>lexemas:</small></small>&ensp;causa, pleito, processo, processo judicial<br>","<small><small>valências:&ensp;[ACT,PAT] ou [ACT]</small></small><br>"
iudicium,lilaLemma:109170,"<small><small>synset_id:&ensp;<a href=""https://www.openwordnet-pt.org/synset?id=00874067-n"" target=""_blank"">00874067-n</a></small></small><br>",<small><small>categoria:&ensp;ação</small></small><br>,"<small><small>definição:</small>&ensp;o ato de julgar ou avaliar uma pessoa, situação ou acontecimento</small><br>","<small><small>lexemas:</small></small>&ensp;critica, julgamento, juízo, avaliação, valoração<br>","<small><small>valências:&ensp;[ACT,PAT] ou [ACT]</small></small><br>"
iudicium,lilaLemma:109170,"<small><small>synset_id:&ensp;<a href=""https://www.openwordnet-pt.org/synset?id=01192150-n"" target=""_blank"">01192150-n</a></small></small><br>",<small><small>categoria:&ensp;ação</small></small><br>,<small><small>definição:</small>&ensp;(Direito) os resultados de um júri sobre questões de fato enviadas a ele para decisão; pode ser usado na formulação de um julgamento</small><br>,"<small><small>lexemas:</small></small>&ensp;veredicto, veredito<br>","<small><small>valências:&ensp;[ACT,PAT]</small></small><br>"
iudicium,lilaLemma:109170,"<small><small>synset_id:&ensp;<a href=""https://www.openwordnet-pt.org/synset?id=01189282-n"" target=""_blank"">01189282-n</a></small></small><br>",<small><small>categoria:&ensp;ação</small></small><br>,<small><small>definição:</small>&ensp;(direito penal) um julgamento final de culpa em um caso criminal e a punição que é imposta</small><br>,<small><small>lexemas:</small></small>&ensp;condenação<br>,"<small><small>valências:&ensp;[ACT,PAT]</small></small><br>"
iudicium,lilaLemma:109170,"<small><small>synset_id:&ensp;<a href=""https://www.openwordnet-pt.org/synset?id=01187810-n"" target=""_blank"">01187810-n</a></small></small><br>",<small><small>categoria:&ensp;ação</small></small><br>,<small><small>definição:</small>&ensp;(lei) a determinação por um tribunal com uma jurisdição competente em assuntos que lhe são submetidos</small><br>,"<small><small>lexemas:</small></small>&ensp;julgamento, sentença, acórdão, juízo<br>",
iudicium,lilaLemma:109170,"<small><small>synset_id:&ensp;<a href=""https://www.openwordnet-pt.org/synset?id=01195867-n"" target=""_blank"">01195867-n</a></small></small><br>",<small><small>categoria:&ensp;ação</small></small><br>,"<small><small>definição:</small>&ensp;(Lei) a determinação da culpa ou inocência de uma pessoa, atraves do processo legal apropriado</small><br>","<small><small>lexemas:</small></small>&ensp;julgamento, juízo, processo<br>",
iudicium,lilaLemma:109170,"<small><small>synset_id:&ensp;<a href=""https://www.openwordnet-pt.org/synset?id=00633864-n"" target=""_blank"">00633864-n</a></small></small><br>",<small><small>categoria:&ensp;ação</small></small><br>,<small><small>definição:</small>&ensp;verificaçaõ minuciosa e sitemática de algo</small><br>,"<small><small>lexemas:</small></small>&ensp;investigação, inquérito, pesquisa<br>","<small><small>valências:&ensp;[ACT,PAT]</small></small><br>"
lex,lilaLemma:110351,"<small><small>synset_id:&ensp;<a href=""https://www.openwordnet-pt.org/synset?id=01149303-n"" target=""_blank"">01149303-n</a></small></small><br>",<small><small>categoria:&ensp;ação</small></small><br>,<small><small>definição:</small>&ensp;uma restrição que se insiste como condição para um acordo</small><br>,"<small><small>lexemas:</small></small>&ensp;especificação, estipulação, determinação<br>","<small><small>valências:&ensp;[ACT,PAT]</small></small><br>"
locus,lilaLemma:110019,"<small><small>synset_id:&ensp;<a href=""https://www.openwordnet-pt.org/synset?id=00721431-n"" target=""_blank"">00721431-n</a></small></small><br>",<small><small>categoria:&ensp;ação</small></small><br>,<small><small>definição:</small>&ensp;o cargo ou função propriamente ou habitualmente ocupada ou atendida por outro</small><br>,"<small><small>lexemas:</small></small>&ensp;lugar, posição, posto<br>",
locus,lilaLemma:110019,"<small><small>synset_id:&ensp;<a href=""https://www.openwordnet-pt.org/synset?id=00722479-n"" target=""_blank"">00722479-n</a></small></small><br>",<small><small>categoria:&ensp;ação</small></small><br>,<small><small>definição:</small>&ensp;(em esportes de equipe) a função atribuída a um jogador individual</small><br>,<small><small>lexemas:</small></small>&ensp;posição<br>,
locus,lilaLemma:110019,"<small><small>synset_id:&ensp;<a href=""https://www.openwordnet-pt.org/synset?id=00586262-n"" target=""_blank"">00586262-n</a></small></small><br>",<small><small>categoria:&ensp;ação</small></small><br>,<small><small>definição:</small>&ensp;um trabalho em uma organização</small><br>,"<small><small>lexemas:</small></small>&ensp;cargo, posição, posto, função, local, lugar, situação<br>",<small><small>valências:&ensp;[MAT]</small></small><br>
modus,lilaLemma:112553,"<small><small>synset_id:&ensp;<a href=""https://www.openwordnet-pt.org/synset?id=00172710-n"" target=""_blank"">00172710-n</a></small></small><br>",<small><small>categoria:&ensp;ação</small></small><br>,<small><small>definição:</small>&ensp;como um resultado é obtido ou um fim é alcançado</small><br>,"<small><small>lexemas:</small></small>&ensp;caminho, ferramenta, jeito, maneira, meio, modo, forma<br>",
mors,lilaLemma:112807,"<small><small>synset_id:&ensp;<a href=""https://www.openwordnet-pt.org/synset?id=00218208-n"" target=""_blank"">00218208-n</a></small></small><br>",<small><small>categoria:&ensp;ação</small></small><br>,<small><small>definição:</small>&ensp;destruição por aniquilar algo</small><br>,<small><small>lexemas:</small></small>&ensp;obliteração<br>,"<small><small>valências:&ensp;[ACT,PAT]</small></small><br>"
mos,lilaLemma:112831,"<small><small>synset_id:&ensp;<a href=""https://www.openwordnet-pt.org/synset?id=01220984-n"" target=""_blank"">01220984-n</a></small></small><br>",<small><small>categoria:&ensp;ação</small></small><br>,<small><small>definição:</small>&ensp;maneira de agir ou controlar a si mesmo</small><br>,"<small><small>lexemas:</small></small>&ensp;comportamento, conduta, atuação, obra<br>","<small><small>valências:&ensp;[ACT,ACMP] ou [ACT,MEANS] ou [ACT,PAT]</small></small><br>"
mos,lilaLemma:112831,"<small><small>synset_id:&ensp;<a href=""https://www.openwordnet-pt.org/synset?id=00413239-n"" target=""_blank"">00413239-n</a></small></small><br>",<small><small>categoria:&ensp;ação</small></small><br>,<small><small>definição:</small>&ensp;prática comum ou habitual</small><br>,"<small><small>lexemas:</small></small>&ensp;costume, emprego, hábito, uso<br>","<small><small>valências:&ensp;[ACT,ADDR] ou [ACT,ADDR,PAT] ou [ACT,PAT] ou [ACT]</small></small><br>"
mos,lilaLemma:112831,"<small><small>synset_id:&ensp;<a href=""https://www.openwordnet-pt.org/synset?id=00410247-n"" target=""_blank"">00410247-n</a></small></small><br>",<small><small>categoria:&ensp;ação</small></small><br>,<small><small>definição:</small>&ensp;uma forma habitual de funcionamento ou comportamento</small><br>,"<small><small>lexemas:</small></small>&ensp;costume, hábito, prática<br>","<small><small>valências:&ensp;[ACT,PAT]</small></small><br>"
natura,lilaLemma:113421,"<small><small>synset_id:&ensp;<a href=""https://www.openwordnet-pt.org/synset?id=00038262-n"" target=""_blank"">00038262-n</a></small></small><br>",<small><small>categoria:&ensp;ação</small></small><br>,<small><small>definição:</small>&ensp;curso de ação</small><br>,"<small><small>lexemas:</small></small>&ensp;caminho, conduta, corrente, curso, curso de ação, trâmite<br>","<small><small>valências:&ensp;[ACT] ou [ACT,DIR3]</small></small><br>"
pars,lilaLemma:116084,"<small><small>synset_id:&ensp;<a href=""https://www.openwordnet-pt.org/synset?id=00787465-n"" target=""_blank"">00787465-n</a></small></small><br>",<small><small>categoria:&ensp;ação</small></small><br>,<small><small>definição:</small>&ensp;o papel desempenhado por uma pessoa em trazer um resultado</small><br>,"<small><small>lexemas:</small></small>&ensp;contribuição, contributo, parte, participação<br>",<small><small>valências:&ensp;[MAT]</small></small><br>
pars,lilaLemma:116084,"<small><small>synset_id:&ensp;<a href=""https://www.openwordnet-pt.org/synset?id=01085098-n"" target=""_blank"">01085098-n</a></small></small><br>",<small><small>categoria:&ensp;ação</small></small><br>,"<small><small>definição:</small>&ensp;a distribuição de uma certa quantia, dividindo alguma coisa</small><br>","<small><small>lexemas:</small></small>&ensp;parcela, parte<br>","<small><small>valências:&ensp;[ACT,PAT] ou [MAT]</small></small><br>"
pars,lilaLemma:116084,"<small><small>synset_id:&ensp;<a href=""https://www.openwordnet-pt.org/synset?id=00586262-n"" target=""_blank"">00586262-n</a></small></small><br>",<small><small>categoria:&ensp;ação</small></small><br>,<small><small>definição:</small>&ensp;um trabalho em uma organização</small><br>,"<small><small>lexemas:</small></small>&ensp;cargo, posição, posto, função, local, lugar, situação<br>",<small><small>valências:&ensp;[MAT]</small></small><br>
pars,lilaLemma:116084,"<small><small>synset_id:&ensp;<a href=""https://www.openwordnet-pt.org/synset?id=00720565-n"" target=""_blank"">00720565-n</a></small></small><br>",<small><small>categoria:&ensp;ação</small></small><br>,<small><small>definição:</small>&ensp;ações e atividades atribuídas ou necessárias ou esperadas de uma pessoa ou grupo</small><br>,"<small><small>lexemas:</small></small>&ensp;função, papel, ofício<br>","<small><small>valências:&ensp;[ACT,PAT] ou [MAT]</small></small><br>"
periculum,lilaLemma:116930,"<small><small>synset_id:&ensp;<a href=""https://www.openwordnet-pt.org/synset?id=00639556-n"" target=""_blank"">00639556-n</a></small></small><br>",<small><small>categoria:&ensp;ação</small></small><br>,<small><small>definição:</small>&ensp;o ato de conduzir um teste ou investigação controlada</small><br>,"<small><small>lexemas:</small></small>&ensp;experimento, experiência, experimentação<br>",
periculum,lilaLemma:116930,"<small><small>synset_id:&ensp;<a href=""https://www.openwordnet-pt.org/synset?id=00802238-n"" target=""_blank"">00802238-n</a></small></small><br>",<small><small>categoria:&ensp;ação</small></small><br>,<small><small>definição:</small>&ensp;um risco empreendido sem levar em conta possíveis perdas ou danos</small><br>,"<small><small>lexemas:</small></small>&ensp;perigo, risco<br>",
periculum,lilaLemma:116930,"<small><small>synset_id:&ensp;<a href=""https://www.openwordnet-pt.org/synset?id=00786195-n"" target=""_blank"">00786195-n</a></small></small><br>",<small><small>categoria:&ensp;ação</small></small><br>,<small><small>definição:</small>&ensp;atividade séria e consciente intencionada a fazer ou realizar algo</small><br>,"<small><small>lexemas:</small></small>&ensp;esforço, tentativa<br>","<small><small>valências:&ensp;[ACT,PAT]</small></small><br>"
periculum,lilaLemma:116930,"<small><small>synset_id:&ensp;<a href=""https://www.openwordnet-pt.org/synset?id=00785959-n"" target=""_blank"">00785959-n</a></small></small><br>",<small><small>categoria:&ensp;ação</small></small><br>,<small><small>definição:</small>&ensp;um empreendimento em algo novo ou diferente</small><br>,"<small><small>lexemas:</small></small>&ensp;experimento, experiência, tentativa, prova, teste<br>",
periculum,lilaLemma:116930,"<small><small>synset_id:&ensp;<a href=""https://www.openwordnet-pt.org/synset?id=01182654-n"" target=""_blank"">01182654-n</a></small></small><br>",<small><small>categoria:&ensp;ação</small></small><br>,<small><small>definição:</small>&ensp;um termo abrangente para qualquer processo em um tribunal de direito segundo o qual um indivíduo procura uma solução jurídica</small><br>,"<small><small>lexemas:</small></small>&ensp;causa, pleito, processo, processo judicial<br>","<small><small>valências:&ensp;[ACT,PAT] ou [ACT]</small></small><br>"
periculum,lilaLemma:116930,"<small><small>synset_id:&ensp;<a href=""https://www.openwordnet-pt.org/synset?id=00794367-n"" target=""_blank"">00794367-n</a></small></small><br>",<small><small>categoria:&ensp;ação</small></small><br>,<small><small>definição:</small>&ensp;o ato de testes passando</small><br>,"<small><small>lexemas:</small></small>&ensp;esforço, tentativa, teste, exame, prova<br>","<small><small>valências:&ensp;[ACT,PAT]</small></small><br>"
periculum,lilaLemma:116930,"<small><small>synset_id:&ensp;<a href=""https://www.openwordnet-pt.org/synset?id=00791078-n"" target=""_blank"">00791078-n</a></small></small><br>",<small><small>categoria:&ensp;ação</small></small><br>,<small><small>definição:</small>&ensp;ato de testar algo</small><br>,"<small><small>lexemas:</small></small>&ensp;teste, ensaio, prova<br>","<small><small>valências:&ensp;[ACT,PAT]</small></small><br>"
periculum,lilaLemma:116930,"<small><small>synset_id:&ensp;<a href=""https://www.openwordnet-pt.org/synset?id=01195867-n"" target=""_blank"">01195867-n</a></small></small><br>",<small><small>categoria:&ensp;ação</small></small><br>,"<small><small>definição:</small>&ensp;(Lei) a determinação da culpa ou inocência de uma pessoa, atraves do processo legal apropriado</small><br>","<small><small>lexemas:</small></small>&ensp;julgamento, juízo, processo<br>",
periculum,lilaLemma:116930,"<small><small>synset_id:&ensp;<a href=""https://www.openwordnet-pt.org/synset?id=00787218-n"" target=""_blank"">00787218-n</a></small></small><br>",<small><small>categoria:&ensp;ação</small></small><br>,<small><small>definição:</small>&ensp;uma tentativa provisória</small><br>,"<small><small>lexemas:</small></small>&ensp;ensaio, tentativa<br>",
uirtus,lilaLemma:130356,"<small><small>synset_id:&ensp;<a href=""https://www.openwordnet-pt.org/synset?id=00594953-n"" target=""_blank"">00594953-n</a></small></small><br>",<small><small>categoria:&ensp;ação</small></small><br>,<small><small>definição:</small>&ensp;o status de ser um homem</small><br>,<small><small>lexemas:</small></small>&ensp;virilidade<br>,<small><small>valências:&ensp;[ACT]</small></small><br>
alius,lilaLemma:88481,"<small><small>synset_id:&ensp;<a href=""https://www.openwordnet-pt.org/synset?id=01410363-a"" target=""_blank"">01410363-a</a></small></small><br>",<small><small>categoria:&ensp;adjetivo</small></small><br>,<small><small>definição:</small>&ensp;marcada por dissimilaridade</small><br>,"<small><small>lexemas:</small></small>&ensp;desigual, diferente, desconforme, desirmanado, desproporcionado, desproporcional, dissemelhante, díspar<br>",<small><small>valências:&ensp;[PAT] ou [CPR]</small></small><br>
alius,lilaLemma:88481,"<small><small>synset_id:&ensp;<a href=""https://www.openwordnet-pt.org/synset?id=02070188-s"" target=""_blank"">02070188-s</a></small></small><br>",<small><small>categoria:&ensp;adjetivo</small></small><br>,<small><small>definição:</small>&ensp;[any of various alternatives; some other]</small><br>,<small><small>lexemas:</small></small>&ensp;outro<br>,
alius,lilaLemma:88481,"<small><small>synset_id:&ensp;<a href=""https://www.openwordnet-pt.org/synset?id=02069355-a"" target=""_blank"">02069355-a</a></small></small><br>",<small><small>categoria:&ensp;adjetivo</small></small><br>,<small><small>definição:</small>&ensp;Não o mesmo que aqueles já mencionados ou implícitos</small><br>,<small><small>lexemas:</small></small>&ensp;outro<br>,
bonus,lilaLemma:91782,"<small><small>synset_id:&ensp;<a href=""https://www.openwordnet-pt.org/synset?id=00995775-a"" target=""_blank"">00995775-a</a></small></small><br>",<small><small>categoria:&ensp;adjetivo</small></small><br>,<small><small>definição:</small>&ensp;encorajando ou aprovar ou agradável</small><br>,<small><small>lexemas:</small></small>&ensp;favorável<br>,
bonus,lilaLemma:91782,"<small><small>synset_id:&ensp;<a href=""https://www.openwordnet-pt.org/synset?id=00633410-a"" target=""_blank"">00633410-a</a></small></small><br>",<small><small>categoria:&ensp;adjetivo</small></small><br>,<small><small>definição:</small>&ensp;correta na opinião ou julgamento</small><br>,"<small><small>lexemas:</small></small>&ensp;bom, certo, correto, recto<br>",
bonus,lilaLemma:91782,"<small><small>synset_id:&ensp;<a href=""https://www.openwordnet-pt.org/synset?id=01123148-a"" target=""_blank"">01123148-a</a></small></small><br>",<small><small>categoria:&ensp;adjetivo</small></small><br>,<small><small>definição:</small>&ensp;ter qualidades desejáveis ou positivas especialmente aqueles adequados para a coisa especificada</small><br>,<small><small>lexemas:</small></small>&ensp;bom<br>,
bonus,lilaLemma:91782,"<small><small>synset_id:&ensp;<a href=""https://www.openwordnet-pt.org/synset?id=02498708-a"" target=""_blank"">02498708-a</a></small></small><br>",<small><small>categoria:&ensp;adjetivo</small></small><br>,<small><small>definição:</small>&ensp;[well grounded in logic or truth or having legal force]</small><br>,<small><small>lexemas:</small></small>&ensp;válido<br>,
bonus,lilaLemma:91782,"<small><small>synset_id:&ensp;<a href=""https://www.openwordnet-pt.org/synset?id=01372049-a"" target=""_blank"">01372049-a</a></small></small><br>",<small><small>categoria:&ensp;adjetivo</small></small><br>,<small><small>definição:</small>&ensp;ter ou mostrando um concurso e natureza atencioso e prestativo; usado especialmente de pessoas e seu comportamento</small><br>,<small><small>lexemas:</small></small>&ensp;amável<br>,<small><small>valências:&ensp;[PAT]</small></small><br>
bonus,lilaLemma:91782,"<small><small>synset_id:&ensp;<a href=""https://www.openwordnet-pt.org/synset?id=00262792-a"" target=""_blank"">00262792-a</a></small></small><br>",<small><small>categoria:&ensp;adjetivo</small></small><br>,<small><small>definição:</small>&ensp;possuindo ou exibindo coragem; capaz de enfrentar e lidar com o perigo ou medo sem vacilar</small><br>,"<small><small>lexemas:</small></small>&ensp;afoito, arrojado, brava, bravo, corajoso, valente, valoroso, adevão<br>",<small><small>valências:&ensp;[PAT]</small></small><br>
bonus,lilaLemma:91782,"<small><small>synset_id:&ensp;<a href=""https://www.openwordnet-pt.org/synset?id=00624026-a"" target=""_blank"">00624026-a</a></small></small><br>",<small><small>categoria:&ensp;adjetivo</small></small><br>,<small><small>definição:</small>&ensp;grande ou relativamente grande em número ou quantidade ou a extensão ou grau</small><br>,"<small><small>lexemas:</small></small>&ensp;considerável, apreciável, importante, notável, ponderável, sensível<br>",
bonus,lilaLemma:91782,"<small><small>synset_id:&ensp;<a href=""https://www.openwordnet-pt.org/synset?id=00631391-a"" target=""_blank"">00631391-a</a></small></small><br>",<small><small>categoria:&ensp;adjetivo</small></small><br>,<small><small>definição:</small>&ensp;livre de erro; especialmente em conformidade com a verdade ou a verdade</small><br>,"<small><small>lexemas:</small></small>&ensp;certo, correto, justo, recto<br>",
bonus,lilaLemma:91782,"<small><small>synset_id:&ensp;<a href=""https://www.openwordnet-pt.org/synset?id=02036934-s"" target=""_blank"">02036934-s</a></small></small><br>",<small><small>categoria:&ensp;adjetivo</small></small><br>,<small><small>definição:</small>&ensp;[of moral excellence]</small><br>,"<small><small>lexemas:</small></small>&ensp;bom, direito, justo<br>",
bonus,lilaLemma:91782,"<small><small>synset_id:&ensp;<a href=""https://www.openwordnet-pt.org/synset?id=01800349-a"" target=""_blank"">01800349-a</a></small></small><br>",<small><small>categoria:&ensp;adjetivo</small></small><br>,<small><small>definição:</small>&ensp;proporcionando prazer; estar em harmonia com o seu gosto ou gostos</small><br>,"<small><small>lexemas:</small></small>&ensp;agradável, simpático<br>",<small><small>valências:&ensp;[ACT]</small></small><br>
bonus,lilaLemma:91782,"<small><small>synset_id:&ensp;<a href=""https://www.openwordnet-pt.org/synset?id=01129977-a"" target=""_blank"">01129977-a</a></small></small><br>",<small><small>categoria:&ensp;adjetivo</small></small><br>,<small><small>definição:</small>&ensp;moralmente admirável</small><br>,"<small><small>lexemas:</small></small>&ensp;boa, bom<br>",
duo,lilaLemma:100246,"<small><small>synset_id:&ensp;<a href=""https://www.openwordnet-pt.org/synset?id=02186470-s"" target=""_blank"">02186470-s</a></small></small><br>",<small><small>categoria:&ensp;adjetivo</small></small><br>,<small><small>definição:</small>&ensp;[being one more than one]</small><br>,"<small><small>lexemas:</small></small>&ensp;2, dois<br>",
primus,lilaLemma:119498,"<small><small>synset_id:&ensp;<a href=""https://www.openwordnet-pt.org/synset?id=01277097-s"" target=""_blank"">01277097-s</a></small></small><br>",<small><small>categoria:&ensp;adjetivo</small></small><br>,<small><small>definição:</small>&ensp;[serving as an essential component]</small><br>,"<small><small>lexemas:</small></small>&ensp;básico, central, fundamental<br>",
primus,lilaLemma:119498,"<small><small>synset_id:&ensp;<a href=""https://www.openwordnet-pt.org/synset?id=00125711-a"" target=""_blank"">00125711-a</a></small></small><br>",<small><small>categoria:&ensp;adjetivo</small></small><br>,<small><small>definição:</small>&ensp;existente ou vir antes</small><br>,<small><small>lexemas:</small></small>&ensp;precedente<br>,
primus,lilaLemma:119498,"<small><small>synset_id:&ensp;<a href=""https://www.openwordnet-pt.org/synset?id=01856238-s"" target=""_blank"">01856238-s</a></small></small><br>",<small><small>categoria:&ensp;adjetivo</small></small><br>,<small><small>definição:</small>&ensp;[of or being the essential or basic part]</small><br>,"<small><small>lexemas:</small></small>&ensp;elementar, rudimentar<br>",
primus,lilaLemma:119498,"<small><small>synset_id:&ensp;<a href=""https://www.openwordnet-pt.org/synset?id=01643480-s"" target=""_blank"">01643480-s</a></small></small><br>",<small><small>categoria:&ensp;adjetivo</small></small><br>,<small><small>definição:</small>&ensp;[being in its early stage]</small><br>,<small><small>lexemas:</small></small>&ensp;jovem<br>,
primus,lilaLemma:119498,"<small><small>synset_id:&ensp;<a href=""https://www.openwordnet-pt.org/synset?id=01012990-s"" target=""_blank"">01012990-s</a></small></small><br>",<small><small>categoria:&ensp;adjetivo</small></small><br>,<small><small>definição:</small>&ensp;[first in rank or degree]</small><br>,"<small><small>lexemas:</small></small>&ensp;primeira, primeiro, principal<br>",
primus,lilaLemma:119498,"<small><small>synset_id:&ensp;<a href=""https://www.openwordnet-pt.org/synset?id=02342899-s"" target=""_blank"">02342899-s</a></small></small><br>",<small><small>categoria:&ensp;adjetivo</small></small><br>,<small><small>definição:</small>&ensp;[of superior grade]</small><br>,"<small><small>lexemas:</small></small>&ensp;fino, primordial, seleto, superior<br>",
primus,lilaLemma:119498,"<small><small>synset_id:&ensp;<a href=""https://www.openwordnet-pt.org/synset?id=01277426-s"" target=""_blank"">01277426-s</a></small></small><br>",<small><small>categoria:&ensp;adjetivo</small></small><br>,<small><small>definição:</small>&ensp;[most important element]</small><br>,"<small><small>lexemas:</small></small>&ensp;principal, proficiente<br>",
primus,lilaLemma:119498,"<small><small>synset_id:&ensp;<a href=""https://www.openwordnet-pt.org/synset?id=00198904-a"" target=""_blank"">00198904-a</a></small></small><br>",<small><small>categoria:&ensp;adjetivo</small></small><br>,<small><small>definição:</small>&ensp;vai ou processo ou com antecedência; mostrando o caminho</small><br>,<small><small>lexemas:</small></small>&ensp;principal<br>,
primus,lilaLemma:119498,"<small><small>synset_id:&ensp;<a href=""https://www.openwordnet-pt.org/synset?id=00814611-s"" target=""_blank"">00814611-s</a></small></small><br>",<small><small>categoria:&ensp;adjetivo</small></small><br>,<small><small>definição:</small>&ensp;[(comparative and superlative of `early') more early than; most early]</small><br>,"<small><small>lexemas:</small></small>&ensp;anterior, mais cedo, o mais cedo<br>",
primus,lilaLemma:119498,"<small><small>synset_id:&ensp;<a href=""https://www.openwordnet-pt.org/synset?id=02202047-s"" target=""_blank"">02202047-s</a></small></small><br>",<small><small>categoria:&ensp;adjetivo</small></small><br>,<small><small>definição:</small>&ensp;indicando a unidade inicial de uma série</small><br>,"<small><small>lexemas:</small></small>&ensp;1º, primeiro<br>",
primus,lilaLemma:119498,"<small><small>synset_id:&ensp;<a href=""https://www.openwordnet-pt.org/synset?id=01010862-a"" target=""_blank"">01010862-a</a></small></small><br>",<small><small>categoria:&ensp;adjetivo</small></small><br>,<small><small>definição:</small>&ensp;precede todos os outros em tempo ou espaço ou grau</small><br>,<small><small>lexemas:</small></small>&ensp;primeiro<br>,
bene,lilaLemma:91473,"<small><small>synset_id:&ensp;<a href=""https://www.openwordnet-pt.org/synset?id=00219110-r"" target=""_blank"">00219110-r</a></small></small><br>",<small><small>categoria:&ensp;advérbio</small></small><br>,<small><small>definição:</small>&ensp;de forma agradável</small><br>,"<small><small>lexemas:</small></small>&ensp;agradavelmente, de maneira agradável<br>",
bene,lilaLemma:91473,"<small><small>synset_id:&ensp;<a href=""https://www.openwordnet-pt.org/synset?id=00012779-r"" target=""_blank"">00012779-r</a></small></small><br>",<small><small>categoria:&ensp;advérbio</small></small><br>,<small><small>definição:</small>&ensp;completamente ou completamente; totalmente; muitas vezes usado como uma forma de combinar</small><br>,<small><small>lexemas:</small></small>&ensp;bem<br>,
deinde,lilaLemma:98386,"<small><small>synset_id:&ensp;<a href=""https://www.openwordnet-pt.org/synset?id=00054212-r"" target=""_blank"">00054212-r</a></small></small><br>",<small><small>categoria:&ensp;advérbio</small></small><br>,<small><small>definição:</small>&ensp;ao momento ou ocasião imediatamente após</small><br>,"<small><small>lexemas:</small></small>&ensp;a seguir, depois, próximo, seguinte<br>",
deinde,lilaLemma:98386,"<small><small>synset_id:&ensp;<a href=""https://www.openwordnet-pt.org/synset?id=00032863-r"" target=""_blank"">00032863-r</a></small></small><br>",<small><small>categoria:&ensp;advérbio</small></small><br>,<small><small>definição:</small>&ensp;partir deste tempo adiante; de agora em diante</small><br>,"<small><small>lexemas:</small></small>&ensp;a partir de agora, de agora em diante, doravante<br>",
deinde,lilaLemma:98386,"<small><small>synset_id:&ensp;<a href=""https://www.openwordnet-pt.org/synset?id=00061203-r"" target=""_blank"">00061203-r</a></small></small><br>",<small><small>categoria:&ensp;advérbio</small></small><br>,<small><small>definição:</small>&ensp;passa uma hora após um tempo de referência</small><br>,"<small><small>lexemas:</small></small>&ensp;após, mais tarde, posteriormente, subsequentemente, subseqüentemente, ulteriormente, a_seguir, depois, futuramente<br>",
hinc,lilaLemma:105454,"<small><small>synset_id:&ensp;<a href=""https://www.openwordnet-pt.org/synset?id=00098959-r"" target=""_blank"">00098959-r</a></small></small><br>",<small><small>categoria:&ensp;advérbio</small></small><br>,<small><small>definição:</small>&ensp;o grau ou extensão que</small><br>,"<small><small>lexemas:</small></small>&ensp;na medida em que, na medida que, tanto quanto, na_medida<br>",<small><small>valências:&ensp;[PAT] ou [DIR3] ou [TWHEN]</small></small><br>
hinc,lilaLemma:105454,"<small><small>synset_id:&ensp;<a href=""https://www.openwordnet-pt.org/synset?id=00108647-r"" target=""_blank"">00108647-r</a></small></small><br>",<small><small>categoria:&ensp;advérbio</small></small><br>,<small><small>definição:</small>&ensp;a este lugar (especialmente em direção ao alto-falante)</small><br>,"<small><small>lexemas:</small></small>&ensp;aqui, cá<br>",
ita,lilaLemma:109126,"<small><small>synset_id:&ensp;<a href=""https://www.openwordnet-pt.org/synset?id=00117620-r"" target=""_blank"">00117620-r</a></small></small><br>",<small><small>categoria:&ensp;advérbio</small></small><br>,"<small><small>definição:</small>&ensp;posteriormente, ou logo depois (muitas vezes utilizados como conectores de frases)</small><br>","<small><small>lexemas:</small></small>&ensp;depois, em seguida, mais tarde, ali, aí, de_então, então, nessa_altura, nesse_caso, nesse_momento<br>",
ita,lilaLemma:109126,"<small><small>synset_id:&ensp;<a href=""https://www.openwordnet-pt.org/synset?id=00098959-r"" target=""_blank"">00098959-r</a></small></small><br>",<small><small>categoria:&ensp;advérbio</small></small><br>,<small><small>definição:</small>&ensp;o grau ou extensão que</small><br>,"<small><small>lexemas:</small></small>&ensp;na medida em que, na medida que, tanto quanto, na_medida<br>",<small><small>valências:&ensp;[PAT] ou [DIR3] ou [TWHEN]</small></small><br>
ita,lilaLemma:109126,"<small><small>synset_id:&ensp;<a href=""https://www.openwordnet-pt.org/synset?id=00043003-r"" target=""_blank"">00043003-r</a></small></small><br>",<small><small>categoria:&ensp;advérbio</small></small><br>,<small><small>definição:</small>&ensp;(usado para introduzir uma conclusão lógica) do que o fato ou motivo ou como um resultado</small><br>,"<small><small>lexemas:</small></small>&ensp;assim, por isto, portanto, assim sendo, consequentemente, daqui, de tal modo, dessa forma, desse jeito, em vista disso, por este motivo<br>",<small><small>valências:&ensp;[PAT]</small></small><br>
ita,lilaLemma:109126,"<small><small>synset_id:&ensp;<a href=""https://www.openwordnet-pt.org/synset?id=00146594-r"" target=""_blank"">00146594-r</a></small></small><br>",<small><small>categoria:&ensp;advérbio</small></small><br>,"<small><small>definição:</small>&ensp;em uma medida muito grande, ou grau</small><br>",<small><small>lexemas:</small></small>&ensp;tão<br>,
ita,lilaLemma:109126,"<small><small>synset_id:&ensp;<a href=""https://www.openwordnet-pt.org/synset?id=00121135-r"" target=""_blank"">00121135-r</a></small></small><br>",<small><small>categoria:&ensp;advérbio</small></small><br>,<small><small>definição:</small>&ensp;da maneira indicada</small><br>,"<small><small>lexemas:</small></small>&ensp;assim, deste_modo<br>",
ita,lilaLemma:109126,"<small><small>synset_id:&ensp;<a href=""https://www.openwordnet-pt.org/synset?id=00037641-r"" target=""_blank"">00037641-r</a></small></small><br>",<small><small>categoria:&ensp;advérbio</small></small><br>,<small><small>definição:</small>&ensp;na verdade (muitas vezes tende a intensificar)</small><br>,<small><small>lexemas:</small></small>&ensp;de_facto<br>,<small><small>valências:&ensp;[PAT]</small></small><br>
itaque,lilaLemma:109129,"<small><small>synset_id:&ensp;<a href=""https://www.openwordnet-pt.org/synset?id=00103664-r"" target=""_blank"">00103664-r</a></small></small><br>",<small><small>categoria:&ensp;advérbio</small></small><br>,<small><small>definição:</small>&ensp;continuando da mesma maneira</small><br>,"<small><small>lexemas:</small></small>&ensp;etc, etc., etcetera, etcétera, e_por_aí_fora<br>",
itaque,lilaLemma:109129,"<small><small>synset_id:&ensp;<a href=""https://www.openwordnet-pt.org/synset?id=00294459-r"" target=""_blank"">00294459-r</a></small></small><br>",<small><small>categoria:&ensp;advérbio</small></small><br>,<small><small>definição:</small>&ensp;como consequência</small><br>,"<small><small>lexemas:</small></small>&ensp;conseqüentemente, consequentemente<br>",
itaque,lilaLemma:109129,"<small><small>synset_id:&ensp;<a href=""https://www.openwordnet-pt.org/synset?id=00043003-r"" target=""_blank"">00043003-r</a></small></small><br>",<small><small>categoria:&ensp;advérbio</small></small><br>,<small><small>definição:</small>&ensp;(usado para introduzir uma conclusão lógica) do que o fato ou motivo ou como um resultado</small><br>,"<small><small>lexemas:</small></small>&ensp;assim, por isto, portanto, assim sendo, consequentemente, daqui, de tal modo, dessa forma, desse jeito, em vista disso, por este motivo<br>",<small><small>valências:&ensp;[PAT]</small></small><br>
itaque,lilaLemma:109129,"<small><small>synset_id:&ensp;<a href=""https://www.openwordnet-pt.org/synset?id=00117620-r"" target=""_blank"">00117620-r</a></small></small><br>",<small><small>categoria:&ensp;advérbio</small></small><br>,"<small><small>definição:</small>&ensp;posteriormente, ou logo depois (muitas vezes utilizados como conectores de frases)</small><br>","<small><small>lexemas:</small></small>&ensp;depois, em seguida, mais tarde, ali, aí, de_então, então, nessa_altura, nesse_caso, nesse_momento<br>",
itaque,lilaLemma:109129,"<small><small>synset_id:&ensp;<a href=""https://www.openwordnet-pt.org/synset?id=00062857-r"" target=""_blank"">00062857-r</a></small></small><br>",<small><small>categoria:&ensp;advérbio</small></small><br>,<small><small>definição:</small>&ensp;(conectores de frase) por causa da razão dada</small><br>,"<small><small>lexemas:</small></small>&ensp;conformemente, consequentemente, correspondentemente<br>",
magis,lilaLemma:111271,"<small><small>synset_id:&ensp;<a href=""https://www.openwordnet-pt.org/synset?id=00099712-r"" target=""_blank"">00099712-r</a></small></small><br>",<small><small>categoria:&ensp;advérbio</small></small><br>,<small><small>definição:</small>&ensp;comparativa de muita; a um maior grau ou extensão</small><br>,<small><small>lexemas:</small></small>&ensp;mais<br>,<small><small>valências:&ensp;[PAT]</small></small><br>
magis,lilaLemma:111271,"<small><small>synset_id:&ensp;<a href=""https://www.openwordnet-pt.org/synset?id=00099341-r"" target=""_blank"">00099341-r</a></small></small><br>",<small><small>categoria:&ensp;advérbio</small></small><br>,<small><small>definição:</small>&ensp;usado para formar o comparativo de alguns adjetivos e advérbios</small><br>,<small><small>lexemas:</small></small>&ensp;mais<br>,
magis,lilaLemma:111271,"<small><small>synset_id:&ensp;<a href=""https://www.openwordnet-pt.org/synset?id=00115554-r"" target=""_blank"">00115554-r</a></small></small><br>",<small><small>categoria:&ensp;advérbio</small></small><br>,<small><small>definição:</small>&ensp;mais facilmente ou de boa vontade</small><br>,"<small><small>lexemas:</small></small>&ensp;de preferência, preferencialmente, preferivelmente<br>",
nec,lilaLemma:113512,"<small><small>synset_id:&ensp;<a href=""https://www.openwordnet-pt.org/synset?id=00024073-r"" target=""_blank"">00024073-r</a></small></small><br>",<small><small>categoria:&ensp;advérbio</small></small><br>,<small><small>definição:</small>&ensp;negação de uma palavra ou grupo de palavras</small><br>,"<small><small>lexemas:</small></small>&ensp;nem, não, tampouco, tão-pouco<br>",
parum,lilaLemma:116130,"<small><small>synset_id:&ensp;<a href=""https://www.openwordnet-pt.org/synset?id=00100002-r"" target=""_blank"">00100002-r</a></small></small><br>",<small><small>categoria:&ensp;advérbio</small></small><br>,<small><small>definição:</small>&ensp;não muito</small><br>,<small><small>lexemas:</small></small>&ensp;pouco<br>,<small><small>valências:&ensp;[MAT]</small></small><br>
parum,lilaLemma:116130,"<small><small>synset_id:&ensp;<a href=""https://www.openwordnet-pt.org/synset?id=00145854-r"" target=""_blank"">00145854-r</a></small></small><br>",<small><small>categoria:&ensp;advérbio</small></small><br>,<small><small>definição:</small>&ensp;a um grau insuficiente</small><br>,<small><small>lexemas:</small></small>&ensp;insuficientemente<br>,<small><small>valências:&ensp;[MAT]</small></small><br>
uita,lilaLemma:130393,"<small><small>synset_id:&ensp;<a href=""https://www.openwordnet-pt.org/synset?id=02472987-n"" target=""_blank"">02472987-n</a></small></small><br>",<small><small>categoria:&ensp;animal</small></small><br>,<small><small>definição:</small>&ensp;Todos os habitantes humanos vivos da Terra</small><br>,"<small><small>lexemas:</small></small>&ensp;espécie humana, homem, humanidade, mundo, povo, altruísmo, filantropia<br>",<small><small>valências:&ensp;[ACT]</small></small><br>
homo,lilaLemma:105624,"<small><small>synset_id:&ensp;<a href=""https://www.openwordnet-pt.org/synset?id=02472293-n"" target=""_blank"">02472293-n</a></small></small><br>",<small><small>categoria:&ensp;animal</small></small><br>,"<small><small>definição:</small>&ensp;qualquer membro vivo ou extinto da família Hominidae caracteriza-se por uma inteligência superior, fala articulada e andar ereto</small><br>","<small><small>lexemas:</small></small>&ensp;humano, ser humano, homem<br>",<small><small>valências:&ensp;[ACT]</small></small><br>
manus,lilaLemma:111585,"<small><small>synset_id:&ensp;<a href=""https://www.openwordnet-pt.org/synset?id=02452967-n"" target=""_blank"">02452967-n</a></small></small><br>",<small><small>categoria:&ensp;animal</small></small><br>,<small><small>definição:</small>&ensp;[a long flexible snout as of an elephant]</small><br>,"<small><small>lexemas:</small></small>&ensp;Proboscide, probóscide, tromba<br>",
pater,lilaLemma:116203,"<small><small>synset_id:&ensp;<a href=""https://www.openwordnet-pt.org/synset?id=01323355-n"" target=""_blank"">01323355-n</a></small></small><br>",<small><small>categoria:&ensp;animal</small></small><br>,"<small><small>definição:</small>&ensp;progenitor masculino de um animal, especialmente um animal doméstico tal como um cavalo</small><br>","<small><small>lexemas:</small></small>&ensp;padre, pai<br>",<small><small>valências:&ensp;[APP]</small></small><br>
castra,lilaLemma:138599,"<small><small>synset_id:&ensp;<a href=""https://www.openwordnet-pt.org/synset?id=02944826-n"" target=""_blank"">02944826-n</a></small></small><br>",<small><small>categoria:&ensp;artefato</small></small><br>,<small><small>definição:</small>&ensp;Alojamento temporário especialmente construído pelo exército de soldados</small><br>,<small><small>lexemas:</small></small>&ensp;acampamento<br>,
castra,lilaLemma:138599,"<small><small>synset_id:&ensp;<a href=""https://www.openwordnet-pt.org/synset?id=02980441-n"" target=""_blank"">02980441-n</a></small></small><br>",<small><small>categoria:&ensp;artefato</small></small><br>,<small><small>definição:</small>&ensp;um grande edifício anteriormente ocupado por uma régua e fortificada contra o ataque</small><br>,<small><small>lexemas:</small></small>&ensp;castelo<br>,
castra,lilaLemma:138599,"<small><small>synset_id:&ensp;<a href=""https://www.openwordnet-pt.org/synset?id=03386011-n"" target=""_blank"">03386011-n</a></small></small><br>",<small><small>categoria:&ensp;artefato</small></small><br>,<small><small>definição:</small>&ensp;uma estrutura defensiva fortificada</small><br>,"<small><small>lexemas:</small></small>&ensp;fortaleza, forte<br>",
castra,lilaLemma:138599,"<small><small>synset_id:&ensp;<a href=""https://www.openwordnet-pt.org/synset?id=03420559-n"" target=""_blank"">03420559-n</a></small></small><br>",<small><small>categoria:&ensp;artefato</small></small><br>,"<small><small>definição:</small>&ensp;um posto militar fortificado, onde as tropas estão estacionadas</small><br>",<small><small>lexemas:</small></small>&ensp;guarnição<br>,
corpus,lilaLemma:96667,"<small><small>synset_id:&ensp;<a href=""https://www.openwordnet-pt.org/synset?id=04341686-n"" target=""_blank"">04341686-n</a></small></small><br>",<small><small>categoria:&ensp;artefato</small></small><br>,<small><small>definição:</small>&ensp;uma coisa construída; uma entidade complexa construída de muitas partes</small><br>,"<small><small>lexemas:</small></small>&ensp;edifício, estrutura, tecido, composição, construção, contextura<br>","<small><small>valências:&ensp;[ACT,MANN,PAT] ou [ACT,PAT]</small></small><br>"
corpus,lilaLemma:96667,"<small><small>synset_id:&ensp;<a href=""https://www.openwordnet-pt.org/synset?id=02861886-n"" target=""_blank"">02861886-n</a></small></small><br>",<small><small>categoria:&ensp;artefato</small></small><br>,<small><small>definição:</small>&ensp;a estrutura externa de um veículo</small><br>,"<small><small>lexemas:</small></small>&ensp;carroceria, carroçaria<br>",
corpus,lilaLemma:96667,"<small><small>synset_id:&ensp;<a href=""https://www.openwordnet-pt.org/synset?id=03391770-n"" target=""_blank"">03391770-n</a></small></small><br>",<small><small>categoria:&ensp;artefato</small></small><br>,<small><small>definição:</small>&ensp;uma estrutura de apoio ou algo contendo</small><br>,"<small><small>lexemas:</small></small>&ensp;estrutura, infra, armadura, armação<br>","<small><small>valências:&ensp;[ACT,MANN,PAT]</small></small><br>"
deus,lilaLemma:99132,"<small><small>synset_id:&ensp;<a href=""https://www.openwordnet-pt.org/synset?id=03560161-n"" target=""_blank"">03560161-n</a></small></small><br>",<small><small>categoria:&ensp;artefato</small></small><br>,<small><small>definição:</small>&ensp;uma efígie material que é adorado</small><br>,"<small><small>lexemas:</small></small>&ensp;ídolo, deus<br>",
domus,lilaLemma:100071,"<small><small>synset_id:&ensp;<a href=""https://www.openwordnet-pt.org/synset?id=03259505-n"" target=""_blank"">03259505-n</a></small></small><br>",<small><small>categoria:&ensp;artefato</small></small><br>,<small><small>definição:</small>&ensp;habitação que alguém está vivendo em</small><br>,"<small><small>lexemas:</small></small>&ensp;aposento, casa, domicílio, habitação, lar, morada, moradia, residência, alojamento, andar, aposentadoria, chalé, estância, poisada, pousada, vila, vivenda<br>",
domus,lilaLemma:100071,"<small><small>synset_id:&ensp;<a href=""https://www.openwordnet-pt.org/synset?id=02913152-n"" target=""_blank"">02913152-n</a></small></small><br>",<small><small>categoria:&ensp;artefato</small></small><br>,<small><small>definição:</small>&ensp;uma estrutura que tem um telhado e paredes e fica mais ou menos permanentemente em um só lugar</small><br>,"<small><small>lexemas:</small></small>&ensp;edifício, prédio, imóvel<br>",
domus,lilaLemma:100071,"<small><small>synset_id:&ensp;<a href=""https://www.openwordnet-pt.org/synset?id=03544360-n"" target=""_blank"">03544360-n</a></small></small><br>",<small><small>categoria:&ensp;artefato</small></small><br>,<small><small>definição:</small>&ensp;um edifício que serve como zona de habitação para uma ou mais famílias</small><br>,"<small><small>lexemas:</small></small>&ensp;casa, edifício residencial, habitação, vivenda<br>",
iudicium,lilaLemma:109170,"<small><small>synset_id:&ensp;<a href=""https://www.openwordnet-pt.org/synset?id=03120778-n"" target=""_blank"">03120778-n</a></small></small><br>",<small><small>categoria:&ensp;artefato</small></small><br>,<small><small>definição:</small>&ensp;uma sala em que uma corte de justiça se reune</small><br>,"<small><small>lexemas:</small></small>&ensp;corte, tribunal<br>",
locus,lilaLemma:110019,"<small><small>synset_id:&ensp;<a href=""https://www.openwordnet-pt.org/synset?id=03259505-n"" target=""_blank"">03259505-n</a></small></small><br>",<small><small>categoria:&ensp;artefato</small></small><br>,<small><small>definição:</small>&ensp;habitação que alguém está vivendo em</small><br>,"<small><small>lexemas:</small></small>&ensp;aposento, casa, domicílio, habitação, lar, morada, moradia, residência, alojamento, andar, aposentadoria, chalé, estância, poisada, pousada, vila, vivenda<br>",
locus,lilaLemma:110019,"<small><small>synset_id:&ensp;<a href=""https://www.openwordnet-pt.org/synset?id=04161981-n"" target=""_blank"">04161981-n</a></small></small><br>",<small><small>categoria:&ensp;artefato</small></small><br>,<small><small>definição:</small>&ensp;mobiliário que é projetado para sentar-se em</small><br>,"<small><small>lexemas:</small></small>&ensp;assento, cadeira, banco<br>",
locus,lilaLemma:110019,"<small><small>synset_id:&ensp;<a href=""https://www.openwordnet-pt.org/synset?id=03679384-n"" target=""_blank"">03679384-n</a></small></small><br>",<small><small>categoria:&ensp;artefato</small></small><br>,<small><small>definição:</small>&ensp;habitação disponível para as pessoas viverem em</small><br>,"<small><small>lexemas:</small></small>&ensp;apartamento, habitação, moradia, quartos<br>",
locus,lilaLemma:110019,"<small><small>synset_id:&ensp;<a href=""https://www.openwordnet-pt.org/synset?id=04161358-n"" target=""_blank"">04161358-n</a></small></small><br>",<small><small>categoria:&ensp;artefato</small></small><br>,<small><small>definição:</small>&ensp;qualquer suporte onde você pode sentar-se (especialmente a parte de uma cadeira ou banco etc. em que você se senta)</small><br>,"<small><small>lexemas:</small></small>&ensp;assento, cadeira, banco<br>",
locus,lilaLemma:110019,"<small><small>synset_id:&ensp;<a href=""https://www.openwordnet-pt.org/synset?id=03455033-n"" target=""_blank"">03455033-n</a></small></small><br>",<small><small>categoria:&ensp;artefato</small></small><br>,<small><small>definição:</small>&ensp;um lugar para o enterro de um cadáver (especialmente debaixo da terra e marcado por uma lápide)</small><br>,"<small><small>lexemas:</small></small>&ensp;sepultura, tumba, túmulo<br>",
manus,lilaLemma:111585,"<small><small>synset_id:&ensp;<a href=""https://www.openwordnet-pt.org/synset?id=02737833-n"" target=""_blank"">02737833-n</a></small></small><br>",<small><small>categoria:&ensp;artefato</small></small><br>,<small><small>definição:</small>&ensp;qualquer projeção que é pensada para se parecer com um braço humano</small><br>,"<small><small>lexemas:</small></small>&ensp;braço, membro, ramo<br>",
miles,lilaLemma:112318,"<small><small>synset_id:&ensp;<a href=""https://www.openwordnet-pt.org/synset?id=03901750-n"" target=""_blank"">03901750-n</a></small></small><br>",<small><small>categoria:&ensp;artefato</small></small><br>,<small><small>definição:</small>&ensp;(Xadrez) a peça menos poderosos; só se move para frente e captura apenas para o lado; ele pode ser promovido a uma peça mais poderosa se atingir o oitavo posto</small><br>,<small><small>lexemas:</small></small>&ensp;peão<br>,
pars,lilaLemma:116084,"<small><small>synset_id:&ensp;<a href=""https://www.openwordnet-pt.org/synset?id=03932203-n"" target=""_blank"">03932203-n</a></small></small><br>",<small><small>categoria:&ensp;artefato</small></small><br>,<small><small>definição:</small>&ensp;uma parte separada de um todo</small><br>,"<small><small>lexemas:</small></small>&ensp;pedaço, peça<br>",<small><small>valências:&ensp;[MAT]</small></small><br>
pars,lilaLemma:116084,"<small><small>synset_id:&ensp;<a href=""https://www.openwordnet-pt.org/synset?id=03892891-n"" target=""_blank"">03892891-n</a></small></small><br>",<small><small>categoria:&ensp;artefato</small></small><br>,<small><small>definição:</small>&ensp;algo menos do que a totalidade de um artefato humano</small><br>,"<small><small>lexemas:</small></small>&ensp;parte, porção<br>",<small><small>valências:&ensp;[MAT]</small></small><br>
senatus,lilaLemma:124309,"<small><small>synset_id:&ensp;<a href=""https://www.openwordnet-pt.org/synset?id=02749953-n"" target=""_blank"">02749953-n</a></small></small><br>",<small><small>categoria:&ensp;artefato</small></small><br>,<small><small>definição:</small>&ensp;uma unidade composta por componentes que foram encaixados juntos</small><br>,<small><small>lexemas:</small></small>&ensp;produto<br>,
animus,lilaLemma:89094,"<small><small>synset_id:&ensp;<a href=""https://www.openwordnet-pt.org/synset?id=04640538-n"" target=""_blank"">04640538-n</a></small></small><br>",<small><small>categoria:&ensp;atributo</small></small><br>,<small><small>definição:</small>&ensp;tolerância bem-humorada de atraso ou incompetência</small><br>,"<small><small>lexemas:</small></small>&ensp;longanimidade, paciência, tolerância<br>","<small><small>valências:&ensp;[ACT] ou [ACT,ACMP] ou [ACT,PAT]</small></small><br>"
animus,lilaLemma:89094,"<small><small>synset_id:&ensp;<a href=""https://www.openwordnet-pt.org/synset?id=05037813-n"" target=""_blank"">05037813-n</a></small></small><br>",<small><small>categoria:&ensp;atributo</small></small><br>,<small><small>definição:</small>&ensp;a propriedade de ser selvagem ou turbulento</small><br>,"<small><small>lexemas:</small></small>&ensp;violência, brutalidade, crueldade, desumanidade, encarniçamento, ferocidade, força, fúria, sanha, truculência<br>","<small><small>valências:&ensp;[ACT] ou [ACT,PAT]</small></small><br>"
animus,lilaLemma:89094,"<small><small>synset_id:&ensp;<a href=""https://www.openwordnet-pt.org/synset?id=04886646-n"" target=""_blank"">04886646-n</a></small></small><br>",<small><small>categoria:&ensp;atributo</small></small><br>,<small><small>definição:</small>&ensp;a característica de ser estimulado por uma antipatia de cair abaixo de seus padrões</small><br>,<small><small>lexemas:</small></small>&ensp;orgulho<br>,"<small><small>valências:&ensp;[ACT,PAT] ou [ACT]</small></small><br>"
animus,lilaLemma:89094,"<small><small>synset_id:&ensp;<a href=""https://www.openwordnet-pt.org/synset?id=04857490-n"" target=""_blank"">04857490-n</a></small></small><br>",<small><small>categoria:&ensp;atributo</small></small><br>,<small><small>definição:</small>&ensp;a coragem para continuar</small><br>,"<small><small>lexemas:</small></small>&ensp;coragem, nervo, valor<br>",
animus,lilaLemma:89094,"<small><small>synset_id:&ensp;<a href=""https://www.openwordnet-pt.org/synset?id=04887912-n"" target=""_blank"">04887912-n</a></small></small><br>",<small><small>categoria:&ensp;atributo</small></small><br>,<small><small>definição:</small>&ensp;orgulho arrogante evidenciado por uma forma superior para os inferiores</small><br>,"<small><small>lexemas:</small></small>&ensp;arrogância, elevado-high-handedness, orgulho, altanaria, altivez, desvanecimento, imodéstia, indiscrição, presunção, soberba, vaidade<br>","<small><small>valências:&ensp;[ACT] ou [ACT,PAT]</small></small><br>"
animus,lilaLemma:89094,"<small><small>synset_id:&ensp;<a href=""https://www.openwordnet-pt.org/synset?id=04903813-n"" target=""_blank"">04903813-n</a></small></small><br>",<small><small>categoria:&ensp;atributo</small></small><br>,<small><small>definição:</small>&ensp;firmeza de espírito sob estresse</small><br>,"<small><small>lexemas:</small></small>&ensp;calma, equanimidade, coragem, fleima, fleuma, imobilidade, impassibilidade, imperturbabilidade, ponderação, quietação, sangue-frio, serenidade, tranquilidade<br>",<small><small>valências:&ensp;[ACT]</small></small><br>
animus,lilaLemma:89094,"<small><small>synset_id:&ensp;<a href=""https://www.openwordnet-pt.org/synset?id=04632157-n"" target=""_blank"">04632157-n</a></small></small><br>",<small><small>categoria:&ensp;atributo</small></small><br>,<small><small>definição:</small>&ensp;animação e energia na ação ou expressão</small><br>,"<small><small>lexemas:</small></small>&ensp;alma, vida<br>",<small><small>valências:&ensp;[ACT]</small></small><br>
animus,lilaLemma:89094,"<small><small>synset_id:&ensp;<a href=""https://www.openwordnet-pt.org/synset?id=04883614-n"" target=""_blank"">04883614-n</a></small></small><br>",<small><small>categoria:&ensp;atributo</small></small><br>,<small><small>definição:</small>&ensp;o traço de evitar excessos</small><br>,"<small><small>lexemas:</small></small>&ensp;moderação, temperança<br>",<small><small>valências:&ensp;[ACT]</small></small><br>
animus,lilaLemma:89094,"<small><small>synset_id:&ensp;<a href=""https://www.openwordnet-pt.org/synset?id=04620216-n"" target=""_blank"">04620216-n</a></small></small><br>",<small><small>categoria:&ensp;atributo</small></small><br>,<small><small>definição:</small>&ensp;o complexo inerente de atributos que determina uma pessoas ações e reações morais e éticos</small><br>,"<small><small>lexemas:</small></small>&ensp;caráter, personalidade<br>","<small><small>valências:&ensp;[ACT,PAT]</small></small><br>"
animus,lilaLemma:89094,"<small><small>synset_id:&ensp;<a href=""https://www.openwordnet-pt.org/synset?id=04857083-n"" target=""_blank"">04857083-n</a></small></small><br>",<small><small>categoria:&ensp;atributo</small></small><br>,<small><small>definição:</small>&ensp;uma qualidade de espírito que lhe permite enfrentar o perigo ou a dor sem demonstrar medo</small><br>,"<small><small>lexemas:</small></small>&ensp;coragem, denodo, ânimo, afoiteza, arrojo, braveza, bravura, esforço, heroicidade, heroísmo, intrepidez, peito, valentia, valor<br>",<small><small>valências:&ensp;[ACT]</small></small><br>
annus,lilaLemma:89129,"<small><small>synset_id:&ensp;<a href=""https://www.openwordnet-pt.org/synset?id=04924103-n"" target=""_blank"">04924103-n</a></small></small><br>",<small><small>categoria:&ensp;atributo</small></small><br>,<small><small>definição:</small>&ensp;quanto tempo algo existiu</small><br>,<small><small>lexemas:</small></small>&ensp;idade<br>,<small><small>valências:&ensp;[ACT]</small></small><br>
uita,lilaLemma:130393,"<small><small>synset_id:&ensp;<a href=""https://www.openwordnet-pt.org/synset?id=04632157-n"" target=""_blank"">04632157-n</a></small></small><br>",<small><small>categoria:&ensp;atributo</small></small><br>,<small><small>definição:</small>&ensp;animação e energia na ação ou expressão</small><br>,"<small><small>lexemas:</small></small>&ensp;alma, vida<br>",<small><small>valências:&ensp;[ACT]</small></small><br>
bonum,lilaLemma:91351,"<small><small>synset_id:&ensp;<a href=""https://www.openwordnet-pt.org/synset?id=04849241-n"" target=""_blank"">04849241-n</a></small></small><br>",<small><small>categoria:&ensp;atributo</small></small><br>,<small><small>definição:</small>&ensp;excelência moral ou admirableness</small><br>,"<small><small>lexemas:</small></small>&ensp;bondade, virtude<br>",<small><small>valências:&ensp;[ACT]</small></small><br>
bonum,lilaLemma:91351,"<small><small>synset_id:&ensp;<a href=""https://www.openwordnet-pt.org/synset?id=05142180-n"" target=""_blank"">05142180-n</a></small></small><br>",<small><small>categoria:&ensp;atributo</small></small><br>,<small><small>definição:</small>&ensp;o que é agradável ou valiosa ou útil</small><br>,"<small><small>lexemas:</small></small>&ensp;bem, bom<br>",<small><small>valências:&ensp;[ACT]</small></small><br>
bonum,lilaLemma:91351,"<small><small>synset_id:&ensp;<a href=""https://www.openwordnet-pt.org/synset?id=04839154-n"" target=""_blank"">04839154-n</a></small></small><br>",<small><small>categoria:&ensp;atributo</small></small><br>,<small><small>definição:</small>&ensp;conformidade com as regras ou normas</small><br>,"<small><small>lexemas:</small></small>&ensp;equanimidade, eqüidade, justiça<br>","<small><small>valências:&ensp;[ACT,PAT] ou [ACT]</small></small><br>"
bonum,lilaLemma:91351,"<small><small>synset_id:&ensp;<a href=""https://www.openwordnet-pt.org/synset?id=05159725-n"" target=""_blank"">05159725-n</a></small></small><br>",<small><small>categoria:&ensp;atributo</small></small><br>,<small><small>definição:</small>&ensp;benefícios do sistema</small><br>,"<small><small>lexemas:</small></small>&ensp;lucro, operacionalidade, utilidade, valor, bem, benefício, interesse, juro<br>",
bonum,lilaLemma:91351,"<small><small>synset_id:&ensp;<a href=""https://www.openwordnet-pt.org/synset?id=04723816-n"" target=""_blank"">04723816-n</a></small></small><br>",<small><small>categoria:&ensp;atributo</small></small><br>,<small><small>definição:</small>&ensp;um atributo essencial e distintiva de algo ou alguém</small><br>,<small><small>lexemas:</small></small>&ensp;qualidade<br>,<small><small>valências:&ensp;[ACT]</small></small><br>
bonum,lilaLemma:91351,"<small><small>synset_id:&ensp;<a href=""https://www.openwordnet-pt.org/synset?id=05155821-n"" target=""_blank"">05155821-n</a></small></small><br>",<small><small>categoria:&ensp;atributo</small></small><br>,<small><small>definição:</small>&ensp;a qualidade de ter uma posição mais favorável ou superior</small><br>,"<small><small>lexemas:</small></small>&ensp;benefício, predominância, vantagem, qualidade, superioridade<br>","<small><small>valências:&ensp;[ACT,ACMP] ou [ACT]</small></small><br>"
causa,lilaLemma:93253,"<small><small>synset_id:&ensp;<a href=""https://www.openwordnet-pt.org/synset?id=04923743-n"" target=""_blank"">04923743-n</a></small></small><br>",<small><small>categoria:&ensp;atributo</small></small><br>,<small><small>definição:</small>&ensp;propriedades atribuíveis à sua ascendência</small><br>,"<small><small>lexemas:</small></small>&ensp;extração, origem<br>",<small><small>valências:&ensp;[PAT]</small></small><br>
causa,lilaLemma:93253,"<small><small>synset_id:&ensp;<a href=""https://www.openwordnet-pt.org/synset?id=04669247-n"" target=""_blank"">04669247-n</a></small></small><br>",<small><small>categoria:&ensp;atributo</small></small><br>,<small><small>definição:</small>&ensp;uma forma de confiabilidade; a característica de ser responsável perante alguém por algo ou ser responsável por sua conduta</small><br>,<small><small>lexemas:</small></small>&ensp;responsabilidade<br>,<small><small>valências:&ensp;[PAT]</small></small><br>
consilium,lilaLemma:96060,"<small><small>synset_id:&ensp;<a href=""https://www.openwordnet-pt.org/synset?id=04863969-n"" target=""_blank"">04863969-n</a></small></small><br>",<small><small>categoria:&ensp;atributo</small></small><br>,<small><small>definição:</small>&ensp;o traço de resolutividade como evidenciado pela firmeza de caráter ou finalidade</small><br>,<small><small>lexemas:</small></small>&ensp;decisão<br>,<small><small>valências:&ensp;[ACT]</small></small><br>
consilium,lilaLemma:96060,"<small><small>synset_id:&ensp;<a href=""https://www.openwordnet-pt.org/synset?id=04842029-n"" target=""_blank"">04842029-n</a></small></small><br>",<small><small>categoria:&ensp;atributo</small></small><br>,<small><small>definição:</small>&ensp;manipulação sutilmente hábil de uma situação</small><br>,"<small><small>lexemas:</small></small>&ensp;diplomacia, delicadeza<br>",<small><small>valências:&ensp;[ACT]</small></small><br>
consilium,lilaLemma:96060,"<small><small>synset_id:&ensp;<a href=""https://www.openwordnet-pt.org/synset?id=04891010-n"" target=""_blank"">04891010-n</a></small></small><br>",<small><small>categoria:&ensp;atributo</small></small><br>,<small><small>definição:</small>&ensp;o traço de julgar com sabedoria e objetivamente</small><br>,"<small><small>lexemas:</small></small>&ensp;prudência, discernimento, discrição<br>",<small><small>valências:&ensp;[ACT]</small></small><br>
corpus,lilaLemma:96667,"<small><small>synset_id:&ensp;<a href=""https://www.openwordnet-pt.org/synset?id=04998530-n"" target=""_blank"">04998530-n</a></small></small><br>",<small><small>categoria:&ensp;atributo</small></small><br>,<small><small>definição:</small>&ensp;constituição do corpo humano</small><br>,"<small><small>lexemas:</small></small>&ensp;físico, constituição<br>",
corpus,lilaLemma:96667,"<small><small>synset_id:&ensp;<a href=""https://www.openwordnet-pt.org/synset?id=04933363-n"" target=""_blank"">04933363-n</a></small></small><br>",<small><small>categoria:&ensp;atributo</small></small><br>,<small><small>definição:</small>&ensp;a estrutura subjacente</small><br>,"<small><small>lexemas:</small></small>&ensp;estrutura, rede<br>","<small><small>valências:&ensp;[ACT,MANN,PAT]</small></small><br>"
corpus,lilaLemma:96667,"<small><small>synset_id:&ensp;<a href=""https://www.openwordnet-pt.org/synset?id=05088804-n"" target=""_blank"">05088804-n</a></small></small><br>",<small><small>categoria:&ensp;atributo</small></small><br>,<small><small>definição:</small>&ensp;a propriedade espacial de sendo amontoados</small><br>,"<small><small>lexemas:</small></small>&ensp;concentração, densidade<br>",<small><small>valências:&ensp;[ACT] ou [MAT]</small></small><br>
fides,lilaLemma:103260,"<small><small>synset_id:&ensp;<a href=""https://www.openwordnet-pt.org/synset?id=04782878-n"" target=""_blank"">04782878-n</a></small></small><br>",<small><small>categoria:&ensp;atributo</small></small><br>,<small><small>definição:</small>&ensp;a qualidade de ser crível ou confiável</small><br>,<small><small>lexemas:</small></small>&ensp;credibilidade<br>,<small><small>valências:&ensp;[ACT]</small></small><br>
fides,lilaLemma:103260,"<small><small>synset_id:&ensp;<a href=""https://www.openwordnet-pt.org/synset?id=04867130-n"" target=""_blank"">04867130-n</a></small></small><br>",<small><small>categoria:&ensp;atributo</small></small><br>,<small><small>definição:</small>&ensp;a qualidade de ser aberto e verdadeiro; não enganosa ou hipócrita</small><br>,<small><small>lexemas:</small></small>&ensp;sinceridade<br>,<small><small>valências:&ensp;[ACT]</small></small><br>
fides,lilaLemma:103260,"<small><small>synset_id:&ensp;<a href=""https://www.openwordnet-pt.org/synset?id=04895246-n"" target=""_blank"">04895246-n</a></small></small><br>",<small><small>categoria:&ensp;atributo</small></small><br>,<small><small>definição:</small>&ensp;a característica de acreditar na honestidade e confiabilidade dos outros</small><br>,<small><small>lexemas:</small></small>&ensp;confiança<br>,"<small><small>valências:&ensp;[ACT] ou [ACT,PAT]</small></small><br>"
genus,lilaLemma:104504,"<small><small>synset_id:&ensp;<a href=""https://www.openwordnet-pt.org/synset?id=04923743-n"" target=""_blank"">04923743-n</a></small></small><br>",<small><small>categoria:&ensp;atributo</small></small><br>,<small><small>definição:</small>&ensp;propriedades atribuíveis à sua ascendência</small><br>,"<small><small>lexemas:</small></small>&ensp;extração, origem<br>",<small><small>valências:&ensp;[PAT]</small></small><br>
genus,lilaLemma:104504,"<small><small>synset_id:&ensp;<a href=""https://www.openwordnet-pt.org/synset?id=04928903-n"" target=""_blank"">04928903-n</a></small></small><br>",<small><small>categoria:&ensp;atributo</small></small><br>,<small><small>definição:</small>&ensp;como algo é feito ou como isso acontece</small><br>,"<small><small>lexemas:</small></small>&ensp;estilo, maneira, forma, modo<br>",<small><small>valências:&ensp;[ACT]</small></small><br>
genus,lilaLemma:104504,"<small><small>synset_id:&ensp;<a href=""https://www.openwordnet-pt.org/synset?id=04931733-n"" target=""_blank"">04931733-n</a></small></small><br>",<small><small>categoria:&ensp;atributo</small></small><br>,<small><small>definição:</small>&ensp;uma maneira de fazer ou ser</small><br>,"<small><small>lexemas:</small></small>&ensp;forma, jeito, maneira<br>",
imperium,lilaLemma:106532,"<small><small>synset_id:&ensp;<a href=""https://www.openwordnet-pt.org/synset?id=05194043-n"" target=""_blank"">05194043-n</a></small></small><br>",<small><small>categoria:&ensp;atributo</small></small><br>,<small><small>definição:</small>&ensp;influência controladora</small><br>,"<small><small>lexemas:</small></small>&ensp;domínio, influência<br>","<small><small>valências:&ensp;[ACT,PAT]</small></small><br>"
imperium,lilaLemma:106532,"<small><small>synset_id:&ensp;<a href=""https://www.openwordnet-pt.org/synset?id=05198427-n"" target=""_blank"">05198427-n</a></small></small><br>",<small><small>categoria:&ensp;atributo</small></small><br>,<small><small>definição:</small>&ensp;(lei) o direito e o poder de interpretar e aplicar a lei</small><br>,<small><small>lexemas:</small></small>&ensp;jurisdição<br>,"<small><small>valências:&ensp;[ACT,PAT]</small></small><br>"
imperium,lilaLemma:106532,"<small><small>synset_id:&ensp;<a href=""https://www.openwordnet-pt.org/synset?id=05196375-n"" target=""_blank"">05196375-n</a></small></small><br>",<small><small>categoria:&ensp;atributo</small></small><br>,<small><small>definição:</small>&ensp;poder de dirigir ou determinar</small><br>,"<small><small>lexemas:</small></small>&ensp;controle, controlo<br>","<small><small>valências:&ensp;[ACT,PAT]</small></small><br>"
imperium,lilaLemma:106532,"<small><small>synset_id:&ensp;<a href=""https://www.openwordnet-pt.org/synset?id=05196582-n"" target=""_blank"">05196582-n</a></small></small><br>",<small><small>categoria:&ensp;atributo</small></small><br>,<small><small>definição:</small>&ensp;o poder ou direito de dar ordens ou tomar decisões</small><br>,"<small><small>lexemas:</small></small>&ensp;autoridade, autorização, poder, chefia, domínio, jurisdição, potência, senhorio<br>","<small><small>valências:&ensp;[ACT,PAT] ou [ACT]</small></small><br>"
imperium,lilaLemma:106532,"<small><small>synset_id:&ensp;<a href=""https://www.openwordnet-pt.org/synset?id=05197797-n"" target=""_blank"">05197797-n</a></small></small><br>",<small><small>categoria:&ensp;atributo</small></small><br>,<small><small>definição:</small>&ensp;o poder ou a autoridade de comando</small><br>,<small><small>lexemas:</small></small>&ensp;domínio<br>,
iudicium,lilaLemma:109170,"<small><small>synset_id:&ensp;<a href=""https://www.openwordnet-pt.org/synset?id=05198427-n"" target=""_blank"">05198427-n</a></small></small><br>",<small><small>categoria:&ensp;atributo</small></small><br>,<small><small>definição:</small>&ensp;(lei) o direito e o poder de interpretar e aplicar a lei</small><br>,<small><small>lexemas:</small></small>&ensp;jurisdição<br>,"<small><small>valências:&ensp;[ACT,PAT]</small></small><br>"
lex,lilaLemma:110351,"<small><small>synset_id:&ensp;<a href=""https://www.openwordnet-pt.org/synset?id=04928903-n"" target=""_blank"">04928903-n</a></small></small><br>",<small><small>categoria:&ensp;atributo</small></small><br>,<small><small>definição:</small>&ensp;como algo é feito ou como isso acontece</small><br>,"<small><small>lexemas:</small></small>&ensp;estilo, maneira, forma, modo<br>",<small><small>valências:&ensp;[ACT]</small></small><br>
locus,lilaLemma:110019,"<small><small>synset_id:&ensp;<a href=""https://www.openwordnet-pt.org/synset?id=05189946-n"" target=""_blank"">05189946-n</a></small></small><br>",<small><small>categoria:&ensp;atributo</small></small><br>,<small><small>definição:</small>&ensp;o direito de sentar-se como um membro em um corpo legislativo ou similar</small><br>,<small><small>lexemas:</small></small>&ensp;cadeira<br>,
manus,lilaLemma:111585,"<small><small>synset_id:&ensp;<a href=""https://www.openwordnet-pt.org/synset?id=04857083-n"" target=""_blank"">04857083-n</a></small></small><br>",<small><small>categoria:&ensp;atributo</small></small><br>,<small><small>definição:</small>&ensp;uma qualidade de espírito que lhe permite enfrentar o perigo ou a dor sem demonstrar medo</small><br>,"<small><small>lexemas:</small></small>&ensp;coragem, denodo, ânimo, afoiteza, arrojo, braveza, bravura, esforço, heroicidade, heroísmo, intrepidez, peito, valentia, valor<br>",<small><small>valências:&ensp;[ACT]</small></small><br>
manus,lilaLemma:111585,"<small><small>synset_id:&ensp;<a href=""https://www.openwordnet-pt.org/synset?id=05035353-n"" target=""_blank"">05035353-n</a></small></small><br>",<small><small>categoria:&ensp;atributo</small></small><br>,<small><small>definição:</small>&ensp;energia física ou intensidade</small><br>,"<small><small>lexemas:</small></small>&ensp;força, violência, vigor<br>","<small><small>valências:&ensp;[ACT,PAT] ou [ACT]</small></small><br>"
modus,lilaLemma:112553,"<small><small>synset_id:&ensp;<a href=""https://www.openwordnet-pt.org/synset?id=05124057-n"" target=""_blank"">05124057-n</a></small></small><br>",<small><small>categoria:&ensp;atributo</small></small><br>,<small><small>definição:</small>&ensp;o maior grau possível de algo</small><br>,"<small><small>lexemas:</small></small>&ensp;fronteira, limitação, limite, arraia, raia<br>",<small><small>valências:&ensp;[MAT]</small></small><br>
modus,lilaLemma:112553,"<small><small>synset_id:&ensp;<a href=""https://www.openwordnet-pt.org/synset?id=04984180-n"" target=""_blank"">04984180-n</a></small></small><br>",<small><small>categoria:&ensp;atributo</small></small><br>,<small><small>definição:</small>&ensp;uma propriedade do som agradável</small><br>,<small><small>lexemas:</small></small>&ensp;harmonia<br>,<small><small>valências:&ensp;[ACT]</small></small><br>
modus,lilaLemma:112553,"<small><small>synset_id:&ensp;<a href=""https://www.openwordnet-pt.org/synset?id=04883243-n"" target=""_blank"">04883243-n</a></small></small><br>",<small><small>categoria:&ensp;atributo</small></small><br>,<small><small>definição:</small>&ensp;exibindo restrição imposta ao auto</small><br>,<small><small>lexemas:</small></small>&ensp;autodomínio<br>,<small><small>valências:&ensp;[PAT] ou [ACT]</small></small><br>
modus,lilaLemma:112553,"<small><small>synset_id:&ensp;<a href=""https://www.openwordnet-pt.org/synset?id=04931733-n"" target=""_blank"">04931733-n</a></small></small><br>",<small><small>categoria:&ensp;atributo</small></small><br>,<small><small>definição:</small>&ensp;uma maneira de fazer ou ser</small><br>,"<small><small>lexemas:</small></small>&ensp;forma, jeito, maneira<br>",
modus,lilaLemma:112553,"<small><small>synset_id:&ensp;<a href=""https://www.openwordnet-pt.org/synset?id=05095691-n"" target=""_blank"">05095691-n</a></small></small><br>",<small><small>categoria:&ensp;atributo</small></small><br>,<small><small>definição:</small>&ensp;a propriedade resultante da sendo um de uma série de medições graduadas (a partir de roupas)</small><br>,"<small><small>lexemas:</small></small>&ensp;dimensão, talha<br>",<small><small>valências:&ensp;[MAT]</small></small><br>
modus,lilaLemma:112553,"<small><small>synset_id:&ensp;<a href=""https://www.openwordnet-pt.org/synset?id=04883614-n"" target=""_blank"">04883614-n</a></small></small><br>",<small><small>categoria:&ensp;atributo</small></small><br>,<small><small>definição:</small>&ensp;o traço de evitar excessos</small><br>,"<small><small>lexemas:</small></small>&ensp;moderação, temperança<br>",<small><small>valências:&ensp;[ACT]</small></small><br>
modus,lilaLemma:112553,"<small><small>synset_id:&ensp;<a href=""https://www.openwordnet-pt.org/synset?id=05101261-n"" target=""_blank"">05101261-n</a></small></small><br>",<small><small>categoria:&ensp;atributo</small></small><br>,<small><small>definição:</small>&ensp;o tamanho de algo como determinado pela distância em torno dele</small><br>,"<small><small>lexemas:</small></small>&ensp;circunferência, comprimento da circunferência, perímetro<br>","<small><small>valências:&ensp;[ACT,PAT] ou [ACT] ou [MAT]</small></small><br>"
modus,lilaLemma:112553,"<small><small>synset_id:&ensp;<a href=""https://www.openwordnet-pt.org/synset?id=05123416-n"" target=""_blank"">05123416-n</a></small></small><br>",<small><small>categoria:&ensp;atributo</small></small><br>,<small><small>definição:</small>&ensp;a distância ou a área ou o volume sobre a qual algo se estende</small><br>,"<small><small>lexemas:</small></small>&ensp;alcance, extensão<br>",<small><small>valências:&ensp;[ACT] ou [MAT]</small></small><br>
modus,lilaLemma:112553,"<small><small>synset_id:&ensp;<a href=""https://www.openwordnet-pt.org/synset?id=04987620-n"" target=""_blank"">04987620-n</a></small></small><br>",<small><small>categoria:&ensp;atributo</small></small><br>,<small><small>definição:</small>&ensp;(Música) a propriedade distintiva de um som complexo (a voz ou ruído ou som musical)</small><br>,"<small><small>lexemas:</small></small>&ensp;som, timbre, qualidade<br>",
modus,lilaLemma:112553,"<small><small>synset_id:&ensp;<a href=""https://www.openwordnet-pt.org/synset?id=04928903-n"" target=""_blank"">04928903-n</a></small></small><br>",<small><small>categoria:&ensp;atributo</small></small><br>,<small><small>definição:</small>&ensp;como algo é feito ou como isso acontece</small><br>,"<small><small>lexemas:</small></small>&ensp;estilo, maneira, forma, modo<br>",<small><small>valências:&ensp;[ACT]</small></small><br>
modus,lilaLemma:112553,"<small><small>synset_id:&ensp;<a href=""https://www.openwordnet-pt.org/synset?id=05117660-n"" target=""_blank"">05117660-n</a></small></small><br>",<small><small>categoria:&ensp;atributo</small></small><br>,<small><small>definição:</small>&ensp;qualidade de ser moderados e evitando extremos</small><br>,"<small><small>lexemas:</small></small>&ensp;moderação, temperança<br>",<small><small>valências:&ensp;[ACT]</small></small><br>
modus,lilaLemma:112553,"<small><small>synset_id:&ensp;<a href=""https://www.openwordnet-pt.org/synset?id=04991738-n"" target=""_blank"">04991738-n</a></small></small><br>",<small><small>categoria:&ensp;atributo</small></small><br>,<small><small>definição:</small>&ensp;ritmo como dado pela divisão em partes de igual duração</small><br>,<small><small>lexemas:</small></small>&ensp;medidor<br>,
modus,lilaLemma:112553,"<small><small>synset_id:&ensp;<a href=""https://www.openwordnet-pt.org/synset?id=05129201-n"" target=""_blank"">05129201-n</a></small></small><br>",<small><small>categoria:&ensp;atributo</small></small><br>,<small><small>definição:</small>&ensp;a medida linear no espaço de um lado para o outro; a maior dimensão de algo que se fixa no lugar</small><br>,<small><small>lexemas:</small></small>&ensp;comprimento<br>,"<small><small>valências:&ensp;[ACT,PAT] ou [ACT] ou [MAT]</small></small><br>"
modus,lilaLemma:112553,"<small><small>synset_id:&ensp;<a href=""https://www.openwordnet-pt.org/synset?id=04882968-n"" target=""_blank"">04882968-n</a></small></small><br>",<small><small>categoria:&ensp;atributo</small></small><br>,<small><small>definição:</small>&ensp;disciplina em atividades pessoais e sociais</small><br>,"<small><small>lexemas:</small></small>&ensp;controle, controlo, moderação<br>",<small><small>valências:&ensp;[PAT] ou [ACT]</small></small><br>
mos,lilaLemma:112831,"<small><small>synset_id:&ensp;<a href=""https://www.openwordnet-pt.org/synset?id=04928903-n"" target=""_blank"">04928903-n</a></small></small><br>",<small><small>categoria:&ensp;atributo</small></small><br>,<small><small>definição:</small>&ensp;como algo é feito ou como isso acontece</small><br>,"<small><small>lexemas:</small></small>&ensp;estilo, maneira, forma, modo<br>",<small><small>valências:&ensp;[ACT]</small></small><br>
mos,lilaLemma:112831,"<small><small>synset_id:&ensp;<a href=""https://www.openwordnet-pt.org/synset?id=04620216-n"" target=""_blank"">04620216-n</a></small></small><br>",<small><small>categoria:&ensp;atributo</small></small><br>,<small><small>definição:</small>&ensp;o complexo inerente de atributos que determina uma pessoas ações e reações morais e éticos</small><br>,"<small><small>lexemas:</small></small>&ensp;caráter, personalidade<br>","<small><small>valências:&ensp;[ACT,PAT]</small></small><br>"
mos,lilaLemma:112831,"<small><small>synset_id:&ensp;<a href=""https://www.openwordnet-pt.org/synset?id=04726724-n"" target=""_blank"">04726724-n</a></small></small><br>",<small><small>categoria:&ensp;atributo</small></small><br>,<small><small>definição:</small>&ensp;as qualidades essenciais ou características pelas quais algo é reconhecido</small><br>,<small><small>lexemas:</small></small>&ensp;natureza<br>,"<small><small>valências:&ensp;[ACT,PAT]</small></small><br>"
mos,lilaLemma:112831,"<small><small>synset_id:&ensp;<a href=""https://www.openwordnet-pt.org/synset?id=04723816-n"" target=""_blank"">04723816-n</a></small></small><br>",<small><small>categoria:&ensp;atributo</small></small><br>,<small><small>definição:</small>&ensp;um atributo essencial e distintiva de algo ou alguém</small><br>,<small><small>lexemas:</small></small>&ensp;qualidade<br>,<small><small>valências:&ensp;[ACT]</small></small><br>
mos,lilaLemma:112831,"<small><small>synset_id:&ensp;<a href=""https://www.openwordnet-pt.org/synset?id=04897762-n"" target=""_blank"">04897762-n</a></small></small><br>",<small><small>categoria:&ensp;atributo</small></small><br>,<small><small>definição:</small>&ensp;(Atributos comportamentais) a forma como uma pessoa se comporta em relação a outras pessoas</small><br>,"<small><small>lexemas:</small></small>&ensp;comportamento, conduta, maneira, procedimento, porte<br>","<small><small>valências:&ensp;[ACT,ACMP] ou [ACT] ou [ACT,ADDR] ou [ACT,PAT]</small></small><br>"
mos,lilaLemma:112831,"<small><small>synset_id:&ensp;<a href=""https://www.openwordnet-pt.org/synset?id=04910135-n"" target=""_blank"">04910135-n</a></small></small><br>",<small><small>categoria:&ensp;atributo</small></small><br>,<small><small>definição:</small>&ensp;um modo de agir ou se comportar</small><br>,"<small><small>lexemas:</small></small>&ensp;jeito pessoal, maneira pessoal<br>",<small><small>valências:&ensp;[ACT]</small></small><br>
natura,lilaLemma:113421,"<small><small>synset_id:&ensp;<a href=""https://www.openwordnet-pt.org/synset?id=04623612-n"" target=""_blank"">04623612-n</a></small></small><br>",<small><small>categoria:&ensp;atributo</small></small><br>,<small><small>definição:</small>&ensp;seu humor habitual</small><br>,"<small><small>lexemas:</small></small>&ensp;disposição, temperamento, caráter, compleição, feitio, génio, natureza, personalidade, índole<br>","<small><small>valências:&ensp;[ACT,PAT]</small></small><br>"
natura,lilaLemma:113421,"<small><small>synset_id:&ensp;<a href=""https://www.openwordnet-pt.org/synset?id=04785908-n"" target=""_blank"">04785908-n</a></small></small><br>",<small><small>categoria:&ensp;atributo</small></small><br>,"<small><small>definição:</small>&ensp;a qualidade de ser natural, ou com base em princípios naturais</small><br>",<small><small>lexemas:</small></small>&ensp;naturalidade<br>,
natura,lilaLemma:113421,"<small><small>synset_id:&ensp;<a href=""https://www.openwordnet-pt.org/synset?id=04620216-n"" target=""_blank"">04620216-n</a></small></small><br>",<small><small>categoria:&ensp;atributo</small></small><br>,<small><small>definição:</small>&ensp;o complexo inerente de atributos que determina uma pessoas ações e reações morais e éticos</small><br>,"<small><small>lexemas:</small></small>&ensp;caráter, personalidade<br>","<small><small>valências:&ensp;[ACT,PAT]</small></small><br>"
natura,lilaLemma:113421,"<small><small>synset_id:&ensp;<a href=""https://www.openwordnet-pt.org/synset?id=04726724-n"" target=""_blank"">04726724-n</a></small></small><br>",<small><small>categoria:&ensp;atributo</small></small><br>,<small><small>definição:</small>&ensp;as qualidades essenciais ou características pelas quais algo é reconhecido</small><br>,<small><small>lexemas:</small></small>&ensp;natureza<br>,"<small><small>valências:&ensp;[ACT,PAT]</small></small><br>"
natura,lilaLemma:113421,"<small><small>synset_id:&ensp;<a href=""https://www.openwordnet-pt.org/synset?id=04623113-n"" target=""_blank"">04623113-n</a></small></small><br>",<small><small>categoria:&ensp;atributo</small></small><br>,<small><small>definição:</small>&ensp;o complexo de atributos emocionais e intelectuais que determinam as ações e reações características de uma pessoa</small><br>,"<small><small>lexemas:</small></small>&ensp;natureza, índole, naturaleza<br>","<small><small>valências:&ensp;[ACT,PAT]</small></small><br>"
natura,lilaLemma:113421,"<small><small>synset_id:&ensp;<a href=""https://www.openwordnet-pt.org/synset?id=04920867-n"" target=""_blank"">04920867-n</a></small></small><br>",<small><small>categoria:&ensp;atributo</small></small><br>,<small><small>definição:</small>&ensp;o total de atributos herdados</small><br>,"<small><small>lexemas:</small></small>&ensp;herança, hereditariedade<br>",
pars,lilaLemma:116084,"<small><small>synset_id:&ensp;<a href=""https://www.openwordnet-pt.org/synset?id=05149325-n"" target=""_blank"">05149325-n</a></small></small><br>",<small><small>categoria:&ensp;atributo</small></small><br>,<small><small>definição:</small>&ensp;o que uma coisa é usada para</small><br>,"<small><small>lexemas:</small></small>&ensp;função, propósito, papel<br>","<small><small>valências:&ensp;[MAT] ou [ACT,PAT]</small></small><br>"
tempus,lilaLemma:127522,"<small><small>synset_id:&ensp;<a href=""https://www.openwordnet-pt.org/synset?id=04991738-n"" target=""_blank"">04991738-n</a></small></small><br>",<small><small>categoria:&ensp;atributo</small></small><br>,<small><small>definição:</small>&ensp;ritmo como dado pela divisão em partes de igual duração</small><br>,<small><small>lexemas:</small></small>&ensp;medidor<br>,
uirtus,lilaLemma:130356,"<small><small>synset_id:&ensp;<a href=""https://www.openwordnet-pt.org/synset?id=04666837-n"" target=""_blank"">04666837-n</a></small></small><br>",<small><small>categoria:&ensp;atributo</small></small><br>,<small><small>definição:</small>&ensp;a característica de ser viril; tendo as características de um macho adulto</small><br>,"<small><small>lexemas:</small></small>&ensp;hombridade, virilidade<br>",<small><small>valências:&ensp;[ACT]</small></small><br>
uirtus,lilaLemma:130356,"<small><small>synset_id:&ensp;<a href=""https://www.openwordnet-pt.org/synset?id=04857083-n"" target=""_blank"">04857083-n</a></small></small><br>",<small><small>categoria:&ensp;atributo</small></small><br>,<small><small>definição:</small>&ensp;uma qualidade de espírito que lhe permite enfrentar o perigo ou a dor sem demonstrar medo</small><br>,"<small><small>lexemas:</small></small>&ensp;coragem, denodo, ânimo, afoiteza, arrojo, braveza, bravura, esforço, heroicidade, heroísmo, intrepidez, peito, valentia, valor<br>",<small><small>valências:&ensp;[ACT]</small></small><br>
uirtus,lilaLemma:130356,"<small><small>synset_id:&ensp;<a href=""https://www.openwordnet-pt.org/synset?id=04728786-n"" target=""_blank"">04728786-n</a></small></small><br>",<small><small>categoria:&ensp;atributo</small></small><br>,<small><small>definição:</small>&ensp;a qualidade de excelling; possuir boas qualidades em grau elevado</small><br>,<small><small>lexemas:</small></small>&ensp;excelência<br>,<small><small>valências:&ensp;[ACT]</small></small><br>
uirtus,lilaLemma:130356,"<small><small>synset_id:&ensp;<a href=""https://www.openwordnet-pt.org/synset?id=04847482-n"" target=""_blank"">04847482-n</a></small></small><br>",<small><small>categoria:&ensp;atributo</small></small><br>,<small><small>definição:</small>&ensp;a excelência moral particular</small><br>,"<small><small>lexemas:</small></small>&ensp;Virtudes, virtude<br>","<small><small>valências:&ensp;[ACT,PAT] ou [ACT]</small></small><br>"
uirtus,lilaLemma:130356,"<small><small>synset_id:&ensp;<a href=""https://www.openwordnet-pt.org/synset?id=04847298-n"" target=""_blank"">04847298-n</a></small></small><br>",<small><small>categoria:&ensp;atributo</small></small><br>,<small><small>definição:</small>&ensp;a qualidade de fazer o que é certo e evitar o que é errado</small><br>,<small><small>lexemas:</small></small>&ensp;virtude<br>,<small><small>valências:&ensp;[ACT]</small></small><br>
uirtus,lilaLemma:130356,"<small><small>synset_id:&ensp;<a href=""https://www.openwordnet-pt.org/synset?id=05029706-n"" target=""_blank"">05029706-n</a></small></small><br>",<small><small>categoria:&ensp;atributo</small></small><br>,<small><small>definição:</small>&ensp;a propriedade de ser fisicamente ou mentalmente forte</small><br>,"<small><small>lexemas:</small></small>&ensp;força, fortaleza<br>","<small><small>valências:&ensp;[ACT,PAT] ou [ACT]</small></small><br>"
uirtus,lilaLemma:130356,"<small><small>synset_id:&ensp;<a href=""https://www.openwordnet-pt.org/synset?id=04849241-n"" target=""_blank"">04849241-n</a></small></small><br>",<small><small>categoria:&ensp;atributo</small></small><br>,<small><small>definição:</small>&ensp;excelência moral ou admirableness</small><br>,"<small><small>lexemas:</small></small>&ensp;bondade, virtude<br>",<small><small>valências:&ensp;[ACT]</small></small><br>
uirtus,lilaLemma:130356,"<small><small>synset_id:&ensp;<a href=""https://www.openwordnet-pt.org/synset?id=05190804-n"" target=""_blank"">05190804-n</a></small></small><br>",<small><small>categoria:&ensp;atributo</small></small><br>,<small><small>definição:</small>&ensp;posse de controlar a influência</small><br>,"<small><small>lexemas:</small></small>&ensp;poder, potência<br>","<small><small>valências:&ensp;[ACT,PAT]</small></small><br>"
uirtus,lilaLemma:130356,"<small><small>synset_id:&ensp;<a href=""https://www.openwordnet-pt.org/synset?id=05138958-n"" target=""_blank"">05138958-n</a></small></small><br>",<small><small>categoria:&ensp;atributo</small></small><br>,<small><small>definição:</small>&ensp;qualquer qualidade admirável ou atributo</small><br>,"<small><small>lexemas:</small></small>&ensp;merecimento, mérito, virtude<br>","<small><small>valências:&ensp;[ACT,PAT] ou [ACT]</small></small><br>"
uirtus,lilaLemma:130356,"<small><small>synset_id:&ensp;<a href=""https://www.openwordnet-pt.org/synset?id=05030806-n"" target=""_blank"">05030806-n</a></small></small><br>",<small><small>categoria:&ensp;atributo</small></small><br>,<small><small>definição:</small>&ensp;força ativa do corpo ou da mente</small><br>,"<small><small>lexemas:</small></small>&ensp;força, vigor<br>",<small><small>valências:&ensp;[ACT]</small></small><br>
uirtus,lilaLemma:130356,"<small><small>synset_id:&ensp;<a href=""https://www.openwordnet-pt.org/synset?id=04849759-n"" target=""_blank"">04849759-n</a></small></small><br>",<small><small>categoria:&ensp;atributo</small></small><br>,<small><small>definição:</small>&ensp;moralidade no que diz respeito às relações sexuais</small><br>,"<small><small>lexemas:</small></small>&ensp;castidade, pureza, virtude<br>",<small><small>valências:&ensp;[ACT]</small></small><br>
uirtus,lilaLemma:130356,"<small><small>synset_id:&ensp;<a href=""https://www.openwordnet-pt.org/synset?id=05138208-n"" target=""_blank"">05138208-n</a></small></small><br>",<small><small>categoria:&ensp;atributo</small></small><br>,<small><small>definição:</small>&ensp;a qualidade que processa algo desejável ou úteis ou valiosos</small><br>,"<small><small>lexemas:</small></small>&ensp;importância, valor<br>","<small><small>valências:&ensp;[ACT,PAT] ou [ACT]</small></small><br>"
uirtus,lilaLemma:130356,"<small><small>synset_id:&ensp;<a href=""https://www.openwordnet-pt.org/synset?id=04857738-n"" target=""_blank"">04857738-n</a></small></small><br>",<small><small>categoria:&ensp;atributo</small></small><br>,<small><small>definição:</small>&ensp;as qualidades de um herói ou heroína; coragem excepcional ou heróico ao enfrentar o perigo (especialmente no campo de batalha)</small><br>,"<small><small>lexemas:</small></small>&ensp;heroísmo, audácia, bravura, valentia, valor<br>",<small><small>valências:&ensp;[ACT]</small></small><br>
uirtus,lilaLemma:130356,"<small><small>synset_id:&ensp;<a href=""https://www.openwordnet-pt.org/synset?id=04943154-n"" target=""_blank"">04943154-n</a></small></small><br>",<small><small>categoria:&ensp;atributo</small></small><br>,<small><small>definição:</small>&ensp;uma disposição para se comportar de uma certa maneira</small><br>,<small><small>lexemas:</small></small>&ensp;tendência<br>,"<small><small>valências:&ensp;[ACT] ou [ACT,PAT] ou [ACT,DIR3]</small></small><br>"
uox,lilaLemma:130806,"<small><small>synset_id:&ensp;<a href=""https://www.openwordnet-pt.org/synset?id=05202284-n"" target=""_blank"">05202284-n</a></small></small><br>",<small><small>categoria:&ensp;atributo</small></small><br>,<small><small>definição:</small>&ensp;a capacidade de falar</small><br>,<small><small>lexemas:</small></small>&ensp;voz<br>,
uox,lilaLemma:130806,"<small><small>synset_id:&ensp;<a href=""https://www.openwordnet-pt.org/synset?id=04981139-n"" target=""_blank"">04981139-n</a></small></small><br>",<small><small>categoria:&ensp;atributo</small></small><br>,<small><small>definição:</small>&ensp;o efeito auditivo especial produzido por uma determinada causa</small><br>,<small><small>lexemas:</small></small>&ensp;som<br>,
uox,lilaLemma:130806,"<small><small>synset_id:&ensp;<a href=""https://www.openwordnet-pt.org/synset?id=04987620-n"" target=""_blank"">04987620-n</a></small></small><br>",<small><small>categoria:&ensp;atributo</small></small><br>,<small><small>definição:</small>&ensp;(Música) a propriedade distintiva de um som complexo (a voz ou ruído ou som musical)</small><br>,"<small><small>lexemas:</small></small>&ensp;som, timbre, qualidade<br>",
uox,lilaLemma:130806,"<small><small>synset_id:&ensp;<a href=""https://www.openwordnet-pt.org/synset?id=04986883-n"" target=""_blank"">04986883-n</a></small></small><br>",<small><small>categoria:&ensp;atributo</small></small><br>,<small><small>definição:</small>&ensp;(Lingüística) um passo ou mudança de tom da voz que serve para distinguir palavras em línguas tonais</small><br>,<small><small>lexemas:</small></small>&ensp;tom<br>,
uox,lilaLemma:130806,"<small><small>synset_id:&ensp;<a href=""https://www.openwordnet-pt.org/synset?id=04981941-n"" target=""_blank"">04981941-n</a></small></small><br>",<small><small>categoria:&ensp;atributo</small></small><br>,<small><small>definição:</small>&ensp;a qualidade distintivo ou arremesso ou condição do discurso de uma pessoa</small><br>,<small><small>lexemas:</small></small>&ensp;voz<br>,
accipio,lilaLemma:87119,"<small><small>synset_id:&ensp;<a href=""https://www.openwordnet-pt.org/synset?id=00593522-v"" target=""_blank"">00593522-v</a></small></small><br>",<small><small>categoria:&ensp;cognição</small></small><br>,<small><small>definição:</small>&ensp;acredito ser o caso</small><br>,"<small><small>lexemas:</small></small>&ensp;entender, inferir, deduzir<br>","<small><small>valências:&ensp;[ACT,PAT] ou [ACT,ORIG,PAT]</small></small><br>"
accipio,lilaLemma:87119,"<small><small>synset_id:&ensp;<a href=""https://www.openwordnet-pt.org/synset?id=00624476-v"" target=""_blank"">00624476-v</a></small></small><br>",<small><small>categoria:&ensp;cognição</small></small><br>,<small><small>definição:</small>&ensp;interpretar algo de uma certa maneira; transmitir um significado ou impressão particular</small><br>,"<small><small>lexemas:</small></small>&ensp;ler, entender<br>","<small><small>valências:&ensp;[ACT,EFF,PAT] ou [ACT,PAT]</small></small><br>"
accipio,lilaLemma:87119,"<small><small>synset_id:&ensp;<a href=""https://www.openwordnet-pt.org/synset?id=00588221-v"" target=""_blank"">00588221-v</a></small></small><br>",<small><small>categoria:&ensp;cognição</small></small><br>,<small><small>definição:</small>&ensp;pegar o sentido de algo</small><br>,"<small><small>lexemas:</small></small>&ensp;compreender, entender<br>","<small><small>valências:&ensp;[ACT,ORIG,PAT] ou [ACT,PAT]</small></small><br>"
accipio,lilaLemma:87119,"<small><small>synset_id:&ensp;<a href=""https://www.openwordnet-pt.org/synset?id=00636574-v"" target=""_blank"">00636574-v</a></small></small><br>",<small><small>categoria:&ensp;cognição</small></small><br>,<small><small>definição:</small>&ensp;razão por dedução; estabelecer por dedução</small><br>,"<small><small>lexemas:</small></small>&ensp;concluir, deduzir, depreender, inferir<br>","<small><small>valências:&ensp;[ACT,ORIG,PAT] ou [ACT,PAT] ou [ACT]</small></small><br>"
accipio,lilaLemma:87119,"<small><small>synset_id:&ensp;<a href=""https://www.openwordnet-pt.org/synset?id=00686447-v"" target=""_blank"">00686447-v</a></small></small><br>",<small><small>categoria:&ensp;cognição</small></small><br>,<small><small>definição:</small>&ensp;considerar ou manter como verdadeiro</small><br>,<small><small>lexemas:</small></small>&ensp;aceitar<br>,"<small><small>valências:&ensp;[ACT,PAT]</small></small><br>"
accipio,lilaLemma:87119,"<small><small>synset_id:&ensp;<a href=""https://www.openwordnet-pt.org/synset?id=00623151-v"" target=""_blank"">00623151-v</a></small></small><br>",<small><small>categoria:&ensp;cognição</small></small><br>,<small><small>definição:</small>&ensp;fazer sentido; atribuir um significado à</small><br>,"<small><small>lexemas:</small></small>&ensp;compreender, entender, construir, interpretar, ver<br>","<small><small>valências:&ensp;[ACT,EFF,PAT] ou [ACT,PAT] ou [ACT,PAT,EFF] ou [ACT,ADDR,PAT]</small></small><br>"
accipio,lilaLemma:87119,"<small><small>synset_id:&ensp;<a href=""https://www.openwordnet-pt.org/synset?id=00597915-v"" target=""_blank"">00597915-v</a></small></small><br>",<small><small>categoria:&ensp;cognição</small></small><br>,<small><small>definição:</small>&ensp;adquirir conhecimentos ou habilidades</small><br>,"<small><small>lexemas:</small></small>&ensp;adquirir, aprender<br>","<small><small>valências:&ensp;[ACT,PAT]</small></small><br>"
accipio,lilaLemma:87119,"<small><small>synset_id:&ensp;<a href=""https://www.openwordnet-pt.org/synset?id=00683280-v"" target=""_blank"">00683280-v</a></small></small><br>",<small><small>categoria:&ensp;cognição</small></small><br>,<small><small>definição:</small>&ensp;aceitar como verdade; tomar como verdade</small><br>,"<small><small>lexemas:</small></small>&ensp;acreditar, crer, achar, considerar<br>","<small><small>valências:&ensp;[ACT,PAT]</small></small><br>"
accipio,lilaLemma:87119,"<small><small>synset_id:&ensp;<a href=""https://www.openwordnet-pt.org/synset?id=00686879-v"" target=""_blank"">00686879-v</a></small></small><br>",<small><small>categoria:&ensp;cognição</small></small><br>,<small><small>definição:</small>&ensp;aceitar como verdadeiro ou válido</small><br>,"<small><small>lexemas:</small></small>&ensp;aceitar, receber<br>","<small><small>valências:&ensp;[ACT,PAT]</small></small><br>"
animus,lilaLemma:89094,"<small><small>synset_id:&ensp;<a href=""https://www.openwordnet-pt.org/synset?id=05982915-n"" target=""_blank"">05982915-n</a></small></small><br>",<small><small>categoria:&ensp;cognição</small></small><br>,<small><small>definição:</small>&ensp;sua intenção; o que você pretende fazer</small><br>,"<small><small>lexemas:</small></small>&ensp;ideia, intento, intenção, mente, objectivo, objetivo, plano, idéia<br>","<small><small>valências:&ensp;[ACT,PAT]</small></small><br>"
animus,lilaLemma:89094,"<small><small>synset_id:&ensp;<a href=""https://www.openwordnet-pt.org/synset?id=05789432-n"" target=""_blank"">05789432-n</a></small></small><br>",<small><small>categoria:&ensp;cognição</small></small><br>,<small><small>definição:</small>&ensp;o processo cognitivo de chegar a uma decisão ou tirar conclusões</small><br>,<small><small>lexemas:</small></small>&ensp;julgamento<br>,<small><small>valências:&ensp;[ACT]</small></small><br>
animus,lilaLemma:89094,"<small><small>synset_id:&ensp;<a href=""https://www.openwordnet-pt.org/synset?id=05760202-n"" target=""_blank"">05760202-n</a></small></small><br>",<small><small>categoria:&ensp;cognição</small></small><br>,"<small><small>definição:</small>&ensp;os processos cognitivos, no qual a experiência do passado é lembrada</small><br>",<small><small>lexemas:</small></small>&ensp;memória<br>,"<small><small>valências:&ensp;[ACT,PAT]</small></small><br>"
animus,lilaLemma:89094,"<small><small>synset_id:&ensp;<a href=""https://www.openwordnet-pt.org/synset?id=05614175-n"" target=""_blank"">05614175-n</a></small></small><br>",<small><small>categoria:&ensp;cognição</small></small><br>,<small><small>definição:</small>&ensp;a capacidade mental de compreender e distinguir as relações</small><br>,"<small><small>lexemas:</small></small>&ensp;critério, discernimento, julgamento, juízo<br>",<small><small>valências:&ensp;[ACT]</small></small><br>
animus,lilaLemma:89094,"<small><small>synset_id:&ensp;<a href=""https://www.openwordnet-pt.org/synset?id=05652593-n"" target=""_blank"">05652593-n</a></small></small><br>",<small><small>categoria:&ensp;cognição</small></small><br>,<small><small>definição:</small>&ensp;a capacidade de escolha consciente e decisão e intenção</small><br>,<small><small>lexemas:</small></small>&ensp;vontade<br>,"<small><small>valências:&ensp;[ACT,PAT]</small></small><br>"
animus,lilaLemma:89094,"<small><small>synset_id:&ensp;<a href=""https://www.openwordnet-pt.org/synset?id=06196584-n"" target=""_blank"">06196584-n</a></small></small><br>",<small><small>categoria:&ensp;cognição</small></small><br>,"<small><small>definição:</small>&ensp;uma atitude da mente, especialmente um que favorece uma alternativa sobre os outros</small><br>","<small><small>lexemas:</small></small>&ensp;tendência, inclinação<br>","<small><small>valências:&ensp;[ACT,PAT] ou [ACT,DIR3]</small></small><br>"
animus,lilaLemma:89094,"<small><small>synset_id:&ensp;<a href=""https://www.openwordnet-pt.org/synset?id=05675130-n"" target=""_blank"">05675130-n</a></small></small><br>",<small><small>categoria:&ensp;cognição</small></small><br>,<small><small>definição:</small>&ensp;um estado de alerta cognitivo no qual você está consciente de si mesmo e sua situação</small><br>,"<small><small>lexemas:</small></small>&ensp;Estudos da consciência, consciência, conhecimento, sentido<br>","<small><small>valências:&ensp;[ACT,PAT]</small></small><br>"
animus,lilaLemma:89094,"<small><small>synset_id:&ensp;<a href=""https://www.openwordnet-pt.org/synset?id=05919263-n"" target=""_blank"">05919263-n</a></small></small><br>",<small><small>categoria:&ensp;cognição</small></small><br>,<small><small>definição:</small>&ensp;o locus de sentimentos e intuições</small><br>,"<small><small>lexemas:</small></small>&ensp;coração, alma, cor, entranha, peito, íntimo<br>",
animus,lilaLemma:89094,"<small><small>synset_id:&ensp;<a href=""https://www.openwordnet-pt.org/synset?id=05611302-n"" target=""_blank"">05611302-n</a></small></small><br>",<small><small>categoria:&ensp;cognição</small></small><br>,<small><small>definição:</small>&ensp;o que é responsável para os pensamentos e sentimentos; a sede da faculdade da razão</small><br>,"<small><small>lexemas:</small></small>&ensp;cabeça, mente, psique, cérebro<br>",
animus,lilaLemma:89094,"<small><small>synset_id:&ensp;<a href=""https://www.openwordnet-pt.org/synset?id=05945642-n"" target=""_blank"">05945642-n</a></small></small><br>",<small><small>categoria:&ensp;cognição</small></small><br>,<small><small>definição:</small>&ensp;uma crença pessoal ou julgamento que não se baseia em provas ou certeza</small><br>,"<small><small>lexemas:</small></small>&ensp;opinião, pensamento, perspicácia, parecer, visão<br>","<small><small>valências:&ensp;[ACT,PAT] ou [ACT]</small></small><br>"
animus,lilaLemma:89094,"<small><small>synset_id:&ensp;<a href=""https://www.openwordnet-pt.org/synset?id=05762149-n"" target=""_blank"">05762149-n</a></small></small><br>",<small><small>categoria:&ensp;cognição</small></small><br>,<small><small>definição:</small>&ensp;recordação ou lembrança</small><br>,"<small><small>lexemas:</small></small>&ensp;memória, mente<br>",
animus,lilaLemma:89094,"<small><small>synset_id:&ensp;<a href=""https://www.openwordnet-pt.org/synset?id=05678148-n"" target=""_blank"">05678148-n</a></small></small><br>",<small><small>categoria:&ensp;cognição</small></small><br>,<small><small>definição:</small>&ensp;consciência e capacidade de resposta mental</small><br>,<small><small>lexemas:</small></small>&ensp;sensibilidade<br>,<small><small>valências:&ensp;[ACT]</small></small><br>
animus,lilaLemma:89094,"<small><small>synset_id:&ensp;<a href=""https://www.openwordnet-pt.org/synset?id=05767733-n"" target=""_blank"">05767733-n</a></small></small><br>",<small><small>categoria:&ensp;cognição</small></small><br>,<small><small>definição:</small>&ensp;a capacidade de formar imagens mentais de coisas ou eventos</small><br>,"<small><small>lexemas:</small></small>&ensp;Imaginação, imaginação, imagem, representação<br>","<small><small>valências:&ensp;[ACT,PAT]</small></small><br>"
animus,lilaLemma:89094,"<small><small>synset_id:&ensp;<a href=""https://www.openwordnet-pt.org/synset?id=05651680-n"" target=""_blank"">05651680-n</a></small></small><br>",<small><small>categoria:&ensp;cognição</small></small><br>,<small><small>definição:</small>&ensp;a capacidade para o pensamento racional ou inferência ou discriminação</small><br>,"<small><small>lexemas:</small></small>&ensp;entendimento, inteligência, razão, compreensão, intelecto<br>","<small><small>valências:&ensp;[PAT] ou [ACT,PAT] ou [ACT]</small></small><br>"
animus,lilaLemma:89094,"<small><small>synset_id:&ensp;<a href=""https://www.openwordnet-pt.org/synset?id=05618849-n"" target=""_blank"">05618849-n</a></small></small><br>",<small><small>categoria:&ensp;cognição</small></small><br>,<small><small>definição:</small>&ensp;capacidade intelectual e conhecimento</small><br>,<small><small>lexemas:</small></small>&ensp;inteligência<br>,
animus,lilaLemma:89094,"<small><small>synset_id:&ensp;<a href=""https://www.openwordnet-pt.org/synset?id=05982152-n"" target=""_blank"">05982152-n</a></small></small><br>",<small><small>categoria:&ensp;cognição</small></small><br>,<small><small>definição:</small>&ensp;um resultado antecipado que se destina ou que orienta suas ações planejadas</small><br>,"<small><small>lexemas:</small></small>&ensp;finalidade, intento, intenção, objectivo, objetivo, propósito, alvo, desenho, desígnio, escopo, fim, intuito, meta, mira, objeto, plano, resolução, tenção<br>","<small><small>valências:&ensp;[ACT,PAT] ou [ACT]</small></small><br>"
audio,lilaLemma:90641,"<small><small>synset_id:&ensp;<a href=""https://www.openwordnet-pt.org/synset?id=00623151-v"" target=""_blank"">00623151-v</a></small></small><br>",<small><small>categoria:&ensp;cognição</small></small><br>,<small><small>definição:</small>&ensp;fazer sentido; atribuir um significado à</small><br>,"<small><small>lexemas:</small></small>&ensp;compreender, entender, construir, interpretar, ver<br>","<small><small>valências:&ensp;[ACT,EFF,PAT] ou [ACT,PAT] ou [ACT,PAT,EFF] ou [ACT,ADDR,PAT]</small></small><br>"
audio,lilaLemma:90641,"<small><small>synset_id:&ensp;<a href=""https://www.openwordnet-pt.org/synset?id=00635523-v"" target=""_blank"">00635523-v</a></small></small><br>",<small><small>categoria:&ensp;cognição</small></small><br>,<small><small>definição:</small>&ensp;compreender o significado da</small><br>,<small><small>lexemas:</small></small>&ensp;responder<br>,"<small><small>valências:&ensp;[ACT,PAT]</small></small><br>"
audio,lilaLemma:90641,"<small><small>synset_id:&ensp;<a href=""https://www.openwordnet-pt.org/synset?id=00591115-v"" target=""_blank"">00591115-v</a></small></small><br>",<small><small>categoria:&ensp;cognição</small></small><br>,<small><small>definição:</small>&ensp;perceber (uma idéia ou situação) mentalmente</small><br>,"<small><small>lexemas:</small></small>&ensp;compreender, entender, perceber, realizar, ver<br>","<small><small>valências:&ensp;[ACT,PAT]</small></small><br>"
audio,lilaLemma:90641,"<small><small>synset_id:&ensp;<a href=""https://www.openwordnet-pt.org/synset?id=00588888-v"" target=""_blank"">00588888-v</a></small></small><br>",<small><small>categoria:&ensp;cognição</small></small><br>,<small><small>definição:</small>&ensp;conhecer e compreender a natureza ou o significado de</small><br>,"<small><small>lexemas:</small></small>&ensp;compreender, comprender, entender, abranger, concluir, deduzir, depreender, inferir, perceber<br>","<small><small>valências:&ensp;[ACT,PAT]</small></small><br>"
audio,lilaLemma:90641,"<small><small>synset_id:&ensp;<a href=""https://www.openwordnet-pt.org/synset?id=00593852-v"" target=""_blank"">00593852-v</a></small></small><br>",<small><small>categoria:&ensp;cognição</small></small><br>,<small><small>definição:</small>&ensp;entender uma lingua</small><br>,"<small><small>lexemas:</small></small>&ensp;entender, interpretar, traduzir, ler<br>","<small><small>valências:&ensp;[ACT,PAT]</small></small><br>"
audio,lilaLemma:90641,"<small><small>synset_id:&ensp;<a href=""https://www.openwordnet-pt.org/synset?id=00598954-v"" target=""_blank"">00598954-v</a></small></small><br>",<small><small>categoria:&ensp;cognição</small></small><br>,"<small><small>definição:</small>&ensp;conhecer ou tomar conhecimento de, geralmente acidentalmente</small><br>","<small><small>lexemas:</small></small>&ensp;achar, descobrir, informar-se, inteirar, ouvir, saber, ver<br>","<small><small>valências:&ensp;[ACT,PAT]</small></small><br>"
uita,lilaLemma:130393,"<small><small>synset_id:&ensp;<a href=""https://www.openwordnet-pt.org/synset?id=05810561-n"" target=""_blank"">05810561-n</a></small></small><br>",<small><small>categoria:&ensp;cognição</small></small><br>,<small><small>definição:</small>&ensp;a experiência de estar vivo; o curso dos acontecimentos humanos e atividades</small><br>,"<small><small>lexemas:</small></small>&ensp;vida, existência<br>",
uita,lilaLemma:130393,"<small><small>synset_id:&ensp;<a href=""https://www.openwordnet-pt.org/synset?id=05693919-n"" target=""_blank"">05693919-n</a></small></small><br>",<small><small>categoria:&ensp;cognição</small></small><br>,<small><small>definição:</small>&ensp;algo imaterial assistência a uma pessoa ou causa ou interesse</small><br>,<small><small>lexemas:</small></small>&ensp;apoio<br>,"<small><small>valências:&ensp;[ACT,PAT]</small></small><br>"
uolo,lilaLemma:130745,"<small><small>synset_id:&ensp;<a href=""https://www.openwordnet-pt.org/synset?id=00709205-v"" target=""_blank"">00709205-v</a></small></small><br>",<small><small>categoria:&ensp;cognição</small></small><br>,<small><small>definição:</small>&ensp;desejo ou exigem a presença de</small><br>,"<small><small>lexemas:</small></small>&ensp;desejar, querer, precisar<br>","<small><small>valências:&ensp;[ACT,PAT]</small></small><br>"
uolo,lilaLemma:130745,"<small><small>synset_id:&ensp;<a href=""https://www.openwordnet-pt.org/synset?id=00708538-v"" target=""_blank"">00708538-v</a></small></small><br>",<small><small>categoria:&ensp;cognição</small></small><br>,<small><small>definição:</small>&ensp;ter em mente como objetivo</small><br>,"<small><small>lexemas:</small></small>&ensp;pretender, pensar<br>","<small><small>valências:&ensp;[ACT,PAT]</small></small><br>"
uolo,lilaLemma:130745,"<small><small>synset_id:&ensp;<a href=""https://www.openwordnet-pt.org/synset?id=00708980-v"" target=""_blank"">00708980-v</a></small></small><br>",<small><small>categoria:&ensp;cognição</small></small><br>,<small><small>definição:</small>&ensp;propor ou intenção</small><br>,"<small><small>lexemas:</small></small>&ensp;pretender, propor<br>","<small><small>valências:&ensp;[ACT,PAT] ou [ACT,DIR3,PAT]</small></small><br>"
uolo,lilaLemma:130745,"<small><small>synset_id:&ensp;<a href=""https://www.openwordnet-pt.org/synset?id=00698398-v"" target=""_blank"">00698398-v</a></small></small><br>",<small><small>categoria:&ensp;cognição</small></small><br>,<small><small>definição:</small>&ensp;determinar por escolha</small><br>,<small><small>lexemas:</small></small>&ensp;querer<br>,"<small><small>valências:&ensp;[ACT,PAT]</small></small><br>"
bonum,lilaLemma:91351,"<small><small>synset_id:&ensp;<a href=""https://www.openwordnet-pt.org/synset?id=05624042-n"" target=""_blank"">05624042-n</a></small></small><br>",<small><small>categoria:&ensp;cognição</small></small><br>,<small><small>definição:</small>&ensp;habilidades naturais ou qualidades</small><br>,"<small><small>lexemas:</small></small>&ensp;dom, talento<br>","<small><small>valências:&ensp;[ACT,PAT]</small></small><br>"
capio,lilaLemma:92686,"<small><small>synset_id:&ensp;<a href=""https://www.openwordnet-pt.org/synset?id=00737476-v"" target=""_blank"">00737476-v</a></small></small><br>",<small><small>categoria:&ensp;cognição</small></small><br>,<small><small>definição:</small>&ensp;capturar a atenção ou a imaginação de</small><br>,"<small><small>lexemas:</small></small>&ensp;capturar, prender<br>","<small><small>valências:&ensp;[ACT,PAT]</small></small><br>"
capio,lilaLemma:92686,"<small><small>synset_id:&ensp;<a href=""https://www.openwordnet-pt.org/synset?id=00674607-v"" target=""_blank"">00674607-v</a></small></small><br>",<small><small>categoria:&ensp;cognição</small></small><br>,"<small><small>definição:</small>&ensp;escolher, selecionar de um numero de alternativas</small><br>","<small><small>lexemas:</small></small>&ensp;escolher, seleccionar, selecionar, apanhar, eleger, optar, pegar<br>","<small><small>valências:&ensp;[ACT,PAT] ou [ACT,ADDR,PAT] ou [ACT,DIR1,PAT]</small></small><br>"
capio,lilaLemma:92686,"<small><small>synset_id:&ensp;<a href=""https://www.openwordnet-pt.org/synset?id=00679937-v"" target=""_blank"">00679937-v</a></small></small><br>",<small><small>categoria:&ensp;cognição</small></small><br>,<small><small>definição:</small>&ensp;Consulte ajuste ou adequada para agir de uma certa maneira; decidir para agir de uma certa maneira</small><br>,<small><small>lexemas:</small></small>&ensp;escolher<br>,"<small><small>valências:&ensp;[ACT,PAT]</small></small><br>"
capio,lilaLemma:92686,"<small><small>synset_id:&ensp;<a href=""https://www.openwordnet-pt.org/synset?id=00588221-v"" target=""_blank"">00588221-v</a></small></small><br>",<small><small>categoria:&ensp;cognição</small></small><br>,<small><small>definição:</small>&ensp;pegar o sentido de algo</small><br>,"<small><small>lexemas:</small></small>&ensp;compreender, entender<br>","<small><small>valências:&ensp;[ACT,ORIG,PAT] ou [ACT,PAT]</small></small><br>"
castra,lilaLemma:138599,"<small><small>synset_id:&ensp;<a href=""https://www.openwordnet-pt.org/synset?id=05853100-n"" target=""_blank"">05853100-n</a></small></small><br>",<small><small>categoria:&ensp;cognição</small></small><br>,<small><small>definição:</small>&ensp;um aspecto particular da vida ou atividade</small><br>,"<small><small>lexemas:</small></small>&ensp;sector, setor, campo, esfera, âmbito<br>",
causa,lilaLemma:93253,"<small><small>synset_id:&ensp;<a href=""https://www.openwordnet-pt.org/synset?id=05651680-n"" target=""_blank"">05651680-n</a></small></small><br>",<small><small>categoria:&ensp;cognição</small></small><br>,<small><small>definição:</small>&ensp;a capacidade para o pensamento racional ou inferência ou discriminação</small><br>,"<small><small>lexemas:</small></small>&ensp;entendimento, inteligência, razão, compreensão, intelecto<br>","<small><small>valências:&ensp;[PAT] ou [ACT,PAT] ou [ACT]</small></small><br>"
causa,lilaLemma:93253,"<small><small>synset_id:&ensp;<a href=""https://www.openwordnet-pt.org/synset?id=05814291-n"" target=""_blank"">05814291-n</a></small></small><br>",<small><small>categoria:&ensp;cognição</small></small><br>,<small><small>definição:</small>&ensp;alguma situação ou evento que é pensado</small><br>,"<small><small>lexemas:</small></small>&ensp;assunto, matéria, tema, tópico, carne, corpo, justa, pendência, pretexto, questão, qüestão<br>",<small><small>valências:&ensp;[PAT]</small></small><br>
causa,lilaLemma:93253,"<small><small>synset_id:&ensp;<a href=""https://www.openwordnet-pt.org/synset?id=06009086-n"" target=""_blank"">06009086-n</a></small></small><br>",<small><small>categoria:&ensp;cognição</small></small><br>,<small><small>definição:</small>&ensp;o ponto de intersecção de eixos de coordenadas; em que os valores das coordenadas são todos zero</small><br>,"<small><small>lexemas:</small></small>&ensp;origem, Origem de coordenadas<br>",<small><small>valências:&ensp;[PAT]</small></small><br>
causa,lilaLemma:93253,"<small><small>synset_id:&ensp;<a href=""https://www.openwordnet-pt.org/synset?id=05819149-n"" target=""_blank"">05819149-n</a></small></small><br>",<small><small>categoria:&ensp;cognição</small></small><br>,<small><small>definição:</small>&ensp;fato que justifica logicamente alguma premissa ou conclusão</small><br>,"<small><small>lexemas:</small></small>&ensp;motivo, razão<br>",<small><small>valências:&ensp;[PAT]</small></small><br>
cognosco,lilaLemma:94738,"<small><small>synset_id:&ensp;<a href=""https://www.openwordnet-pt.org/synset?id=00597634-v"" target=""_blank"">00597634-v</a></small></small><br>",<small><small>categoria:&ensp;cognição</small></small><br>,<small><small>definição:</small>&ensp;ser ou tornar-se completamente proficiente ou especialista em</small><br>,<small><small>lexemas:</small></small>&ensp;dominar<br>,"<small><small>valências:&ensp;[ACT,PAT]</small></small><br>"
cognosco,lilaLemma:94738,"<small><small>synset_id:&ensp;<a href=""https://www.openwordnet-pt.org/synset?id=00594621-v"" target=""_blank"">00594621-v</a></small></small><br>",<small><small>categoria:&ensp;cognição</small></small><br>,<small><small>definição:</small>&ensp;estar cientes ou conhecer um fato ou uma parte específica de informação</small><br>,"<small><small>lexemas:</small></small>&ensp;conhecer, entender, saber<br>","<small><small>valências:&ensp;[ACT,PAT]</small></small><br>"
cognosco,lilaLemma:94738,"<small><small>synset_id:&ensp;<a href=""https://www.openwordnet-pt.org/synset?id=00598954-v"" target=""_blank"">00598954-v</a></small></small><br>",<small><small>categoria:&ensp;cognição</small></small><br>,"<small><small>definição:</small>&ensp;conhecer ou tomar conhecimento de, geralmente acidentalmente</small><br>","<small><small>lexemas:</small></small>&ensp;achar, descobrir, informar-se, inteirar, ouvir, saber, ver<br>","<small><small>valências:&ensp;[ACT,PAT]</small></small><br>"
cognosco,lilaLemma:94738,"<small><small>synset_id:&ensp;<a href=""https://www.openwordnet-pt.org/synset?id=00599992-v"" target=""_blank"">00599992-v</a></small></small><br>",<small><small>categoria:&ensp;cognição</small></small><br>,<small><small>definição:</small>&ensp;ser um estudante de um determinado assunto</small><br>,"<small><small>lexemas:</small></small>&ensp;aprender, cursar, estudar<br>","<small><small>valências:&ensp;[ACT,PAT]</small></small><br>"
cognosco,lilaLemma:94738,"<small><small>synset_id:&ensp;<a href=""https://www.openwordnet-pt.org/synset?id=00728617-v"" target=""_blank"">00728617-v</a></small></small><br>",<small><small>categoria:&ensp;cognição</small></small><br>,<small><small>definição:</small>&ensp;estar plenamente consciente ou ciente de</small><br>,"<small><small>lexemas:</small></small>&ensp;compreender, entender, realizar, reconhecer<br>","<small><small>valências:&ensp;[ACT,PAT]</small></small><br>"
cognosco,lilaLemma:94738,"<small><small>synset_id:&ensp;<a href=""https://www.openwordnet-pt.org/synset?id=00597915-v"" target=""_blank"">00597915-v</a></small></small><br>",<small><small>categoria:&ensp;cognição</small></small><br>,<small><small>definição:</small>&ensp;adquirir conhecimentos ou habilidades</small><br>,"<small><small>lexemas:</small></small>&ensp;adquirir, aprender<br>","<small><small>valências:&ensp;[ACT,PAT]</small></small><br>"
cognosco,lilaLemma:94738,"<small><small>synset_id:&ensp;<a href=""https://www.openwordnet-pt.org/synset?id=00594337-v"" target=""_blank"">00594337-v</a></small></small><br>",<small><small>categoria:&ensp;cognição</small></small><br>,<small><small>definição:</small>&ensp;estar familiarizado ou familiarizado com uma pessoa ou um objeto</small><br>,<small><small>lexemas:</small></small>&ensp;conhecer<br>,"<small><small>valências:&ensp;[ACT,PAT]</small></small><br>"
consilium,lilaLemma:96060,"<small><small>synset_id:&ensp;<a href=""https://www.openwordnet-pt.org/synset?id=05907682-n"" target=""_blank"">05907682-n</a></small></small><br>",<small><small>categoria:&ensp;cognição</small></small><br>,<small><small>definição:</small>&ensp;um regime de segredo de fazer alguma coisa (especialmente algo desleal ou ilegal)</small><br>,"<small><small>lexemas:</small></small>&ensp;complô, conspiração<br>",<small><small>valências:&ensp;[ACT]</small></small><br>
consilium,lilaLemma:96060,"<small><small>synset_id:&ensp;<a href=""https://www.openwordnet-pt.org/synset?id=05838176-n"" target=""_blank"">05838176-n</a></small></small><br>",<small><small>categoria:&ensp;cognição</small></small><br>,<small><small>definição:</small>&ensp;Uma posição ou opinião ou decisão chegada após consideração</small><br>,"<small><small>lexemas:</small></small>&ensp;decisão, determinação, resolução<br>",<small><small>valências:&ensp;[ACT]</small></small><br>
consilium,lilaLemma:96060,"<small><small>synset_id:&ensp;<a href=""https://www.openwordnet-pt.org/synset?id=05901508-n"" target=""_blank"">05901508-n</a></small></small><br>",<small><small>categoria:&ensp;cognição</small></small><br>,<small><small>definição:</small>&ensp;um plano de ação adotado por um indivíduo ou grupo social</small><br>,<small><small>lexemas:</small></small>&ensp;política<br>,<small><small>valências:&ensp;[ACT]</small></small><br>
consilium,lilaLemma:96060,"<small><small>synset_id:&ensp;<a href=""https://www.openwordnet-pt.org/synset?id=05982152-n"" target=""_blank"">05982152-n</a></small></small><br>",<small><small>categoria:&ensp;cognição</small></small><br>,<small><small>definição:</small>&ensp;um resultado antecipado que se destina ou que orienta suas ações planejadas</small><br>,"<small><small>lexemas:</small></small>&ensp;finalidade, intento, intenção, objectivo, objetivo, propósito, alvo, desenho, desígnio, escopo, fim, intuito, meta, mira, objeto, plano, resolução, tenção<br>","<small><small>valências:&ensp;[ACT,PAT] ou [ACT]</small></small><br>"
consilium,lilaLemma:96060,"<small><small>synset_id:&ensp;<a href=""https://www.openwordnet-pt.org/synset?id=05617606-n"" target=""_blank"">05617606-n</a></small></small><br>",<small><small>categoria:&ensp;cognição</small></small><br>,<small><small>definição:</small>&ensp;a capacidade de compreender; a compreender e lucrar com a experiência</small><br>,<small><small>lexemas:</small></small>&ensp;inteligência<br>,<small><small>valências:&ensp;[ACT]</small></small><br>
consilium,lilaLemma:96060,"<small><small>synset_id:&ensp;<a href=""https://www.openwordnet-pt.org/synset?id=05898568-n"" target=""_blank"">05898568-n</a></small></small><br>",<small><small>categoria:&ensp;cognição</small></small><br>,<small><small>definição:</small>&ensp;Uma série de etapas para serem realizadas ou metas a serem realizadas</small><br>,"<small><small>lexemas:</small></small>&ensp;intenção, plano, programa, programação, projecto, projeto<br>","<small><small>valências:&ensp;[ACT,PAT] ou [ACT]</small></small><br>"
credo,lilaLemma:96881,"<small><small>synset_id:&ensp;<a href=""https://www.openwordnet-pt.org/synset?id=00690614-v"" target=""_blank"">00690614-v</a></small></small><br>",<small><small>categoria:&ensp;cognição</small></small><br>,<small><small>definição:</small>&ensp;julgar ser</small><br>,"<small><small>lexemas:</small></small>&ensp;achar, considerar, ver, contar<br>","<small><small>valências:&ensp;[ACT,EFF,PAT] ou [ACT,PAT,EFF] ou [ACT,PAT] ou [ACT,REG] ou [ACT,PAT,CPR]</small></small><br>"
credo,lilaLemma:96881,"<small><small>synset_id:&ensp;<a href=""https://www.openwordnet-pt.org/synset?id=00733895-v"" target=""_blank"">00733895-v</a></small></small><br>",<small><small>categoria:&ensp;cognição</small></small><br>,<small><small>definição:</small>&ensp;Tenho a firme convicção quanto a bondade de algo</small><br>,"<small><small>lexemas:</small></small>&ensp;acreditar, acreditar em<br>","<small><small>valências:&ensp;[ACT,PAT]</small></small><br>"
credo,lilaLemma:96881,"<small><small>synset_id:&ensp;<a href=""https://www.openwordnet-pt.org/synset?id=00684068-v"" target=""_blank"">00684068-v</a></small></small><br>",<small><small>categoria:&ensp;cognição</small></small><br>,<small><small>definição:</small>&ensp;Você não pode acreditar nesse homem</small><br>,"<small><small>lexemas:</small></small>&ensp;acreditar, achar, crer<br>","<small><small>valências:&ensp;[ACT,PAT]</small></small><br>"
credo,lilaLemma:96881,"<small><small>synset_id:&ensp;<a href=""https://www.openwordnet-pt.org/synset?id=00683280-v"" target=""_blank"">00683280-v</a></small></small><br>",<small><small>categoria:&ensp;cognição</small></small><br>,<small><small>definição:</small>&ensp;aceitar como verdade; tomar como verdade</small><br>,"<small><small>lexemas:</small></small>&ensp;acreditar, crer, achar, considerar<br>","<small><small>valências:&ensp;[ACT,PAT]</small></small><br>"
credo,lilaLemma:96881,"<small><small>synset_id:&ensp;<a href=""https://www.openwordnet-pt.org/synset?id=00631737-v"" target=""_blank"">00631737-v</a></small></small><br>",<small><small>categoria:&ensp;cognição</small></small><br>,"<small><small>definição:</small>&ensp;imaginar, acreditar, ou supor</small><br>","<small><small>lexemas:</small></small>&ensp;achar, esperar, pensar, supor, acreditar, ajuizar, conjeturar, crer, imaginar, julgar, pressupor, presumir, prever, ter_ideia_(de)<br>","<small><small>valências:&ensp;[ACT,PAT] ou [ACT,PAT,EFF] ou [ACT] ou [ACT,EFF,PAT]</small></small><br>"
credo,lilaLemma:96881,"<small><small>synset_id:&ensp;<a href=""https://www.openwordnet-pt.org/synset?id=00689344-v"" target=""_blank"">00689344-v</a></small></small><br>",<small><small>categoria:&ensp;cognição</small></small><br>,<small><small>definição:</small>&ensp;julgar ou reparar; considerar</small><br>,"<small><small>lexemas:</small></small>&ensp;achar, pensar, acreditar, conceber, confiar, considerar, crer, dar_crédito, estar, ficar, julgar, supor<br>","<small><small>valências:&ensp;[ACT,EFF,PAT] ou [ACT,PAT] ou [ACT,PAT,EFF] ou [ACT,REG]</small></small><br>"
dico,lilaLemma:99302,"<small><small>synset_id:&ensp;<a href=""https://www.openwordnet-pt.org/synset?id=00738747-v"" target=""_blank"">00738747-v</a></small></small><br>",<small><small>categoria:&ensp;cognição</small></small><br>,<small><small>definição:</small>&ensp;anunciar ou proferir em voz alta</small><br>,<small><small>lexemas:</small></small>&ensp;chamar<br>,"<small><small>valências:&ensp;[ACT,PAT]</small></small><br>"
dico,lilaLemma:99302,"<small><small>synset_id:&ensp;<a href=""https://www.openwordnet-pt.org/synset?id=00730052-v"" target=""_blank"">00730052-v</a></small></small><br>",<small><small>categoria:&ensp;cognição</small></small><br>,"<small><small>definição:</small>&ensp;ter em mente, se referir a</small><br>","<small><small>lexemas:</small></small>&ensp;mencionar, referir<br>","<small><small>valências:&ensp;[ACT,REG] ou [ACT,PAT]</small></small><br>"
do,lilaLemma:99970,"<small><small>synset_id:&ensp;<a href=""https://www.openwordnet-pt.org/synset?id=00726300-v"" target=""_blank"">00726300-v</a></small></small><br>",<small><small>categoria:&ensp;cognição</small></small><br>,<small><small>definição:</small>&ensp;atribuir ou creditar algo</small><br>,"<small><small>lexemas:</small></small>&ensp;atribuir, imputar, afetar, delegar, lançar<br>","<small><small>valências:&ensp;[ACT,PAT,ADDR] ou [ACT,ADDR,PAT] ou [ACT,PAT,BEN] ou [ACT,PAT]</small></small><br>"
facio,lilaLemma:102758,"<small><small>synset_id:&ensp;<a href=""https://www.openwordnet-pt.org/synset?id=00631737-v"" target=""_blank"">00631737-v</a></small></small><br>",<small><small>categoria:&ensp;cognição</small></small><br>,"<small><small>definição:</small>&ensp;imaginar, acreditar, ou supor</small><br>","<small><small>lexemas:</small></small>&ensp;achar, esperar, pensar, supor, acreditar, ajuizar, conjeturar, crer, imaginar, julgar, pressupor, presumir, prever, ter_ideia_(de)<br>","<small><small>valências:&ensp;[ACT,PAT] ou [ACT,PAT,EFF] ou [ACT] ou [ACT,EFF,PAT]</small></small><br>"
facio,lilaLemma:102758,"<small><small>synset_id:&ensp;<a href=""https://www.openwordnet-pt.org/synset?id=00654625-v"" target=""_blank"">00654625-v</a></small></small><br>",<small><small>categoria:&ensp;cognição</small></small><br>,<small><small>definição:</small>&ensp;organizar ou ordenar por classes ou categorias</small><br>,"<small><small>lexemas:</small></small>&ensp;classificar, adjetivar, catalogar, categorizar, separar, tachar<br>","<small><small>valências:&ensp;[ACT,PAT]</small></small><br>"
facio,lilaLemma:102758,"<small><small>synset_id:&ensp;<a href=""https://www.openwordnet-pt.org/synset?id=00665476-v"" target=""_blank"">00665476-v</a></small></small><br>",<small><small>categoria:&ensp;cognição</small></small><br>,"<small><small>definição:</small>&ensp;instituir, promulgar, ou estabelecer</small><br>","<small><small>lexemas:</small></small>&ensp;estabelecer, fazer, instituir, por, construir, colocar, deitar, delinear, pôr<br>","<small><small>valências:&ensp;[ACT,PAT] ou [ACT,LOC,PAT]</small></small><br>"
fero,lilaLemma:103126,"<small><small>synset_id:&ensp;<a href=""https://www.openwordnet-pt.org/synset?id=00680841-v"" target=""_blank"">00680841-v</a></small></small><br>",<small><small>categoria:&ensp;cognição</small></small><br>,<small><small>definição:</small>&ensp;fazer receptivo ou disposto no sentido de uma ação ou atitude ou crença</small><br>,"<small><small>lexemas:</small></small>&ensp;dispor, inclinar, predispor<br>","<small><small>valências:&ensp;[ACT,PAT] ou [ACT,EFF,PAT]</small></small><br>"
fero,lilaLemma:103126,"<small><small>synset_id:&ensp;<a href=""https://www.openwordnet-pt.org/synset?id=00668099-v"" target=""_blank"">00668099-v</a></small></small><br>",<small><small>categoria:&ensp;cognição</small></small><br>,<small><small>definição:</small>&ensp;aturar algo ou alguém desagradável</small><br>,"<small><small>lexemas:</small></small>&ensp;aguentar, aturar, suportar, tolerar, acomodar-se, admitir, agonizar, agüentar, amargar, amochar, aparar, apoiar, coadunar-se, compadecer, comportar, condescender, confranger, consentir, conter-se, curtir, digerir, engolir, esmoer, experimentar, gramar, lidar, padecer, passar, penar, receber, reprimir-se, sobrelevar, sofrer, tragar, transigir<br>","<small><small>valências:&ensp;[ACT] ou [ACT,PAT]</small></small><br>"
fero,lilaLemma:103126,"<small><small>synset_id:&ensp;<a href=""https://www.openwordnet-pt.org/synset?id=00706243-v"" target=""_blank"">00706243-v</a></small></small><br>",<small><small>categoria:&ensp;cognição</small></small><br>,"<small><small>definição:</small>&ensp;apresentar para consideração, análise, crítica, etc</small><br>","<small><small>lexemas:</small></small>&ensp;propor, projectar<br>","<small><small>valências:&ensp;[ACT,PAT]</small></small><br>"
fero,lilaLemma:103126,"<small><small>synset_id:&ensp;<a href=""https://www.openwordnet-pt.org/synset?id=00706557-v"" target=""_blank"">00706557-v</a></small></small><br>",<small><small>categoria:&ensp;cognição</small></small><br>,<small><small>definição:</small>&ensp;Apresentar para consideração</small><br>,<small><small>lexemas:</small></small>&ensp;oferecer<br>,"<small><small>valências:&ensp;[ACT,ADDR,PAT] ou [ACT,PAT] ou [ACT,DIR3,PAT]</small></small><br>"
fero,lilaLemma:103126,"<small><small>synset_id:&ensp;<a href=""https://www.openwordnet-pt.org/synset?id=00717358-v"" target=""_blank"">00717358-v</a></small></small><br>",<small><small>categoria:&ensp;cognição</small></small><br>,<small><small>definição:</small>&ensp;mostrar uma resposta ou uma reação a algo</small><br>,"<small><small>lexemas:</small></small>&ensp;reagir, responder<br>","<small><small>valências:&ensp;[ACT,ADDR] ou [ACT,MANN,PAT]</small></small><br>"
fero,lilaLemma:103126,"<small><small>synset_id:&ensp;<a href=""https://www.openwordnet-pt.org/synset?id=00689344-v"" target=""_blank"">00689344-v</a></small></small><br>",<small><small>categoria:&ensp;cognição</small></small><br>,<small><small>definição:</small>&ensp;julgar ou reparar; considerar</small><br>,"<small><small>lexemas:</small></small>&ensp;achar, pensar, acreditar, conceber, confiar, considerar, crer, dar_crédito, estar, ficar, julgar, supor<br>","<small><small>valências:&ensp;[ACT,EFF,PAT] ou [ACT,PAT] ou [ACT,PAT,EFF] ou [ACT,REG]</small></small><br>"
fero,lilaLemma:103126,"<small><small>synset_id:&ensp;<a href=""https://www.openwordnet-pt.org/synset?id=00690614-v"" target=""_blank"">00690614-v</a></small></small><br>",<small><small>categoria:&ensp;cognição</small></small><br>,<small><small>definição:</small>&ensp;julgar ser</small><br>,"<small><small>lexemas:</small></small>&ensp;achar, considerar, ver, contar<br>","<small><small>valências:&ensp;[ACT,EFF,PAT] ou [ACT,PAT,EFF] ou [ACT,PAT] ou [ACT,REG] ou [ACT,PAT,CPR]</small></small><br>"
fides,lilaLemma:103260,"<small><small>synset_id:&ensp;<a href=""https://www.openwordnet-pt.org/synset?id=05697363-n"" target=""_blank"">05697363-n</a></small></small><br>",<small><small>categoria:&ensp;cognição</small></small><br>,<small><small>definição:</small>&ensp;liberdade de dúvida; crença em si mesmo e suas habilidades</small><br>,"<small><small>lexemas:</small></small>&ensp;altivez, aprumo, certeza, confiança, fé, pose, desembaraço, autoridade, evidência, garantia, segurança<br>","<small><small>valências:&ensp;[ACT] ou [ACT,PAT]</small></small><br>"
fides,lilaLemma:103260,"<small><small>synset_id:&ensp;<a href=""https://www.openwordnet-pt.org/synset?id=05941423-n"" target=""_blank"">05941423-n</a></small></small><br>",<small><small>categoria:&ensp;cognição</small></small><br>,<small><small>definição:</small>&ensp;qualquer conteúdo cognitivo tido como verdadeiro</small><br>,"<small><small>lexemas:</small></small>&ensp;convicção, crença, fé, opinião, convencimento, persuasão<br>",<small><small>valências:&ensp;[ACT]</small></small><br>
fides,lilaLemma:103260,"<small><small>synset_id:&ensp;<a href=""https://www.openwordnet-pt.org/synset?id=05943066-n"" target=""_blank"">05943066-n</a></small></small><br>",<small><small>categoria:&ensp;cognição</small></small><br>,<small><small>definição:</small>&ensp;total confiança em uma pessoa ou plano etc</small><br>,"<small><small>lexemas:</small></small>&ensp;confiança, fé<br>","<small><small>valências:&ensp;[ACT] ou [ACT,PAT] ou [PAT]</small></small><br>"
fides,lilaLemma:103260,"<small><small>synset_id:&ensp;<a href=""https://www.openwordnet-pt.org/synset?id=05946687-n"" target=""_blank"">05946687-n</a></small></small><br>",<small><small>categoria:&ensp;cognição</small></small><br>,<small><small>definição:</small>&ensp;uma forte crença em um poder ou poderes sobrenaturais que controlam o destino humano</small><br>,"<small><small>lexemas:</small></small>&ensp;Crença religiosa, fé, religião, confissão, credo, crença, culto, doutrina, rito, seita<br>",<small><small>valências:&ensp;[ACT]</small></small><br>
genus,lilaLemma:104504,"<small><small>synset_id:&ensp;<a href=""https://www.openwordnet-pt.org/synset?id=05839024-n"" target=""_blank"">05839024-n</a></small></small><br>",<small><small>categoria:&ensp;cognição</small></small><br>,<small><small>definição:</small>&ensp;uma categoria de coisas distinguidos por alguma característica ou qualidade comum</small><br>,"<small><small>lexemas:</small></small>&ensp;categoria, classe, espécies, género, raça, tipo, casta, condição, espécie, forma, nação, simulacro, sorte<br>",
genus,lilaLemma:104504,"<small><small>synset_id:&ensp;<a href=""https://www.openwordnet-pt.org/synset?id=05660268-n"" target=""_blank"">05660268-n</a></small></small><br>",<small><small>categoria:&ensp;cognição</small></small><br>,"<small><small>definição:</small>&ensp;uma maneira de fazer algo, especialmente uma forma sistemática; implica um arranjo lógico ordenado (geralmente em etapas)</small><br>","<small><small>lexemas:</small></small>&ensp;Método, metodo, método, métodos, técnica<br>",
genus,lilaLemma:104504,"<small><small>synset_id:&ensp;<a href=""https://www.openwordnet-pt.org/synset?id=05844881-n"" target=""_blank"">05844881-n</a></small></small><br>",<small><small>categoria:&ensp;cognição</small></small><br>,<small><small>definição:</small>&ensp;um tipo específico de algo</small><br>,"<small><small>lexemas:</small></small>&ensp;classe, espécie, espécies, género, tipo, variedade<br>",
gero,lilaLemma:104536,"<small><small>synset_id:&ensp;<a href=""https://www.openwordnet-pt.org/synset?id=00668099-v"" target=""_blank"">00668099-v</a></small></small><br>",<small><small>categoria:&ensp;cognição</small></small><br>,<small><small>definição:</small>&ensp;aturar algo ou alguém desagradável</small><br>,"<small><small>lexemas:</small></small>&ensp;aguentar, aturar, suportar, tolerar, acomodar-se, admitir, agonizar, agüentar, amargar, amochar, aparar, apoiar, coadunar-se, compadecer, comportar, condescender, confranger, consentir, conter-se, curtir, digerir, engolir, esmoer, experimentar, gramar, lidar, padecer, passar, penar, receber, reprimir-se, sobrelevar, sofrer, tragar, transigir<br>","<small><small>valências:&ensp;[ACT] ou [ACT,PAT]</small></small><br>"
habeo,lilaLemma:105044,"<small><small>synset_id:&ensp;<a href=""https://www.openwordnet-pt.org/synset?id=00594621-v"" target=""_blank"">00594621-v</a></small></small><br>",<small><small>categoria:&ensp;cognição</small></small><br>,<small><small>definição:</small>&ensp;estar cientes ou conhecer um fato ou uma parte específica de informação</small><br>,"<small><small>lexemas:</small></small>&ensp;conhecer, entender, saber<br>","<small><small>valências:&ensp;[ACT,PAT]</small></small><br>"
habeo,lilaLemma:105044,"<small><small>synset_id:&ensp;<a href=""https://www.openwordnet-pt.org/synset?id=00689950-v"" target=""_blank"">00689950-v</a></small></small><br>",<small><small>categoria:&ensp;cognição</small></small><br>,<small><small>definição:</small>&ensp;observar ou considerar</small><br>,"<small><small>lexemas:</small></small>&ensp;considerar, reputar, estimar<br>","<small><small>valências:&ensp;[ACT,PAT] ou [ACT,EFF,PAT] ou [ACT,PAT,EFF]</small></small><br>"
imperium,lilaLemma:106532,"<small><small>synset_id:&ensp;<a href=""https://www.openwordnet-pt.org/synset?id=05663671-n"" target=""_blank"">05663671-n</a></small></small><br>",<small><small>categoria:&ensp;cognição</small></small><br>,"<small><small>definição:</small>&ensp;(governo), o sistema ou a forma pela qual uma comunidade ou outra unidade política rege-se</small><br>",<small><small>lexemas:</small></small>&ensp;governo<br>,"<small><small>valências:&ensp;[ACT,PAT]</small></small><br>"
iubeo,lilaLemma:109152,"<small><small>synset_id:&ensp;<a href=""https://www.openwordnet-pt.org/synset?id=00715868-v"" target=""_blank"">00715868-v</a></small></small><br>",<small><small>categoria:&ensp;cognição</small></small><br>,<small><small>definição:</small>&ensp;decidir com autoridade</small><br>,"<small><small>lexemas:</small></small>&ensp;decretar, governar<br>","<small><small>valências:&ensp;[ACT,PAT]</small></small><br>"
iudicium,lilaLemma:109170,"<small><small>synset_id:&ensp;<a href=""https://www.openwordnet-pt.org/synset?id=05749619-n"" target=""_blank"">05749619-n</a></small></small><br>",<small><small>categoria:&ensp;cognição</small></small><br>,<small><small>definição:</small>&ensp;discriminação delicada (especialmente de valores estéticos)</small><br>,"<small><small>lexemas:</small></small>&ensp;sabor, apreciação, apreço, gosto<br>",
iudicium,lilaLemma:109170,"<small><small>synset_id:&ensp;<a href=""https://www.openwordnet-pt.org/synset?id=06206800-n"" target=""_blank"">06206800-n</a></small></small><br>",<small><small>categoria:&ensp;cognição</small></small><br>,<small><small>definição:</small>&ensp;uma atitude de admiração ou de estima</small><br>,"<small><small>lexemas:</small></small>&ensp;deferência, respeito, consideração, estima<br>","<small><small>valências:&ensp;[ACT,PAT] ou [ACT]</small></small><br>"
iudicium,lilaLemma:109170,"<small><small>synset_id:&ensp;<a href=""https://www.openwordnet-pt.org/synset?id=05614175-n"" target=""_blank"">05614175-n</a></small></small><br>",<small><small>categoria:&ensp;cognição</small></small><br>,<small><small>definição:</small>&ensp;a capacidade mental de compreender e distinguir as relações</small><br>,"<small><small>lexemas:</small></small>&ensp;critério, discernimento, julgamento, juízo<br>",<small><small>valências:&ensp;[ACT]</small></small><br>
iudicium,lilaLemma:109170,"<small><small>synset_id:&ensp;<a href=""https://www.openwordnet-pt.org/synset?id=05941423-n"" target=""_blank"">05941423-n</a></small></small><br>",<small><small>categoria:&ensp;cognição</small></small><br>,<small><small>definição:</small>&ensp;qualquer conteúdo cognitivo tido como verdadeiro</small><br>,"<small><small>lexemas:</small></small>&ensp;convicção, crença, fé, opinião, convencimento, persuasão<br>",<small><small>valências:&ensp;[ACT]</small></small><br>
iudicium,lilaLemma:109170,"<small><small>synset_id:&ensp;<a href=""https://www.openwordnet-pt.org/synset?id=05916739-n"" target=""_blank"">05916739-n</a></small></small><br>",<small><small>categoria:&ensp;cognição</small></small><br>,<small><small>definição:</small>&ensp;uma vaga idéia de que alguma confiança é colocado</small><br>,"<small><small>lexemas:</small></small>&ensp;crença, ideia, idéia, impressão, opinião, sentimento<br>",<small><small>valências:&ensp;[ACT]</small></small><br>
iudicium,lilaLemma:109170,"<small><small>synset_id:&ensp;<a href=""https://www.openwordnet-pt.org/synset?id=05838176-n"" target=""_blank"">05838176-n</a></small></small><br>",<small><small>categoria:&ensp;cognição</small></small><br>,<small><small>definição:</small>&ensp;Uma posição ou opinião ou decisão chegada após consideração</small><br>,"<small><small>lexemas:</small></small>&ensp;decisão, determinação, resolução<br>",<small><small>valências:&ensp;[ACT]</small></small><br>
lex,lilaLemma:110351,"<small><small>synset_id:&ensp;<a href=""https://www.openwordnet-pt.org/synset?id=05913538-n"" target=""_blank"">05913538-n</a></small></small><br>",<small><small>categoria:&ensp;cognição</small></small><br>,<small><small>definição:</small>&ensp;uma generalização de base que é aceite como verdadeira e que pode ser usado como uma base para o raciocínio ou conduta</small><br>,"<small><small>lexemas:</small></small>&ensp;princípio, regra<br>",
lex,lilaLemma:110351,"<small><small>synset_id:&ensp;<a href=""https://www.openwordnet-pt.org/synset?id=05846054-n"" target=""_blank"">05846054-n</a></small></small><br>",<small><small>categoria:&ensp;cognição</small></small><br>,<small><small>definição:</small>&ensp;um princípio ou condição que habitualmente governa o comportamento</small><br>,"<small><small>lexemas:</small></small>&ensp;lei, norma, regra, regulamento, regulamentação, regulação<br>",
lex,lilaLemma:110351,"<small><small>synset_id:&ensp;<a href=""https://www.openwordnet-pt.org/synset?id=05667613-n"" target=""_blank"">05667613-n</a></small></small><br>",<small><small>categoria:&ensp;cognição</small></small><br>,<small><small>definição:</small>&ensp;algo considerado como um exemplo de normativo</small><br>,"<small><small>lexemas:</small></small>&ensp;pauta, convenção, fórmula, modelo, norma, regra<br>",
lex,lilaLemma:110351,"<small><small>synset_id:&ensp;<a href=""https://www.openwordnet-pt.org/synset?id=05870916-n"" target=""_blank"">05870916-n</a></small></small><br>",<small><small>categoria:&ensp;cognição</small></small><br>,<small><small>definição:</small>&ensp;uma regra ou conjunto de regras de conduta inerentes à natureza humana e essenciais ou que vinculem a sociedade humana</small><br>,"<small><small>lexemas:</small></small>&ensp;Direito Natural, direito natural, legislação sobre a natureza, lei<br>",
lex,lilaLemma:110351,"<small><small>synset_id:&ensp;<a href=""https://www.openwordnet-pt.org/synset?id=05822746-n"" target=""_blank"">05822746-n</a></small></small><br>",<small><small>categoria:&ensp;cognição</small></small><br>,<small><small>definição:</small>&ensp;informação que deve ser mantido em mente quando tomar uma decisão</small><br>,"<small><small>lexemas:</small></small>&ensp;circunstância, consideração, condição<br>",
lex,lilaLemma:110351,"<small><small>synset_id:&ensp;<a href=""https://www.openwordnet-pt.org/synset?id=06185955-n"" target=""_blank"">06185955-n</a></small></small><br>",<small><small>categoria:&ensp;cognição</small></small><br>,<small><small>definição:</small>&ensp;uma doutrina que é ensinada</small><br>,"<small><small>lexemas:</small></small>&ensp;preceito, mandamento<br>",<small><small>valências:&ensp;[ACT]</small></small><br>
lex,lilaLemma:110351,"<small><small>synset_id:&ensp;<a href=""https://www.openwordnet-pt.org/synset?id=05874232-n"" target=""_blank"">05874232-n</a></small></small><br>",<small><small>categoria:&ensp;cognição</small></small><br>,<small><small>definição:</small>&ensp;uma regra ou lei relativo a um fenômeno natural ou a função de um sistema complexo</small><br>,"<small><small>lexemas:</small></small>&ensp;princípio, regra<br>",
locus,lilaLemma:110019,"<small><small>synset_id:&ensp;<a href=""https://www.openwordnet-pt.org/synset?id=05999134-n"" target=""_blank"">05999134-n</a></small></small><br>",<small><small>categoria:&ensp;cognição</small></small><br>,<small><small>definição:</small>&ensp;uma área de conhecimento ou interesse</small><br>,<small><small>lexemas:</small></small>&ensp;área<br>,
locus,lilaLemma:110019,"<small><small>synset_id:&ensp;<a href=""https://www.openwordnet-pt.org/synset?id=05814291-n"" target=""_blank"">05814291-n</a></small></small><br>",<small><small>categoria:&ensp;cognição</small></small><br>,<small><small>definição:</small>&ensp;alguma situação ou evento que é pensado</small><br>,"<small><small>lexemas:</small></small>&ensp;assunto, matéria, tema, tópico, carne, corpo, justa, pendência, pretexto, questão, qüestão<br>",<small><small>valências:&ensp;[PAT]</small></small><br>
manus,lilaLemma:111585,"<small><small>synset_id:&ensp;<a href=""https://www.openwordnet-pt.org/synset?id=05637965-n"" target=""_blank"">05637965-n</a></small></small><br>",<small><small>categoria:&ensp;cognição</small></small><br>,<small><small>definição:</small>&ensp;Capacidade</small><br>,<small><small>lexemas:</small></small>&ensp;habilidade<br>,
manus,lilaLemma:111585,"<small><small>synset_id:&ensp;<a href=""https://www.openwordnet-pt.org/synset?id=05638063-n"" target=""_blank"">05638063-n</a></small></small><br>",<small><small>categoria:&ensp;cognição</small></small><br>,<small><small>definição:</small>&ensp;habilidade em uma ocupação ou comércio</small><br>,"<small><small>lexemas:</small></small>&ensp;arte, habilidade, artesanato<br>",
mitto,lilaLemma:112499,"<small><small>synset_id:&ensp;<a href=""https://www.openwordnet-pt.org/synset?id=00616857-v"" target=""_blank"">00616857-v</a></small></small><br>",<small><small>categoria:&ensp;cognição</small></small><br>,<small><small>definição:</small>&ensp;dar pouca ou nenhuma atenção para</small><br>,"<small><small>lexemas:</small></small>&ensp;desatender, ignorar, negligenciar<br>","<small><small>valências:&ensp;[ACT,PAT]</small></small><br>"
modus,lilaLemma:112553,"<small><small>synset_id:&ensp;<a href=""https://www.openwordnet-pt.org/synset?id=05660268-n"" target=""_blank"">05660268-n</a></small></small><br>",<small><small>categoria:&ensp;cognição</small></small><br>,"<small><small>definição:</small>&ensp;uma maneira de fazer algo, especialmente uma forma sistemática; implica um arranjo lógico ordenado (geralmente em etapas)</small><br>","<small><small>lexemas:</small></small>&ensp;Método, metodo, método, métodos, técnica<br>",
modus,lilaLemma:112553,"<small><small>synset_id:&ensp;<a href=""https://www.openwordnet-pt.org/synset?id=05846054-n"" target=""_blank"">05846054-n</a></small></small><br>",<small><small>categoria:&ensp;cognição</small></small><br>,<small><small>definição:</small>&ensp;um princípio ou condição que habitualmente governa o comportamento</small><br>,"<small><small>lexemas:</small></small>&ensp;lei, norma, regra, regulamento, regulamentação, regulação<br>",
modus,lilaLemma:112553,"<small><small>synset_id:&ensp;<a href=""https://www.openwordnet-pt.org/synset?id=05839024-n"" target=""_blank"">05839024-n</a></small></small><br>",<small><small>categoria:&ensp;cognição</small></small><br>,<small><small>definição:</small>&ensp;uma categoria de coisas distinguidos por alguma característica ou qualidade comum</small><br>,"<small><small>lexemas:</small></small>&ensp;categoria, classe, espécies, género, raça, tipo, casta, condição, espécie, forma, nação, simulacro, sorte<br>",
modus,lilaLemma:112553,"<small><small>synset_id:&ensp;<a href=""https://www.openwordnet-pt.org/synset?id=05840188-n"" target=""_blank"">05840188-n</a></small></small><br>",<small><small>categoria:&ensp;cognição</small></small><br>,<small><small>definição:</small>&ensp;uma subdivisão de um determinado tipo de coisa</small><br>,"<small><small>lexemas:</small></small>&ensp;classe, espécie, género, tipo, variedade<br>",
modus,lilaLemma:112553,"<small><small>synset_id:&ensp;<a href=""https://www.openwordnet-pt.org/synset?id=05711915-n"" target=""_blank"">05711915-n</a></small></small><br>",<small><small>categoria:&ensp;cognição</small></small><br>,<small><small>definição:</small>&ensp;a percepção do agradáveis arranjos de notas musicais</small><br>,<small><small>lexemas:</small></small>&ensp;melodia<br>,
modus,lilaLemma:112553,"<small><small>synset_id:&ensp;<a href=""https://www.openwordnet-pt.org/synset?id=05846355-n"" target=""_blank"">05846355-n</a></small></small><br>",<small><small>categoria:&ensp;cognição</small></small><br>,<small><small>definição:</small>&ensp;um princípio que limita a extensão de algo</small><br>,"<small><small>lexemas:</small></small>&ensp;limitação, restrição<br>",
modus,lilaLemma:112553,"<small><small>synset_id:&ensp;<a href=""https://www.openwordnet-pt.org/synset?id=05913538-n"" target=""_blank"">05913538-n</a></small></small><br>",<small><small>categoria:&ensp;cognição</small></small><br>,<small><small>definição:</small>&ensp;uma generalização de base que é aceite como verdadeira e que pode ser usado como uma base para o raciocínio ou conduta</small><br>,"<small><small>lexemas:</small></small>&ensp;princípio, regra<br>",
mos,lilaLemma:112831,"<small><small>synset_id:&ensp;<a href=""https://www.openwordnet-pt.org/synset?id=05870916-n"" target=""_blank"">05870916-n</a></small></small><br>",<small><small>categoria:&ensp;cognição</small></small><br>,<small><small>definição:</small>&ensp;uma regra ou conjunto de regras de conduta inerentes à natureza humana e essenciais ou que vinculem a sociedade humana</small><br>,"<small><small>lexemas:</small></small>&ensp;Direito Natural, direito natural, legislação sobre a natureza, lei<br>",
mos,lilaLemma:112831,"<small><small>synset_id:&ensp;<a href=""https://www.openwordnet-pt.org/synset?id=05667613-n"" target=""_blank"">05667613-n</a></small></small><br>",<small><small>categoria:&ensp;cognição</small></small><br>,<small><small>definição:</small>&ensp;algo considerado como um exemplo de normativo</small><br>,"<small><small>lexemas:</small></small>&ensp;pauta, convenção, fórmula, modelo, norma, regra<br>",
mos,lilaLemma:112831,"<small><small>synset_id:&ensp;<a href=""https://www.openwordnet-pt.org/synset?id=05809745-n"" target=""_blank"">05809745-n</a></small></small><br>",<small><small>categoria:&ensp;cognição</small></small><br>,<small><small>definição:</small>&ensp;um padrão herdado de pensamento ou ação</small><br>,<small><small>lexemas:</small></small>&ensp;tradição<br>,
mos,lilaLemma:112831,"<small><small>synset_id:&ensp;<a href=""https://www.openwordnet-pt.org/synset?id=05667404-n"" target=""_blank"">05667404-n</a></small></small><br>",<small><small>categoria:&ensp;cognição</small></small><br>,<small><small>definição:</small>&ensp;uma prática específica de longa data</small><br>,"<small><small>lexemas:</small></small>&ensp;Tradições, costume, costumes, hábito, tradição<br>",
mos,lilaLemma:112831,"<small><small>synset_id:&ensp;<a href=""https://www.openwordnet-pt.org/synset?id=05846054-n"" target=""_blank"">05846054-n</a></small></small><br>",<small><small>categoria:&ensp;cognição</small></small><br>,<small><small>definição:</small>&ensp;um princípio ou condição que habitualmente governa o comportamento</small><br>,"<small><small>lexemas:</small></small>&ensp;lei, norma, regra, regulamento, regulamentação, regulação<br>",
mos,lilaLemma:112831,"<small><small>synset_id:&ensp;<a href=""https://www.openwordnet-pt.org/synset?id=06185955-n"" target=""_blank"">06185955-n</a></small></small><br>",<small><small>categoria:&ensp;cognição</small></small><br>,<small><small>definição:</small>&ensp;uma doutrina que é ensinada</small><br>,"<small><small>lexemas:</small></small>&ensp;preceito, mandamento<br>",<small><small>valências:&ensp;[ACT]</small></small><br>
mos,lilaLemma:112831,"<small><small>synset_id:&ensp;<a href=""https://www.openwordnet-pt.org/synset?id=05669034-n"" target=""_blank"">05669034-n</a></small></small><br>",<small><small>categoria:&ensp;cognição</small></small><br>,<small><small>definição:</small>&ensp;um costume estabelecido</small><br>,"<small><small>lexemas:</small></small>&ensp;costume, costumes, hábito, tradição, uso<br>","<small><small>valências:&ensp;[ACT,ADDR] ou [ACT,ADDR,PAT] ou [ACT]</small></small><br>"
natura,lilaLemma:113421,"<small><small>synset_id:&ensp;<a href=""https://www.openwordnet-pt.org/synset?id=05624042-n"" target=""_blank"">05624042-n</a></small></small><br>",<small><small>categoria:&ensp;cognição</small></small><br>,<small><small>definição:</small>&ensp;habilidades naturais ou qualidades</small><br>,"<small><small>lexemas:</small></small>&ensp;dom, talento<br>","<small><small>valências:&ensp;[ACT,PAT]</small></small><br>"
natura,lilaLemma:113421,"<small><small>synset_id:&ensp;<a href=""https://www.openwordnet-pt.org/synset?id=05849284-n"" target=""_blank"">05849284-n</a></small></small><br>",<small><small>categoria:&ensp;cognição</small></small><br>,<small><small>definição:</small>&ensp;uma propriedade característica que define a natureza individual aparente de algo</small><br>,"<small><small>lexemas:</small></small>&ensp;qualidade, característica, carácter<br>",<small><small>valências:&ensp;[ACT]</small></small><br>
nomen,lilaLemma:113797,"<small><small>synset_id:&ensp;<a href=""https://www.openwordnet-pt.org/synset?id=05838765-n"" target=""_blank"">05838765-n</a></small></small><br>",<small><small>categoria:&ensp;cognição</small></small><br>,<small><small>definição:</small>&ensp;um conceito geral que marca divisões ou coordenações em um esquema conceitual</small><br>,"<small><small>lexemas:</small></small>&ensp;categoria, classe, família<br>",
pars,lilaLemma:116084,"<small><small>synset_id:&ensp;<a href=""https://www.openwordnet-pt.org/synset?id=05929008-n"" target=""_blank"">05929008-n</a></small></small><br>",<small><small>categoria:&ensp;cognição</small></small><br>,<small><small>definição:</small>&ensp;A interpretação de um ator de alguém em um jogo</small><br>,"<small><small>lexemas:</small></small>&ensp;papel, personagem, parte<br>",<small><small>valências:&ensp;[MAT]</small></small><br>
periculum,lilaLemma:116930,"<small><small>synset_id:&ensp;<a href=""https://www.openwordnet-pt.org/synset?id=05799212-n"" target=""_blank"">05799212-n</a></small></small><br>",<small><small>categoria:&ensp;cognição</small></small><br>,<small><small>definição:</small>&ensp;tentando algo para descobrir sobre isso</small><br>,"<small><small>lexemas:</small></small>&ensp;ensaio, experiência, prova, teste<br>","<small><small>valências:&ensp;[ACT,PAT]</small></small><br>"
periculum,lilaLemma:116930,"<small><small>synset_id:&ensp;<a href=""https://www.openwordnet-pt.org/synset?id=05824739-n"" target=""_blank"">05824739-n</a></small></small><br>",<small><small>categoria:&ensp;cognição</small></small><br>,<small><small>definição:</small>&ensp;qualquer evidência factual que ajude a estabelecer a verdade de algo</small><br>,"<small><small>lexemas:</small></small>&ensp;confirmação, prova<br>","<small><small>valências:&ensp;[PAT] ou [ACT,PAT]</small></small><br>"
periculum,lilaLemma:116930,"<small><small>synset_id:&ensp;<a href=""https://www.openwordnet-pt.org/synset?id=05798043-n"" target=""_blank"">05798043-n</a></small></small><br>",<small><small>categoria:&ensp;cognição</small></small><br>,<small><small>definição:</small>&ensp;o teste de uma idéia</small><br>,"<small><small>lexemas:</small></small>&ensp;experimento, experiência, experiência científica, teste, ensaio, exame, experimentação, prova<br>",
peto,lilaLemma:117549,"<small><small>synset_id:&ensp;<a href=""https://www.openwordnet-pt.org/synset?id=00655555-v"" target=""_blank"">00655555-v</a></small></small><br>",<small><small>categoria:&ensp;cognição</small></small><br>,"<small><small>definição:</small>&ensp;pensar, respeito, ou classificar sob um princípio subsumir ou com um grupo geral ou em relação a outro</small><br>",<small><small>lexemas:</small></small>&ensp;referir<br>,"<small><small>valências:&ensp;[ACT,PAT] ou [ACT,PAT,ADDR] ou [ACT,PAT,DIR1,DIR3]</small></small><br>"
pono,lilaLemma:118414,"<small><small>synset_id:&ensp;<a href=""https://www.openwordnet-pt.org/synset?id=00636888-v"" target=""_blank"">00636888-v</a></small></small><br>",<small><small>categoria:&ensp;cognição</small></small><br>,<small><small>definição:</small>&ensp;utilizar como base para; encontrado no</small><br>,"<small><small>lexemas:</small></small>&ensp;alicerçar, basear, fundamentar, alicerçar-se, ancorar, apoiar, assentar, chapar, condizer, depositar-se, estabelecer, estampar, estribar, firmar, firmar-se, fundar, harmonizar-se, jazer, pespegar, pregar_com, repoisar, repousar<br>","<small><small>valências:&ensp;[ACT,PAT] ou [ACT,PAT,LOC]</small></small><br>"
pono,lilaLemma:118414,"<small><small>synset_id:&ensp;<a href=""https://www.openwordnet-pt.org/synset?id=00715541-v"" target=""_blank"">00715541-v</a></small></small><br>",<small><small>categoria:&ensp;cognição</small></small><br>,<small><small>definição:</small>&ensp;definir claramente</small><br>,"<small><small>lexemas:</small></small>&ensp;especificar, reduzir<br>","<small><small>valências:&ensp;[ACT,PAT]</small></small><br>"
pono,lilaLemma:118414,"<small><small>synset_id:&ensp;<a href=""https://www.openwordnet-pt.org/synset?id=00637115-v"" target=""_blank"">00637115-v</a></small></small><br>",<small><small>categoria:&ensp;cognição</small></small><br>,<small><small>definição:</small>&ensp;encontrado ou terreno</small><br>,<small><small>lexemas:</small></small>&ensp;construir<br>,"<small><small>valências:&ensp;[ACT,LOC,PAT] ou [ACT,PAT]</small></small><br>"
pono,lilaLemma:118414,"<small><small>synset_id:&ensp;<a href=""https://www.openwordnet-pt.org/synset?id=00694068-v"" target=""_blank"">00694068-v</a></small></small><br>",<small><small>categoria:&ensp;cognição</small></small><br>,<small><small>definição:</small>&ensp;respeitar muito; considerar muito bem</small><br>,"<small><small>lexemas:</small></small>&ensp;prezar, respeitar, venerar, apreciar, considerar, estimar, valorizar<br>","<small><small>valências:&ensp;[ACT,PAT] ou [ACT,EFF,PAT]</small></small><br>"
pono,lilaLemma:118414,"<small><small>synset_id:&ensp;<a href=""https://www.openwordnet-pt.org/synset?id=00706557-v"" target=""_blank"">00706557-v</a></small></small><br>",<small><small>categoria:&ensp;cognição</small></small><br>,<small><small>definição:</small>&ensp;Apresentar para consideração</small><br>,<small><small>lexemas:</small></small>&ensp;oferecer<br>,"<small><small>valências:&ensp;[ACT,ADDR,PAT] ou [ACT,PAT] ou [ACT,DIR3,PAT]</small></small><br>"
pono,lilaLemma:118414,"<small><small>synset_id:&ensp;<a href=""https://www.openwordnet-pt.org/synset?id=00717208-v"" target=""_blank"">00717208-v</a></small></small><br>",<small><small>categoria:&ensp;cognição</small></small><br>,<small><small>definição:</small>&ensp;tomar algo como preexistente e dado</small><br>,"<small><small>lexemas:</small></small>&ensp;pressupor, tomar como premissa<br>","<small><small>valências:&ensp;[ACT,PAT]</small></small><br>"
pono,lilaLemma:118414,"<small><small>synset_id:&ensp;<a href=""https://www.openwordnet-pt.org/synset?id=00690614-v"" target=""_blank"">00690614-v</a></small></small><br>",<small><small>categoria:&ensp;cognição</small></small><br>,<small><small>definição:</small>&ensp;julgar ser</small><br>,"<small><small>lexemas:</small></small>&ensp;achar, considerar, ver, contar<br>","<small><small>valências:&ensp;[ACT,EFF,PAT] ou [ACT,PAT,EFF] ou [ACT,PAT] ou [ACT,REG] ou [ACT,PAT,CPR]</small></small><br>"
pono,lilaLemma:118414,"<small><small>synset_id:&ensp;<a href=""https://www.openwordnet-pt.org/synset?id=00739662-v"" target=""_blank"">00739662-v</a></small></small><br>",<small><small>categoria:&ensp;cognição</small></small><br>,<small><small>definição:</small>&ensp;atribuir a uma classe ou tipo</small><br>,<small><small>lexemas:</small></small>&ensp;classificar<br>,"<small><small>valências:&ensp;[ACT,PAT] ou [ACT,EFF,PAT]</small></small><br>"
pono,lilaLemma:118414,"<small><small>synset_id:&ensp;<a href=""https://www.openwordnet-pt.org/synset?id=00613393-v"" target=""_blank"">00613393-v</a></small></small><br>",<small><small>categoria:&ensp;cognição</small></small><br>,<small><small>definição:</small>&ensp;parar de manter ou insistir em; idéias ou reivindicações</small><br>,"<small><small>lexemas:</small></small>&ensp;abandonar, desistir, largar mão, renunciar<br>","<small><small>valências:&ensp;[ACT,PAT]</small></small><br>"
puto,lilaLemma:120610,"<small><small>synset_id:&ensp;<a href=""https://www.openwordnet-pt.org/synset?id=00672433-v"" target=""_blank"">00672433-v</a></small></small><br>",<small><small>categoria:&ensp;cognição</small></small><br>,<small><small>definição:</small>&ensp;julgar por tentativa ou formar uma estimativa de (quantidades ou tempo)</small><br>,"<small><small>lexemas:</small></small>&ensp;adivinhar, aproximar, avaliar, chutar, estimar, julgar, calcular<br>","<small><small>valências:&ensp;[ACT,PAT,EFF] ou [ACT,PAT] ou [ACT,REG] ou [ACT,EFF,PAT]</small></small><br>"
puto,lilaLemma:120610,"<small><small>synset_id:&ensp;<a href=""https://www.openwordnet-pt.org/synset?id=00660971-v"" target=""_blank"">00660971-v</a></small></small><br>",<small><small>categoria:&ensp;cognição</small></small><br>,<small><small>definição:</small>&ensp;estimar o valor de</small><br>,"<small><small>lexemas:</small></small>&ensp;avaliar, valorizar<br>","<small><small>valências:&ensp;[ACT,PAT] ou [ACT,EFF,PAT]</small></small><br>"
puto,lilaLemma:120610,"<small><small>synset_id:&ensp;<a href=""https://www.openwordnet-pt.org/synset?id=00689344-v"" target=""_blank"">00689344-v</a></small></small><br>",<small><small>categoria:&ensp;cognição</small></small><br>,<small><small>definição:</small>&ensp;julgar ou reparar; considerar</small><br>,"<small><small>lexemas:</small></small>&ensp;achar, pensar, acreditar, conceber, confiar, considerar, crer, dar_crédito, estar, ficar, julgar, supor<br>","<small><small>valências:&ensp;[ACT,EFF,PAT] ou [ACT,PAT] ou [ACT,PAT,EFF] ou [ACT,REG]</small></small><br>"
puto,lilaLemma:120610,"<small><small>synset_id:&ensp;<a href=""https://www.openwordnet-pt.org/synset?id=00684068-v"" target=""_blank"">00684068-v</a></small></small><br>",<small><small>categoria:&ensp;cognição</small></small><br>,<small><small>definição:</small>&ensp;Você não pode acreditar nesse homem</small><br>,"<small><small>lexemas:</small></small>&ensp;acreditar, achar, crer<br>","<small><small>valências:&ensp;[ACT,PAT]</small></small><br>"
puto,lilaLemma:120610,"<small><small>synset_id:&ensp;<a href=""https://www.openwordnet-pt.org/synset?id=00631737-v"" target=""_blank"">00631737-v</a></small></small><br>",<small><small>categoria:&ensp;cognição</small></small><br>,"<small><small>definição:</small>&ensp;imaginar, acreditar, ou supor</small><br>","<small><small>lexemas:</small></small>&ensp;achar, esperar, pensar, supor, acreditar, ajuizar, conjeturar, crer, imaginar, julgar, pressupor, presumir, prever, ter_ideia_(de)<br>","<small><small>valências:&ensp;[ACT,PAT] ou [ACT,PAT,EFF] ou [ACT] ou [ACT,EFF,PAT]</small></small><br>"
puto,lilaLemma:120610,"<small><small>synset_id:&ensp;<a href=""https://www.openwordnet-pt.org/synset?id=00739082-v"" target=""_blank"">00739082-v</a></small></small><br>",<small><small>categoria:&ensp;cognição</small></small><br>,"<small><small>definição:</small>&ensp;ponderar; refletir sobre, ou raciocinar sobre</small><br>",<small><small>lexemas:</small></small>&ensp;pensar<br>,"<small><small>valências:&ensp;[ACT,PAT] ou [ACT,REG]</small></small><br>"
puto,lilaLemma:120610,"<small><small>synset_id:&ensp;<a href=""https://www.openwordnet-pt.org/synset?id=00712135-v"" target=""_blank"">00712135-v</a></small></small><br>",<small><small>categoria:&ensp;cognição</small></small><br>,<small><small>definição:</small>&ensp;julgar ser provável</small><br>,"<small><small>lexemas:</small></small>&ensp;achar, avaliar, considerar, predizer, prever, prognosticar, adivinhar, antever, augurar, calcular, dar, entrever, estimar, pressentir, supor<br>","<small><small>valências:&ensp;[ACT,EFF,PAT] ou [ACT,PAT,EFF] ou [ACT,PAT] ou [ACT]</small></small><br>"
puto,lilaLemma:120610,"<small><small>synset_id:&ensp;<a href=""https://www.openwordnet-pt.org/synset?id=00681429-v"" target=""_blank"">00681429-v</a></small></small><br>",<small><small>categoria:&ensp;cognição</small></small><br>,"<small><small>definição:</small>&ensp;avaliar ou estimar a natureza, qualidade, capacidade, medida ou a importância de</small><br>","<small><small>lexemas:</small></small>&ensp;avaliar, estimar, medir, ajuizar, analisar, apreciar, apreçar, aquilatar, calcular, contabilizar, cotar, criticar, equacionar, imaginar, julgar, louvar, orçar, qualificar, quilatar, reputar, sopesar, suputar, valorizar<br>","<small><small>valências:&ensp;[ACT,PAT] ou [ACT,PAT,EFF] ou [ACT,EFF,PAT]</small></small><br>"
puto,lilaLemma:120610,"<small><small>synset_id:&ensp;<a href=""https://www.openwordnet-pt.org/synset?id=00694068-v"" target=""_blank"">00694068-v</a></small></small><br>",<small><small>categoria:&ensp;cognição</small></small><br>,<small><small>definição:</small>&ensp;respeitar muito; considerar muito bem</small><br>,"<small><small>lexemas:</small></small>&ensp;prezar, respeitar, venerar, apreciar, considerar, estimar, valorizar<br>","<small><small>valências:&ensp;[ACT,PAT] ou [ACT,EFF,PAT]</small></small><br>"
puto,lilaLemma:120610,"<small><small>synset_id:&ensp;<a href=""https://www.openwordnet-pt.org/synset?id=00630380-v"" target=""_blank"">00630380-v</a></small></small><br>",<small><small>categoria:&ensp;cognição</small></small><br>,<small><small>definição:</small>&ensp;refletir profundamente sobre um assunto</small><br>,"<small><small>lexemas:</small></small>&ensp;cogitar, contemplar, especular, ponderar, refletir, ruminar, amadurar, amadurecer, amolar, balancear, balançar, banzar, cachimbar, cavar, cismar, congeminar, cuidar, deliberar, espelhar, excogitar, lucubrar, magicar, mascar, mastigar, matutar, meditar, parafusar, pensar, perscrutar, pesar, reflectir, reflexionar, remoer, repercutir, retratar, reverberar, verrumar, volver<br>","<small><small>valências:&ensp;[ACT,REG] ou [ACT,PAT] ou [ACT,PAT,DIR1,DIR3]</small></small><br>"
puto,lilaLemma:120610,"<small><small>synset_id:&ensp;<a href=""https://www.openwordnet-pt.org/synset?id=00628491-v"" target=""_blank"">00628491-v</a></small></small><br>",<small><small>categoria:&ensp;cognição</small></small><br>,"<small><small>definição:</small>&ensp;usar ou exercitar a mente ou o poder do raciocínio, a fim de fazer inferência, tomar decisões ou chegar a soluções ou julgamentos</small><br>","<small><small>lexemas:</small></small>&ensp;cogitar, pensar, raciocinar, refletir<br>","<small><small>valências:&ensp;[ACT,PAT] ou [ACT,PAT,EFF] ou [ACT]</small></small><br>"
puto,lilaLemma:120610,"<small><small>synset_id:&ensp;<a href=""https://www.openwordnet-pt.org/synset?id=00684273-v"" target=""_blank"">00684273-v</a></small></small><br>",<small><small>categoria:&ensp;cognição</small></small><br>,<small><small>definição:</small>&ensp;Seguir um credo; ter uma fé; ser um crente</small><br>,"<small><small>lexemas:</small></small>&ensp;acreditar, crer<br>","<small><small>valências:&ensp;[ACT,PAT]</small></small><br>"
quaero,lilaLemma:121047,"<small><small>synset_id:&ensp;<a href=""https://www.openwordnet-pt.org/synset?id=00729378-v"" target=""_blank"">00729378-v</a></small></small><br>",<small><small>categoria:&ensp;cognição</small></small><br>,<small><small>definição:</small>&ensp;ter um desejo ou desejo saber algo</small><br>,"<small><small>lexemas:</small></small>&ensp;interrogar, perguntar-se, ponderar, questionar<br>","<small><small>valências:&ensp;[ACT,PAT]</small></small><br>"
quaero,lilaLemma:121047,"<small><small>synset_id:&ensp;<a href=""https://www.openwordnet-pt.org/synset?id=00705227-v"" target=""_blank"">00705227-v</a></small></small><br>",<small><small>categoria:&ensp;cognição</small></small><br>,<small><small>definição:</small>&ensp;ter a vontade e a intenção de realizar alguma ação</small><br>,"<small><small>lexemas:</small></small>&ensp;planear, planejar<br>","<small><small>valências:&ensp;[ACT,PAT]</small></small><br>"
quaero,lilaLemma:121047,"<small><small>synset_id:&ensp;<a href=""https://www.openwordnet-pt.org/synset?id=00708980-v"" target=""_blank"">00708980-v</a></small></small><br>",<small><small>categoria:&ensp;cognição</small></small><br>,<small><small>definição:</small>&ensp;propor ou intenção</small><br>,"<small><small>lexemas:</small></small>&ensp;pretender, propor<br>","<small><small>valências:&ensp;[ACT,PAT] ou [ACT,DIR3,PAT]</small></small><br>"
refero,lilaLemma:122494,"<small><small>synset_id:&ensp;<a href=""https://www.openwordnet-pt.org/synset?id=00670261-v"" target=""_blank"">00670261-v</a></small></small><br>",<small><small>categoria:&ensp;cognição</small></small><br>,<small><small>definição:</small>&ensp;formar uma opinião crítica sobre</small><br>,"<small><small>lexemas:</small></small>&ensp;avaliar, balizar, julgar, opinar<br>","<small><small>valências:&ensp;[ACT,PAT,CPR] ou [ACT,PAT] ou [ACT,REG]</small></small><br>"
refero,lilaLemma:122494,"<small><small>synset_id:&ensp;<a href=""https://www.openwordnet-pt.org/synset?id=00726300-v"" target=""_blank"">00726300-v</a></small></small><br>",<small><small>categoria:&ensp;cognição</small></small><br>,<small><small>definição:</small>&ensp;atribuir ou creditar algo</small><br>,"<small><small>lexemas:</small></small>&ensp;atribuir, imputar, afetar, delegar, lançar<br>","<small><small>valências:&ensp;[ACT,PAT,ADDR] ou [ACT,ADDR,PAT] ou [ACT,PAT,BEN] ou [ACT,PAT]</small></small><br>"
relinquo,lilaLemma:122569,"<small><small>synset_id:&ensp;<a href=""https://www.openwordnet-pt.org/synset?id=00614057-v"" target=""_blank"">00614057-v</a></small></small><br>",<small><small>categoria:&ensp;cognição</small></small><br>,<small><small>definição:</small>&ensp;deixar alguém que precisa ou conta com você; deixar na mão</small><br>,"<small><small>lexemas:</small></small>&ensp;abandonar, desamparar, desertar, deixar, largar, trair<br>","<small><small>valências:&ensp;[ACT,PAT] ou [ACT,ORIG] ou [ACT,EFF,PAT]</small></small><br>"
relinquo,lilaLemma:122569,"<small><small>synset_id:&ensp;<a href=""https://www.openwordnet-pt.org/synset?id=00616857-v"" target=""_blank"">00616857-v</a></small></small><br>",<small><small>categoria:&ensp;cognição</small></small><br>,<small><small>definição:</small>&ensp;dar pouca ou nenhuma atenção para</small><br>,"<small><small>lexemas:</small></small>&ensp;desatender, ignorar, negligenciar<br>","<small><small>valências:&ensp;[ACT,PAT]</small></small><br>"
scio,lilaLemma:123732,"<small><small>synset_id:&ensp;<a href=""https://www.openwordnet-pt.org/synset?id=00588888-v"" target=""_blank"">00588888-v</a></small></small><br>",<small><small>categoria:&ensp;cognição</small></small><br>,<small><small>definição:</small>&ensp;conhecer e compreender a natureza ou o significado de</small><br>,"<small><small>lexemas:</small></small>&ensp;compreender, comprender, entender, abranger, concluir, deduzir, depreender, inferir, perceber<br>","<small><small>valências:&ensp;[ACT,PAT]</small></small><br>"
scio,lilaLemma:123732,"<small><small>synset_id:&ensp;<a href=""https://www.openwordnet-pt.org/synset?id=00594621-v"" target=""_blank"">00594621-v</a></small></small><br>",<small><small>categoria:&ensp;cognição</small></small><br>,<small><small>definição:</small>&ensp;estar cientes ou conhecer um fato ou uma parte específica de informação</small><br>,"<small><small>lexemas:</small></small>&ensp;conhecer, entender, saber<br>","<small><small>valências:&ensp;[ACT,PAT]</small></small><br>"
scio,lilaLemma:123732,"<small><small>synset_id:&ensp;<a href=""https://www.openwordnet-pt.org/synset?id=00591519-v"" target=""_blank"">00591519-v</a></small></small><br>",<small><small>categoria:&ensp;cognição</small></small><br>,<small><small>definição:</small>&ensp;tornar-se consciente de</small><br>,<small><small>lexemas:</small></small>&ensp;perceber<br>,"<small><small>valências:&ensp;[ACT,PAT]</small></small><br>"
scio,lilaLemma:123732,"<small><small>synset_id:&ensp;<a href=""https://www.openwordnet-pt.org/synset?id=00596644-v"" target=""_blank"">00596644-v</a></small></small><br>",<small><small>categoria:&ensp;cognição</small></small><br>,"<small><small>definição:</small>&ensp;ter conhecimento em primeira mão de estados, situações, emoções ou sensações</small><br>","<small><small>lexemas:</small></small>&ensp;conhecer, experimentar, saber, sentir, viver<br>","<small><small>valências:&ensp;[ACT,PAT]</small></small><br>"
scio,lilaLemma:123732,"<small><small>synset_id:&ensp;<a href=""https://www.openwordnet-pt.org/synset?id=00595935-v"" target=""_blank"">00595935-v</a></small></small><br>",<small><small>categoria:&ensp;cognição</small></small><br>,<small><small>definição:</small>&ensp;saber como fazer alguma coisa</small><br>,"<small><small>lexemas:</small></small>&ensp;saber, conhecer<br>","<small><small>valências:&ensp;[ACT,PAT]</small></small><br>"
scio,lilaLemma:123732,"<small><small>synset_id:&ensp;<a href=""https://www.openwordnet-pt.org/synset?id=00594337-v"" target=""_blank"">00594337-v</a></small></small><br>",<small><small>categoria:&ensp;cognição</small></small><br>,<small><small>definição:</small>&ensp;estar familiarizado ou familiarizado com uma pessoa ou um objeto</small><br>,<small><small>lexemas:</small></small>&ensp;conhecer<br>,"<small><small>valências:&ensp;[ACT,PAT]</small></small><br>"
scio,lilaLemma:123732,"<small><small>synset_id:&ensp;<a href=""https://www.openwordnet-pt.org/synset?id=00595630-v"" target=""_blank"">00595630-v</a></small></small><br>",<small><small>categoria:&ensp;cognição</small></small><br>,<small><small>definição:</small>&ensp;estar ciente da verdade de algo; ter uma crença ou fé em algo; consideram como verdadeiro além de qualquer dúvida</small><br>,<small><small>lexemas:</small></small>&ensp;saber<br>,"<small><small>valências:&ensp;[ACT,PAT]</small></small><br>"
sequor,lilaLemma:124461,"<small><small>synset_id:&ensp;<a href=""https://www.openwordnet-pt.org/synset?id=00729109-v"" target=""_blank"">00729109-v</a></small></small><br>",<small><small>categoria:&ensp;cognição</small></small><br>,"<small><small>definição:</small>&ensp;Siga, descobrir ou verificar o curso do desenvolvimento de algo</small><br>","<small><small>lexemas:</small></small>&ensp;seguir, traçar<br>","<small><small>valências:&ensp;[ACT,PAT]</small></small><br>"
sequor,lilaLemma:124461,"<small><small>synset_id:&ensp;<a href=""https://www.openwordnet-pt.org/synset?id=00665886-v"" target=""_blank"">00665886-v</a></small></small><br>",<small><small>categoria:&ensp;cognição</small></small><br>,<small><small>definição:</small>&ensp;estabelecer ou fortalecer com novas provas ou fatos</small><br>,"<small><small>lexemas:</small></small>&ensp;confirmar, corroborar, provar, revalidar, substanciar, suportar, sustentar, afirmar, apoiar, aprovar, asseverar, atestar, certificar, comprovar, constatar, esforçar, favorecer, firmar, fundamentar, ratificar, roborar, robustecer, sancionar<br>","<small><small>valências:&ensp;[ACT,PAT] ou [ACT,PAT,EFF]</small></small><br>"
teneo,lilaLemma:127822,"<small><small>synset_id:&ensp;<a href=""https://www.openwordnet-pt.org/synset?id=00731574-v"" target=""_blank"">00731574-v</a></small></small><br>",<small><small>categoria:&ensp;cognição</small></small><br>,<small><small>definição:</small>&ensp;armadilha; especialmente em um erro ou um acto repreensível</small><br>,<small><small>lexemas:</small></small>&ensp;descobrir<br>,"<small><small>valências:&ensp;[ACT,PAT]</small></small><br>"
teneo,lilaLemma:127822,"<small><small>synset_id:&ensp;<a href=""https://www.openwordnet-pt.org/synset?id=00588221-v"" target=""_blank"">00588221-v</a></small></small><br>",<small><small>categoria:&ensp;cognição</small></small><br>,<small><small>definição:</small>&ensp;pegar o sentido de algo</small><br>,"<small><small>lexemas:</small></small>&ensp;compreender, entender<br>","<small><small>valências:&ensp;[ACT,ORIG,PAT] ou [ACT,PAT]</small></small><br>"
teneo,lilaLemma:127822,"<small><small>synset_id:&ensp;<a href=""https://www.openwordnet-pt.org/synset?id=00597385-v"" target=""_blank"">00597385-v</a></small></small><br>",<small><small>categoria:&ensp;cognição</small></small><br>,<small><small>definição:</small>&ensp;ter um entendimento ou conhecimento de empresa; estar no topo de</small><br>,"<small><small>lexemas:</small></small>&ensp;controlar, dominar<br>","<small><small>valências:&ensp;[ACT,PAT]</small></small><br>"
teneo,lilaLemma:127822,"<small><small>synset_id:&ensp;<a href=""https://www.openwordnet-pt.org/synset?id=00732552-v"" target=""_blank"">00732552-v</a></small></small><br>",<small><small>categoria:&ensp;cognição</small></small><br>,<small><small>definição:</small>&ensp;manter corretamente ou estreitamente</small><br>,"<small><small>lexemas:</small></small>&ensp;controlar, manter, observar<br>","<small><small>valências:&ensp;[ACT,PAT]</small></small><br>"
uenio,lilaLemma:129790,"<small><small>synset_id:&ensp;<a href=""https://www.openwordnet-pt.org/synset?id=00723349-v"" target=""_blank"">00723349-v</a></small></small><br>",<small><small>categoria:&ensp;cognição</small></small><br>,"<small><small>definição:</small>&ensp;ocorrer, vir a mente</small><br>","<small><small>lexemas:</small></small>&ensp;ocorrer, terlugar, acontecer<br>","<small><small>valências:&ensp;[ACT] ou [ACT,PAT] ou [ACT,DIR1,DIR3]</small></small><br>"
uideo,lilaLemma:130163,"<small><small>synset_id:&ensp;<a href=""https://www.openwordnet-pt.org/synset?id=00720808-v"" target=""_blank"">00720808-v</a></small></small><br>",<small><small>categoria:&ensp;cognição</small></small><br>,<small><small>definição:</small>&ensp;perceber antecipadamente</small><br>,"<small><small>lexemas:</small></small>&ensp;antecipar, antever, prever<br>","<small><small>valências:&ensp;[ACT,PAT]</small></small><br>"
uideo,lilaLemma:130163,"<small><small>synset_id:&ensp;<a href=""https://www.openwordnet-pt.org/synset?id=00693780-v"" target=""_blank"">00693780-v</a></small></small><br>",<small><small>categoria:&ensp;cognição</small></small><br>,"<small><small>definição:</small>&ensp;Ter em mente ou transmitir, como convicção ou opinião</small><br>","<small><small>lexemas:</small></small>&ensp;considerar, julgar, manter<br>","<small><small>valências:&ensp;[ACT,PAT,EFF]</small></small><br>"
uideo,lilaLemma:130163,"<small><small>synset_id:&ensp;<a href=""https://www.openwordnet-pt.org/synset?id=00598954-v"" target=""_blank"">00598954-v</a></small></small><br>",<small><small>categoria:&ensp;cognição</small></small><br>,"<small><small>definição:</small>&ensp;conhecer ou tomar conhecimento de, geralmente acidentalmente</small><br>","<small><small>lexemas:</small></small>&ensp;achar, descobrir, informar-se, inteirar, ouvir, saber, ver<br>","<small><small>valências:&ensp;[ACT,PAT]</small></small><br>"
uideo,lilaLemma:130163,"<small><small>synset_id:&ensp;<a href=""https://www.openwordnet-pt.org/synset?id=00623151-v"" target=""_blank"">00623151-v</a></small></small><br>",<small><small>categoria:&ensp;cognição</small></small><br>,<small><small>definição:</small>&ensp;fazer sentido; atribuir um significado à</small><br>,"<small><small>lexemas:</small></small>&ensp;compreender, entender, construir, interpretar, ver<br>","<small><small>valências:&ensp;[ACT,EFF,PAT] ou [ACT,PAT] ou [ACT,PAT,EFF] ou [ACT,ADDR,PAT]</small></small><br>"
uideo,lilaLemma:130163,"<small><small>synset_id:&ensp;<a href=""https://www.openwordnet-pt.org/synset?id=00689950-v"" target=""_blank"">00689950-v</a></small></small><br>",<small><small>categoria:&ensp;cognição</small></small><br>,<small><small>definição:</small>&ensp;observar ou considerar</small><br>,"<small><small>lexemas:</small></small>&ensp;considerar, reputar, estimar<br>","<small><small>valências:&ensp;[ACT,PAT] ou [ACT,EFF,PAT] ou [ACT,PAT,EFF]</small></small><br>"
uirtus,lilaLemma:130356,"<small><small>synset_id:&ensp;<a href=""https://www.openwordnet-pt.org/synset?id=05851744-n"" target=""_blank"">05851744-n</a></small></small><br>",<small><small>categoria:&ensp;cognição</small></small><br>,<small><small>definição:</small>&ensp;uma característica marcante; algo em que algo ou alguém se destaca</small><br>,<small><small>lexemas:</small></small>&ensp;excelência<br>,<small><small>valências:&ensp;[ACT]</small></small><br>
uirtus,lilaLemma:130356,"<small><small>synset_id:&ensp;<a href=""https://www.openwordnet-pt.org/synset?id=05616246-n"" target=""_blank"">05616246-n</a></small></small><br>",<small><small>categoria:&ensp;cognição</small></small><br>,<small><small>definição:</small>&ensp;posse das qualidades (qualidades mentais especialmente) necessárias para fazer algo ou fazer alguma coisa</small><br>,"<small><small>lexemas:</small></small>&ensp;capacidade, habilidade, poder, talento<br>","<small><small>valências:&ensp;[ACT,PAT] ou [ACT] ou [ACT,ADDR]</small></small><br>"
uoco,lilaLemma:130729,"<small><small>synset_id:&ensp;<a href=""https://www.openwordnet-pt.org/synset?id=00709379-v"" target=""_blank"">00709379-v</a></small></small><br>",<small><small>categoria:&ensp;cognição</small></small><br>,<small><small>definição:</small>&ensp;designar ou destinar</small><br>,"<small><small>lexemas:</small></small>&ensp;destinar, designar<br>","<small><small>valências:&ensp;[ACT,ADDR,PAT] ou [ACT,PAT] ou [ACT,EFF,PAT]</small></small><br>"
uoco,lilaLemma:130729,"<small><small>synset_id:&ensp;<a href=""https://www.openwordnet-pt.org/synset?id=00738747-v"" target=""_blank"">00738747-v</a></small></small><br>",<small><small>categoria:&ensp;cognição</small></small><br>,<small><small>definição:</small>&ensp;anunciar ou proferir em voz alta</small><br>,<small><small>lexemas:</small></small>&ensp;chamar<br>,"<small><small>valências:&ensp;[ACT,PAT]</small></small><br>"
uox,lilaLemma:130806,"<small><small>synset_id:&ensp;<a href=""https://www.openwordnet-pt.org/synset?id=05650820-n"" target=""_blank"">05650820-n</a></small></small><br>",<small><small>categoria:&ensp;cognição</small></small><br>,<small><small>definição:</small>&ensp;o mental e poder de comunicação vocal</small><br>,"<small><small>lexemas:</small></small>&ensp;discurso, idioma, linguagem, língua, fala, lábio, palavras<br>","<small><small>valências:&ensp;[ACT,PAT] ou [ACT]</small></small><br>"
pars,lilaLemma:116084,"<small><small>synset_id:&ensp;<a href=""https://www.openwordnet-pt.org/synset?id=07578363-n"" target=""_blank"">07578363-n</a></small></small><br>",<small><small>categoria:&ensp;comida</small></small><br>,<small><small>definição:</small>&ensp;uma quantidade individual de comida ou bebida tomada como parte de uma refeição</small><br>,<small><small>lexemas:</small></small>&ensp;porção<br>,<small><small>valências:&ensp;[MAT]</small></small><br>
capio,lilaLemma:92686,"<small><small>synset_id:&ensp;<a href=""https://www.openwordnet-pt.org/synset?id=01104018-v"" target=""_blank"">01104018-v</a></small></small><br>",<small><small>categoria:&ensp;competição</small></small><br>,"<small><small>definição:</small>&ensp;superar, geralmente não por culpa ou fraqueza da pessoa que é superada</small><br>","<small><small>lexemas:</small></small>&ensp;derrotar, superar, vencer, ultrapassar<br>","<small><small>valências:&ensp;[ACT,PAT]</small></small><br>"
capio,lilaLemma:92686,"<small><small>synset_id:&ensp;<a href=""https://www.openwordnet-pt.org/synset?id=01111028-v"" target=""_blank"">01111028-v</a></small></small><br>",<small><small>categoria:&ensp;competição</small></small><br>,"<small><small>definição:</small>&ensp;obtenção de vantagens, tais como pontos, etc.</small><br>","<small><small>lexemas:</small></small>&ensp;avançar, ganhar<br>","<small><small>valências:&ensp;[ACT,PAT]</small></small><br>"
capio,lilaLemma:92686,"<small><small>synset_id:&ensp;<a href=""https://www.openwordnet-pt.org/synset?id=01131473-v"" target=""_blank"">01131473-v</a></small></small><br>",<small><small>categoria:&ensp;competição</small></small><br>,"<small><small>definição:</small>&ensp;reter, como de um perigo ou um inimigo; verificar a expansão ou a influência de</small><br>","<small><small>lexemas:</small></small>&ensp;conter, resistir<br>","<small><small>valências:&ensp;[ACT,PAT]</small></small><br>"
mitto,lilaLemma:112499,"<small><small>synset_id:&ensp;<a href=""https://www.openwordnet-pt.org/synset?id=01133825-v"" target=""_blank"">01133825-v</a></small></small><br>",<small><small>categoria:&ensp;competição</small></small><br>,<small><small>definição:</small>&ensp;fazer disparar uma arma</small><br>,"<small><small>lexemas:</small></small>&ensp;atirar, descarregar, despedir, lançar<br>","<small><small>valências:&ensp;[ACT,PAT] ou [ACT,DIR3,PAT]</small></small><br>"
peto,lilaLemma:117549,"<small><small>synset_id:&ensp;<a href=""https://www.openwordnet-pt.org/synset?id=01120069-v"" target=""_blank"">01120069-v</a></small></small><br>",<small><small>categoria:&ensp;competição</small></small><br>,<small><small>definição:</small>&ensp;atacar alguém fisicamente ou emocionalmente</small><br>,"<small><small>lexemas:</small></small>&ensp;agredir, assaltar, atacar, acometer, arremeter, atirar, hostilizar, insultar, investir, opugnar, saltear<br>","<small><small>valências:&ensp;[ACT,PAT] ou [ACT,DIR3] ou [ACT,MEANS,PAT] ou [ACT,PAT,ACMP]</small></small><br>"
peto,lilaLemma:117549,"<small><small>synset_id:&ensp;<a href=""https://www.openwordnet-pt.org/synset?id=01119169-v"" target=""_blank"">01119169-v</a></small></small><br>",<small><small>categoria:&ensp;competição</small></small><br>,<small><small>definição:</small>&ensp;lançar um ataque ou assalto a; começar hostilidades ou iniciar uma guerra com</small><br>,"<small><small>lexemas:</small></small>&ensp;assaltar, atacar<br>","<small><small>valências:&ensp;[ACT,DIR3] ou [ACT,PAT] ou [ACT,MEANS,PAT]</small></small><br>"
pono,lilaLemma:118414,"<small><small>synset_id:&ensp;<a href=""https://www.openwordnet-pt.org/synset?id=01088923-v"" target=""_blank"">01088923-v</a></small></small><br>",<small><small>categoria:&ensp;competição</small></small><br>,<small><small>definição:</small>&ensp;chegar em um estação</small><br>,"<small><small>lexemas:</small></small>&ensp;situar, apostar, colocar<br>","<small><small>valências:&ensp;[ACT,PAT] ou [ACT,PAT,LOC] ou [ACT,LOC]</small></small><br>"
scribo,lilaLemma:123840,"<small><small>synset_id:&ensp;<a href=""https://www.openwordnet-pt.org/synset?id=01097192-v"" target=""_blank"">01097192-v</a></small></small><br>",<small><small>categoria:&ensp;competição</small></small><br>,<small><small>definição:</small>&ensp;juntar-se as forças armadas</small><br>,"<small><small>lexemas:</small></small>&ensp;alistar, alistar-se, engajar-se<br>","<small><small>valências:&ensp;[ACT,PAT]</small></small><br>"
teneo,lilaLemma:127822,"<small><small>synset_id:&ensp;<a href=""https://www.openwordnet-pt.org/synset?id=01091427-v"" target=""_blank"">01091427-v</a></small></small><br>",<small><small>categoria:&ensp;competição</small></small><br>,<small><small>definição:</small>&ensp;combater ou resistir fortemente</small><br>,"<small><small>lexemas:</small></small>&ensp;brigar, defender, lutar, opor se, resistir<br>","<small><small>valências:&ensp;[ACT,PAT] ou [ACT,ADDR,PAT] ou [ACT] ou [ACT,ORIG] ou [ACT,EFF,PAT]</small></small><br>"
teneo,lilaLemma:127822,"<small><small>synset_id:&ensp;<a href=""https://www.openwordnet-pt.org/synset?id=01108627-v"" target=""_blank"">01108627-v</a></small></small><br>",<small><small>categoria:&ensp;competição</small></small><br>,<small><small>definição:</small>&ensp;ficar em cima de; lidar com sucesso</small><br>,"<small><small>lexemas:</small></small>&ensp;derrotar, subjugar, superar, ultrapassar, vencer, abater, amolgar, dominar, quebrantar, submeter, suplantar<br>","<small><small>valências:&ensp;[ACT,PAT]</small></small><br>"
uinco,lilaLemma:130232,"<small><small>synset_id:&ensp;<a href=""https://www.openwordnet-pt.org/synset?id=01108148-v"" target=""_blank"">01108148-v</a></small></small><br>",<small><small>categoria:&ensp;competição</small></small><br>,<small><small>definição:</small>&ensp;uma vitória sobre</small><br>,"<small><small>lexemas:</small></small>&ensp;derrotar, superar, vencer, ganhar_a<br>","<small><small>valências:&ensp;[ACT,PAT]</small></small><br>"
uinco,lilaLemma:130232,"<small><small>synset_id:&ensp;<a href=""https://www.openwordnet-pt.org/synset?id=01105639-v"" target=""_blank"">01105639-v</a></small></small><br>",<small><small>categoria:&ensp;competição</small></small><br>,<small><small>definição:</small>&ensp;Ser ou fazer algo muito bem</small><br>,"<small><small>lexemas:</small></small>&ensp;exceder, superar, ultrapassar<br>","<small><small>valências:&ensp;[ACT,DIFF,PAT] ou [ACT,PAT] ou [ACT,DIR2]</small></small><br>"
uinco,lilaLemma:130232,"<small><small>synset_id:&ensp;<a href=""https://www.openwordnet-pt.org/synset?id=01108627-v"" target=""_blank"">01108627-v</a></small></small><br>",<small><small>categoria:&ensp;competição</small></small><br>,<small><small>definição:</small>&ensp;ficar em cima de; lidar com sucesso</small><br>,"<small><small>lexemas:</small></small>&ensp;derrotar, subjugar, superar, ultrapassar, vencer, abater, amolgar, dominar, quebrantar, submeter, suplantar<br>","<small><small>valências:&ensp;[ACT,PAT]</small></small><br>"
uinco,lilaLemma:130232,"<small><small>synset_id:&ensp;<a href=""https://www.openwordnet-pt.org/synset?id=01111028-v"" target=""_blank"">01111028-v</a></small></small><br>",<small><small>categoria:&ensp;competição</small></small><br>,"<small><small>definição:</small>&ensp;obtenção de vantagens, tais como pontos, etc.</small><br>","<small><small>lexemas:</small></small>&ensp;avançar, ganhar<br>","<small><small>valências:&ensp;[ACT,PAT]</small></small><br>"
uinco,lilaLemma:130232,"<small><small>synset_id:&ensp;<a href=""https://www.openwordnet-pt.org/synset?id=01100145-v"" target=""_blank"">01100145-v</a></small></small><br>",<small><small>categoria:&ensp;competição</small></small><br>,<small><small>definição:</small>&ensp;ser o vencedor de um concurso ou concorrência; ser vitorioso</small><br>,"<small><small>lexemas:</small></small>&ensp;ganhar, vencer, triunfar<br>","<small><small>valências:&ensp;[ACT,PAT]</small></small><br>"
ago,lilaLemma:88140,"<small><small>synset_id:&ensp;<a href=""https://www.openwordnet-pt.org/synset?id=01034312-v"" target=""_blank"">01034312-v</a></small></small><br>",<small><small>categoria:&ensp;comunicação</small></small><br>,<small><small>definição:</small>&ensp;considerar ou examinar em discurso ou escrita</small><br>,"<small><small>lexemas:</small></small>&ensp;discorrer, discursar, discutir, falar<br>","<small><small>valências:&ensp;[ACT,PAT,REG] ou [ACT,PAT] ou [ACMP,ACT,PAT] ou [ACMP,ACT,REG]</small></small><br>"
ago,lilaLemma:88140,"<small><small>synset_id:&ensp;<a href=""https://www.openwordnet-pt.org/synset?id=00892315-v"" target=""_blank"">00892315-v</a></small></small><br>",<small><small>categoria:&ensp;comunicação</small></small><br>,<small><small>definição:</small>&ensp;expressar gratidão ou mostrar apreciação</small><br>,"<small><small>lexemas:</small></small>&ensp;agradecer, apreciar<br>","<small><small>valências:&ensp;[ACT,ADDR]</small></small><br>"
ago,lilaLemma:88140,"<small><small>synset_id:&ensp;<a href=""https://www.openwordnet-pt.org/synset?id=00813978-v"" target=""_blank"">00813978-v</a></small></small><br>",<small><small>categoria:&ensp;comunicação</small></small><br>,<small><small>definição:</small>&ensp;falar com os outros sobre (algo); falar (algo) com mais em detalhe; ter uma discussão</small><br>,"<small><small>lexemas:</small></small>&ensp;discutir, abordar, debater, referir, ventilar<br>","<small><small>valências:&ensp;[ACT,PAT,REG] ou [ACMP,ACT,PAT] ou [ACT,PAT] ou [ACMP,ACT,REG] ou [ACT] ou [ACT,ADDR,PAT] ou [ACMP,ACT]</small></small><br>"
ago,lilaLemma:88140,"<small><small>synset_id:&ensp;<a href=""https://www.openwordnet-pt.org/synset?id=00760576-v"" target=""_blank"">00760576-v</a></small></small><br>",<small><small>categoria:&ensp;comunicação</small></small><br>,"<small><small>definição:</small>&ensp;introduzir um fundamento, como nos tribunais</small><br>","<small><small>lexemas:</small></small>&ensp;advogar, pleitear<br>","<small><small>valências:&ensp;[ACT] ou [ACT,PAT]</small></small><br>"
ago,lilaLemma:88140,"<small><small>synset_id:&ensp;<a href=""https://www.openwordnet-pt.org/synset?id=00770437-v"" target=""_blank"">00770437-v</a></small></small><br>",<small><small>categoria:&ensp;comunicação</small></small><br>,<small><small>definição:</small>&ensp;induzir a fazer; fazer agir de uma forma específica</small><br>,"<small><small>lexemas:</small></small>&ensp;induzir, abrir, causar, estimular, fazer, levar, provocar, resultar_(em), tornar<br>","<small><small>valências:&ensp;[ACT,PAT] ou [ACT,EFF,PAT]</small></small><br>"
ago,lilaLemma:88140,"<small><small>synset_id:&ensp;<a href=""https://www.openwordnet-pt.org/synset?id=00765649-v"" target=""_blank"">00765649-v</a></small></small><br>",<small><small>categoria:&ensp;comunicação</small></small><br>,<small><small>definição:</small>&ensp;forçar ou empurrar na direção indicada</small><br>,"<small><small>lexemas:</small></small>&ensp;exortar, impelir, urgir, empurrar<br>","<small><small>valências:&ensp;[ACT,PAT] ou [ACT,ADDR,PAT] ou [ACT,DIR3,PAT] ou [ACT,PAT,DIR3] ou [ACT,EFF,PAT]</small></small><br>"
audio,lilaLemma:90641,"<small><small>synset_id:&ensp;<a href=""https://www.openwordnet-pt.org/synset?id=00878348-v"" target=""_blank"">00878348-v</a></small></small><br>",<small><small>categoria:&ensp;comunicação</small></small><br>,<small><small>definição:</small>&ensp;ceder de outro desejo ou opinião</small><br>,"<small><small>lexemas:</small></small>&ensp;aceder, submeter<br>","<small><small>valências:&ensp;[ACT,PAT] ou [ACT,ADDR] ou [ACT,PAT,BEN] ou [ACT,PAT,ADDR] ou [ACT,ADDR,PAT]</small></small><br>"
audio,lilaLemma:90641,"<small><small>synset_id:&ensp;<a href=""https://www.openwordnet-pt.org/synset?id=00806502-v"" target=""_blank"">00806502-v</a></small></small><br>",<small><small>categoria:&ensp;comunicação</small></small><br>,<small><small>definição:</small>&ensp;dar sanção a</small><br>,"<small><small>lexemas:</small></small>&ensp;aprovar, dar OK, deferir, sancionar<br>","<small><small>valências:&ensp;[ACT,ADDR] ou [ACT,PAT] ou [ACT,PAT,ADDR]</small></small><br>"
uita,lilaLemma:130393,"<small><small>synset_id:&ensp;<a href=""https://www.openwordnet-pt.org/synset?id=06515827-n"" target=""_blank"">06515827-n</a></small></small><br>",<small><small>categoria:&ensp;comunicação</small></small><br>,<small><small>definição:</small>&ensp;uma conta da série de eventos que compõem a vida de uma pessoa</small><br>,<small><small>lexemas:</small></small>&ensp;biografia<br>,
uolo,lilaLemma:130745,"<small><small>synset_id:&ensp;<a href=""https://www.openwordnet-pt.org/synset?id=00955148-v"" target=""_blank"">00955148-v</a></small></small><br>",<small><small>categoria:&ensp;comunicação</small></small><br>,<small><small>definição:</small>&ensp;significar ou ter intenção de expressar ou transmitir</small><br>,"<small><small>lexemas:</small></small>&ensp;indicar, significar<br>","<small><small>valências:&ensp;[ACT,PAT]</small></small><br>"
uolo,lilaLemma:130745,"<small><small>synset_id:&ensp;<a href=""https://www.openwordnet-pt.org/synset?id=00797697-v"" target=""_blank"">00797697-v</a></small></small><br>",<small><small>categoria:&ensp;comunicação</small></small><br>,<small><small>definição:</small>&ensp;dar uma resposta afirmativa à; responder favoravelmente a</small><br>,"<small><small>lexemas:</small></small>&ensp;aceitar, aprovar, concordar, consentir<br>","<small><small>valências:&ensp;[ACT,PAT]</small></small><br>"
capio,lilaLemma:92686,"<small><small>synset_id:&ensp;<a href=""https://www.openwordnet-pt.org/synset?id=00769553-v"" target=""_blank"">00769553-v</a></small></small><br>",<small><small>categoria:&ensp;comunicação</small></small><br>,"<small><small>definição:</small>&ensp;fazer (alguém) concordar, entender ou perceber a verdade ou validade de algo</small><br>","<small><small>lexemas:</small></small>&ensp;convencer, persuadir<br>","<small><small>valências:&ensp;[ACT,PAT] ou [ACT,PAT,ADDR] ou [ACT,PAT,DIR1,DIR3] ou [ACT,EFF,PAT]</small></small><br>"
capio,lilaLemma:92686,"<small><small>synset_id:&ensp;<a href=""https://www.openwordnet-pt.org/synset?id=01017826-v"" target=""_blank"">01017826-v</a></small></small><br>",<small><small>categoria:&ensp;comunicação</small></small><br>,<small><small>definição:</small>&ensp;reivindicar como devido ou apenas</small><br>,"<small><small>lexemas:</small></small>&ensp;demandar, exigir<br>","<small><small>valências:&ensp;[ACT,PAT] ou [ACT,ADDR,PAT]</small></small><br>"
causa,lilaLemma:93253,"<small><small>synset_id:&ensp;<a href=""https://www.openwordnet-pt.org/synset?id=06739990-n"" target=""_blank"">06739990-n</a></small></small><br>",<small><small>categoria:&ensp;comunicação</small></small><br>,<small><small>definição:</small>&ensp;uma explicação da causa de algum fenómeno</small><br>,"<small><small>lexemas:</small></small>&ensp;porquê, razão, motivo<br>",<small><small>valências:&ensp;[PAT]</small></small><br>
causa,lilaLemma:93253,"<small><small>synset_id:&ensp;<a href=""https://www.openwordnet-pt.org/synset?id=06740402-n"" target=""_blank"">06740402-n</a></small></small><br>",<small><small>categoria:&ensp;comunicação</small></small><br>,<small><small>definição:</small>&ensp;uma justificativa para algo existente ou a acontecer</small><br>,"<small><small>lexemas:</small></small>&ensp;causa, fundamento, motivo, razão<br>",<small><small>valências:&ensp;[PAT]</small></small><br>
causa,lilaLemma:93253,"<small><small>synset_id:&ensp;<a href=""https://www.openwordnet-pt.org/synset?id=06599788-n"" target=""_blank"">06599788-n</a></small></small><br>",<small><small>categoria:&ensp;comunicação</small></small><br>,<small><small>definição:</small>&ensp;o assunto de uma conversa ou discussão</small><br>,"<small><small>lexemas:</small></small>&ensp;assunto, matéria, tema, tópico, conteúdo, fundo, ideia, objeto, temática, terreno<br>",<small><small>valências:&ensp;[PAT]</small></small><br>
causa,lilaLemma:93253,"<small><small>synset_id:&ensp;<a href=""https://www.openwordnet-pt.org/synset?id=07029682-n"" target=""_blank"">07029682-n</a></small></small><br>",<small><small>categoria:&ensp;comunicação</small></small><br>,<small><small>definição:</small>&ensp;um tema que se repete ou elaborados em uma peça de música</small><br>,<small><small>lexemas:</small></small>&ensp;motivo<br>,<small><small>valências:&ensp;[PAT]</small></small><br>
causa,lilaLemma:93253,"<small><small>synset_id:&ensp;<a href=""https://www.openwordnet-pt.org/synset?id=06755947-n"" target=""_blank"">06755947-n</a></small></small><br>",<small><small>categoria:&ensp;comunicação</small></small><br>,<small><small>definição:</small>&ensp;uma condição estipulada</small><br>,"<small><small>lexemas:</small></small>&ensp;provimento, ressalva, cláusula, condição, disposição, provisão<br>","<small><small>valências:&ensp;[PAT] ou [ACT,PAT]</small></small><br>"
cognosco,lilaLemma:94738,"<small><small>synset_id:&ensp;<a href=""https://www.openwordnet-pt.org/synset?id=01059123-v"" target=""_blank"">01059123-v</a></small></small><br>",<small><small>categoria:&ensp;comunicação</small></small><br>,"<small><small>definição:</small>&ensp;Expressar o reconhecimento da presença, existência ou familiaridade com algo</small><br>","<small><small>lexemas:</small></small>&ensp;notar, reconhecer<br>","<small><small>valências:&ensp;[ACT,PAT]</small></small><br>"
consilium,lilaLemma:96060,"<small><small>synset_id:&ensp;<a href=""https://www.openwordnet-pt.org/synset?id=06650701-n"" target=""_blank"">06650701-n</a></small></small><br>",<small><small>categoria:&ensp;comunicação</small></small><br>,<small><small>definição:</small>&ensp;algo que fornece orientação ou conselho a respeito de uma decisão ou curso de ação</small><br>,"<small><small>lexemas:</small></small>&ensp;aconselhamento, conselho, direção<br>","<small><small>valências:&ensp;[ACT,PAT] ou [ACT]</small></small><br>"
consilium,lilaLemma:96060,"<small><small>synset_id:&ensp;<a href=""https://www.openwordnet-pt.org/synset?id=07162680-n"" target=""_blank"">07162680-n</a></small></small><br>",<small><small>categoria:&ensp;comunicação</small></small><br>,<small><small>definição:</small>&ensp;a proposta oferecida para aceitação ou rejeição</small><br>,"<small><small>lexemas:</small></small>&ensp;proposição, proposta, sugestão, oferta<br>","<small><small>valências:&ensp;[ACT,PAT] ou [ACT]</small></small><br>"
consilium,lilaLemma:96060,"<small><small>synset_id:&ensp;<a href=""https://www.openwordnet-pt.org/synset?id=07140659-n"" target=""_blank"">07140659-n</a></small></small><br>",<small><small>categoria:&ensp;comunicação</small></small><br>,<small><small>definição:</small>&ensp;uma troca de opiniões sobre algum tema</small><br>,"<small><small>lexemas:</small></small>&ensp;debate, discussão, palavra<br>","<small><small>valências:&ensp;[ACT] ou [ACT,PAT]</small></small><br>"
consilium,lilaLemma:96060,"<small><small>synset_id:&ensp;<a href=""https://www.openwordnet-pt.org/synset?id=07140978-n"" target=""_blank"">07140978-n</a></small></small><br>",<small><small>categoria:&ensp;comunicação</small></small><br>,<small><small>definição:</small>&ensp;uma discussão em que razões são avançados a favor e contra alguma proposição ou proposta</small><br>,"<small><small>lexemas:</small></small>&ensp;debate, discussão<br>","<small><small>valências:&ensp;[ACT,PAT] ou [ACT] ou [ACMP,ACT,PAT] ou [ACT,ADDR,PAT]</small></small><br>"
consilium,lilaLemma:96060,"<small><small>synset_id:&ensp;<a href=""https://www.openwordnet-pt.org/synset?id=06671484-n"" target=""_blank"">06671484-n</a></small></small><br>",<small><small>categoria:&ensp;comunicação</small></small><br>,<small><small>definição:</small>&ensp;uma proposta de um curso de ação apropriado</small><br>,"<small><small>lexemas:</small></small>&ensp;assessoramento, conselho, recomendação, advertência<br>","<small><small>valências:&ensp;[ACT,PAT] ou [ACT] ou [ACT,ADDR,PAT]</small></small><br>"
consilium,lilaLemma:96060,"<small><small>synset_id:&ensp;<a href=""https://www.openwordnet-pt.org/synset?id=07242104-n"" target=""_blank"">07242104-n</a></small></small><br>",<small><small>categoria:&ensp;comunicação</small></small><br>,<small><small>definição:</small>&ensp;a apresentação formal de uma proposição declarada ea oposição a ele (geralmente seguido por uma votação)</small><br>,"<small><small>lexemas:</small></small>&ensp;debate, disputa<br>",<small><small>valências:&ensp;[ACT]</small></small><br>
corpus,lilaLemma:96667,"<small><small>synset_id:&ensp;<a href=""https://www.openwordnet-pt.org/synset?id=06591442-n"" target=""_blank"">06591442-n</a></small></small><br>",<small><small>categoria:&ensp;comunicação</small></small><br>,<small><small>definição:</small>&ensp;uma publicação que contém uma variedade de obras</small><br>,"<small><small>lexemas:</small></small>&ensp;coletânea, coleção, compêndio, recolha<br>",
credo,lilaLemma:96881,"<small><small>synset_id:&ensp;<a href=""https://www.openwordnet-pt.org/synset?id=00917300-v"" target=""_blank"">00917300-v</a></small></small><br>",<small><small>categoria:&ensp;comunicação</small></small><br>,<small><small>definição:</small>&ensp;expressar uma suposição</small><br>,"<small><small>lexemas:</small></small>&ensp;dizer, supor<br>","<small><small>valências:&ensp;[ACT,PAT]</small></small><br>"
credo,lilaLemma:96881,"<small><small>synset_id:&ensp;<a href=""https://www.openwordnet-pt.org/synset?id=00936465-v"" target=""_blank"">00936465-v</a></small></small><br>",<small><small>categoria:&ensp;comunicação</small></small><br>,<small><small>definição:</small>&ensp;revelar em privado; dizer confidencialmente</small><br>,"<small><small>lexemas:</small></small>&ensp;confidenciar, confiar<br>","<small><small>valências:&ensp;[ACT,PAT]</small></small><br>"
dico,lilaLemma:99302,"<small><small>synset_id:&ensp;<a href=""https://www.openwordnet-pt.org/synset?id=00953216-v"" target=""_blank"">00953216-v</a></small></small><br>",<small><small>categoria:&ensp;comunicação</small></small><br>,<small><small>definição:</small>&ensp;narrar ou dar um relato detalhado sobre</small><br>,"<small><small>lexemas:</small></small>&ensp;contar, narrar, recontar, descrever, dizer, explicar, relatar<br>","<small><small>valências:&ensp;[ACT,PAT] ou [ACT,ADDR,PAT]</small></small><br>"
dico,lilaLemma:99302,"<small><small>synset_id:&ensp;<a href=""https://www.openwordnet-pt.org/synset?id=00792471-v"" target=""_blank"">00792471-v</a></small></small><br>",<small><small>categoria:&ensp;comunicação</small></small><br>,"<small><small>definição:</small>&ensp;solicitar, requerer, comandar algo</small><br>","<small><small>lexemas:</small></small>&ensp;chamar, convocar, requerer<br>","<small><small>valências:&ensp;[ACT,PAT] ou [ACT,PAT,EFF] ou [ACT,INTT,PAT]</small></small><br>"
dico,lilaLemma:99302,"<small><small>synset_id:&ensp;<a href=""https://www.openwordnet-pt.org/synset?id=00979870-v"" target=""_blank"">00979870-v</a></small></small><br>",<small><small>categoria:&ensp;comunicação</small></small><br>,<small><small>definição:</small>&ensp;expressar em voz alta</small><br>,"<small><small>lexemas:</small></small>&ensp;dizer, falar<br>","<small><small>valências:&ensp;[ACT,PAT]</small></small><br>"
dico,lilaLemma:99302,"<small><small>synset_id:&ensp;<a href=""https://www.openwordnet-pt.org/synset?id=01011031-v"" target=""_blank"">01011031-v</a></small></small><br>",<small><small>categoria:&ensp;comunicação</small></small><br>,<small><small>definição:</small>&ensp;declarar ou afirmar solenemente e formalmente como verdade</small><br>,"<small><small>lexemas:</small></small>&ensp;afirmar, asseverar, jurar<br>","<small><small>valências:&ensp;[ACT,PAT] ou [ACT,ADDR,PAT]</small></small><br>"
dico,lilaLemma:99302,"<small><small>synset_id:&ensp;<a href=""https://www.openwordnet-pt.org/synset?id=00941990-v"" target=""_blank"">00941990-v</a></small></small><br>",<small><small>categoria:&ensp;comunicação</small></small><br>,<small><small>definição:</small>&ensp;expressar com a fala;</small><br>,"<small><small>lexemas:</small></small>&ensp;conversar, dizer, falar, proferir, verbalizar, contar, declarar<br>","<small><small>valências:&ensp;[ACT,PAT] ou [ACT]</small></small><br>"
dico,lilaLemma:99302,"<small><small>synset_id:&ensp;<a href=""https://www.openwordnet-pt.org/synset?id=00962447-v"" target=""_blank"">00962447-v</a></small></small><br>",<small><small>categoria:&ensp;comunicação</small></small><br>,<small><small>definição:</small>&ensp;trocar idéia; falar com</small><br>,"<small><small>lexemas:</small></small>&ensp;dialogar, falar<br>","<small><small>valências:&ensp;[ACT,PAT] ou [ACT] ou [ACT,ADDR] ou [ACMP,ACT]</small></small><br>"
dico,lilaLemma:99302,"<small><small>synset_id:&ensp;<a href=""https://www.openwordnet-pt.org/synset?id=01009821-v"" target=""_blank"">01009821-v</a></small></small><br>",<small><small>categoria:&ensp;comunicação</small></small><br>,<small><small>definição:</small>&ensp;Afirmar como sua opinião ou julgamento</small><br>,"<small><small>lexemas:</small></small>&ensp;afirmar, declarar, dizer, supor, expor<br>","<small><small>valências:&ensp;[ACT,PAT] ou [ACT,REG]</small></small><br>"
dico,lilaLemma:99302,"<small><small>synset_id:&ensp;<a href=""https://www.openwordnet-pt.org/synset?id=01009240-v"" target=""_blank"">01009240-v</a></small></small><br>",<small><small>categoria:&ensp;comunicação</small></small><br>,<small><small>definição:</small>&ensp;expressar em palavras</small><br>,"<small><small>lexemas:</small></small>&ensp;contar, dizer, falar, manifestar<br>","<small><small>valências:&ensp;[ACT,PAT] ou [ACT,ADDR,PAT] ou [ACT]</small></small><br>"
dico,lilaLemma:99302,"<small><small>synset_id:&ensp;<a href=""https://www.openwordnet-pt.org/synset?id=00978549-v"" target=""_blank"">00978549-v</a></small></small><br>",<small><small>categoria:&ensp;comunicação</small></small><br>,"<small><small>definição:</small>&ensp;falar, pronunciar, ou proferiri de uma certa maneira</small><br>","<small><small>lexemas:</small></small>&ensp;articular, dizer, enunciar, falar, pronunciar, manifestar-se, proferir<br>","<small><small>valências:&ensp;[ACT,PAT] ou [ACT,MANN,PAT] ou [ACT]</small></small><br>"
dico,lilaLemma:99302,"<small><small>synset_id:&ensp;<a href=""https://www.openwordnet-pt.org/synset?id=01016002-v"" target=""_blank"">01016002-v</a></small></small><br>",<small><small>categoria:&ensp;comunicação</small></small><br>,<small><small>definição:</small>&ensp;informar ou manter</small><br>,"<small><small>lexemas:</small></small>&ensp;afirmar, alegar, declarar, achacar, arguir, argumentar, dar_como_razão, desculpar-se_com, dizer, dizer_que, objetar, pretextar<br>","<small><small>valências:&ensp;[ACT,PAT]</small></small><br>"
dico,lilaLemma:99302,"<small><small>synset_id:&ensp;<a href=""https://www.openwordnet-pt.org/synset?id=00952524-v"" target=""_blank"">00952524-v</a></small></small><br>",<small><small>categoria:&ensp;comunicação</small></small><br>,<small><small>definição:</small>&ensp;fazer com que algo seja conhecido</small><br>,"<small><small>lexemas:</small></small>&ensp;contar, informar, dizer<br>","<small><small>valências:&ensp;[ACT,PAT] ou [ACT,PAT,ADDR]</small></small><br>"
dico,lilaLemma:99302,"<small><small>synset_id:&ensp;<a href=""https://www.openwordnet-pt.org/synset?id=00820801-v"" target=""_blank"">00820801-v</a></small></small><br>",<small><small>categoria:&ensp;comunicação</small></small><br>,<small><small>definição:</small>&ensp;estado firmemente</small><br>,<small><small>lexemas:</small></small>&ensp;declarar<br>,"<small><small>valências:&ensp;[ACT,PAT] ou [ACT,ADDR,PAT]</small></small><br>"
dico,lilaLemma:99302,"<small><small>synset_id:&ensp;<a href=""https://www.openwordnet-pt.org/synset?id=00963570-v"" target=""_blank"">00963570-v</a></small></small><br>",<small><small>categoria:&ensp;comunicação</small></small><br>,<small><small>definição:</small>&ensp;uso da linguagem</small><br>,"<small><small>lexemas:</small></small>&ensp;dizer, falar, usar a lingua, conversar<br>","<small><small>valências:&ensp;[ACT] ou [ACT,PAT]</small></small><br>"
dico,lilaLemma:99302,"<small><small>synset_id:&ensp;<a href=""https://www.openwordnet-pt.org/synset?id=01028748-v"" target=""_blank"">01028748-v</a></small></small><br>",<small><small>categoria:&ensp;comunicação</small></small><br>,<small><small>definição:</small>&ensp;atribuir um nome específico (geralmente adequado)</small><br>,"<small><small>lexemas:</small></small>&ensp;chamar, denominar, nomear<br>","<small><small>valências:&ensp;[ACT,EFF,PAT] ou [ACT,PAT]</small></small><br>"
dico,lilaLemma:99302,"<small><small>synset_id:&ensp;<a href=""https://www.openwordnet-pt.org/synset?id=00971015-v"" target=""_blank"">00971015-v</a></small></small><br>",<small><small>categoria:&ensp;comunicação</small></small><br>,<small><small>definição:</small>&ensp;atribuir uma qualidade ou dar um nome de um substantivo comum que reflete uma qualidade</small><br>,<small><small>lexemas:</small></small>&ensp;chamar<br>,"<small><small>valências:&ensp;[ACT,PAT]</small></small><br>"
dico,lilaLemma:99302,"<small><small>synset_id:&ensp;<a href=""https://www.openwordnet-pt.org/synset?id=00746718-v"" target=""_blank"">00746718-v</a></small></small><br>",<small><small>categoria:&ensp;comunicação</small></small><br>,"<small><small>definição:</small>&ensp;dar instruções a ou diretamente a alguém para fazer algo, com autoridade</small><br>","<small><small>lexemas:</small></small>&ensp;impetrar, intimar, mandar, ordenar, determinar, dizer<br>","<small><small>valências:&ensp;[ACT,PAT] ou [ACT,PAT,ADDR] ou [ACT,ADDR,PAT]</small></small><br>"
dico,lilaLemma:99302,"<small><small>synset_id:&ensp;<a href=""https://www.openwordnet-pt.org/synset?id=00952841-v"" target=""_blank"">00952841-v</a></small></small><br>",<small><small>categoria:&ensp;comunicação</small></small><br>,<small><small>definição:</small>&ensp;revelar informações</small><br>,"<small><small>lexemas:</small></small>&ensp;dedurar, falar demais, falar<br>","<small><small>valências:&ensp;[ACT,PAT]</small></small><br>"
dico,lilaLemma:99302,"<small><small>synset_id:&ensp;<a href=""https://www.openwordnet-pt.org/synset?id=00753881-v"" target=""_blank"">00753881-v</a></small></small><br>",<small><small>categoria:&ensp;comunicação</small></small><br>,"<small><small>definição:</small>&ensp;ordem, convocar, ou pedido de um direito específico ou atividade, trabalho, papel</small><br>",<small><small>lexemas:</small></small>&ensp;chamar<br>,"<small><small>valências:&ensp;[ACT,PAT] ou [ACT,PAT,EFF]</small></small><br>"
dico,lilaLemma:99302,"<small><small>synset_id:&ensp;<a href=""https://www.openwordnet-pt.org/synset?id=00945499-v"" target=""_blank"">00945499-v</a></small></small><br>",<small><small>categoria:&ensp;comunicação</small></small><br>,<small><small>definição:</small>&ensp;Recitar ou repetir um texto fixo</small><br>,"<small><small>lexemas:</small></small>&ensp;dizer, recitar, contar<br>","<small><small>valências:&ensp;[ACT,PAT]</small></small><br>"
dico,lilaLemma:99302,"<small><small>synset_id:&ensp;<a href=""https://www.openwordnet-pt.org/synset?id=00747135-v"" target=""_blank"">00747135-v</a></small></small><br>",<small><small>categoria:&ensp;comunicação</small></small><br>,<small><small>definição:</small>&ensp;emitir comandos ou ordens para</small><br>,"<small><small>lexemas:</small></small>&ensp;comandar, ditar, ordenar, prescrever, receitar, impor, mandar<br>","<small><small>valências:&ensp;[ACT,PAT] ou [ACT,PAT,ADDR] ou [ACT,PAT,EFF] ou [ACT,ADDR,PAT]</small></small><br>"
do,lilaLemma:99970,"<small><small>synset_id:&ensp;<a href=""https://www.openwordnet-pt.org/synset?id=01015866-v"" target=""_blank"">01015866-v</a></small></small><br>",<small><small>categoria:&ensp;comunicação</small></small><br>,<small><small>definição:</small>&ensp;avançar evidência para</small><br>,"<small><small>lexemas:</small></small>&ensp;aduzir, alegar, citar, invocar<br>","<small><small>valências:&ensp;[ACT,PAT,ADDR] ou [ACT,PAT] ou [ACT,ADDR,PAT]</small></small><br>"
do,lilaLemma:99970,"<small><small>synset_id:&ensp;<a href=""https://www.openwordnet-pt.org/synset?id=00887463-v"" target=""_blank"">00887463-v</a></small></small><br>",<small><small>categoria:&ensp;comunicação</small></small><br>,<small><small>definição:</small>&ensp;Ela se comprometeu com o trabalho do Senhor.</small><br>,"<small><small>lexemas:</small></small>&ensp;comprometer, consagrar, dedicar, devotar, aplicar-se, empenhar-se, nutrir, oferecer, sagrar, tributar<br>","<small><small>valências:&ensp;[ACT,PAT] ou [ACT,ADDR,PAT] ou [ACT,PAT,ADDR] ou [ACT,ADDR]</small></small><br>"
do,lilaLemma:99970,"<small><small>synset_id:&ensp;<a href=""https://www.openwordnet-pt.org/synset?id=00742320-v"" target=""_blank"">00742320-v</a></small></small><br>",<small><small>categoria:&ensp;comunicação</small></small><br>,<small><small>definição:</small>&ensp;transmitir informação</small><br>,"<small><small>lexemas:</small></small>&ensp;comunicar, transmitir<br>","<small><small>valências:&ensp;[ACT,PAT,ADDR] ou [ACT,PAT]</small></small><br>"
do,lilaLemma:99970,"<small><small>synset_id:&ensp;<a href=""https://www.openwordnet-pt.org/synset?id=00806049-v"" target=""_blank"">00806049-v</a></small></small><br>",<small><small>categoria:&ensp;comunicação</small></small><br>,<small><small>definição:</small>&ensp;estar dispostos a concessão</small><br>,"<small><small>lexemas:</small></small>&ensp;conceder, outorgar<br>","<small><small>valências:&ensp;[ACT,PAT] ou [ACT,PAT,ADDR] ou [ACT,ADDR] ou [ACT,EFF,PAT] ou [ACT,ADDR,PAT]</small></small><br>"
do,lilaLemma:99970,"<small><small>synset_id:&ensp;<a href=""https://www.openwordnet-pt.org/synset?id=01020005-v"" target=""_blank"">01020005-v</a></small></small><br>",<small><small>categoria:&ensp;comunicação</small></small><br>,<small><small>definição:</small>&ensp;fazer menção de</small><br>,"<small><small>lexemas:</small></small>&ensp;comentar, mencionar, notar, remarcar, reparar, acatar, advertir, apontar, assistir, explorar, fazer_notar, fixar, mirar, observar, perscrutar, presenciar, sondar, tentear<br>","<small><small>valências:&ensp;[ACT,PAT]</small></small><br>"
do,lilaLemma:99970,"<small><small>synset_id:&ensp;<a href=""https://www.openwordnet-pt.org/synset?id=00983824-v"" target=""_blank"">00983824-v</a></small></small><br>",<small><small>categoria:&ensp;comunicação</small></small><br>,<small><small>definição:</small>&ensp;expressar de forma audível; emitir sons (não necessariamente palavras)</small><br>,"<small><small>lexemas:</small></small>&ensp;emitir, soltar, pronunciar<br>","<small><small>valências:&ensp;[ACT,PAT]</small></small><br>"
do,lilaLemma:99970,"<small><small>synset_id:&ensp;<a href=""https://www.openwordnet-pt.org/synset?id=00802318-v"" target=""_blank"">00802318-v</a></small></small><br>",<small><small>categoria:&ensp;comunicação</small></small><br>,"<small><small>definição:</small>&ensp;consentir vom, dar permissão</small><br>","<small><small>lexemas:</small></small>&ensp;consentir, deixar, permitir, aceder, aceitar, aprovar, autorizar, conceder, ousar, outorgar, querer, ratificar, sancionar<br>","<small><small>valências:&ensp;[ACT,ADDR,PAT] ou [ACT,PAT,ADDR] ou [ACT,PAT]</small></small><br>"
eo,lilaLemma:101183,"<small><small>synset_id:&ensp;<a href=""https://www.openwordnet-pt.org/synset?id=00969873-v"" target=""_blank"">00969873-v</a></small></small><br>",<small><small>categoria:&ensp;comunicação</small></small><br>,<small><small>definição:</small>&ensp;tornar amplamente conhecido e repassados</small><br>,"<small><small>lexemas:</small></small>&ensp;circular, espalhar<br>",<small><small>valências:&ensp;[ACT]</small></small><br>
facio,lilaLemma:102758,"<small><small>synset_id:&ensp;<a href=""https://www.openwordnet-pt.org/synset?id=00838043-v"" target=""_blank"">00838043-v</a></small></small><br>",<small><small>categoria:&ensp;comunicação</small></small><br>,<small><small>definição:</small>&ensp;fazer crer com a intenção de enganar</small><br>,"<small><small>lexemas:</small></small>&ensp;aparentar, fingir, pretextar, simular, afectar, afetar, contrafazer, dissimular, forçar, pretender<br>","<small><small>valências:&ensp;[ACT,ADDR,PAT] ou [ACT] ou [ACT,PAT]</small></small><br>"
facio,lilaLemma:102758,"<small><small>synset_id:&ensp;<a href=""https://www.openwordnet-pt.org/synset?id=00983824-v"" target=""_blank"">00983824-v</a></small></small><br>",<small><small>categoria:&ensp;comunicação</small></small><br>,<small><small>definição:</small>&ensp;expressar de forma audível; emitir sons (não necessariamente palavras)</small><br>,"<small><small>lexemas:</small></small>&ensp;emitir, soltar, pronunciar<br>","<small><small>valências:&ensp;[ACT,PAT]</small></small><br>"
fero,lilaLemma:103126,"<small><small>synset_id:&ensp;<a href=""https://www.openwordnet-pt.org/synset?id=00900583-v"" target=""_blank"">00900583-v</a></small></small><br>",<small><small>categoria:&ensp;comunicação</small></small><br>,<small><small>definição:</small>&ensp;cumprimentar à chegada</small><br>,"<small><small>lexemas:</small></small>&ensp;acolher, receber, recepcionar<br>","<small><small>valências:&ensp;[ACT,LOC,PAT] ou [ACT,ADDR,PAT] ou [ACT,PAT]</small></small><br>"
fero,lilaLemma:103126,"<small><small>synset_id:&ensp;<a href=""https://www.openwordnet-pt.org/synset?id=00748282-v"" target=""_blank"">00748282-v</a></small></small><br>",<small><small>categoria:&ensp;comunicação</small></small><br>,<small><small>definição:</small>&ensp;impor algo desagradável</small><br>,"<small><small>lexemas:</small></small>&ensp;ditar, impor, infligir<br>","<small><small>valências:&ensp;[ACT,PAT] ou [ACT,PAT,ADDR] ou [ACT,ADDR,PAT] ou [ACT,PAT,BEN]</small></small><br>"
fero,lilaLemma:103126,"<small><small>synset_id:&ensp;<a href=""https://www.openwordnet-pt.org/synset?id=00875394-v"" target=""_blank"">00875394-v</a></small></small><br>",<small><small>categoria:&ensp;comunicação</small></small><br>,"<small><small>definição:</small>&ensp;fazer uma proposta, declarar um projeto para alguma coisa</small><br>","<small><small>lexemas:</small></small>&ensp;aconselhar, propor, sugerir, aventar<br>","<small><small>valências:&ensp;[ACT,PAT]</small></small><br>"
fero,lilaLemma:103126,"<small><small>synset_id:&ensp;<a href=""https://www.openwordnet-pt.org/synset?id=00952524-v"" target=""_blank"">00952524-v</a></small></small><br>",<small><small>categoria:&ensp;comunicação</small></small><br>,<small><small>definição:</small>&ensp;fazer com que algo seja conhecido</small><br>,"<small><small>lexemas:</small></small>&ensp;contar, informar, dizer<br>","<small><small>valências:&ensp;[ACT,PAT] ou [ACT,PAT,ADDR]</small></small><br>"
fero,lilaLemma:103126,"<small><small>synset_id:&ensp;<a href=""https://www.openwordnet-pt.org/synset?id=01028294-v"" target=""_blank"">01028294-v</a></small></small><br>",<small><small>categoria:&ensp;comunicação</small></small><br>,<small><small>definição:</small>&ensp;usar um nome para designar</small><br>,<small><small>lexemas:</small></small>&ensp;referir<br>,"<small><small>valências:&ensp;[ACT,PAT]</small></small><br>"
fero,lilaLemma:103126,"<small><small>synset_id:&ensp;<a href=""https://www.openwordnet-pt.org/synset?id=01016002-v"" target=""_blank"">01016002-v</a></small></small><br>",<small><small>categoria:&ensp;comunicação</small></small><br>,<small><small>definição:</small>&ensp;informar ou manter</small><br>,"<small><small>lexemas:</small></small>&ensp;afirmar, alegar, declarar, achacar, arguir, argumentar, dar_como_razão, desculpar-se_com, dizer, dizer_que, objetar, pretextar<br>","<small><small>valências:&ensp;[ACT,PAT]</small></small><br>"
fero,lilaLemma:103126,"<small><small>synset_id:&ensp;<a href=""https://www.openwordnet-pt.org/synset?id=01024190-v"" target=""_blank"">01024190-v</a></small></small><br>",<small><small>categoria:&ensp;comunicação</small></small><br>,<small><small>definição:</small>&ensp;fazer referência a</small><br>,"<small><small>lexemas:</small></small>&ensp;aludir, citar, mencionar, apontar, enumerar, identificar, lançar, lembrar, levantar, mexer, nomear, puxar, referenciar, referir, referir-se, remeter, reportar, reportar-se<br>","<small><small>valências:&ensp;[ACT,PAT] ou [ACT,PAT,ADDR]</small></small><br>"
fero,lilaLemma:103126,"<small><small>synset_id:&ensp;<a href=""https://www.openwordnet-pt.org/synset?id=00953058-v"" target=""_blank"">00953058-v</a></small></small><br>",<small><small>categoria:&ensp;comunicação</small></small><br>,<small><small>definição:</small>&ensp;dar conta de</small><br>,"<small><small>lexemas:</small></small>&ensp;narrar, relatar<br>","<small><small>valências:&ensp;[ACT,PAT] ou [ACT,ADDR,PAT]</small></small><br>"
fero,lilaLemma:103126,"<small><small>synset_id:&ensp;<a href=""https://www.openwordnet-pt.org/synset?id=00967098-v"" target=""_blank"">00967098-v</a></small></small><br>",<small><small>categoria:&ensp;comunicação</small></small><br>,"<small><small>definição:</small>&ensp;ser responsável por informar os detalhes de, como no jornalismo</small><br>","<small><small>lexemas:</small></small>&ensp;relatar, cobrir<br>","<small><small>valências:&ensp;[ACT,PAT]</small></small><br>"
fero,lilaLemma:103126,"<small><small>synset_id:&ensp;<a href=""https://www.openwordnet-pt.org/synset?id=00965035-v"" target=""_blank"">00965035-v</a></small></small><br>",<small><small>categoria:&ensp;comunicação</small></small><br>,<small><small>definição:</small>&ensp;dar um relato ou representar em palavras</small><br>,"<small><small>lexemas:</small></small>&ensp;descrever, relatar, assinalar, denunciar, explicar, informar, notificar, reportar<br>","<small><small>valências:&ensp;[ACT,PAT] ou [ACT,ADDR,PAT] ou [ACT,PAT,ADDR]</small></small><br>"
fero,lilaLemma:103126,"<small><small>synset_id:&ensp;<a href=""https://www.openwordnet-pt.org/synset?id=00931852-v"" target=""_blank"">00931852-v</a></small></small><br>",<small><small>categoria:&ensp;comunicação</small></small><br>,<small><small>definição:</small>&ensp;denotar ou conotar</small><br>,"<small><small>lexemas:</small></small>&ensp;significar, traduzir-se_em<br>","<small><small>valências:&ensp;[ACT,PAT,EFF] ou [ACT,PAT]</small></small><br>"
fero,lilaLemma:103126,"<small><small>synset_id:&ensp;<a href=""https://www.openwordnet-pt.org/synset?id=00770437-v"" target=""_blank"">00770437-v</a></small></small><br>",<small><small>categoria:&ensp;comunicação</small></small><br>,<small><small>definição:</small>&ensp;induzir a fazer; fazer agir de uma forma específica</small><br>,"<small><small>lexemas:</small></small>&ensp;induzir, abrir, causar, estimular, fazer, levar, provocar, resultar_(em), tornar<br>","<small><small>valências:&ensp;[ACT,PAT] ou [ACT,EFF,PAT]</small></small><br>"
fides,lilaLemma:103260,"<small><small>synset_id:&ensp;<a href=""https://www.openwordnet-pt.org/synset?id=07226545-n"" target=""_blank"">07226545-n</a></small></small><br>",<small><small>categoria:&ensp;comunicação</small></small><br>,<small><small>definição:</small>&ensp;um compromisso verbal de uma pessoa para outra concordar em fazer (ou não fazer) algo no futuro</small><br>,<small><small>lexemas:</small></small>&ensp;promessa<br>,"<small><small>valências:&ensp;[ACT,PAT] ou [PAT] ou [ACT]</small></small><br>"
genus,lilaLemma:104504,"<small><small>synset_id:&ensp;<a href=""https://www.openwordnet-pt.org/synset?id=06328643-n"" target=""_blank"">06328643-n</a></small></small><br>",<small><small>categoria:&ensp;comunicação</small></small><br>,"<small><small>definição:</small>&ensp;uma categoria gramatical em línguas flexionadas regem o acordo entre substantivos e pronomes e adjetivos; em algumas línguas é bastante arbitrária, mas em línguas indo-européias, geralmente, é baseada no sexo ou animateness</small><br>","<small><small>lexemas:</small></small>&ensp;género, género gramatical, gênero, gênero gramatical<br>",
imperium,lilaLemma:106532,"<small><small>synset_id:&ensp;<a href=""https://www.openwordnet-pt.org/synset?id=06786629-n"" target=""_blank"">06786629-n</a></small></small><br>",<small><small>categoria:&ensp;comunicação</small></small><br>,<small><small>definição:</small>&ensp;uma mensagem que descreve como algo que deve ser feito</small><br>,"<small><small>lexemas:</small></small>&ensp;instrução, conselho, orientação<br>","<small><small>valências:&ensp;[ACT,PAT]</small></small><br>"
imperium,lilaLemma:106532,"<small><small>synset_id:&ensp;<a href=""https://www.openwordnet-pt.org/synset?id=07168623-n"" target=""_blank"">07168623-n</a></small></small><br>",<small><small>categoria:&ensp;comunicação</small></small><br>,"<small><small>definição:</small>&ensp;(geralmente plural) um comando fornecido por um superior (por exemplo, um oficial militar ou um oficial de policia) que devem ser obedecidas</small><br>",<small><small>lexemas:</small></small>&ensp;ordem<br>,"<small><small>valências:&ensp;[ACT,PAT]</small></small><br>"
imperium,lilaLemma:106532,"<small><small>synset_id:&ensp;<a href=""https://www.openwordnet-pt.org/synset?id=07168131-n"" target=""_blank"">07168131-n</a></small></small><br>",<small><small>categoria:&ensp;comunicação</small></small><br>,<small><small>definição:</small>&ensp;uma direção autoritária ou instrução para fazer algo</small><br>,"<small><small>lexemas:</small></small>&ensp;Comando, ordem, orden<br>","<small><small>valências:&ensp;[ACT,PAT] ou [ACT]</small></small><br>"
inquam,lilaLemma:108033,"<small><small>synset_id:&ensp;<a href=""https://www.openwordnet-pt.org/synset?id=00928959-v"" target=""_blank"">00928959-v</a></small></small><br>",<small><small>categoria:&ensp;comunicação</small></small><br>,<small><small>definição:</small>&ensp;comunicar ou expressar de forma não verbal</small><br>,"<small><small>lexemas:</small></small>&ensp;dizer, expressar, falar<br>","<small><small>valências:&ensp;[ACT,PAT]</small></small><br>"
inquam,lilaLemma:108033,"<small><small>synset_id:&ensp;<a href=""https://www.openwordnet-pt.org/synset?id=01009240-v"" target=""_blank"">01009240-v</a></small></small><br>",<small><small>categoria:&ensp;comunicação</small></small><br>,<small><small>definição:</small>&ensp;expressar em palavras</small><br>,"<small><small>lexemas:</small></small>&ensp;contar, dizer, falar, manifestar<br>","<small><small>valências:&ensp;[ACT,PAT] ou [ACT,ADDR,PAT] ou [ACT]</small></small><br>"
iubeo,lilaLemma:109152,"<small><small>synset_id:&ensp;<a href=""https://www.openwordnet-pt.org/synset?id=00747135-v"" target=""_blank"">00747135-v</a></small></small><br>",<small><small>categoria:&ensp;comunicação</small></small><br>,<small><small>definição:</small>&ensp;emitir comandos ou ordens para</small><br>,"<small><small>lexemas:</small></small>&ensp;comandar, ditar, ordenar, prescrever, receitar, impor, mandar<br>","<small><small>valências:&ensp;[ACT,PAT] ou [ACT,PAT,ADDR] ou [ACT,PAT,EFF] ou [ACT,ADDR,PAT]</small></small><br>"
iubeo,lilaLemma:109152,"<small><small>synset_id:&ensp;<a href=""https://www.openwordnet-pt.org/synset?id=00793580-v"" target=""_blank"">00793580-v</a></small></small><br>",<small><small>categoria:&ensp;comunicação</small></small><br>,<small><small>definição:</small>&ensp;pedir a alguém de uma forma amigável para fazer algo</small><br>,"<small><small>lexemas:</small></small>&ensp;convidar, pedir<br>","<small><small>valências:&ensp;[ACT,PAT,ADDR]</small></small><br>"
iubeo,lilaLemma:109152,"<small><small>synset_id:&ensp;<a href=""https://www.openwordnet-pt.org/synset?id=00746718-v"" target=""_blank"">00746718-v</a></small></small><br>",<small><small>categoria:&ensp;comunicação</small></small><br>,"<small><small>definição:</small>&ensp;dar instruções a ou diretamente a alguém para fazer algo, com autoridade</small><br>","<small><small>lexemas:</small></small>&ensp;impetrar, intimar, mandar, ordenar, determinar, dizer<br>","<small><small>valências:&ensp;[ACT,PAT] ou [ACT,PAT,ADDR] ou [ACT,ADDR,PAT]</small></small><br>"
iubeo,lilaLemma:109152,"<small><small>synset_id:&ensp;<a href=""https://www.openwordnet-pt.org/synset?id=00749205-v"" target=""_blank"">00749205-v</a></small></small><br>",<small><small>categoria:&ensp;comunicação</small></small><br>,<small><small>definição:</small>&ensp;comando com autoridade</small><br>,"<small><small>lexemas:</small></small>&ensp;dirigir, ordenar<br>","<small><small>valências:&ensp;[ACT,PAT] ou [ACT,PAT,ADDR]</small></small><br>"
iubeo,lilaLemma:109152,"<small><small>synset_id:&ensp;<a href=""https://www.openwordnet-pt.org/synset?id=00754942-v"" target=""_blank"">00754942-v</a></small></small><br>",<small><small>categoria:&ensp;comunicação</small></small><br>,<small><small>definição:</small>&ensp;pedido com urgência e força</small><br>,"<small><small>lexemas:</small></small>&ensp;demandar, exigir, reclamar<br>","<small><small>valências:&ensp;[ACT,PAT] ou [ACT,PAT,ADDR] ou [ACT,ADDR,PAT]</small></small><br>"
iudicium,lilaLemma:109170,"<small><small>synset_id:&ensp;<a href=""https://www.openwordnet-pt.org/synset?id=06727616-n"" target=""_blank"">06727616-n</a></small></small><br>",<small><small>categoria:&ensp;comunicação</small></small><br>,<small><small>definição:</small>&ensp;uma declaração de autoridade</small><br>,"<small><small>lexemas:</small></small>&ensp;pronunciamento, acórdão, declaração<br>","<small><small>valências:&ensp;[ACT,PAT]</small></small><br>"
iudicium,lilaLemma:109170,"<small><small>synset_id:&ensp;<a href=""https://www.openwordnet-pt.org/synset?id=06284777-n"" target=""_blank"">06284777-n</a></small></small><br>",<small><small>categoria:&ensp;comunicação</small></small><br>,<small><small>definição:</small>&ensp;expressão verbal estendida no discurso ou escrita</small><br>,<small><small>lexemas:</small></small>&ensp;discurso<br>,<small><small>valências:&ensp;[ACT]</small></small><br>
iudicium,lilaLemma:109170,"<small><small>synset_id:&ensp;<a href=""https://www.openwordnet-pt.org/synset?id=06511874-n"" target=""_blank"">06511874-n</a></small></small><br>",<small><small>categoria:&ensp;comunicação</small></small><br>,<small><small>definição:</small>&ensp;uma expressão formal de uma reunião; acordado por um voto</small><br>,"<small><small>lexemas:</small></small>&ensp;resolução, declaração<br>","<small><small>valências:&ensp;[ACT] ou [ACT,PAT]</small></small><br>"
lex,lilaLemma:110351,"<small><small>synset_id:&ensp;<a href=""https://www.openwordnet-pt.org/synset?id=06770875-n"" target=""_blank"">06770875-n</a></small></small><br>",<small><small>categoria:&ensp;comunicação</small></small><br>,<small><small>definição:</small>&ensp;(geralmente plural) uma declaração do que é necessário como parte de um acordo</small><br>,"<small><small>lexemas:</small></small>&ensp;condição, termo, término<br>",
lex,lilaLemma:110351,"<small><small>synset_id:&ensp;<a href=""https://www.openwordnet-pt.org/synset?id=06770275-n"" target=""_blank"">06770275-n</a></small></small><br>",<small><small>categoria:&ensp;comunicação</small></small><br>,<small><small>definição:</small>&ensp;a declaração (oral ou escrita) de troca de promessas</small><br>,"<small><small>lexemas:</small></small>&ensp;acordo, pacto, compromisso<br>","<small><small>valências:&ensp;[ACT,PAT] ou [ACT] ou [ACMP,ACT]</small></small><br>"
lex,lilaLemma:110351,"<small><small>synset_id:&ensp;<a href=""https://www.openwordnet-pt.org/synset?id=06772260-n"" target=""_blank"">06772260-n</a></small></small><br>",<small><small>categoria:&ensp;comunicação</small></small><br>,<small><small>definição:</small>&ensp;um acordo escrito celebrado entre duas ou mais partes para executar alguma ação</small><br>,"<small><small>lexemas:</small></small>&ensp;concordata, pacto, tratado, acordo, contrato, convenção, convênio, trato<br>","<small><small>valências:&ensp;[ACT,PAT]</small></small><br>"
lex,lilaLemma:110351,"<small><small>synset_id:&ensp;<a href=""https://www.openwordnet-pt.org/synset?id=06652242-n"" target=""_blank"">06652242-n</a></small></small><br>",<small><small>categoria:&ensp;comunicação</small></small><br>,<small><small>definição:</small>&ensp;guia prescrito por conduta ou ação</small><br>,"<small><small>lexemas:</small></small>&ensp;norma, normas jurídicas, prescrição, regra, regulamento<br>",
lex,lilaLemma:110351,"<small><small>synset_id:&ensp;<a href=""https://www.openwordnet-pt.org/synset?id=06655388-n"" target=""_blank"">06655388-n</a></small></small><br>",<small><small>categoria:&ensp;comunicação</small></small><br>,<small><small>definição:</small>&ensp;regra de conduta pessoal</small><br>,"<small><small>lexemas:</small></small>&ensp;preceito, princípio<br>",
lex,lilaLemma:110351,"<small><small>synset_id:&ensp;<a href=""https://www.openwordnet-pt.org/synset?id=06536853-n"" target=""_blank"">06536853-n</a></small></small><br>",<small><small>categoria:&ensp;comunicação</small></small><br>,<small><small>definição:</small>&ensp;um estatuto de projecto antes de se tornar lei</small><br>,<small><small>lexemas:</small></small>&ensp;projecto de lei<br>,
lex,lilaLemma:110351,"<small><small>synset_id:&ensp;<a href=""https://www.openwordnet-pt.org/synset?id=06532330-n"" target=""_blank"">06532330-n</a></small></small><br>",<small><small>categoria:&ensp;comunicação</small></small><br>,"<small><small>definição:</small>&ensp;documento legal, estabelecendo regras que regem um determinado tipo de atividade</small><br>","<small><small>lexemas:</small></small>&ensp;actos legislativos, lei, leis<br>",
lex,lilaLemma:110351,"<small><small>synset_id:&ensp;<a href=""https://www.openwordnet-pt.org/synset?id=06664051-n"" target=""_blank"">06664051-n</a></small></small><br>",<small><small>categoria:&ensp;comunicação</small></small><br>,<small><small>definição:</small>&ensp;uma regra autoritária</small><br>,<small><small>lexemas:</small></small>&ensp;ordenamento<br>,"<small><small>valências:&ensp;[ACT,PAT]</small></small><br>"
lex,lilaLemma:110351,"<small><small>synset_id:&ensp;<a href=""https://www.openwordnet-pt.org/synset?id=06533648-n"" target=""_blank"">06533648-n</a></small></small><br>",<small><small>categoria:&ensp;comunicação</small></small><br>,<small><small>definição:</small>&ensp;lei que determina os princípios políticos fundamentais de um governo</small><br>,<small><small>lexemas:</small></small>&ensp;constituição<br>,
lex,lilaLemma:110351,"<small><small>synset_id:&ensp;<a href=""https://www.openwordnet-pt.org/synset?id=06520944-n"" target=""_blank"">06520944-n</a></small></small><br>",<small><small>categoria:&ensp;comunicação</small></small><br>,<small><small>definição:</small>&ensp;um acordo vinculativo entre duas ou mais pessoas que é obrigatório por lei</small><br>,"<small><small>lexemas:</small></small>&ensp;acordo, contrato<br>","<small><small>valências:&ensp;[ACT,PAT]</small></small><br>"
locus,lilaLemma:110019,"<small><small>synset_id:&ensp;<a href=""https://www.openwordnet-pt.org/synset?id=06599788-n"" target=""_blank"">06599788-n</a></small></small><br>",<small><small>categoria:&ensp;comunicação</small></small><br>,<small><small>definição:</small>&ensp;o assunto de uma conversa ou discussão</small><br>,"<small><small>lexemas:</small></small>&ensp;assunto, matéria, tema, tópico, conteúdo, fundo, ideia, objeto, temática, terreno<br>",<small><small>valências:&ensp;[PAT]</small></small><br>
locus,lilaLemma:110019,"<small><small>synset_id:&ensp;<a href=""https://www.openwordnet-pt.org/synset?id=06400271-n"" target=""_blank"">06400271-n</a></small></small><br>",<small><small>categoria:&ensp;comunicação</small></small><br>,<small><small>definição:</small>&ensp;uma seção de texto; particularmente uma secção de comprimento médio</small><br>,"<small><small>lexemas:</small></small>&ensp;passagem, bilhete, trecho<br>",
manus,lilaLemma:111585,"<small><small>synset_id:&ensp;<a href=""https://www.openwordnet-pt.org/synset?id=06403393-n"" target=""_blank"">06403393-n</a></small></small><br>",<small><small>categoria:&ensp;comunicação</small></small><br>,<small><small>definição:</small>&ensp;algo escrito à mão</small><br>,"<small><small>lexemas:</small></small>&ensp;caligrafia, escrita, escritura, lado, letra<br>",
mitto,lilaLemma:112499,"<small><small>synset_id:&ensp;<a href=""https://www.openwordnet-pt.org/synset?id=00983824-v"" target=""_blank"">00983824-v</a></small></small><br>",<small><small>categoria:&ensp;comunicação</small></small><br>,<small><small>definição:</small>&ensp;expressar de forma audível; emitir sons (não necessariamente palavras)</small><br>,"<small><small>lexemas:</small></small>&ensp;emitir, soltar, pronunciar<br>","<small><small>valências:&ensp;[ACT,PAT]</small></small><br>"
mitto,lilaLemma:112499,"<small><small>synset_id:&ensp;<a href=""https://www.openwordnet-pt.org/synset?id=01031256-v"" target=""_blank"">01031256-v</a></small></small><br>",<small><small>categoria:&ensp;comunicação</small></small><br>,<small><small>definição:</small>&ensp;causa de ser dirigido ou transmitido para outro lugar</small><br>,"<small><small>lexemas:</small></small>&ensp;enviar, mandar, jogar, remeter<br>","<small><small>valências:&ensp;[ACT,DIR3,PAT]</small></small><br>"
modus,lilaLemma:112553,"<small><small>synset_id:&ensp;<a href=""https://www.openwordnet-pt.org/synset?id=06652242-n"" target=""_blank"">06652242-n</a></small></small><br>",<small><small>categoria:&ensp;comunicação</small></small><br>,<small><small>definição:</small>&ensp;guia prescrito por conduta ou ação</small><br>,"<small><small>lexemas:</small></small>&ensp;norma, normas jurídicas, prescrição, regra, regulamento<br>",
modus,lilaLemma:112553,"<small><small>synset_id:&ensp;<a href=""https://www.openwordnet-pt.org/synset?id=07260623-n"" target=""_blank"">07260623-n</a></small></small><br>",<small><small>categoria:&ensp;comunicação</small></small><br>,<small><small>definição:</small>&ensp;uma base de comparação; um ponto de referência contra o qual outras coisas podem ser avaliados</small><br>,"<small><small>lexemas:</small></small>&ensp;critério, padrões, medida, norma, pauta, regra, regular, standard<br>","<small><small>valências:&ensp;[ACT,PAT] ou [ACT] ou [MAT]</small></small><br>"
modus,lilaLemma:112553,"<small><small>synset_id:&ensp;<a href=""https://www.openwordnet-pt.org/synset?id=06864725-n"" target=""_blank"">06864725-n</a></small></small><br>",<small><small>categoria:&ensp;comunicação</small></small><br>,<small><small>definição:</small>&ensp;notação musical para um padrão de repetição de batidas musicais</small><br>,"<small><small>lexemas:</small></small>&ensp;barra, medição, Metrologia<br>",
modus,lilaLemma:112553,"<small><small>synset_id:&ensp;<a href=""https://www.openwordnet-pt.org/synset?id=07028373-n"" target=""_blank"">07028373-n</a></small></small><br>",<small><small>categoria:&ensp;comunicação</small></small><br>,<small><small>definição:</small>&ensp;uma sucessão de notas formação de uma sequência distinta</small><br>,"<small><small>lexemas:</small></small>&ensp;aria, melodia, toada, ar<br>",
modus,lilaLemma:112553,"<small><small>synset_id:&ensp;<a href=""https://www.openwordnet-pt.org/synset?id=06865345-n"" target=""_blank"">06865345-n</a></small></small><br>",<small><small>categoria:&ensp;comunicação</small></small><br>,<small><small>definição:</small>&ensp;uma notação que representa o lance e duração de um som musical</small><br>,"<small><small>lexemas:</small></small>&ensp;nota, tom<br>",
mos,lilaLemma:112831,"<small><small>synset_id:&ensp;<a href=""https://www.openwordnet-pt.org/synset?id=06655388-n"" target=""_blank"">06655388-n</a></small></small><br>",<small><small>categoria:&ensp;comunicação</small></small><br>,<small><small>definição:</small>&ensp;regra de conduta pessoal</small><br>,"<small><small>lexemas:</small></small>&ensp;preceito, princípio<br>",
mos,lilaLemma:112831,"<small><small>synset_id:&ensp;<a href=""https://www.openwordnet-pt.org/synset?id=06532330-n"" target=""_blank"">06532330-n</a></small></small><br>",<small><small>categoria:&ensp;comunicação</small></small><br>,"<small><small>definição:</small>&ensp;documento legal, estabelecendo regras que regem um determinado tipo de atividade</small><br>","<small><small>lexemas:</small></small>&ensp;actos legislativos, lei, leis<br>",
nomen,lilaLemma:113797,"<small><small>synset_id:&ensp;<a href=""https://www.openwordnet-pt.org/synset?id=06319293-n"" target=""_blank"">06319293-n</a></small></small><br>",<small><small>categoria:&ensp;comunicação</small></small><br>,"<small><small>definição:</small>&ensp;uma palavra de conteúdo que pode ser usada para se referir a uma pessoa, lugar, coisa, qualidade ou ação</small><br>","<small><small>lexemas:</small></small>&ensp;nome, substantivo<br>",
nomen,lilaLemma:113797,"<small><small>synset_id:&ensp;<a href=""https://www.openwordnet-pt.org/synset?id=06343971-n"" target=""_blank"">06343971-n</a></small></small><br>",<small><small>categoria:&ensp;comunicação</small></small><br>,<small><small>definição:</small>&ensp;uma linha de texto que serve para indicar que a passagem abaixo é sobre</small><br>,<small><small>lexemas:</small></small>&ensp;encabeçamento<br>,
nomen,lilaLemma:113797,"<small><small>synset_id:&ensp;<a href=""https://www.openwordnet-pt.org/synset?id=06338908-n"" target=""_blank"">06338908-n</a></small></small><br>",<small><small>categoria:&ensp;comunicação</small></small><br>,<small><small>definição:</small>&ensp;identificação ou mais palavras por que alguém ou alguma coisa é chamado e classificados ou distinguem dos outros</small><br>,"<small><small>lexemas:</small></small>&ensp;antenome, denominação, nome, nome de batismo, nome próprio, prenome, primeiro nome, título, designação<br>","<small><small>valências:&ensp;[ACT,PAT]</small></small><br>"
nomen,lilaLemma:113797,"<small><small>synset_id:&ensp;<a href=""https://www.openwordnet-pt.org/synset?id=06336904-n"" target=""_blank"">06336904-n</a></small></small><br>",<small><small>categoria:&ensp;comunicação</small></small><br>,<small><small>definição:</small>&ensp;o nome usado para identificar os membros de uma família</small><br>,"<small><small>lexemas:</small></small>&ensp;apelido, cognome, nome de família, sobrenome<br>",
nomen,lilaLemma:113797,"<small><small>synset_id:&ensp;<a href=""https://www.openwordnet-pt.org/synset?id=06317862-n"" target=""_blank"">06317862-n</a></small></small><br>",<small><small>categoria:&ensp;comunicação</small></small><br>,"<small><small>definição:</small>&ensp;a classe de palavra que pode servir como o assunto ou o objeto de um verbo, o objeto de uma preposição, ou em aposição</small><br>","<small><small>lexemas:</small></small>&ensp;nominal, substantivo, nome<br>",
nomen,lilaLemma:113797,"<small><small>synset_id:&ensp;<a href=""https://www.openwordnet-pt.org/synset?id=06333653-n"" target=""_blank"">06333653-n</a></small></small><br>",<small><small>categoria:&ensp;comunicação</small></small><br>,<small><small>definição:</small>&ensp;uma unidade de linguagem pela qual uma pessoa ou coisa é conhecida</small><br>,"<small><small>lexemas:</small></small>&ensp;antenome, nome, nome de batismo, nome próprio, prenome, primeiro nome<br>","<small><small>valências:&ensp;[ACT,PAT]</small></small><br>"
nomen,lilaLemma:113797,"<small><small>synset_id:&ensp;<a href=""https://www.openwordnet-pt.org/synset?id=06303540-n"" target=""_blank"">06303540-n</a></small></small><br>",<small><small>categoria:&ensp;comunicação</small></small><br>,"<small><small>definição:</small>&ensp;qualquer palavra ou grupo de palavras, funcionando como um substantivo</small><br>",<small><small>lexemas:</small></small>&ensp;substantivo<br>,
periculum,lilaLemma:116930,"<small><small>synset_id:&ensp;<a href=""https://www.openwordnet-pt.org/synset?id=06647614-n"" target=""_blank"">06647614-n</a></small></small><br>",<small><small>categoria:&ensp;comunicação</small></small><br>,"<small><small>definição:</small>&ensp;uma série formal das declarações mostrando que, se uma coisa é verdade outra coisa segue necessariamente a partir dele</small><br>","<small><small>lexemas:</small></small>&ensp;demonstração, evidência, prova, teste<br>","<small><small>valências:&ensp;[PAT] ou [ACT,PAT]</small></small><br>"
peto,lilaLemma:117549,"<small><small>synset_id:&ensp;<a href=""https://www.openwordnet-pt.org/synset?id=00759269-v"" target=""_blank"">00759269-v</a></small></small><br>",<small><small>categoria:&ensp;comunicação</small></small><br>,<small><small>definição:</small>&ensp;invocar em súplica; rogar</small><br>,"<small><small>lexemas:</small></small>&ensp;implorar, rogar, suplicar, pedir, rezar<br>","<small><small>valências:&ensp;[ACT,INTT,PAT] ou [ACT,ADDR,PAT] ou [ACT,PAT,ADDR] ou [ACT,PAT] ou [ACT]</small></small><br>"
peto,lilaLemma:117549,"<small><small>synset_id:&ensp;<a href=""https://www.openwordnet-pt.org/synset?id=00755745-v"" target=""_blank"">00755745-v</a></small></small><br>",<small><small>categoria:&ensp;comunicação</small></small><br>,<small><small>definição:</small>&ensp;considerar obrigatória; pedir e esperar</small><br>,"<small><small>lexemas:</small></small>&ensp;exigir, requerer, pedir<br>","<small><small>valências:&ensp;[ACT,PAT] ou [ACT,ADDR,PAT]</small></small><br>"
peto,lilaLemma:117549,"<small><small>synset_id:&ensp;<a href=""https://www.openwordnet-pt.org/synset?id=00752493-v"" target=""_blank"">00752493-v</a></small></small><br>",<small><small>categoria:&ensp;comunicação</small></small><br>,<small><small>definição:</small>&ensp;fazer um pedido ou a procura de algo para alguém</small><br>,<small><small>lexemas:</small></small>&ensp;pedir<br>,"<small><small>valências:&ensp;[ACT,ADDR,PAT] ou [ACT,PAT] ou [ACT,ORIG,PAT]</small></small><br>"
peto,lilaLemma:117549,"<small><small>synset_id:&ensp;<a href=""https://www.openwordnet-pt.org/synset?id=00784342-v"" target=""_blank"">00784342-v</a></small></small><br>",<small><small>categoria:&ensp;comunicação</small></small><br>,<small><small>definição:</small>&ensp;questionar sobre</small><br>,"<small><small>lexemas:</small></small>&ensp;indagar, perguntar, interrogar, pedir, solicitar<br>","<small><small>valências:&ensp;[ACT,PAT] ou [ACT,ADDR,PAT] ou [ACT,PAT,ADDR]</small></small><br>"
peto,lilaLemma:117549,"<small><small>synset_id:&ensp;<a href=""https://www.openwordnet-pt.org/synset?id=00753734-v"" target=""_blank"">00753734-v</a></small></small><br>",<small><small>categoria:&ensp;comunicação</small></small><br>,<small><small>definição:</small>&ensp;fazer uma solicitação ou pedido de algo desejado</small><br>,<small><small>lexemas:</small></small>&ensp;pedir<br>,"<small><small>valências:&ensp;[ACT,ADDR,PAT] ou [ACT,ORIG,PAT] ou [ACT,PAT] ou [ACT]</small></small><br>"
pono,lilaLemma:118414,"<small><small>synset_id:&ensp;<a href=""https://www.openwordnet-pt.org/synset?id=00869931-v"" target=""_blank"">00869931-v</a></small></small><br>",<small><small>categoria:&ensp;comunicação</small></small><br>,<small><small>definição:</small>&ensp;apresentar uma acusação formal contra</small><br>,<small><small>lexemas:</small></small>&ensp;acusar<br>,"<small><small>valências:&ensp;[ACT,PAT]</small></small><br>"
pono,lilaLemma:118414,"<small><small>synset_id:&ensp;<a href=""https://www.openwordnet-pt.org/synset?id=00779601-v"" target=""_blank"">00779601-v</a></small></small><br>",<small><small>categoria:&ensp;comunicação</small></small><br>,<small><small>definição:</small>&ensp;dar um descanso para</small><br>,"<small><small>lexemas:</small></small>&ensp;apoiar, descansar, repousar<br>","<small><small>valências:&ensp;[ACT,PAT]</small></small><br>"
pono,lilaLemma:118414,"<small><small>synset_id:&ensp;<a href=""https://www.openwordnet-pt.org/synset?id=00746084-v"" target=""_blank"">00746084-v</a></small></small><br>",<small><small>categoria:&ensp;comunicação</small></small><br>,<small><small>definição:</small>&ensp;emitir uma ordem</small><br>,<small><small>lexemas:</small></small>&ensp;ordenar<br>,"<small><small>valências:&ensp;[ACT,PAT]</small></small><br>"
puto,lilaLemma:120610,"<small><small>synset_id:&ensp;<a href=""https://www.openwordnet-pt.org/synset?id=00917300-v"" target=""_blank"">00917300-v</a></small></small><br>",<small><small>categoria:&ensp;comunicação</small></small><br>,<small><small>definição:</small>&ensp;expressar uma suposição</small><br>,"<small><small>lexemas:</small></small>&ensp;dizer, supor<br>","<small><small>valências:&ensp;[ACT,PAT]</small></small><br>"
puto,lilaLemma:120610,"<small><small>synset_id:&ensp;<a href=""https://www.openwordnet-pt.org/synset?id=00921072-v"" target=""_blank"">00921072-v</a></small></small><br>",<small><small>categoria:&ensp;comunicação</small></small><br>,<small><small>definição:</small>&ensp;imagino ser o caso ou verdadeiro ou provável</small><br>,<small><small>lexemas:</small></small>&ensp;suspeitar<br>,"<small><small>valências:&ensp;[ACT,PAT]</small></small><br>"
quaero,lilaLemma:121047,"<small><small>synset_id:&ensp;<a href=""https://www.openwordnet-pt.org/synset?id=00754942-v"" target=""_blank"">00754942-v</a></small></small><br>",<small><small>categoria:&ensp;comunicação</small></small><br>,<small><small>definição:</small>&ensp;pedido com urgência e força</small><br>,"<small><small>lexemas:</small></small>&ensp;demandar, exigir, reclamar<br>","<small><small>valências:&ensp;[ACT,PAT] ou [ACT,PAT,ADDR] ou [ACT,ADDR,PAT]</small></small><br>"
quaero,lilaLemma:121047,"<small><small>synset_id:&ensp;<a href=""https://www.openwordnet-pt.org/synset?id=00755745-v"" target=""_blank"">00755745-v</a></small></small><br>",<small><small>categoria:&ensp;comunicação</small></small><br>,<small><small>definição:</small>&ensp;considerar obrigatória; pedir e esperar</small><br>,"<small><small>lexemas:</small></small>&ensp;exigir, requerer, pedir<br>","<small><small>valências:&ensp;[ACT,PAT] ou [ACT,ADDR,PAT]</small></small><br>"
quaero,lilaLemma:121047,"<small><small>synset_id:&ensp;<a href=""https://www.openwordnet-pt.org/synset?id=00752493-v"" target=""_blank"">00752493-v</a></small></small><br>",<small><small>categoria:&ensp;comunicação</small></small><br>,<small><small>definição:</small>&ensp;fazer um pedido ou a procura de algo para alguém</small><br>,<small><small>lexemas:</small></small>&ensp;pedir<br>,"<small><small>valências:&ensp;[ACT,ADDR,PAT] ou [ACT,PAT] ou [ACT,ORIG,PAT]</small></small><br>"
quaero,lilaLemma:121047,"<small><small>synset_id:&ensp;<a href=""https://www.openwordnet-pt.org/synset?id=00785962-v"" target=""_blank"">00785962-v</a></small></small><br>",<small><small>categoria:&ensp;comunicação</small></small><br>,<small><small>definição:</small>&ensp;Realizar um inquérito ou investigação sobre</small><br>,"<small><small>lexemas:</small></small>&ensp;apurar, averiguar, investigar, esquadrinhar, pesquisar<br>","<small><small>valências:&ensp;[ACT,PAT] ou [ACT,PAT,REG]</small></small><br>"
quaero,lilaLemma:121047,"<small><small>synset_id:&ensp;<a href=""https://www.openwordnet-pt.org/synset?id=01069989-v"" target=""_blank"">01069989-v</a></small></small><br>",<small><small>categoria:&ensp;comunicação</small></small><br>,<small><small>definição:</small>&ensp;pergunte para</small><br>,<small><small>lexemas:</small></small>&ensp;procurar<br>,"<small><small>valências:&ensp;[ACT,PAT] ou [ACT,ADDR,PAT]</small></small><br>"
quaero,lilaLemma:121047,"<small><small>synset_id:&ensp;<a href=""https://www.openwordnet-pt.org/synset?id=00784342-v"" target=""_blank"">00784342-v</a></small></small><br>",<small><small>categoria:&ensp;comunicação</small></small><br>,<small><small>definição:</small>&ensp;questionar sobre</small><br>,"<small><small>lexemas:</small></small>&ensp;indagar, perguntar, interrogar, pedir, solicitar<br>","<small><small>valências:&ensp;[ACT,PAT] ou [ACT,ADDR,PAT] ou [ACT,PAT,ADDR]</small></small><br>"
quaero,lilaLemma:121047,"<small><small>synset_id:&ensp;<a href=""https://www.openwordnet-pt.org/synset?id=01017826-v"" target=""_blank"">01017826-v</a></small></small><br>",<small><small>categoria:&ensp;comunicação</small></small><br>,<small><small>definição:</small>&ensp;reivindicar como devido ou apenas</small><br>,"<small><small>lexemas:</small></small>&ensp;demandar, exigir<br>","<small><small>valências:&ensp;[ACT,PAT] ou [ACT,ADDR,PAT]</small></small><br>"
quaero,lilaLemma:121047,"<small><small>synset_id:&ensp;<a href=""https://www.openwordnet-pt.org/synset?id=01018065-v"" target=""_blank"">01018065-v</a></small></small><br>",<small><small>categoria:&ensp;comunicação</small></small><br>,<small><small>definição:</small>&ensp;pedir para ser informado de</small><br>,"<small><small>lexemas:</small></small>&ensp;demandar, exigir, pedir<br>","<small><small>valências:&ensp;[ACT,PAT]</small></small><br>"
refero,lilaLemma:122494,"<small><small>synset_id:&ensp;<a href=""https://www.openwordnet-pt.org/synset?id=00816353-v"" target=""_blank"">00816353-v</a></small></small><br>",<small><small>categoria:&ensp;comunicação</small></small><br>,<small><small>definição:</small>&ensp;responder</small><br>,"<small><small>lexemas:</small></small>&ensp;rebater, replicar, retornar, retorquir, retortar, retrucar, ripostar<br>","<small><small>valências:&ensp;[ACT,PAT] ou [ACT,PAT,ADDR]</small></small><br>"
refero,lilaLemma:122494,"<small><small>synset_id:&ensp;<a href=""https://www.openwordnet-pt.org/synset?id=00959524-v"" target=""_blank"">00959524-v</a></small></small><br>",<small><small>categoria:&ensp;comunicação</small></small><br>,<small><small>definição:</small>&ensp;voltar para algo mais cedo</small><br>,"<small><small>lexemas:</small></small>&ensp;lembrar, retornar<br>","<small><small>valências:&ensp;[ACT] ou [ACT,DIR3] ou [ACT,PAT] ou [ACT,PAT,DIR3]</small></small><br>"
refero,lilaLemma:122494,"<small><small>synset_id:&ensp;<a href=""https://www.openwordnet-pt.org/synset?id=00965035-v"" target=""_blank"">00965035-v</a></small></small><br>",<small><small>categoria:&ensp;comunicação</small></small><br>,<small><small>definição:</small>&ensp;dar um relato ou representar em palavras</small><br>,"<small><small>lexemas:</small></small>&ensp;descrever, relatar, assinalar, denunciar, explicar, informar, notificar, reportar<br>","<small><small>valências:&ensp;[ACT,PAT] ou [ACT,ADDR,PAT] ou [ACT,PAT,ADDR]</small></small><br>"
refero,lilaLemma:122494,"<small><small>synset_id:&ensp;<a href=""https://www.openwordnet-pt.org/synset?id=00930368-v"" target=""_blank"">00930368-v</a></small></small><br>",<small><small>categoria:&ensp;comunicação</small></small><br>,<small><small>definição:</small>&ensp;trazer à lembrança</small><br>,"<small><small>lexemas:</small></small>&ensp;evocar, sugerir<br>","<small><small>valências:&ensp;[ACT,PAT] ou [ACT,ADDR,PAT]</small></small><br>"
refero,lilaLemma:122494,"<small><small>synset_id:&ensp;<a href=""https://www.openwordnet-pt.org/synset?id=00966809-v"" target=""_blank"">00966809-v</a></small></small><br>",<small><small>categoria:&ensp;comunicação</small></small><br>,"<small><small>definição:</small>&ensp;anunciar resultado de uma investigação, experiência ou encontro</small><br>","<small><small>lexemas:</small></small>&ensp;relatar, reportar, informar, noticiar<br>","<small><small>valências:&ensp;[ACT,PAT] ou [ACT,PAT,ADDR]</small></small><br>"
scio,lilaLemma:123732,"<small><small>synset_id:&ensp;<a href=""https://www.openwordnet-pt.org/synset?id=00817311-v"" target=""_blank"">00817311-v</a></small></small><br>",<small><small>categoria:&ensp;comunicação</small></small><br>,<small><small>definição:</small>&ensp;Declarar ser verdade ou admitir a existência ou a realidade ou a verdade de</small><br>,"<small><small>lexemas:</small></small>&ensp;admitir, confessar, reconhecer<br>","<small><small>valências:&ensp;[ACT,PAT] ou [ACT,PAT,EFF]</small></small><br>"
scribo,lilaLemma:123840,"<small><small>synset_id:&ensp;<a href=""https://www.openwordnet-pt.org/synset?id=00923793-v"" target=""_blank"">00923793-v</a></small></small><br>",<small><small>categoria:&ensp;comunicação</small></small><br>,"<small><small>definição:</small>&ensp;indicar um lugar, direção, pessoa ou coisa; tanto espacialmente quanto figurativamente</small><br>","<small><small>lexemas:</small></small>&ensp;apontar, indicar, mostrar, assinalar, demonstrar, designar, ensinar, especificar, particularizar, provar, revelar, testar<br>","<small><small>valências:&ensp;[ACT,PAT] ou [ACT,ADDR,PAT] ou [ACT,PAT,ADDR] ou [PAT]</small></small><br>"
scribo,lilaLemma:123840,"<small><small>synset_id:&ensp;<a href=""https://www.openwordnet-pt.org/synset?id=01019472-v"" target=""_blank"">01019472-v</a></small></small><br>",<small><small>categoria:&ensp;comunicação</small></small><br>,<small><small>definição:</small>&ensp;dar uma garantia ou promessa de</small><br>,"<small><small>lexemas:</small></small>&ensp;convencionar, estipular, estipule<br>","<small><small>valências:&ensp;[ACT,PAT]</small></small><br>"
scribo,lilaLemma:123840,"<small><small>synset_id:&ensp;<a href=""https://www.openwordnet-pt.org/synset?id=01000214-v"" target=""_blank"">01000214-v</a></small></small><br>",<small><small>categoria:&ensp;comunicação</small></small><br>,<small><small>definição:</small>&ensp;fazer um registro de algo; gravar de forma permanente</small><br>,"<small><small>lexemas:</small></small>&ensp;registar, registrar, consignar<br>","<small><small>valências:&ensp;[ACT,ADDR,PAT] ou [ACT,PAT]</small></small><br>"
scribo,lilaLemma:123840,"<small><small>synset_id:&ensp;<a href=""https://www.openwordnet-pt.org/synset?id=01031966-v"" target=""_blank"">01031966-v</a></small></small><br>",<small><small>categoria:&ensp;comunicação</small></small><br>,<small><small>definição:</small>&ensp;comunicar por carta</small><br>,<small><small>lexemas:</small></small>&ensp;escrever<br>,"<small><small>valências:&ensp;[ACT,PAT]</small></small><br>"
scribo,lilaLemma:123840,"<small><small>synset_id:&ensp;<a href=""https://www.openwordnet-pt.org/synset?id=00993014-v"" target=""_blank"">00993014-v</a></small></small><br>",<small><small>categoria:&ensp;comunicação</small></small><br>,<small><small>definição:</small>&ensp;comunicar ou expressar através da escrita</small><br>,"<small><small>lexemas:</small></small>&ensp;escrever, redigir<br>","<small><small>valências:&ensp;[ACT,PAT]</small></small><br>"
scribo,lilaLemma:123840,"<small><small>synset_id:&ensp;<a href=""https://www.openwordnet-pt.org/synset?id=01020356-v"" target=""_blank"">01020356-v</a></small></small><br>",<small><small>categoria:&ensp;comunicação</small></small><br>,"<small><small>definição:</small>&ensp;colocar por escrito; diz-se de textos, composições musicais, etc</small><br>","<small><small>lexemas:</small></small>&ensp;registar, registrar<br>","<small><small>valências:&ensp;[ACT,PAT,REG] ou [ACT,PAT]</small></small><br>"
sequor,lilaLemma:124461,"<small><small>synset_id:&ensp;<a href=""https://www.openwordnet-pt.org/synset?id=01069989-v"" target=""_blank"">01069989-v</a></small></small><br>",<small><small>categoria:&ensp;comunicação</small></small><br>,<small><small>definição:</small>&ensp;pergunte para</small><br>,<small><small>lexemas:</small></small>&ensp;procurar<br>,"<small><small>valências:&ensp;[ACT,PAT] ou [ACT,ADDR,PAT]</small></small><br>"
senatus,lilaLemma:124309,"<small><small>synset_id:&ensp;<a href=""https://www.openwordnet-pt.org/synset?id=07143137-n"" target=""_blank"">07143137-n</a></small></small><br>",<small><small>categoria:&ensp;comunicação</small></small><br>,<small><small>definição:</small>&ensp;uma conferência entre duas ou mais pessoas a considerar uma questão em particular</small><br>,<small><small>lexemas:</small></small>&ensp;consulta<br>,
tempus,lilaLemma:127522,"<small><small>synset_id:&ensp;<a href=""https://www.openwordnet-pt.org/synset?id=06329506-n"" target=""_blank"">06329506-n</a></small></small><br>",<small><small>categoria:&ensp;comunicação</small></small><br>,<small><small>definição:</small>&ensp;Uma categoria gramatical de verbos utilizada para expressar distinções de tempo</small><br>,<small><small>lexemas:</small></small>&ensp;tempo<br>,
teneo,lilaLemma:127822,"<small><small>synset_id:&ensp;<a href=""https://www.openwordnet-pt.org/synset?id=00885217-v"" target=""_blank"">00885217-v</a></small></small><br>",<small><small>categoria:&ensp;comunicação</small></small><br>,<small><small>definição:</small>&ensp;vincular a uma obrigação; fazer com que esteja endividado</small><br>,"<small><small>lexemas:</small></small>&ensp;obrigar, prender, vincular<br>","<small><small>valências:&ensp;[ACT,PAT] ou [ACT,EFF,PAT] ou [ACT,ADDR,PAT]</small></small><br>"
teneo,lilaLemma:127822,"<small><small>synset_id:&ensp;<a href=""https://www.openwordnet-pt.org/synset?id=00895304-v"" target=""_blank"">00895304-v</a></small></small><br>",<small><small>categoria:&ensp;comunicação</small></small><br>,<small><small>definição:</small>&ensp;discutir ou falar em defesa da</small><br>,"<small><small>lexemas:</small></small>&ensp;apoiar, defender, suportar, respaldar<br>","<small><small>valências:&ensp;[ACT,PAT]</small></small><br>"
uideo,lilaLemma:130163,"<small><small>synset_id:&ensp;<a href=""https://www.openwordnet-pt.org/synset?id=00920336-v"" target=""_blank"">00920336-v</a></small></small><br>",<small><small>categoria:&ensp;comunicação</small></small><br>,"<small><small>definição:</small>&ensp;Descobrir, aprender, ou determinar com certeza, geralmente, depois de fazer um inquérito ou outro esforço</small><br>","<small><small>lexemas:</small></small>&ensp;aprender, averiguar, constatar, descobrir, ver, verificar, determinar<br>","<small><small>valências:&ensp;[ACT,PAT] ou [ACT,PAT,EFF]</small></small><br>"
uinco,lilaLemma:130232,"<small><small>synset_id:&ensp;<a href=""https://www.openwordnet-pt.org/synset?id=00777793-v"" target=""_blank"">00777793-v</a></small></small><br>",<small><small>categoria:&ensp;comunicação</small></small><br>,<small><small>definição:</small>&ensp;usar a persuasão com sucesso</small><br>,<small><small>lexemas:</small></small>&ensp;imperar<br>,"<small><small>valências:&ensp;[ACT,PAT]</small></small><br>"
uoco,lilaLemma:130729,"<small><small>synset_id:&ensp;<a href=""https://www.openwordnet-pt.org/synset?id=00765649-v"" target=""_blank"">00765649-v</a></small></small><br>",<small><small>categoria:&ensp;comunicação</small></small><br>,<small><small>definição:</small>&ensp;forçar ou empurrar na direção indicada</small><br>,"<small><small>lexemas:</small></small>&ensp;exortar, impelir, urgir, empurrar<br>","<small><small>valências:&ensp;[ACT,PAT] ou [ACT,ADDR,PAT] ou [ACT,DIR3,PAT] ou [ACT,PAT,DIR3] ou [ACT,EFF,PAT]</small></small><br>"
uoco,lilaLemma:130729,"<small><small>synset_id:&ensp;<a href=""https://www.openwordnet-pt.org/synset?id=01028748-v"" target=""_blank"">01028748-v</a></small></small><br>",<small><small>categoria:&ensp;comunicação</small></small><br>,<small><small>definição:</small>&ensp;atribuir um nome específico (geralmente adequado)</small><br>,"<small><small>lexemas:</small></small>&ensp;chamar, denominar, nomear<br>","<small><small>valências:&ensp;[ACT,EFF,PAT] ou [ACT,PAT]</small></small><br>"
uoco,lilaLemma:130729,"<small><small>synset_id:&ensp;<a href=""https://www.openwordnet-pt.org/synset?id=00753881-v"" target=""_blank"">00753881-v</a></small></small><br>",<small><small>categoria:&ensp;comunicação</small></small><br>,"<small><small>definição:</small>&ensp;ordem, convocar, ou pedido de um direito específico ou atividade, trabalho, papel</small><br>",<small><small>lexemas:</small></small>&ensp;chamar<br>,"<small><small>valências:&ensp;[ACT,PAT] ou [ACT,PAT,EFF]</small></small><br>"
uoco,lilaLemma:130729,"<small><small>synset_id:&ensp;<a href=""https://www.openwordnet-pt.org/synset?id=00791134-v"" target=""_blank"">00791134-v</a></small></small><br>",<small><small>categoria:&ensp;comunicação</small></small><br>,"<small><small>definição:</small>&ensp;chamar um assunto oficial, como de ir a tribunal</small><br>","<small><small>lexemas:</small></small>&ensp;citar, convocar, chamar<br>","<small><small>valências:&ensp;[ACT,DIR3,PAT] ou [ACT,PAT] ou [ACT,EFF,PAT]</small></small><br>"
uoco,lilaLemma:130729,"<small><small>synset_id:&ensp;<a href=""https://www.openwordnet-pt.org/synset?id=00792471-v"" target=""_blank"">00792471-v</a></small></small><br>",<small><small>categoria:&ensp;comunicação</small></small><br>,"<small><small>definição:</small>&ensp;solicitar, requerer, comandar algo</small><br>","<small><small>lexemas:</small></small>&ensp;chamar, convocar, requerer<br>","<small><small>valências:&ensp;[ACT,PAT] ou [ACT,PAT,EFF] ou [ACT,INTT,PAT]</small></small><br>"
uoco,lilaLemma:130729,"<small><small>synset_id:&ensp;<a href=""https://www.openwordnet-pt.org/synset?id=00755745-v"" target=""_blank"">00755745-v</a></small></small><br>",<small><small>categoria:&ensp;comunicação</small></small><br>,<small><small>definição:</small>&ensp;considerar obrigatória; pedir e esperar</small><br>,"<small><small>lexemas:</small></small>&ensp;exigir, requerer, pedir<br>","<small><small>valências:&ensp;[ACT,PAT] ou [ACT,ADDR,PAT]</small></small><br>"
uoco,lilaLemma:130729,"<small><small>synset_id:&ensp;<a href=""https://www.openwordnet-pt.org/synset?id=01041762-v"" target=""_blank"">01041762-v</a></small></small><br>",<small><small>categoria:&ensp;comunicação</small></small><br>,<small><small>definição:</small>&ensp;pedir para vir</small><br>,<small><small>lexemas:</small></small>&ensp;convocar<br>,"<small><small>valências:&ensp;[ACT,DIR3,PAT] ou [ACT,PAT] ou [ACT,LOC,PAT]</small></small><br>"
uox,lilaLemma:130806,"<small><small>synset_id:&ensp;<a href=""https://www.openwordnet-pt.org/synset?id=06286395-n"" target=""_blank"">06286395-n</a></small></small><br>",<small><small>categoria:&ensp;comunicação</small></small><br>,<small><small>definição:</small>&ensp;uma unidade de linguagem que falantes nativos podem identificar</small><br>,"<small><small>lexemas:</small></small>&ensp;palavra, termo, verbo, vocábulo<br>",
uox,lilaLemma:130806,"<small><small>synset_id:&ensp;<a href=""https://www.openwordnet-pt.org/synset?id=07085375-n"" target=""_blank"">07085375-n</a></small></small><br>",<small><small>categoria:&ensp;comunicação</small></small><br>,<small><small>definição:</small>&ensp;relativa proeminência de uma sílaba ou uma nota musical (especialmente no que diz respeito ao estresse ou pitch)</small><br>,"<small><small>lexemas:</small></small>&ensp;acento, acentuação, ênfase, inflexão, sotaque, tom<br>",
uox,lilaLemma:130806,"<small><small>synset_id:&ensp;<a href=""https://www.openwordnet-pt.org/synset?id=06727616-n"" target=""_blank"">06727616-n</a></small></small><br>",<small><small>categoria:&ensp;comunicação</small></small><br>,<small><small>definição:</small>&ensp;uma declaração de autoridade</small><br>,"<small><small>lexemas:</small></small>&ensp;pronunciamento, acórdão, declaração<br>","<small><small>valências:&ensp;[ACT,PAT]</small></small><br>"
uox,lilaLemma:130806,"<small><small>synset_id:&ensp;<a href=""https://www.openwordnet-pt.org/synset?id=07110615-n"" target=""_blank"">07110615-n</a></small></small><br>",<small><small>categoria:&ensp;comunicação</small></small><br>,<small><small>definição:</small>&ensp;o som feito pela vibração das cordas vocais modificado pela ressonância do trato vocal</small><br>,"<small><small>lexemas:</small></small>&ensp;voz, voz humana<br>",
uox,lilaLemma:130806,"<small><small>synset_id:&ensp;<a href=""https://www.openwordnet-pt.org/synset?id=07082573-n"" target=""_blank"">07082573-n</a></small></small><br>",<small><small>categoria:&ensp;comunicação</small></small><br>,<small><small>definição:</small>&ensp;a qualidade da voz de uma pessoa</small><br>,<small><small>lexemas:</small></small>&ensp;tom<br>,
uox,lilaLemma:130806,"<small><small>synset_id:&ensp;<a href=""https://www.openwordnet-pt.org/synset?id=06880249-n"" target=""_blank"">06880249-n</a></small></small><br>",<small><small>categoria:&ensp;comunicação</small></small><br>,<small><small>definição:</small>&ensp;expressão sem palavras</small><br>,"<small><small>lexemas:</small></small>&ensp;manifestação, reflexão, emanação, expressão, reflexo<br>","<small><small>valências:&ensp;[ACT,PAT]</small></small><br>"
uox,lilaLemma:130806,"<small><small>synset_id:&ensp;<a href=""https://www.openwordnet-pt.org/synset?id=07151380-n"" target=""_blank"">07151380-n</a></small></small><br>",<small><small>categoria:&ensp;comunicação</small></small><br>,<small><small>definição:</small>&ensp;uma palavra ou frase que as pessoas particulares usar em situações particulares</small><br>,"<small><small>lexemas:</small></small>&ensp;ditado, dizer, expressão, idioma, locução, provérbio<br>","<small><small>valências:&ensp;[ACT,PAT]</small></small><br>"
uox,lilaLemma:130806,"<small><small>synset_id:&ensp;<a href=""https://www.openwordnet-pt.org/synset?id=06282651-n"" target=""_blank"">06282651-n</a></small></small><br>",<small><small>categoria:&ensp;comunicação</small></small><br>,<small><small>definição:</small>&ensp;um meio sistemático de comunicar-se pelo uso de sons ou símbolos convencionais</small><br>,"<small><small>lexemas:</small></small>&ensp;discurso, idioma, linguagem, língua<br>",
uox,lilaLemma:130806,"<small><small>synset_id:&ensp;<a href=""https://www.openwordnet-pt.org/synset?id=07030718-n"" target=""_blank"">07030718-n</a></small></small><br>",<small><small>categoria:&ensp;comunicação</small></small><br>,<small><small>definição:</small>&ensp;a melodia realizado por uma voz particular ou instrumento na música polifônica</small><br>,<small><small>lexemas:</small></small>&ensp;voz<br>,
uox,lilaLemma:130806,"<small><small>synset_id:&ensp;<a href=""https://www.openwordnet-pt.org/synset?id=07139873-n"" target=""_blank"">07139873-n</a></small></small><br>",<small><small>categoria:&ensp;comunicação</small></small><br>,<small><small>definição:</small>&ensp;a comunicação (na fala ou escrita) de suas crenças ou opiniões</small><br>,<small><small>lexemas:</small></small>&ensp;expressão<br>,"<small><small>valências:&ensp;[ACT,PAT]</small></small><br>"
uox,lilaLemma:130806,"<small><small>synset_id:&ensp;<a href=""https://www.openwordnet-pt.org/synset?id=07120524-n"" target=""_blank"">07120524-n</a></small></small><br>",<small><small>categoria:&ensp;comunicação</small></small><br>,"<small><small>definição:</small>&ensp;um enunciado alto; muitas vezes, em sinal de protesto ou oposição</small><br>","<small><small>lexemas:</small></small>&ensp;brado, chamada, grito, protesto<br>","<small><small>valências:&ensp;[PAT] ou [ACT] ou [ACT,PAT]</small></small><br>"
uox,lilaLemma:130806,"<small><small>synset_id:&ensp;<a href=""https://www.openwordnet-pt.org/synset?id=06285090-n"" target=""_blank"">06285090-n</a></small></small><br>",<small><small>categoria:&ensp;comunicação</small></small><br>,<small><small>definição:</small>&ensp;uma seqüência de palavras que satisfaçam as regras gramaticais de uma língua</small><br>,"<small><small>lexemas:</small></small>&ensp;frase, oração, sentença<br>",
uox,lilaLemma:130806,"<small><small>synset_id:&ensp;<a href=""https://www.openwordnet-pt.org/synset?id=07109847-n"" target=""_blank"">07109847-n</a></small></small><br>",<small><small>categoria:&ensp;comunicação</small></small><br>,<small><small>definição:</small>&ensp;O uso de sons demitidos para comunicação auditiva</small><br>,"<small><small>lexemas:</small></small>&ensp;enunciado, expressão, vocalização, emissão<br>","<small><small>valências:&ensp;[ACT,PAT]</small></small><br>"
uox,lilaLemma:130806,"<small><small>synset_id:&ensp;<a href=""https://www.openwordnet-pt.org/synset?id=07121157-n"" target=""_blank"">07121157-n</a></small></small><br>",<small><small>categoria:&ensp;comunicação</small></small><br>,<small><small>definição:</small>&ensp;uma expressão forte de emoção (especialmente quando inarticulado)</small><br>,"<small><small>lexemas:</small></small>&ensp;berro, grito<br>",
uox,lilaLemma:130806,"<small><small>synset_id:&ensp;<a href=""https://www.openwordnet-pt.org/synset?id=07073208-n"" target=""_blank"">07073208-n</a></small></small><br>",<small><small>categoria:&ensp;comunicação</small></small><br>,<small><small>definição:</small>&ensp;expressando em forma verbal coerente</small><br>,<small><small>lexemas:</small></small>&ensp;articulação<br>,
animus,lilaLemma:89094,"<small><small>synset_id:&ensp;<a href=""https://www.openwordnet-pt.org/synset?id=00026192-n"" target=""_blank"">00026192-n</a></small></small><br>",<small><small>categoria:&ensp;conceito</small></small><br>,<small><small>definição:</small>&ensp;o experimentando dos Estados afetivos e emocionais</small><br>,"<small><small>lexemas:</small></small>&ensp;emoção, impressão, sentimento, sensação<br>","<small><small>valências:&ensp;[ACT,PAT]</small></small><br>"
uita,lilaLemma:130393,"<small><small>synset_id:&ensp;<a href=""https://www.openwordnet-pt.org/synset?id=00006269-n"" target=""_blank"">00006269-n</a></small></small><br>",<small><small>categoria:&ensp;conceito</small></small><br>,"<small><small>definição:</small>&ensp;coisas vivas, tomadas coletivamente</small><br>",<small><small>lexemas:</small></small>&ensp;vida<br>,
uita,lilaLemma:130393,"<small><small>synset_id:&ensp;<a href=""https://www.openwordnet-pt.org/synset?id=00004475-n"" target=""_blank"">00004475-n</a></small></small><br>",<small><small>categoria:&ensp;conceito</small></small><br>,<small><small>definição:</small>&ensp;uma coisa viva que tem (ou pode desenvolver) a habilidade de agir ou funcionar de forma independente</small><br>,"<small><small>lexemas:</small></small>&ensp;organismo, ser<br>",
causa,lilaLemma:93253,"<small><small>synset_id:&ensp;<a href=""https://www.openwordnet-pt.org/synset?id=00007347-n"" target=""_blank"">00007347-n</a></small></small><br>",<small><small>categoria:&ensp;conceito</small></small><br>,<small><small>definição:</small>&ensp;qualquer entidade que produz um efeito ou é responsável por eventos ou resultados</small><br>,"<small><small>lexemas:</small></small>&ensp;causa, causador, agente_causal<br>",<small><small>valências:&ensp;[PAT]</small></small><br>
causa,lilaLemma:93253,"<small><small>synset_id:&ensp;<a href=""https://www.openwordnet-pt.org/synset?id=00023773-n"" target=""_blank"">00023773-n</a></small></small><br>",<small><small>categoria:&ensp;conceito</small></small><br>,<small><small>definição:</small>&ensp;característica psicológica que desperta em um organismo a ação em direção a um objetivo desejado;a razão para uma ação; o que dá sentido e direção a um comportamento</small><br>,"<small><small>lexemas:</small></small>&ensp;intenção, motivação, motivo, necessidade, causa<br>",<small><small>valências:&ensp;[PAT]</small></small><br>
corpus,lilaLemma:96667,"<small><small>synset_id:&ensp;<a href=""https://www.openwordnet-pt.org/synset?id=00007846-n"" target=""_blank"">00007846-n</a></small></small><br>",<small><small>categoria:&ensp;conceito</small></small><br>,<small><small>definição:</small>&ensp;ser humano</small><br>,"<small><small>lexemas:</small></small>&ensp;alguém, alma, indivíduo, pessoa, ser humano, cidadão, corpo, humano, individualidade, indíviduo, mortal, sujeito<br>",<small><small>valências:&ensp;[PAT]</small></small><br>
corpus,lilaLemma:96667,"<small><small>synset_id:&ensp;<a href=""https://www.openwordnet-pt.org/synset?id=00033615-n"" target=""_blank"">00033615-n</a></small></small><br>",<small><small>categoria:&ensp;conceito</small></small><br>,<small><small>definição:</small>&ensp;quanto lá é ou quantos são de algo que você pode quantificar</small><br>,"<small><small>lexemas:</small></small>&ensp;medida, quantia, quantidade, quantitativo, montante, mundo, profusão<br>","<small><small>valências:&ensp;[ACT,PAT] ou [MAT] ou [ACT,MAT] ou [ACT]</small></small><br>"
corpus,lilaLemma:96667,"<small><small>synset_id:&ensp;<a href=""https://www.openwordnet-pt.org/synset?id=00019613-n"" target=""_blank"">00019613-n</a></small></small><br>",<small><small>categoria:&ensp;conceito</small></small><br>,<small><small>definição:</small>&ensp;o físico real importa-se de que uma pessoa ou coisa consiste</small><br>,<small><small>lexemas:</small></small>&ensp;substância<br>,
corpus,lilaLemma:96667,"<small><small>synset_id:&ensp;<a href=""https://www.openwordnet-pt.org/synset?id=00020090-n"" target=""_blank"">00020090-n</a></small></small><br>",<small><small>categoria:&ensp;conceito</small></small><br>,<small><small>definição:</small>&ensp;um determinado tipo ou espécie de matéria com propriedades uniformes</small><br>,<small><small>lexemas:</small></small>&ensp;substância<br>,
homo,lilaLemma:105624,"<small><small>synset_id:&ensp;<a href=""https://www.openwordnet-pt.org/synset?id=00007846-n"" target=""_blank"">00007846-n</a></small></small><br>",<small><small>categoria:&ensp;conceito</small></small><br>,<small><small>definição:</small>&ensp;ser humano</small><br>,"<small><small>lexemas:</small></small>&ensp;alguém, alma, indivíduo, pessoa, ser humano, cidadão, corpo, humano, individualidade, indíviduo, mortal, sujeito<br>",<small><small>valências:&ensp;[PAT]</small></small><br>
locus,lilaLemma:110019,"<small><small>synset_id:&ensp;<a href=""https://www.openwordnet-pt.org/synset?id=00027167-n"" target=""_blank"">00027167-n</a></small></small><br>",<small><small>categoria:&ensp;conceito</small></small><br>,<small><small>definição:</small>&ensp;um ponto ou extensão no espaço</small><br>,"<small><small>lexemas:</small></small>&ensp;localização, locação, lugar, ponto<br>","<small><small>valências:&ensp;[ACT,PAT]</small></small><br>"
modus,lilaLemma:112553,"<small><small>synset_id:&ensp;<a href=""https://www.openwordnet-pt.org/synset?id=00033615-n"" target=""_blank"">00033615-n</a></small></small><br>",<small><small>categoria:&ensp;conceito</small></small><br>,<small><small>definição:</small>&ensp;quanto lá é ou quantos são de algo que você pode quantificar</small><br>,"<small><small>lexemas:</small></small>&ensp;medida, quantia, quantidade, quantitativo, montante, mundo, profusão<br>","<small><small>valências:&ensp;[ACT,PAT] ou [MAT] ou [ACT,MAT] ou [ACT]</small></small><br>"
natura,lilaLemma:113421,"<small><small>synset_id:&ensp;<a href=""https://www.openwordnet-pt.org/synset?id=00019613-n"" target=""_blank"">00019613-n</a></small></small><br>",<small><small>categoria:&ensp;conceito</small></small><br>,<small><small>definição:</small>&ensp;o físico real importa-se de que uma pessoa ou coisa consiste</small><br>,<small><small>lexemas:</small></small>&ensp;substância<br>,
natura,lilaLemma:113421,"<small><small>synset_id:&ensp;<a href=""https://www.openwordnet-pt.org/synset?id=00020090-n"" target=""_blank"">00020090-n</a></small></small><br>",<small><small>categoria:&ensp;conceito</small></small><br>,<small><small>definição:</small>&ensp;um determinado tipo ou espécie de matéria com propriedades uniformes</small><br>,<small><small>lexemas:</small></small>&ensp;substância<br>,
nomen,lilaLemma:113797,"<small><small>synset_id:&ensp;<a href=""https://www.openwordnet-pt.org/synset?id=00007846-n"" target=""_blank"">00007846-n</a></small></small><br>",<small><small>categoria:&ensp;conceito</small></small><br>,<small><small>definição:</small>&ensp;ser humano</small><br>,"<small><small>lexemas:</small></small>&ensp;alguém, alma, indivíduo, pessoa, ser humano, cidadão, corpo, humano, individualidade, indíviduo, mortal, sujeito<br>",<small><small>valências:&ensp;[PAT]</small></small><br>
tempus,lilaLemma:127522,"<small><small>synset_id:&ensp;<a href=""https://www.openwordnet-pt.org/synset?id=00028270-n"" target=""_blank"">00028270-n</a></small></small><br>",<small><small>categoria:&ensp;conceito</small></small><br>,<small><small>definição:</small>&ensp;a experiência continua em que os eventos passam do futuro através do presente para o passado</small><br>,<small><small>lexemas:</small></small>&ensp;tempo<br>,
uolo,lilaLemma:130745,"<small><small>synset_id:&ensp;<a href=""https://www.openwordnet-pt.org/synset?id=01188725-v"" target=""_blank"">01188725-v</a></small></small><br>",<small><small>categoria:&ensp;consumo</small></small><br>,<small><small>definição:</small>&ensp;ter necessidade de alguma coisa</small><br>,"<small><small>lexemas:</small></small>&ensp;necessitar, precisar, requerer, acertar, carecer, carecer_de, delinear-se, esclarecer, exigir, explicitar, necessitar_de, ordenar, positivar, precisar_de, querer, relembrar<br>","<small><small>valências:&ensp;[ACT,PAT] ou [ACT]</small></small><br>"
debeo,lilaLemma:97963,"<small><small>synset_id:&ensp;<a href=""https://www.openwordnet-pt.org/synset?id=01188725-v"" target=""_blank"">01188725-v</a></small></small><br>",<small><small>categoria:&ensp;consumo</small></small><br>,<small><small>definição:</small>&ensp;ter necessidade de alguma coisa</small><br>,"<small><small>lexemas:</small></small>&ensp;necessitar, precisar, requerer, acertar, carecer, carecer_de, delinear-se, esclarecer, exigir, explicitar, necessitar_de, ordenar, positivar, precisar_de, querer, relembrar<br>","<small><small>valências:&ensp;[ACT,PAT] ou [ACT]</small></small><br>"
fero,lilaLemma:103126,"<small><small>synset_id:&ensp;<a href=""https://www.openwordnet-pt.org/synset?id=01182709-v"" target=""_blank"">01182709-v</a></small></small><br>",<small><small>categoria:&ensp;consumo</small></small><br>,"<small><small>definição:</small>&ensp;dar o que é desejado ou necessário, especialmente apoio, alimento ou sustento</small><br>","<small><small>lexemas:</small></small>&ensp;abastecer, fornecer, prover, provisionar, servir, proporcionar<br>","<small><small>valências:&ensp;[ACT,PAT] ou [ACT,PAT,ADDR]</small></small><br>"
habeo,lilaLemma:105044,"<small><small>synset_id:&ensp;<a href=""https://www.openwordnet-pt.org/synset?id=01192628-v"" target=""_blank"">01192628-v</a></small></small><br>",<small><small>categoria:&ensp;consumo</small></small><br>,<small><small>definição:</small>&ensp;ser capaz de ceder ou entregar</small><br>,"<small><small>lexemas:</small></small>&ensp;dispor, poder<br>","<small><small>valências:&ensp;[ACT,PAT]</small></small><br>"
pono,lilaLemma:118414,"<small><small>synset_id:&ensp;<a href=""https://www.openwordnet-pt.org/synset?id=01158572-v"" target=""_blank"">01158572-v</a></small></small><br>",<small><small>categoria:&ensp;consumo</small></small><br>,"<small><small>definição:</small>&ensp;esgotar, consumir totalmente</small><br>","<small><small>lexemas:</small></small>&ensp;despender, esgotar, gastar, acabar, usar, utilizar<br>","<small><small>valências:&ensp;[ACT,PAT]</small></small><br>"
teneo,lilaLemma:127822,"<small><small>synset_id:&ensp;<a href=""https://www.openwordnet-pt.org/synset?id=01184625-v"" target=""_blank"">01184625-v</a></small></small><br>",<small><small>categoria:&ensp;consumo</small></small><br>,<small><small>definição:</small>&ensp;abastecer com necessidades e apoio</small><br>,"<small><small>lexemas:</small></small>&ensp;manter, sustentar<br>","<small><small>valências:&ensp;[ACT,PAT]</small></small><br>"
accipio,lilaLemma:87119,"<small><small>synset_id:&ensp;<a href=""https://www.openwordnet-pt.org/synset?id=01540844-v"" target=""_blank"">01540844-v</a></small></small><br>",<small><small>categoria:&ensp;contato</small></small><br>,<small><small>definição:</small>&ensp;aceite</small><br>,"<small><small>lexemas:</small></small>&ensp;aceitar, recolher<br>","<small><small>valências:&ensp;[ACT,PAT]</small></small><br>"
uolo,lilaLemma:130745,"<small><small>synset_id:&ensp;<a href=""https://www.openwordnet-pt.org/synset?id=01317064-v"" target=""_blank"">01317064-v</a></small></small><br>",<small><small>categoria:&ensp;contato</small></small><br>,<small><small>definição:</small>&ensp;caçar ou procurar; quer por um motivo especial</small><br>,<small><small>lexemas:</small></small>&ensp;procurar<br>,"<small><small>valências:&ensp;[ACT,PAT]</small></small><br>"
capio,lilaLemma:92686,"<small><small>synset_id:&ensp;<a href=""https://www.openwordnet-pt.org/synset?id=01216004-v"" target=""_blank"">01216004-v</a></small></small><br>",<small><small>categoria:&ensp;contato</small></small><br>,<small><small>definição:</small>&ensp;segurar com firmeza</small><br>,"<small><small>lexemas:</small></small>&ensp;agarrar, pegar de súbito, segurar<br>","<small><small>valências:&ensp;[ACT,PAT]</small></small><br>"
capio,lilaLemma:92686,"<small><small>synset_id:&ensp;<a href=""https://www.openwordnet-pt.org/synset?id=01216670-v"" target=""_blank"">01216670-v</a></small></small><br>",<small><small>categoria:&ensp;contato</small></small><br>,<small><small>definição:</small>&ensp;ter ou manter em uma de mãos ou aderência</small><br>,"<small><small>lexemas:</small></small>&ensp;segurar, tomar conta, aguentar, agüentar, sujeitar, sustentar<br>","<small><small>valências:&ensp;[ACT,PAT]</small></small><br>"
capio,lilaLemma:92686,"<small><small>synset_id:&ensp;<a href=""https://www.openwordnet-pt.org/synset?id=01480469-v"" target=""_blank"">01480469-v</a></small></small><br>",<small><small>categoria:&ensp;contato</small></small><br>,<small><small>definição:</small>&ensp;absorver e reter</small><br>,"<small><small>lexemas:</small></small>&ensp;guardar, capturar<br>","<small><small>valências:&ensp;[ACT,PAT]</small></small><br>"
capio,lilaLemma:92686,"<small><small>synset_id:&ensp;<a href=""https://www.openwordnet-pt.org/synset?id=01328012-v"" target=""_blank"">01328012-v</a></small></small><br>",<small><small>categoria:&ensp;contato</small></small><br>,"<small><small>definição:</small>&ensp;causar a tornar-se acidentalmente ou de repente pego, enlaçados, ou emaranhados</small><br>","<small><small>lexemas:</small></small>&ensp;prender, capturar<br>","<small><small>valências:&ensp;[ACT,PAT]</small></small><br>"
capio,lilaLemma:92686,"<small><small>synset_id:&ensp;<a href=""https://www.openwordnet-pt.org/synset?id=01439190-v"" target=""_blank"">01439190-v</a></small></small><br>",<small><small>categoria:&ensp;contato</small></small><br>,"<small><small>definição:</small>&ensp;segurar de forma a prender, restringir, interromper o movimento de algo</small><br>","<small><small>lexemas:</small></small>&ensp;agarrar, segurar<br>","<small><small>valências:&ensp;[ACT,PAT]</small></small><br>"
capio,lilaLemma:92686,"<small><small>synset_id:&ensp;<a href=""https://www.openwordnet-pt.org/synset?id=01320009-v"" target=""_blank"">01320009-v</a></small></small><br>",<small><small>categoria:&ensp;contato</small></small><br>,"<small><small>definição:</small>&ensp;coletar, a partir de produtos naturais</small><br>","<small><small>lexemas:</small></small>&ensp;colher, respigar<br>","<small><small>valências:&ensp;[ACT,PAT]</small></small><br>"
capio,lilaLemma:92686,"<small><small>synset_id:&ensp;<a href=""https://www.openwordnet-pt.org/synset?id=01480770-v"" target=""_blank"">01480770-v</a></small></small><br>",<small><small>categoria:&ensp;contato</small></small><br>,<small><small>definição:</small>&ensp;pegar ou como se estivesse em uma armadilha</small><br>,"<small><small>lexemas:</small></small>&ensp;arapucar, armadilhar<br>","<small><small>valências:&ensp;[ACT,PAT]</small></small><br>"
capio,lilaLemma:92686,"<small><small>synset_id:&ensp;<a href=""https://www.openwordnet-pt.org/synset?id=01214265-v"" target=""_blank"">01214265-v</a></small></small><br>",<small><small>categoria:&ensp;contato</small></small><br>,"<small><small>definição:</small>&ensp;pegar com as mãos, tomar (fisicamente)</small><br>","<small><small>lexemas:</small></small>&ensp;agarrar, pegar, tomar, apanhar, segurar<br>","<small><small>valências:&ensp;[ACT,PAT]</small></small><br>"
capio,lilaLemma:92686,"<small><small>synset_id:&ensp;<a href=""https://www.openwordnet-pt.org/synset?id=01215421-v"" target=""_blank"">01215421-v</a></small></small><br>",<small><small>categoria:&ensp;contato</small></small><br>,"<small><small>definição:</small>&ensp;sucesso na captura ou apreensão, especialmente depois de uma perseguição</small><br>","<small><small>lexemas:</small></small>&ensp;capturar, pegar<br>","<small><small>valências:&ensp;[ACT,PAT]</small></small><br>"
capio,lilaLemma:92686,"<small><small>synset_id:&ensp;<a href=""https://www.openwordnet-pt.org/synset?id=01480149-v"" target=""_blank"">01480149-v</a></small></small><br>",<small><small>categoria:&ensp;contato</small></small><br>,"<small><small>definição:</small>&ensp;capturar caçando, ou prendendo</small><br>","<small><small>lexemas:</small></small>&ensp;apanhar, capturar<br>","<small><small>valências:&ensp;[ACT,PAT]</small></small><br>"
capio,lilaLemma:92686,"<small><small>synset_id:&ensp;<a href=""https://www.openwordnet-pt.org/synset?id=01215137-v"" target=""_blank"">01215137-v</a></small></small><br>",<small><small>categoria:&ensp;contato</small></small><br>,<small><small>definição:</small>&ensp;pegar em custódia</small><br>,"<small><small>lexemas:</small></small>&ensp;apreender, prender, aferrolhar, apresar, aprisionar, capturar, clausurar, deter, enclausurar, ferrolhar, pegar, pregar, segurar<br>","<small><small>valências:&ensp;[ACT,PAT]</small></small><br>"
eo,lilaLemma:101183,"<small><small>synset_id:&ensp;<a href=""https://www.openwordnet-pt.org/synset?id=01380122-v"" target=""_blank"">01380122-v</a></small></small><br>",<small><small>categoria:&ensp;contato</small></small><br>,<small><small>definição:</small>&ensp;tornar-se distribuído ou difundido</small><br>,"<small><small>lexemas:</small></small>&ensp;difundir, propagar<br>","<small><small>valências:&ensp;[ACT] ou [ACT,DIR3]</small></small><br>"
facio,lilaLemma:102758,"<small><small>synset_id:&ensp;<a href=""https://www.openwordnet-pt.org/synset?id=01224744-v"" target=""_blank"">01224744-v</a></small></small><br>",<small><small>categoria:&ensp;contato</small></small><br>,<small><small>definição:</small>&ensp;controlar e causar o funcionamento</small><br>,"<small><small>lexemas:</small></small>&ensp;controlar, operar<br>","<small><small>valências:&ensp;[ACT,PAT]</small></small><br>"
fero,lilaLemma:103126,"<small><small>synset_id:&ensp;<a href=""https://www.openwordnet-pt.org/synset?id=01433294-v"" target=""_blank"">01433294-v</a></small></small><br>",<small><small>categoria:&ensp;contato</small></small><br>,<small><small>definição:</small>&ensp;ir ou vir depois e trazer ou levar de volta</small><br>,"<small><small>lexemas:</small></small>&ensp;pegar, transmitir, trazer, levar, segurar<br>","<small><small>valências:&ensp;[ACT,DIR1,PAT] ou [ACT,DIR3,PAT] ou [ACT,PAT] ou [ACT,PAT,DIR3]</small></small><br>"
fero,lilaLemma:103126,"<small><small>synset_id:&ensp;<a href=""https://www.openwordnet-pt.org/synset?id=01438902-v"" target=""_blank"">01438902-v</a></small></small><br>",<small><small>categoria:&ensp;contato</small></small><br>,<small><small>definição:</small>&ensp;causar a entrar em um estado ou condição especial</small><br>,"<small><small>lexemas:</small></small>&ensp;causar, fazer, levar, produzir, provocar<br>","<small><small>valências:&ensp;[ACT,PAT] ou [ACT,EFF,PAT] ou [ACT,LOC,PAT] ou [ACT,PAT,DIR1,DIR3]</small></small><br>"
fero,lilaLemma:103126,"<small><small>synset_id:&ensp;<a href=""https://www.openwordnet-pt.org/synset?id=01434278-v"" target=""_blank"">01434278-v</a></small></small><br>",<small><small>categoria:&ensp;contato</small></small><br>,"<small><small>definição:</small>&ensp;remover a partir de um determinado local, ambiente ou estado mental ou emocional; transporte em um novo local ou estadual</small><br>","<small><small>lexemas:</small></small>&ensp;sacar, tirar<br>","<small><small>valências:&ensp;[ACT,DIR1,PAT] ou [ACT,PAT] ou [ACT,PAT,DIR3] ou [ACT,PAT,DIR1] ou [ACT,DIR1,DIR3,PAT]</small></small><br>"
fero,lilaLemma:103126,"<small><small>synset_id:&ensp;<a href=""https://www.openwordnet-pt.org/synset?id=01449974-v"" target=""_blank"">01449974-v</a></small></small><br>",<small><small>categoria:&ensp;contato</small></small><br>,"<small><small>definição:</small>&ensp;movimentar-se segurando algo, tanto em um veículo quanto com as mãos ou em um corpo</small><br>","<small><small>lexemas:</small></small>&ensp;carregar, levar, transportar<br>","<small><small>valências:&ensp;[ACT,DIR3,PAT] ou [ACT,LOC,PAT] ou [ACT,PAT] ou [ACT,ADDR,PAT] ou [ACT,PAT,DIR1,DIR3] ou [ACT,DIR1,DIR3,PAT]</small></small><br>"
gero,lilaLemma:104536,"<small><small>synset_id:&ensp;<a href=""https://www.openwordnet-pt.org/synset?id=01449974-v"" target=""_blank"">01449974-v</a></small></small><br>",<small><small>categoria:&ensp;contato</small></small><br>,"<small><small>definição:</small>&ensp;movimentar-se segurando algo, tanto em um veículo quanto com as mãos ou em um corpo</small><br>","<small><small>lexemas:</small></small>&ensp;carregar, levar, transportar<br>","<small><small>valências:&ensp;[ACT,DIR3,PAT] ou [ACT,LOC,PAT] ou [ACT,PAT] ou [ACT,ADDR,PAT] ou [ACT,PAT,DIR1,DIR3] ou [ACT,DIR1,DIR3,PAT]</small></small><br>"
gero,lilaLemma:104536,"<small><small>synset_id:&ensp;<a href=""https://www.openwordnet-pt.org/synset?id=01218084-v"" target=""_blank"">01218084-v</a></small></small><br>",<small><small>categoria:&ensp;contato</small></small><br>,"<small><small>definição:</small>&ensp;ter ou ser capaz de suportar o peso, pressão ou responsabilidade de</small><br>",<small><small>lexemas:</small></small>&ensp;levar<br>,"<small><small>valências:&ensp;[ACT,PAT]</small></small><br>"
gero,lilaLemma:104536,"<small><small>synset_id:&ensp;<a href=""https://www.openwordnet-pt.org/synset?id=01432601-v"" target=""_blank"">01432601-v</a></small></small><br>",<small><small>categoria:&ensp;contato</small></small><br>,<small><small>definição:</small>&ensp;mover-se enquanto segura ou apoia algo</small><br>,"<small><small>lexemas:</small></small>&ensp;carregar, nascer, trazer<br>","<small><small>valências:&ensp;[ACT,DIR3,PAT] ou [ACT,PAT] ou [ACT,DIR1,DIR3,PAT]</small></small><br>"
mitto,lilaLemma:112499,"<small><small>synset_id:&ensp;<a href=""https://www.openwordnet-pt.org/synset?id=01508368-v"" target=""_blank"">01508368-v</a></small></small><br>",<small><small>categoria:&ensp;contato</small></small><br>,<small><small>definição:</small>&ensp;impulsionar através do ar</small><br>,"<small><small>lexemas:</small></small>&ensp;atirar, jogar, lançar<br>","<small><small>valências:&ensp;[ACT,ADDR,PAT] ou [ACT,DIR3,PAT] ou [ACT,PAT] ou [ACT,PAT,ADDR]</small></small><br>"
mitto,lilaLemma:112499,"<small><small>synset_id:&ensp;<a href=""https://www.openwordnet-pt.org/synset?id=01507143-v"" target=""_blank"">01507143-v</a></small></small><br>",<small><small>categoria:&ensp;contato</small></small><br>,<small><small>definição:</small>&ensp;Jogue com força</small><br>,"<small><small>lexemas:</small></small>&ensp;arremessar, atirar, lançar<br>","<small><small>valências:&ensp;[ACT,ADDR,PAT] ou [ACT,PAT] ou [ACT,DIR3,PAT] ou [ACT,PAT,DIR3]</small></small><br>"
mitto,lilaLemma:112499,"<small><small>synset_id:&ensp;<a href=""https://www.openwordnet-pt.org/synset?id=01527754-v"" target=""_blank"">01527754-v</a></small></small><br>",<small><small>categoria:&ensp;contato</small></small><br>,<small><small>definição:</small>&ensp;fazer cair</small><br>,"<small><small>lexemas:</small></small>&ensp;derrubar, desmontar<br>","<small><small>valências:&ensp;[ACT,DIR3,PAT] ou [ACT,PAT,LOC]</small></small><br>"
mitto,lilaLemma:112499,"<small><small>synset_id:&ensp;<a href=""https://www.openwordnet-pt.org/synset?id=01377032-v"" target=""_blank"">01377032-v</a></small></small><br>",<small><small>categoria:&ensp;contato</small></small><br>,<small><small>definição:</small>&ensp;derramar ou liberar</small><br>,"<small><small>lexemas:</small></small>&ensp;derramar, desaguar, descarregar<br>","<small><small>valências:&ensp;[ACT,PAT] ou [ACT,DIR3,PAT] ou [ACT,LOC,PAT] ou [ACT,PAT,LOC]</small></small><br>"
mitto,lilaLemma:112499,"<small><small>synset_id:&ensp;<a href=""https://www.openwordnet-pt.org/synset?id=01489465-v"" target=""_blank"">01489465-v</a></small></small><br>",<small><small>categoria:&ensp;contato</small></small><br>,<small><small>definição:</small>&ensp;sair ou descarregar</small><br>,"<small><small>lexemas:</small></small>&ensp;deixar, descarregar<br>","<small><small>valências:&ensp;[ACT,PAT] ou [ACT,DIR3,PAT] ou [ACT,PAT,LOC] ou [ACT,DIR1,PAT]</small></small><br>"
mitto,lilaLemma:112499,"<small><small>synset_id:&ensp;<a href=""https://www.openwordnet-pt.org/synset?id=01437254-v"" target=""_blank"">01437254-v</a></small></small><br>",<small><small>categoria:&ensp;contato</small></small><br>,<small><small>definição:</small>&ensp;causar ou fazer com que algo seja dirigido ou transmitido para outro lugar;</small><br>,"<small><small>lexemas:</small></small>&ensp;despachar, enviar, remeter, transmitir<br>","<small><small>valências:&ensp;[ACT,DIR3,PAT] ou [ACT,PAT] ou [ACT,PAT,DIR3]</small></small><br>"
mitto,lilaLemma:112499,"<small><small>synset_id:&ensp;<a href=""https://www.openwordnet-pt.org/synset?id=01474550-v"" target=""_blank"">01474550-v</a></small></small><br>",<small><small>categoria:&ensp;contato</small></small><br>,"<small><small>definição:</small>&ensp;liberar, a partir de seu aperto</small><br>","<small><small>lexemas:</small></small>&ensp;deixar, soltar<br>","<small><small>valências:&ensp;[ACT,PAT] ou [ACT,DIR1,PAT]</small></small><br>"
peto,lilaLemma:117549,"<small><small>synset_id:&ensp;<a href=""https://www.openwordnet-pt.org/synset?id=01315613-v"" target=""_blank"">01315613-v</a></small></small><br>",<small><small>categoria:&ensp;contato</small></small><br>,"<small><small>definição:</small>&ensp;tentar localizar ou descobrir, ou tentar estabelecer a existência de algo</small><br>","<small><small>lexemas:</small></small>&ensp;buscar, procurar, explorar, registar, registrar<br>","<small><small>valências:&ensp;[ACT,PAT]</small></small><br>"
peto,lilaLemma:117549,"<small><small>synset_id:&ensp;<a href=""https://www.openwordnet-pt.org/synset?id=01317533-v"" target=""_blank"">01317533-v</a></small></small><br>",<small><small>categoria:&ensp;contato</small></small><br>,<small><small>definição:</small>&ensp;ir em busca de caça ou para</small><br>,"<small><small>lexemas:</small></small>&ensp;procurar, perseguir<br>","<small><small>valências:&ensp;[ACT,PAT]</small></small><br>"
peto,lilaLemma:117549,"<small><small>synset_id:&ensp;<a href=""https://www.openwordnet-pt.org/synset?id=01433294-v"" target=""_blank"">01433294-v</a></small></small><br>",<small><small>categoria:&ensp;contato</small></small><br>,<small><small>definição:</small>&ensp;ir ou vir depois e trazer ou levar de volta</small><br>,"<small><small>lexemas:</small></small>&ensp;pegar, transmitir, trazer, levar, segurar<br>","<small><small>valências:&ensp;[ACT,DIR1,PAT] ou [ACT,DIR3,PAT] ou [ACT,PAT] ou [ACT,PAT,DIR3]</small></small><br>"
pono,lilaLemma:118414,"<small><small>synset_id:&ensp;<a href=""https://www.openwordnet-pt.org/synset?id=01489465-v"" target=""_blank"">01489465-v</a></small></small><br>",<small><small>categoria:&ensp;contato</small></small><br>,<small><small>definição:</small>&ensp;sair ou descarregar</small><br>,"<small><small>lexemas:</small></small>&ensp;deixar, descarregar<br>","<small><small>valências:&ensp;[ACT,PAT] ou [ACT,DIR3,PAT] ou [ACT,PAT,LOC] ou [ACT,DIR1,PAT]</small></small><br>"
pono,lilaLemma:118414,"<small><small>synset_id:&ensp;<a href=""https://www.openwordnet-pt.org/synset?id=01575675-v"" target=""_blank"">01575675-v</a></small></small><br>",<small><small>categoria:&ensp;contato</small></small><br>,<small><small>definição:</small>&ensp;colocar (algo em algum lugar) firmemente</small><br>,"<small><small>lexemas:</small></small>&ensp;pôr, situar<br>","<small><small>valências:&ensp;[ACT,PAT] ou [ACT,PAT,LOC]</small></small><br>"
pono,lilaLemma:118414,"<small><small>synset_id:&ensp;<a href=""https://www.openwordnet-pt.org/synset?id=01494310-v"" target=""_blank"">01494310-v</a></small></small><br>",<small><small>categoria:&ensp;contato</small></small><br>,<small><small>definição:</small>&ensp;colocar em um determinado lugar ou num lugar abstrato</small><br>,"<small><small>lexemas:</small></small>&ensp;botar, carregar, colocar, pôr, aplicar, assentar, chegar, cobrir, começar_a, considerar, dedicar, deitar, deixar, depor, depositar, desatar_a, dispor, encaixar, enfiar, enfornar, expor, expressar, fazer_ficar, guardar, imprimir, inserir, introduzir, lançar, largar, levar, ligar, meter, poisar, pousar, vender, vestir<br>","<small><small>valências:&ensp;[ACMP,ACT,PAT] ou [ACT,ADDR,PAT] ou [ACT,PAT,TWHEN] ou [ACT,PAT] ou [ACT,LOC,PAT] ou [ACT,PAT,ADDR] ou [ACT,PAT,LOC] ou [ACT,PAT,DIR2]</small></small><br>"
pono,lilaLemma:118414,"<small><small>synset_id:&ensp;<a href=""https://www.openwordnet-pt.org/synset?id=01567275-v"" target=""_blank"">01567275-v</a></small></small><br>",<small><small>categoria:&ensp;contato</small></small><br>,"<small><small>definição:</small>&ensp;colocar ou conjunto (sementes, mudas ou plantas) para o chão</small><br>","<small><small>lexemas:</small></small>&ensp;colocar, plantar, pôr<br>","<small><small>valências:&ensp;[ACT,PAT] ou [ACT,LOC,PAT] ou [ACT,PAT,LOC] ou [ACT,PAT,MEANS] ou [ACMP,ACT,PAT]</small></small><br>"
pono,lilaLemma:118414,"<small><small>synset_id:&ensp;<a href=""https://www.openwordnet-pt.org/synset?id=01514126-v"" target=""_blank"">01514126-v</a></small></small><br>",<small><small>categoria:&ensp;contato</small></small><br>,<small><small>definição:</small>&ensp;ereto e aperte</small><br>,<small><small>lexemas:</small></small>&ensp;armar<br>,"<small><small>valências:&ensp;[ACT,PAT,LOC]</small></small><br>"
puto,lilaLemma:120610,"<small><small>synset_id:&ensp;<a href=""https://www.openwordnet-pt.org/synset?id=01532589-v"" target=""_blank"">01532589-v</a></small></small><br>",<small><small>categoria:&ensp;contato</small></small><br>,"<small><small>definição:</small>&ensp;fazer limpeza, removendo sujeira, sujeira ou substâncias indesejadas de</small><br>","<small><small>lexemas:</small></small>&ensp;assear, limpar, purgar<br>","<small><small>valências:&ensp;[ACT,PAT] ou [ACT,ORIG,PAT]</small></small><br>"
puto,lilaLemma:120610,"<small><small>synset_id:&ensp;<a href=""https://www.openwordnet-pt.org/synset?id=01465921-v"" target=""_blank"">01465921-v</a></small></small><br>",<small><small>categoria:&ensp;contato</small></small><br>,<small><small>definição:</small>&ensp;organizar ou fixar na ordem desejada</small><br>,<small><small>lexemas:</small></small>&ensp;arrumar<br>,"<small><small>valências:&ensp;[ACT,PAT] ou [ACT,LOC]</small></small><br>"
puto,lilaLemma:120610,"<small><small>synset_id:&ensp;<a href=""https://www.openwordnet-pt.org/synset?id=01463963-v"" target=""_blank"">01463963-v</a></small></small><br>",<small><small>categoria:&ensp;contato</small></small><br>,<small><small>definição:</small>&ensp;colocar em uma ordem adequada ou sistemática</small><br>,"<small><small>lexemas:</small></small>&ensp;arranjar, dispor, colocar<br>","<small><small>valências:&ensp;[ACT,PAT] ou [ACT,PAT,LOC] ou [ACT,LOC,PAT] ou [ACT,EFF,PAT]</small></small><br>"
quaero,lilaLemma:121047,"<small><small>synset_id:&ensp;<a href=""https://www.openwordnet-pt.org/synset?id=01315613-v"" target=""_blank"">01315613-v</a></small></small><br>",<small><small>categoria:&ensp;contato</small></small><br>,"<small><small>definição:</small>&ensp;tentar localizar ou descobrir, ou tentar estabelecer a existência de algo</small><br>","<small><small>lexemas:</small></small>&ensp;buscar, procurar, explorar, registar, registrar<br>","<small><small>valências:&ensp;[ACT,PAT]</small></small><br>"
scio,lilaLemma:123732,"<small><small>synset_id:&ensp;<a href=""https://www.openwordnet-pt.org/synset?id=01426397-v"" target=""_blank"">01426397-v</a></small></small><br>",<small><small>categoria:&ensp;contato</small></small><br>,<small><small>definição:</small>&ensp;ter relações sexuais com</small><br>,"<small><small>lexemas:</small></small>&ensp;comer, copular, foder, meter, montar, pinar, transar, trepar<br>","<small><small>valências:&ensp;[ACT,PAT] ou [ACMP,ACT] ou [ACT,ADDR,PAT] ou [ACT,ACMP]</small></small><br>"
scribo,lilaLemma:123840,"<small><small>synset_id:&ensp;<a href=""https://www.openwordnet-pt.org/synset?id=01582645-v"" target=""_blank"">01582645-v</a></small></small><br>",<small><small>categoria:&ensp;contato</small></small><br>,<small><small>definição:</small>&ensp;fazer uma marca ou linhas em uma superfície</small><br>,"<small><small>lexemas:</small></small>&ensp;delinear, traçar, descrever, desenhar<br>","<small><small>valências:&ensp;[ACT,PAT]</small></small><br>"
teneo,lilaLemma:127822,"<small><small>synset_id:&ensp;<a href=""https://www.openwordnet-pt.org/synset?id=01216670-v"" target=""_blank"">01216670-v</a></small></small><br>",<small><small>categoria:&ensp;contato</small></small><br>,<small><small>definição:</small>&ensp;ter ou manter em uma de mãos ou aderência</small><br>,"<small><small>lexemas:</small></small>&ensp;segurar, tomar conta, aguentar, agüentar, sujeitar, sustentar<br>","<small><small>valências:&ensp;[ACT,PAT]</small></small><br>"
teneo,lilaLemma:127822,"<small><small>synset_id:&ensp;<a href=""https://www.openwordnet-pt.org/synset?id=01217043-v"" target=""_blank"">01217043-v</a></small></small><br>",<small><small>categoria:&ensp;contato</small></small><br>,<small><small>definição:</small>&ensp;ser o suporte físico de; carregar o peso de</small><br>,"<small><small>lexemas:</small></small>&ensp;segurar, suportar, sustentar, suster, aguentar, agüentar, apoiar<br>","<small><small>valências:&ensp;[ACT,PAT]</small></small><br>"
uoco,lilaLemma:130729,"<small><small>synset_id:&ensp;<a href=""https://www.openwordnet-pt.org/synset?id=01469770-v"" target=""_blank"">01469770-v</a></small></small><br>",<small><small>categoria:&ensp;contato</small></small><br>,<small><small>definição:</small>&ensp;pede para entrar</small><br>,<small><small>lexemas:</small></small>&ensp;convidar<br>,"<small><small>valências:&ensp;[ACT,PAT]</small></small><br>"
uoco,lilaLemma:130729,"<small><small>synset_id:&ensp;<a href=""https://www.openwordnet-pt.org/synset?id=01381549-v"" target=""_blank"">01381549-v</a></small></small><br>",<small><small>categoria:&ensp;contato</small></small><br>,<small><small>definição:</small>&ensp;recolher ou reunir</small><br>,"<small><small>lexemas:</small></small>&ensp;reagrupar, reunir<br>","<small><small>valências:&ensp;[ACT,PAT] ou [ACT,LOC,PAT] ou [ACT,DIR3,PAT]</small></small><br>"
accipio,lilaLemma:87119,"<small><small>synset_id:&ensp;<a href=""https://www.openwordnet-pt.org/synset?id=00065639-v"" target=""_blank"">00065639-v</a></small></small><br>",<small><small>categoria:&ensp;corpo</small></small><br>,<small><small>definição:</small>&ensp;ser acometido de lesões e doenças</small><br>,"<small><small>lexemas:</small></small>&ensp;contrair, sofrer, ter<br>","<small><small>valências:&ensp;[ACT,PAT] ou [ACT,CAUS]</small></small><br>"
ago,lilaLemma:88140,"<small><small>synset_id:&ensp;<a href=""https://www.openwordnet-pt.org/synset?id=00010435-v"" target=""_blank"">00010435-v</a></small></small><br>",<small><small>categoria:&ensp;corpo</small></small><br>,<small><small>definição:</small>&ensp;agir de uma certa forma; comportar-se ou conduzir-se;</small><br>,"<small><small>lexemas:</small></small>&ensp;agir, atuar, comportar-se, parecer, actuar, fazer, operar<br>","<small><small>valências:&ensp;[ACT,PAT] ou [ACT,MANN] ou [ACT,EFF,PAT] ou [ACT]</small></small><br>"
ago,lilaLemma:88140,"<small><small>synset_id:&ensp;<a href=""https://www.openwordnet-pt.org/synset?id=00013615-v"" target=""_blank"">00013615-v</a></small></small><br>",<small><small>categoria:&ensp;corpo</small></small><br>,<small><small>definição:</small>&ensp;fingir ter certas qualidades ou certos estados de espírito</small><br>,"<small><small>lexemas:</small></small>&ensp;agir como, fazer se de, fingir, simular, representar<br>","<small><small>valências:&ensp;[ACT,PAT] ou [ACT,ADDR,PAT]</small></small><br>"
capio,lilaLemma:92686,"<small><small>synset_id:&ensp;<a href=""https://www.openwordnet-pt.org/synset?id=00050652-v"" target=""_blank"">00050652-v</a></small></small><br>",<small><small>categoria:&ensp;corpo</small></small><br>,<small><small>definição:</small>&ensp;colocar roupas no corpo</small><br>,"<small><small>lexemas:</small></small>&ensp;caber, colocar, pôr, usar, vestir<br>","<small><small>valências:&ensp;[ACT,PAT] ou [ACT,PAT,ADDR]</small></small><br>"
capio,lilaLemma:92686,"<small><small>synset_id:&ensp;<a href=""https://www.openwordnet-pt.org/synset?id=00065639-v"" target=""_blank"">00065639-v</a></small></small><br>",<small><small>categoria:&ensp;corpo</small></small><br>,<small><small>definição:</small>&ensp;ser acometido de lesões e doenças</small><br>,"<small><small>lexemas:</small></small>&ensp;contrair, sofrer, ter<br>","<small><small>valências:&ensp;[ACT,PAT] ou [ACT,CAUS]</small></small><br>"
corpus,lilaLemma:96667,"<small><small>synset_id:&ensp;<a href=""https://www.openwordnet-pt.org/synset?id=05217859-n"" target=""_blank"">05217859-n</a></small></small><br>",<small><small>categoria:&ensp;corpo</small></small><br>,"<small><small>definição:</small>&ensp;um objeto natural, consistindo de um animal morto ou pessoa</small><br>","<small><small>lexemas:</small></small>&ensp;cadáver, corpo, defunto, morto, restos mortais<br>",
corpus,lilaLemma:96667,"<small><small>synset_id:&ensp;<a href=""https://www.openwordnet-pt.org/synset?id=05549830-n"" target=""_blank"">05549830-n</a></small></small><br>",<small><small>categoria:&ensp;corpo</small></small><br>,"<small><small>definição:</small>&ensp;o corpo, excluindo a cabeça, pescoço e membros</small><br>","<small><small>lexemas:</small></small>&ensp;corpo, torso, tronco<br>",
corpus,lilaLemma:96667,"<small><small>synset_id:&ensp;<a href=""https://www.openwordnet-pt.org/synset?id=05268112-n"" target=""_blank"">05268112-n</a></small></small><br>",<small><small>categoria:&ensp;corpo</small></small><br>,<small><small>definição:</small>&ensp;os tecidos moles do corpo de um vertebrado: principalmente o tecido muscular e gordura</small><br>,<small><small>lexemas:</small></small>&ensp;carne<br>,
corpus,lilaLemma:96667,"<small><small>synset_id:&ensp;<a href=""https://www.openwordnet-pt.org/synset?id=05218119-n"" target=""_blank"">05218119-n</a></small></small><br>",<small><small>categoria:&ensp;corpo</small></small><br>,<small><small>definição:</small>&ensp;o cadáver de um ser humano</small><br>,"<small><small>lexemas:</small></small>&ensp;cadáver, corpo, defunto, restos mortais, credor, despojo, morto, presunto, ruína<br>",
corpus,lilaLemma:96667,"<small><small>synset_id:&ensp;<a href=""https://www.openwordnet-pt.org/synset?id=05217688-n"" target=""_blank"">05217688-n</a></small></small><br>",<small><small>categoria:&ensp;corpo</small></small><br>,<small><small>definição:</small>&ensp;um corpo humano (geralmente incluindo o vestuário)</small><br>,<small><small>lexemas:</small></small>&ensp;pessoa<br>,
facio,lilaLemma:102758,"<small><small>synset_id:&ensp;<a href=""https://www.openwordnet-pt.org/synset?id=00010435-v"" target=""_blank"">00010435-v</a></small></small><br>",<small><small>categoria:&ensp;corpo</small></small><br>,<small><small>definição:</small>&ensp;agir de uma certa forma; comportar-se ou conduzir-se;</small><br>,"<small><small>lexemas:</small></small>&ensp;agir, atuar, comportar-se, parecer, actuar, fazer, operar<br>","<small><small>valências:&ensp;[ACT,PAT] ou [ACT,MANN] ou [ACT,EFF,PAT] ou [ACT]</small></small><br>"
facio,lilaLemma:102758,"<small><small>synset_id:&ensp;<a href=""https://www.openwordnet-pt.org/synset?id=00065639-v"" target=""_blank"">00065639-v</a></small></small><br>",<small><small>categoria:&ensp;corpo</small></small><br>,<small><small>definição:</small>&ensp;ser acometido de lesões e doenças</small><br>,"<small><small>lexemas:</small></small>&ensp;contrair, sofrer, ter<br>","<small><small>valências:&ensp;[ACT,PAT] ou [ACT,CAUS]</small></small><br>"
facio,lilaLemma:102758,"<small><small>synset_id:&ensp;<a href=""https://www.openwordnet-pt.org/synset?id=00014549-v"" target=""_blank"">00014549-v</a></small></small><br>",<small><small>categoria:&ensp;corpo</small></small><br>,<small><small>definição:</small>&ensp;estar em um estado de ação</small><br>,"<small><small>lexemas:</small></small>&ensp;mover, em atividade, se movimentando, ser_ativo<br>",<small><small>valências:&ensp;[ACT]</small></small><br>
fero,lilaLemma:103126,"<small><small>synset_id:&ensp;<a href=""https://www.openwordnet-pt.org/synset?id=00059019-v"" target=""_blank"">00059019-v</a></small></small><br>",<small><small>categoria:&ensp;corpo</small></small><br>,<small><small>definição:</small>&ensp;estar grávida com</small><br>,"<small><small>lexemas:</small></small>&ensp;carregar, esperar<br>",<small><small>valências:&ensp;[ACT]</small></small><br>
fero,lilaLemma:103126,"<small><small>synset_id:&ensp;<a href=""https://www.openwordnet-pt.org/synset?id=00027705-v"" target=""_blank"">00027705-v</a></small></small><br>",<small><small>categoria:&ensp;corpo</small></small><br>,<small><small>definição:</small>&ensp;impulso ou estender para fora</small><br>,"<small><small>lexemas:</small></small>&ensp;estender, esticar<br>","<small><small>valências:&ensp;[ACT,PAT,DIR3] ou [ACT,DIR1,PAT] ou [ACT,PAT] ou [ACT,DIR3,PAT] ou [ACT,EXT] ou [ACT]</small></small><br>"
fero,lilaLemma:103126,"<small><small>synset_id:&ensp;<a href=""https://www.openwordnet-pt.org/synset?id=00065639-v"" target=""_blank"">00065639-v</a></small></small><br>",<small><small>categoria:&ensp;corpo</small></small><br>,<small><small>definição:</small>&ensp;ser acometido de lesões e doenças</small><br>,"<small><small>lexemas:</small></small>&ensp;contrair, sofrer, ter<br>","<small><small>valências:&ensp;[ACT,PAT] ou [ACT,CAUS]</small></small><br>"
fero,lilaLemma:103126,"<small><small>synset_id:&ensp;<a href=""https://www.openwordnet-pt.org/synset?id=00054628-v"" target=""_blank"">00054628-v</a></small></small><br>",<small><small>categoria:&ensp;corpo</small></small><br>,<small><small>definição:</small>&ensp;fazer crianças</small><br>,"<small><small>lexemas:</small></small>&ensp;conceber, gerar, procriar, ter filho, engendrar<br>","<small><small>valências:&ensp;[ACT,PAT]</small></small><br>"
fero,lilaLemma:103126,"<small><small>synset_id:&ensp;<a href=""https://www.openwordnet-pt.org/synset?id=00047745-v"" target=""_blank"">00047745-v</a></small></small><br>",<small><small>categoria:&ensp;corpo</small></small><br>,<small><small>definição:</small>&ensp;ter sobre a sua pessoa</small><br>,"<small><small>lexemas:</small></small>&ensp;portar, usar, levar, vestir<br>","<small><small>valências:&ensp;[ACT,PAT]</small></small><br>"
gero,lilaLemma:104536,"<small><small>synset_id:&ensp;<a href=""https://www.openwordnet-pt.org/synset?id=00047745-v"" target=""_blank"">00047745-v</a></small></small><br>",<small><small>categoria:&ensp;corpo</small></small><br>,<small><small>definição:</small>&ensp;ter sobre a sua pessoa</small><br>,"<small><small>lexemas:</small></small>&ensp;portar, usar, levar, vestir<br>","<small><small>valências:&ensp;[ACT,PAT]</small></small><br>"
gero,lilaLemma:104536,"<small><small>synset_id:&ensp;<a href=""https://www.openwordnet-pt.org/synset?id=00010435-v"" target=""_blank"">00010435-v</a></small></small><br>",<small><small>categoria:&ensp;corpo</small></small><br>,<small><small>definição:</small>&ensp;agir de uma certa forma; comportar-se ou conduzir-se;</small><br>,"<small><small>lexemas:</small></small>&ensp;agir, atuar, comportar-se, parecer, actuar, fazer, operar<br>","<small><small>valências:&ensp;[ACT,PAT] ou [ACT,MANN] ou [ACT,EFF,PAT] ou [ACT]</small></small><br>"
gero,lilaLemma:104536,"<small><small>synset_id:&ensp;<a href=""https://www.openwordnet-pt.org/synset?id=00052374-v"" target=""_blank"">00052374-v</a></small></small><br>",<small><small>categoria:&ensp;corpo</small></small><br>,<small><small>definição:</small>&ensp;estar vestida</small><br>,"<small><small>lexemas:</small></small>&ensp;usar, vestir, levar, ter<br>","<small><small>valências:&ensp;[ACT,PAT]</small></small><br>"
gero,lilaLemma:104536,"<small><small>synset_id:&ensp;<a href=""https://www.openwordnet-pt.org/synset?id=00050652-v"" target=""_blank"">00050652-v</a></small></small><br>",<small><small>categoria:&ensp;corpo</small></small><br>,<small><small>definição:</small>&ensp;colocar roupas no corpo</small><br>,"<small><small>lexemas:</small></small>&ensp;caber, colocar, pôr, usar, vestir<br>","<small><small>valências:&ensp;[ACT,PAT] ou [ACT,PAT,ADDR]</small></small><br>"
habeo,lilaLemma:105044,"<small><small>synset_id:&ensp;<a href=""https://www.openwordnet-pt.org/synset?id=00052374-v"" target=""_blank"">00052374-v</a></small></small><br>",<small><small>categoria:&ensp;corpo</small></small><br>,<small><small>definição:</small>&ensp;estar vestida</small><br>,"<small><small>lexemas:</small></small>&ensp;usar, vestir, levar, ter<br>","<small><small>valências:&ensp;[ACT,PAT]</small></small><br>"
habeo,lilaLemma:105044,"<small><small>synset_id:&ensp;<a href=""https://www.openwordnet-pt.org/synset?id=00065639-v"" target=""_blank"">00065639-v</a></small></small><br>",<small><small>categoria:&ensp;corpo</small></small><br>,<small><small>definição:</small>&ensp;ser acometido de lesões e doenças</small><br>,"<small><small>lexemas:</small></small>&ensp;contrair, sofrer, ter<br>","<small><small>valências:&ensp;[ACT,PAT] ou [ACT,CAUS]</small></small><br>"
habeo,lilaLemma:105044,"<small><small>synset_id:&ensp;<a href=""https://www.openwordnet-pt.org/synset?id=00047745-v"" target=""_blank"">00047745-v</a></small></small><br>",<small><small>categoria:&ensp;corpo</small></small><br>,<small><small>definição:</small>&ensp;ter sobre a sua pessoa</small><br>,"<small><small>lexemas:</small></small>&ensp;portar, usar, levar, vestir<br>","<small><small>valências:&ensp;[ACT,PAT]</small></small><br>"
homo,lilaLemma:105624,"<small><small>synset_id:&ensp;<a href=""https://www.openwordnet-pt.org/synset?id=05217688-n"" target=""_blank"">05217688-n</a></small></small><br>",<small><small>categoria:&ensp;corpo</small></small><br>,<small><small>definição:</small>&ensp;um corpo humano (geralmente incluindo o vestuário)</small><br>,<small><small>lexemas:</small></small>&ensp;pessoa<br>,
manus,lilaLemma:111585,"<small><small>synset_id:&ensp;<a href=""https://www.openwordnet-pt.org/synset?id=05564590-n"" target=""_blank"">05564590-n</a></small></small><br>",<small><small>categoria:&ensp;corpo</small></small><br>,<small><small>definição:</small>&ensp;a extremidade (preênsil) do membro superior</small><br>,"<small><small>lexemas:</small></small>&ensp;mão, pata<br>",
mitto,lilaLemma:112499,"<small><small>synset_id:&ensp;<a href=""https://www.openwordnet-pt.org/synset?id=00027705-v"" target=""_blank"">00027705-v</a></small></small><br>",<small><small>categoria:&ensp;corpo</small></small><br>,<small><small>definição:</small>&ensp;impulso ou estender para fora</small><br>,"<small><small>lexemas:</small></small>&ensp;estender, esticar<br>","<small><small>valências:&ensp;[ACT,PAT,DIR3] ou [ACT,DIR1,PAT] ou [ACT,PAT] ou [ACT,DIR3,PAT] ou [ACT,EXT] ou [ACT]</small></small><br>"
mors,lilaLemma:112807,"<small><small>synset_id:&ensp;<a href=""https://www.openwordnet-pt.org/synset?id=05218119-n"" target=""_blank"">05218119-n</a></small></small><br>",<small><small>categoria:&ensp;corpo</small></small><br>,<small><small>definição:</small>&ensp;o cadáver de um ser humano</small><br>,"<small><small>lexemas:</small></small>&ensp;cadáver, corpo, defunto, restos mortais, credor, despojo, morto, presunto, ruína<br>",
natura,lilaLemma:113421,"<small><small>synset_id:&ensp;<a href=""https://www.openwordnet-pt.org/synset?id=05514081-n"" target=""_blank"">05514081-n</a></small></small><br>",<small><small>categoria:&ensp;corpo</small></small><br>,<small><small>definição:</small>&ensp;órgão sexual externo</small><br>,"<small><small>lexemas:</small></small>&ensp;genitália, sexo<br>",
pars,lilaLemma:116084,"<small><small>synset_id:&ensp;<a href=""https://www.openwordnet-pt.org/synset?id=05221895-n"" target=""_blank"">05221895-n</a></small></small><br>",<small><small>categoria:&ensp;corpo</small></small><br>,<small><small>definição:</small>&ensp;Uma parte de um animal que tem uma função especial ou é alimentada por uma determinada artéria ou nervo</small><br>,"<small><small>lexemas:</small></small>&ensp;região, espaço, extensão, termo, território, zona, área<br>",<small><small>valências:&ensp;[MAT]</small></small><br>
pono,lilaLemma:118414,"<small><small>synset_id:&ensp;<a href=""https://www.openwordnet-pt.org/synset?id=00050454-v"" target=""_blank"">00050454-v</a></small></small><br>",<small><small>categoria:&ensp;corpo</small></small><br>,<small><small>definição:</small>&ensp;remover as roupas</small><br>,<small><small>lexemas:</small></small>&ensp;despir<br>,"<small><small>valências:&ensp;[ACT,PAT]</small></small><br>"
ago,lilaLemma:88140,"<small><small>synset_id:&ensp;<a href=""https://www.openwordnet-pt.org/synset?id=01732921-v"" target=""_blank"">01732921-v</a></small></small><br>",<small><small>categoria:&ensp;criação</small></small><br>,"<small><small>definição:</small>&ensp;conduzir, como no desempenho de uma composição</small><br>","<small><small>lexemas:</small></small>&ensp;conduzir, reger, dirigir<br>","<small><small>valências:&ensp;[ACT,PAT]</small></small><br>"
ago,lilaLemma:88140,"<small><small>synset_id:&ensp;<a href=""https://www.openwordnet-pt.org/synset?id=01719921-v"" target=""_blank"">01719921-v</a></small></small><br>",<small><small>categoria:&ensp;criação</small></small><br>,<small><small>definição:</small>&ensp;executar em um palco ou teatro</small><br>,"<small><small>lexemas:</small></small>&ensp;actuar, atuar, fazer, representar, agir, desempenhar, interpretar<br>","<small><small>valências:&ensp;[ACT,PAT]</small></small><br>"
ago,lilaLemma:88140,"<small><small>synset_id:&ensp;<a href=""https://www.openwordnet-pt.org/synset?id=01722447-v"" target=""_blank"">01722447-v</a></small></small><br>",<small><small>categoria:&ensp;criação</small></small><br>,<small><small>definição:</small>&ensp;representar ou executar como se estivesse em um jogo</small><br>,<small><small>lexemas:</small></small>&ensp;reencenar<br>,"<small><small>valências:&ensp;[ACT,PAT]</small></small><br>"
ago,lilaLemma:88140,"<small><small>synset_id:&ensp;<a href=""https://www.openwordnet-pt.org/synset?id=01645601-v"" target=""_blank"">01645601-v</a></small></small><br>",<small><small>categoria:&ensp;criação</small></small><br>,<small><small>definição:</small>&ensp;dar origem a</small><br>,"<small><small>lexemas:</small></small>&ensp;causar, fazer, provocar, abrir, tornar<br>","<small><small>valências:&ensp;[ACT,PAT] ou [ACT,PAT,ADDR] ou [ACT,ADDR,PAT] ou [ACT,EFF,PAT]</small></small><br>"
capio,lilaLemma:92686,"<small><small>synset_id:&ensp;<a href=""https://www.openwordnet-pt.org/synset?id=01651293-v"" target=""_blank"">01651293-v</a></small></small><br>",<small><small>categoria:&ensp;criação</small></small><br>,<small><small>definição:</small>&ensp;Começar uma atividade ou projeto</small><br>,"<small><small>lexemas:</small></small>&ensp;empreender, tentar<br>","<small><small>valências:&ensp;[ACT,PAT] ou [ACT]</small></small><br>"
do,lilaLemma:99970,"<small><small>synset_id:&ensp;<a href=""https://www.openwordnet-pt.org/synset?id=01629000-v"" target=""_blank"">01629000-v</a></small></small><br>",<small><small>categoria:&ensp;criação</small></small><br>,<small><small>definição:</small>&ensp;dar ou fornecimento</small><br>,"<small><small>lexemas:</small></small>&ensp;fazer, gerar, trazer, dar, produzir<br>","<small><small>valências:&ensp;[ACT,PAT,ADDR] ou [ACT,PAT] ou [ACT,ADDR,PAT] ou [ACT,ADDR]</small></small><br>"
do,lilaLemma:99970,"<small><small>synset_id:&ensp;<a href=""https://www.openwordnet-pt.org/synset?id=01645601-v"" target=""_blank"">01645601-v</a></small></small><br>",<small><small>categoria:&ensp;criação</small></small><br>,<small><small>definição:</small>&ensp;dar origem a</small><br>,"<small><small>lexemas:</small></small>&ensp;causar, fazer, provocar, abrir, tornar<br>","<small><small>valências:&ensp;[ACT,PAT] ou [ACT,PAT,ADDR] ou [ACT,ADDR,PAT] ou [ACT,EFF,PAT]</small></small><br>"
do,lilaLemma:99970,"<small><small>synset_id:&ensp;<a href=""https://www.openwordnet-pt.org/synset?id=01752495-v"" target=""_blank"">01752495-v</a></small></small><br>",<small><small>categoria:&ensp;criação</small></small><br>,<small><small>definição:</small>&ensp;trazer ou rendimento</small><br>,"<small><small>lexemas:</small></small>&ensp;fazer, produzir<br>","<small><small>valências:&ensp;[ACT,PAT] ou [ACT,ADDR,PAT]</small></small><br>"
do,lilaLemma:99970,"<small><small>synset_id:&ensp;<a href=""https://www.openwordnet-pt.org/synset?id=01752884-v"" target=""_blank"">01752884-v</a></small></small><br>",<small><small>categoria:&ensp;criação</small></small><br>,"<small><small>definição:</small>&ensp;causar a acontecer, ocorrer ou existir</small><br>","<small><small>lexemas:</small></small>&ensp;causar, fazer, produzir, provocar, acarrear, acarretar, motivar, ocasionar, semear<br>","<small><small>valências:&ensp;[ACT,PAT] ou [ACT,EFF,PAT]</small></small><br>"
do,lilaLemma:99970,"<small><small>synset_id:&ensp;<a href=""https://www.openwordnet-pt.org/synset?id=01647672-v"" target=""_blank"">01647672-v</a></small></small><br>",<small><small>categoria:&ensp;criação</small></small><br>,<small><small>definição:</small>&ensp;trazer</small><br>,"<small><small>lexemas:</small></small>&ensp;estabelecer, produzir, dar<br>","<small><small>valências:&ensp;[ACT,EFF,PAT] ou [ACT,PAT,ADDR] ou [ACT,ADDR,PAT]</small></small><br>"
do,lilaLemma:99970,"<small><small>synset_id:&ensp;<a href=""https://www.openwordnet-pt.org/synset?id=01621555-v"" target=""_blank"">01621555-v</a></small></small><br>",<small><small>categoria:&ensp;criação</small></small><br>,<small><small>definição:</small>&ensp;criar ou fabricar um produto sintético</small><br>,"<small><small>lexemas:</small></small>&ensp;construir, criar, fazer, produzir, abrir, botar, conceber, confecionar, elaborar, fabricar, formar, manar, proceder, provir, realizar, tornar<br>","<small><small>valências:&ensp;[ACT,PAT] ou [ACT,EFF,PAT]</small></small><br>"
facio,lilaLemma:102758,"<small><small>synset_id:&ensp;<a href=""https://www.openwordnet-pt.org/synset?id=01733477-v"" target=""_blank"">01733477-v</a></small></small><br>",<small><small>categoria:&ensp;criação</small></small><br>,<small><small>definição:</small>&ensp;organizar ou ser responsável por</small><br>,"<small><small>lexemas:</small></small>&ensp;dar, fazer, ter<br>","<small><small>valências:&ensp;[ACT,PAT]</small></small><br>"
facio,lilaLemma:102758,"<small><small>synset_id:&ensp;<a href=""https://www.openwordnet-pt.org/synset?id=01698271-v"" target=""_blank"">01698271-v</a></small></small><br>",<small><small>categoria:&ensp;criação</small></small><br>,<small><small>definição:</small>&ensp;produzir uma obra literária</small><br>,"<small><small>lexemas:</small></small>&ensp;compor, escrever, grafar, redigir, ziguezaguear<br>","<small><small>valências:&ensp;[ACT,PAT] ou [ACT,PAT,REG]</small></small><br>"
facio,lilaLemma:102758,"<small><small>synset_id:&ensp;<a href=""https://www.openwordnet-pt.org/synset?id=01654628-v"" target=""_blank"">01654628-v</a></small></small><br>",<small><small>categoria:&ensp;criação</small></small><br>,<small><small>definição:</small>&ensp;Faça combinando materiais e peças</small><br>,"<small><small>lexemas:</small></small>&ensp;construir, edificar<br>","<small><small>valências:&ensp;[ACT,PAT] ou [ACT,PAT,MEANS] ou [ACT,ADDR,PAT] ou [ACT,MEANS,PAT]</small></small><br>"
facio,lilaLemma:102758,"<small><small>synset_id:&ensp;<a href=""https://www.openwordnet-pt.org/synset?id=01712704-v"" target=""_blank"">01712704-v</a></small></small><br>",<small><small>categoria:&ensp;criação</small></small><br>,<small><small>definição:</small>&ensp;realizar ou executar uma ação</small><br>,"<small><small>lexemas:</small></small>&ensp;desempenhar, executar, fazer, abrir, tornar<br>","<small><small>valências:&ensp;[ACT,PAT] ou [ACT]</small></small><br>"
facio,lilaLemma:102758,"<small><small>synset_id:&ensp;<a href=""https://www.openwordnet-pt.org/synset?id=01621555-v"" target=""_blank"">01621555-v</a></small></small><br>",<small><small>categoria:&ensp;criação</small></small><br>,<small><small>definição:</small>&ensp;criar ou fabricar um produto sintético</small><br>,"<small><small>lexemas:</small></small>&ensp;construir, criar, fazer, produzir, abrir, botar, conceber, confecionar, elaborar, fabricar, formar, manar, proceder, provir, realizar, tornar<br>","<small><small>valências:&ensp;[ACT,PAT] ou [ACT,EFF,PAT]</small></small><br>"
facio,lilaLemma:102758,"<small><small>synset_id:&ensp;<a href=""https://www.openwordnet-pt.org/synset?id=01752884-v"" target=""_blank"">01752884-v</a></small></small><br>",<small><small>categoria:&ensp;criação</small></small><br>,"<small><small>definição:</small>&ensp;causar a acontecer, ocorrer ou existir</small><br>","<small><small>lexemas:</small></small>&ensp;causar, fazer, produzir, provocar, acarrear, acarretar, motivar, ocasionar, semear<br>","<small><small>valências:&ensp;[ACT,PAT] ou [ACT,EFF,PAT]</small></small><br>"
facio,lilaLemma:102758,"<small><small>synset_id:&ensp;<a href=""https://www.openwordnet-pt.org/synset?id=01753788-v"" target=""_blank"">01753788-v</a></small></small><br>",<small><small>categoria:&ensp;criação</small></small><br>,<small><small>definição:</small>&ensp;trazer à existência</small><br>,"<small><small>lexemas:</small></small>&ensp;criar, abrir, fazer, produzir, tornar<br>","<small><small>valências:&ensp;[ACT,PAT]</small></small><br>"
facio,lilaLemma:102758,"<small><small>synset_id:&ensp;<a href=""https://www.openwordnet-pt.org/synset?id=01645601-v"" target=""_blank"">01645601-v</a></small></small><br>",<small><small>categoria:&ensp;criação</small></small><br>,<small><small>definição:</small>&ensp;dar origem a</small><br>,"<small><small>lexemas:</small></small>&ensp;causar, fazer, provocar, abrir, tornar<br>","<small><small>valências:&ensp;[ACT,PAT] ou [ACT,PAT,ADDR] ou [ACT,ADDR,PAT] ou [ACT,EFF,PAT]</small></small><br>"
facio,lilaLemma:102758,"<small><small>synset_id:&ensp;<a href=""https://www.openwordnet-pt.org/synset?id=01648126-v"" target=""_blank"">01648126-v</a></small></small><br>",<small><small>categoria:&ensp;criação</small></small><br>,"<small><small>definição:</small>&ensp;planejar, organizar e realizar (um evento)</small><br>","<small><small>lexemas:</small></small>&ensp;arranjar, realizar, organizar<br>","<small><small>valências:&ensp;[ACT,PAT]</small></small><br>"
facio,lilaLemma:102758,"<small><small>synset_id:&ensp;<a href=""https://www.openwordnet-pt.org/synset?id=01617192-v"" target=""_blank"">01617192-v</a></small></small><br>",<small><small>categoria:&ensp;criação</small></small><br>,<small><small>definição:</small>&ensp;fazer ou causar a ser ou tornar-se</small><br>,"<small><small>lexemas:</small></small>&ensp;causar, criar, fazer, provocar, abrir, realizar, tornar<br>","<small><small>valências:&ensp;[ACT,EFF,PAT] ou [ACT,PAT]</small></small><br>"
facio,lilaLemma:102758,"<small><small>synset_id:&ensp;<a href=""https://www.openwordnet-pt.org/synset?id=01688771-v"" target=""_blank"">01688771-v</a></small></small><br>",<small><small>categoria:&ensp;criação</small></small><br>,"<small><small>definição:</small>&ensp;representar abstratamente, por exemplo, em uma pintura, desenho ou escultura</small><br>","<small><small>lexemas:</small></small>&ensp;representar, retratar, apresentar<br>","<small><small>valências:&ensp;[ACT,PAT]</small></small><br>"
facio,lilaLemma:102758,"<small><small>synset_id:&ensp;<a href=""https://www.openwordnet-pt.org/synset?id=01640855-v"" target=""_blank"">01640855-v</a></small></small><br>",<small><small>categoria:&ensp;criação</small></small><br>,<small><small>definição:</small>&ensp;colocar em vigor</small><br>,"<small><small>lexemas:</small></small>&ensp;atingir, cumprir, efetuar, executar, levar a cabo, realizar, completar, desempenhar, implementar<br>","<small><small>valências:&ensp;[ACT,PAT]</small></small><br>"
facio,lilaLemma:102758,"<small><small>synset_id:&ensp;<a href=""https://www.openwordnet-pt.org/synset?id=01647229-v"" target=""_blank"">01647229-v</a></small></small><br>",<small><small>categoria:&ensp;criação</small></small><br>,<small><small>definição:</small>&ensp;criar ou estabelecer as bases</small><br>,"<small><small>lexemas:</small></small>&ensp;constituir, estabelecer, fundar, acertar, afundar, aprazar, assentar, cavar, celebrar, combinar, começar, consignar, criar, edificar, erguer, fazer, firmar, fixar, instaurar, instituir, marcar, plantar<br>","<small><small>valências:&ensp;[ACT,PAT] ou [ACT,PAT,LOC]</small></small><br>"
fero,lilaLemma:103126,"<small><small>synset_id:&ensp;<a href=""https://www.openwordnet-pt.org/synset?id=01629000-v"" target=""_blank"">01629000-v</a></small></small><br>",<small><small>categoria:&ensp;criação</small></small><br>,<small><small>definição:</small>&ensp;dar ou fornecimento</small><br>,"<small><small>lexemas:</small></small>&ensp;fazer, gerar, trazer, dar, produzir<br>","<small><small>valências:&ensp;[ACT,PAT,ADDR] ou [ACT,PAT] ou [ACT,ADDR,PAT] ou [ACT,ADDR]</small></small><br>"
fero,lilaLemma:103126,"<small><small>synset_id:&ensp;<a href=""https://www.openwordnet-pt.org/synset?id=01752884-v"" target=""_blank"">01752884-v</a></small></small><br>",<small><small>categoria:&ensp;criação</small></small><br>,"<small><small>definição:</small>&ensp;causar a acontecer, ocorrer ou existir</small><br>","<small><small>lexemas:</small></small>&ensp;causar, fazer, produzir, provocar, acarrear, acarretar, motivar, ocasionar, semear<br>","<small><small>valências:&ensp;[ACT,PAT] ou [ACT,EFF,PAT]</small></small><br>"
fero,lilaLemma:103126,"<small><small>synset_id:&ensp;<a href=""https://www.openwordnet-pt.org/synset?id=01621555-v"" target=""_blank"">01621555-v</a></small></small><br>",<small><small>categoria:&ensp;criação</small></small><br>,<small><small>definição:</small>&ensp;criar ou fabricar um produto sintético</small><br>,"<small><small>lexemas:</small></small>&ensp;construir, criar, fazer, produzir, abrir, botar, conceber, confecionar, elaborar, fabricar, formar, manar, proceder, provir, realizar, tornar<br>","<small><small>valências:&ensp;[ACT,PAT] ou [ACT,EFF,PAT]</small></small><br>"
fero,lilaLemma:103126,"<small><small>synset_id:&ensp;<a href=""https://www.openwordnet-pt.org/synset?id=01719302-v"" target=""_blank"">01719302-v</a></small></small><br>",<small><small>categoria:&ensp;criação</small></small><br>,<small><small>definição:</small>&ensp;desempenhar um papel ou parte</small><br>,"<small><small>lexemas:</small></small>&ensp;atuar, fazer, representar<br>","<small><small>valências:&ensp;[ACT,PAT] ou [ACT,EFF,PAT]</small></small><br>"
fero,lilaLemma:103126,"<small><small>synset_id:&ensp;<a href=""https://www.openwordnet-pt.org/synset?id=01649999-v"" target=""_blank"">01649999-v</a></small></small><br>",<small><small>categoria:&ensp;criação</small></small><br>,<small><small>definição:</small>&ensp;dar um incentivo para a ação</small><br>,"<small><small>lexemas:</small></small>&ensp;estimular, incentivar, motivar, propulsar, provocar<br>","<small><small>valências:&ensp;[ACT,PAT] ou [ACT,ADDR,PAT] ou [ACT,PAT,DIR3] ou [ACT,EFF,PAT]</small></small><br>"
gero,lilaLemma:104536,"<small><small>synset_id:&ensp;<a href=""https://www.openwordnet-pt.org/synset?id=01719302-v"" target=""_blank"">01719302-v</a></small></small><br>",<small><small>categoria:&ensp;criação</small></small><br>,<small><small>definição:</small>&ensp;desempenhar um papel ou parte</small><br>,"<small><small>lexemas:</small></small>&ensp;atuar, fazer, representar<br>","<small><small>valências:&ensp;[ACT,PAT] ou [ACT,EFF,PAT]</small></small><br>"
mitto,lilaLemma:112499,"<small><small>synset_id:&ensp;<a href=""https://www.openwordnet-pt.org/synset?id=01632897-v"" target=""_blank"">01632897-v</a></small></small><br>",<small><small>categoria:&ensp;criação</small></small><br>,<small><small>definição:</small>&ensp;colocar ou enviar para trás</small><br>,"<small><small>lexemas:</small></small>&ensp;jogar, lançar, projetar, projectar<br>","<small><small>valências:&ensp;[ACT,DIR3,PAT] ou [ACT,PAT,DIR3]</small></small><br>"
pono,lilaLemma:118414,"<small><small>synset_id:&ensp;<a href=""https://www.openwordnet-pt.org/synset?id=01647229-v"" target=""_blank"">01647229-v</a></small></small><br>",<small><small>categoria:&ensp;criação</small></small><br>,<small><small>definição:</small>&ensp;criar ou estabelecer as bases</small><br>,"<small><small>lexemas:</small></small>&ensp;constituir, estabelecer, fundar, acertar, afundar, aprazar, assentar, cavar, celebrar, combinar, começar, consignar, criar, edificar, erguer, fazer, firmar, fixar, instaurar, instituir, marcar, plantar<br>","<small><small>valências:&ensp;[ACT,PAT] ou [ACT,PAT,LOC]</small></small><br>"
pono,lilaLemma:118414,"<small><small>synset_id:&ensp;<a href=""https://www.openwordnet-pt.org/synset?id=01688256-v"" target=""_blank"">01688256-v</a></small></small><br>",<small><small>categoria:&ensp;criação</small></small><br>,<small><small>definição:</small>&ensp;fazer um retrato de</small><br>,<small><small>lexemas:</small></small>&ensp;representar<br>,"<small><small>valências:&ensp;[ACT,PAT]</small></small><br>"
pono,lilaLemma:118414,"<small><small>synset_id:&ensp;<a href=""https://www.openwordnet-pt.org/synset?id=01662771-v"" target=""_blank"">01662771-v</a></small></small><br>",<small><small>categoria:&ensp;criação</small></small><br>,"<small><small>definição:</small>&ensp;moldar (por exemplo, metal quente ou cera), despejando num molde</small><br>","<small><small>lexemas:</small></small>&ensp;fundir, moldar<br>","<small><small>valências:&ensp;[ACT,PAT]</small></small><br>"
pono,lilaLemma:118414,"<small><small>synset_id:&ensp;<a href=""https://www.openwordnet-pt.org/synset?id=01661243-v"" target=""_blank"">01661243-v</a></small></small><br>",<small><small>categoria:&ensp;criação</small></small><br>,"<small><small>definição:</small>&ensp;construir, construir ou erguer</small><br>","<small><small>lexemas:</small></small>&ensp;construir, erigir, levantar<br>","<small><small>valências:&ensp;[ACT,PAT] ou [ACT,PAT,LOC]</small></small><br>"
refero,lilaLemma:122494,"<small><small>synset_id:&ensp;<a href=""https://www.openwordnet-pt.org/synset?id=01629000-v"" target=""_blank"">01629000-v</a></small></small><br>",<small><small>categoria:&ensp;criação</small></small><br>,<small><small>definição:</small>&ensp;dar ou fornecimento</small><br>,"<small><small>lexemas:</small></small>&ensp;fazer, gerar, trazer, dar, produzir<br>","<small><small>valências:&ensp;[ACT,PAT,ADDR] ou [ACT,PAT] ou [ACT,ADDR,PAT] ou [ACT,ADDR]</small></small><br>"
scribo,lilaLemma:123840,"<small><small>synset_id:&ensp;<a href=""https://www.openwordnet-pt.org/synset?id=01626138-v"" target=""_blank"">01626138-v</a></small></small><br>",<small><small>categoria:&ensp;criação</small></small><br>,<small><small>definição:</small>&ensp;colocar juntos extraindo de material existente</small><br>,"<small><small>lexemas:</small></small>&ensp;compilar, compor<br>","<small><small>valências:&ensp;[ACT,PAT] ou [ACT,ORIG,PAT] ou [ACT,PAT,REG] ou [ACT,MEANS,PAT]</small></small><br>"
scribo,lilaLemma:123840,"<small><small>synset_id:&ensp;<a href=""https://www.openwordnet-pt.org/synset?id=01691057-v"" target=""_blank"">01691057-v</a></small></small><br>",<small><small>categoria:&ensp;criação</small></small><br>,<small><small>definição:</small>&ensp;marcra ou traçar sobre uma superfície</small><br>,<small><small>lexemas:</small></small>&ensp;escrever<br>,"<small><small>valências:&ensp;[ACT,PAT]</small></small><br>"
scribo,lilaLemma:123840,"<small><small>synset_id:&ensp;<a href=""https://www.openwordnet-pt.org/synset?id=01698271-v"" target=""_blank"">01698271-v</a></small></small><br>",<small><small>categoria:&ensp;criação</small></small><br>,<small><small>definição:</small>&ensp;produzir uma obra literária</small><br>,"<small><small>lexemas:</small></small>&ensp;compor, escrever, grafar, redigir, ziguezaguear<br>","<small><small>valências:&ensp;[ACT,PAT] ou [ACT,PAT,REG]</small></small><br>"
sequor,lilaLemma:124461,"<small><small>synset_id:&ensp;<a href=""https://www.openwordnet-pt.org/synset?id=01728355-v"" target=""_blank"">01728355-v</a></small></small><br>",<small><small>categoria:&ensp;criação</small></small><br>,<small><small>definição:</small>&ensp;realizar um acompanhamento para</small><br>,<small><small>lexemas:</small></small>&ensp;acompanhar<br>,"<small><small>valências:&ensp;[ACT,PAT] ou [ACT,ADDR]</small></small><br>"
uideo,lilaLemma:130163,"<small><small>synset_id:&ensp;<a href=""https://www.openwordnet-pt.org/synset?id=01635432-v"" target=""_blank"">01635432-v</a></small></small><br>",<small><small>categoria:&ensp;criação</small></small><br>,<small><small>definição:</small>&ensp;imaginar; conceber; ver na imaginacao</small><br>,"<small><small>lexemas:</small></small>&ensp;afigurar, envisionar, figurar, ver, visualizar<br>","<small><small>valências:&ensp;[ACT,PAT]</small></small><br>"
uolo,lilaLemma:130745,"<small><small>synset_id:&ensp;<a href=""https://www.openwordnet-pt.org/synset?id=01824736-v"" target=""_blank"">01824736-v</a></small></small><br>",<small><small>categoria:&ensp;emoção</small></small><br>,<small><small>definição:</small>&ensp;preferir ou quiser fazer alguma coisa</small><br>,"<small><small>lexemas:</small></small>&ensp;desejar, esperar, querer, gostar<br>","<small><small>valências:&ensp;[ACT,PAT]</small></small><br>"
uolo,lilaLemma:130745,"<small><small>synset_id:&ensp;<a href=""https://www.openwordnet-pt.org/synset?id=01824339-v"" target=""_blank"">01824339-v</a></small></small><br>",<small><small>categoria:&ensp;emoção</small></small><br>,<small><small>definição:</small>&ensp;esperar por; ter um desejo</small><br>,"<small><small>lexemas:</small></small>&ensp;desejar, querer<br>","<small><small>valências:&ensp;[ACT,PAT]</small></small><br>"
uolo,lilaLemma:130745,"<small><small>synset_id:&ensp;<a href=""https://www.openwordnet-pt.org/synset?id=01825237-v"" target=""_blank"">01825237-v</a></small></small><br>",<small><small>categoria:&ensp;emoção</small></small><br>,<small><small>definição:</small>&ensp;sentir ou ter desejo por; querer fortemente;</small><br>,"<small><small>lexemas:</small></small>&ensp;ansiar, desejar, querer<br>","<small><small>valências:&ensp;[ACT,PAT]</small></small><br>"
capio,lilaLemma:92686,"<small><small>synset_id:&ensp;<a href=""https://www.openwordnet-pt.org/synset?id=01817314-v"" target=""_blank"">01817314-v</a></small></small><br>",<small><small>categoria:&ensp;emoção</small></small><br>,<small><small>definição:</small>&ensp;manter enfeitiçado</small><br>,"<small><small>lexemas:</small></small>&ensp;encantar, agadanhar, alegrar, arrebatar, assombrar, cativar, conquistar, deleitar, deliciar, embeiçar, embevecer, engodar, enlevar, extasiar, fascinar, maravilhar, regalar, transportar<br>","<small><small>valências:&ensp;[ACT,PAT]</small></small><br>"
capio,lilaLemma:92686,"<small><small>synset_id:&ensp;<a href=""https://www.openwordnet-pt.org/synset?id=01797730-v"" target=""_blank"">01797730-v</a></small></small><br>",<small><small>categoria:&ensp;emoção</small></small><br>,<small><small>definição:</small>&ensp;causar grande infelicidade em alguem</small><br>,"<small><small>lexemas:</small></small>&ensp;acabrunhar, afligir, angustiar<br>","<small><small>valências:&ensp;[ACT,PAT]</small></small><br>"
capio,lilaLemma:92686,"<small><small>synset_id:&ensp;<a href=""https://www.openwordnet-pt.org/synset?id=01806505-v"" target=""_blank"">01806505-v</a></small></small><br>",<small><small>categoria:&ensp;emoção</small></small><br>,<small><small>definição:</small>&ensp;atrair; impressionar para enamorar-se</small><br>,"<small><small>lexemas:</small></small>&ensp;cativar, deleitar, deliciar, encantar, fascinar<br>","<small><small>valências:&ensp;[ACT,PAT]</small></small><br>"
capio,lilaLemma:92686,"<small><small>synset_id:&ensp;<a href=""https://www.openwordnet-pt.org/synset?id=01773130-v"" target=""_blank"">01773130-v</a></small></small><br>",<small><small>categoria:&ensp;emoção</small></small><br>,"<small><small>definição:</small>&ensp;manter (a teoria, pensamentos, ou sentimentos)</small><br>","<small><small>lexemas:</small></small>&ensp;considerar, entreter, guardar, manter, sustentar<br>","<small><small>valências:&ensp;[ACT,PAT]</small></small><br>"
gero,lilaLemma:104536,"<small><small>synset_id:&ensp;<a href=""https://www.openwordnet-pt.org/synset?id=01773130-v"" target=""_blank"">01773130-v</a></small></small><br>",<small><small>categoria:&ensp;emoção</small></small><br>,"<small><small>definição:</small>&ensp;manter (a teoria, pensamentos, ou sentimentos)</small><br>","<small><small>lexemas:</small></small>&ensp;considerar, entreter, guardar, manter, sustentar<br>","<small><small>valências:&ensp;[ACT,PAT]</small></small><br>"
peto,lilaLemma:117549,"<small><small>synset_id:&ensp;<a href=""https://www.openwordnet-pt.org/synset?id=01826378-v"" target=""_blank"">01826378-v</a></small></small><br>",<small><small>categoria:&ensp;emoção</small></small><br>,<small><small>definição:</small>&ensp;expressar um desejo de</small><br>,<small><small>lexemas:</small></small>&ensp;desejar<br>,"<small><small>valências:&ensp;[ACT,PAT]</small></small><br>"
peto,lilaLemma:117549,"<small><small>synset_id:&ensp;<a href=""https://www.openwordnet-pt.org/synset?id=01825237-v"" target=""_blank"">01825237-v</a></small></small><br>",<small><small>categoria:&ensp;emoção</small></small><br>,<small><small>definição:</small>&ensp;sentir ou ter desejo por; querer fortemente;</small><br>,"<small><small>lexemas:</small></small>&ensp;ansiar, desejar, querer<br>","<small><small>valências:&ensp;[ACT,PAT]</small></small><br>"
quaero,lilaLemma:121047,"<small><small>synset_id:&ensp;<a href=""https://www.openwordnet-pt.org/synset?id=01826378-v"" target=""_blank"">01826378-v</a></small></small><br>",<small><small>categoria:&ensp;emoção</small></small><br>,<small><small>definição:</small>&ensp;expressar um desejo de</small><br>,<small><small>lexemas:</small></small>&ensp;desejar<br>,"<small><small>valências:&ensp;[ACT,PAT]</small></small><br>"
ago,lilaLemma:88140,"<small><small>synset_id:&ensp;<a href=""https://www.openwordnet-pt.org/synset?id=02614387-v"" target=""_blank"">02614387-v</a></small></small><br>",<small><small>categoria:&ensp;estado</small></small><br>,<small><small>definição:</small>&ensp;[lead a certain kind of life; live in a certain style]</small><br>,"<small><small>lexemas:</small></small>&ensp;viver, morar<br>","<small><small>valências:&ensp;[ACT] ou [ACT,MANN]</small></small><br>"
ago,lilaLemma:88140,"<small><small>synset_id:&ensp;<a href=""https://www.openwordnet-pt.org/synset?id=02671613-v"" target=""_blank"">02671613-v</a></small></small><br>",<small><small>categoria:&ensp;estado</small></small><br>,<small><small>definição:</small>&ensp;[function as or act like]</small><br>,<small><small>lexemas:</small></small>&ensp;agir como<br>,"<small><small>valências:&ensp;[ACT,PAT]</small></small><br>"
ago,lilaLemma:88140,"<small><small>synset_id:&ensp;<a href=""https://www.openwordnet-pt.org/synset?id=02708420-v"" target=""_blank"">02708420-v</a></small></small><br>",<small><small>categoria:&ensp;estado</small></small><br>,<small><small>definição:</small>&ensp;[pass time in a specific way]</small><br>,"<small><small>lexemas:</small></small>&ensp;passar, vistoriar<br>","<small><small>valências:&ensp;[ACT,PAT] ou [ACT,MANN] ou [ACT,PAT,DIR1,DIR3] ou [ACT,DIR1,DIR3]</small></small><br>"
ago,lilaLemma:88140,"<small><small>synset_id:&ensp;<a href=""https://www.openwordnet-pt.org/synset?id=02614181-v"" target=""_blank"">02614181-v</a></small></small><br>",<small><small>categoria:&ensp;estado</small></small><br>,"<small><small>definição:</small>&ensp;[have life, be alive]</small><br>","<small><small>lexemas:</small></small>&ensp;estar vivo, viver, existir, morar, ser<br>","<small><small>valências:&ensp;[ACT,PAT] ou [ACT]</small></small><br>"
animus,lilaLemma:89094,"<small><small>synset_id:&ensp;<a href=""https://www.openwordnet-pt.org/synset?id=14412882-n"" target=""_blank"">14412882-n</a></small></small><br>",<small><small>categoria:&ensp;estado</small></small><br>,<small><small>definição:</small>&ensp;o estado de estar contente com a sua situação na vida</small><br>,"<small><small>lexemas:</small></small>&ensp;contentamento, satisfação<br>",
uita,lilaLemma:130393,"<small><small>synset_id:&ensp;<a href=""https://www.openwordnet-pt.org/synset?id=13961642-n"" target=""_blank"">13961642-n</a></small></small><br>",<small><small>categoria:&ensp;estado</small></small><br>,<small><small>definição:</small>&ensp;a condição de vida ou o estado de estar vivo</small><br>,"<small><small>lexemas:</small></small>&ensp;animação, vida<br>",
uita,lilaLemma:130393,"<small><small>synset_id:&ensp;<a href=""https://www.openwordnet-pt.org/synset?id=13963192-n"" target=""_blank"">13963192-n</a></small></small><br>",<small><small>categoria:&ensp;estado</small></small><br>,<small><small>definição:</small>&ensp;um estado característico ou modo de viver</small><br>,<small><small>lexemas:</small></small>&ensp;vida<br>,
uita,lilaLemma:130393,"<small><small>synset_id:&ensp;<a href=""https://www.openwordnet-pt.org/synset?id=13961399-n"" target=""_blank"">13961399-n</a></small></small><br>",<small><small>categoria:&ensp;estado</small></small><br>,<small><small>definição:</small>&ensp;o curso da existência de um indivíduo; as ações e eventos que ocorrem na vida</small><br>,"<small><small>lexemas:</small></small>&ensp;existência, vida<br>",
uita,lilaLemma:130393,"<small><small>synset_id:&ensp;<a href=""https://www.openwordnet-pt.org/synset?id=13954253-n"" target=""_blank"">13954253-n</a></small></small><br>",<small><small>categoria:&ensp;estado</small></small><br>,<small><small>definição:</small>&ensp;o estado ou o fato de existir</small><br>,"<small><small>lexemas:</small></small>&ensp;Existência, existência, forma de vida, ser<br>",<small><small>valências:&ensp;[ACT]</small></small><br>
uita,lilaLemma:130393,"<small><small>synset_id:&ensp;<a href=""https://www.openwordnet-pt.org/synset?id=13962360-n"" target=""_blank"">13962360-n</a></small></small><br>",<small><small>categoria:&ensp;estado</small></small><br>,<small><small>definição:</small>&ensp;um meio de sobrevivência</small><br>,<small><small>lexemas:</small></small>&ensp;subsistência<br>,
bonum,lilaLemma:91351,"<small><small>synset_id:&ensp;<a href=""https://www.openwordnet-pt.org/synset?id=14474264-n"" target=""_blank"">14474264-n</a></small></small><br>",<small><small>categoria:&ensp;estado</small></small><br>,<small><small>definição:</small>&ensp;um estado desejável</small><br>,"<small><small>lexemas:</small></small>&ensp;benção, bênção<br>",
capio,lilaLemma:92686,"<small><small>synset_id:&ensp;<a href=""https://www.openwordnet-pt.org/synset?id=02701210-v"" target=""_blank"">02701210-v</a></small></small><br>",<small><small>categoria:&ensp;estado</small></small><br>,<small><small>definição:</small>&ensp;ser capaz de manter ou conter</small><br>,"<small><small>lexemas:</small></small>&ensp;caber, conter<br>","<small><small>valências:&ensp;[ACT,PAT]</small></small><br>"
capio,lilaLemma:92686,"<small><small>synset_id:&ensp;<a href=""https://www.openwordnet-pt.org/synset?id=02629535-v"" target=""_blank"">02629535-v</a></small></small><br>",<small><small>categoria:&ensp;estado</small></small><br>,<small><small>definição:</small>&ensp;[include or contain; have as a component]</small><br>,"<small><small>lexemas:</small></small>&ensp;abranger, conter, incluir, incorporar, integrar<br>","<small><small>valências:&ensp;[ACT,PAT] ou [ACT,PAT,LOC]</small></small><br>"
capio,lilaLemma:92686,"<small><small>synset_id:&ensp;<a href=""https://www.openwordnet-pt.org/synset?id=02679012-v"" target=""_blank"">02679012-v</a></small></small><br>",<small><small>categoria:&ensp;estado</small></small><br>,<small><small>definição:</small>&ensp;provar-se capaz ou encaixar-se; atender requisitos</small><br>,"<small><small>lexemas:</small></small>&ensp;qualificar, qualificar-se<br>","<small><small>valências:&ensp;[ACT,PAT] ou [ACT,ADDR] ou [ACT]</small></small><br>"
capio,lilaLemma:92686,"<small><small>synset_id:&ensp;<a href=""https://www.openwordnet-pt.org/synset?id=02700867-v"" target=""_blank"">02700867-v</a></small></small><br>",<small><small>categoria:&ensp;estado</small></small><br>,<small><small>definição:</small>&ensp;conter ou deter; ter dentro</small><br>,"<small><small>lexemas:</small></small>&ensp;compreender, conter, incluir, ter, levar, portar, possuir, suportar, sustentar<br>","<small><small>valências:&ensp;[ACT,PAT]</small></small><br>"
capio,lilaLemma:92686,"<small><small>synset_id:&ensp;<a href=""https://www.openwordnet-pt.org/synset?id=02678839-v"" target=""_blank"">02678839-v</a></small></small><br>",<small><small>categoria:&ensp;estado</small></small><br>,<small><small>definição:</small>&ensp;[cause to be interested or curious]</small><br>,"<small><small>lexemas:</small></small>&ensp;atrair, intrigar, fascinar<br>","<small><small>valências:&ensp;[ACT,PAT]</small></small><br>"
causa,lilaLemma:93253,"<small><small>synset_id:&ensp;<a href=""https://www.openwordnet-pt.org/synset?id=13925752-n"" target=""_blank"">13925752-n</a></small></small><br>",<small><small>categoria:&ensp;estado</small></small><br>,<small><small>definição:</small>&ensp;uma condição ou posição em que você se encontra</small><br>,"<small><small>lexemas:</small></small>&ensp;posição, situação<br>","<small><small>valências:&ensp;[PAT] ou [ACT,PAT]</small></small><br>"
ciuitas,lilaLemma:94400,"<small><small>synset_id:&ensp;<a href=""https://www.openwordnet-pt.org/synset?id=13953467-n"" target=""_blank"">13953467-n</a></small></small><br>",<small><small>categoria:&ensp;estado</small></small><br>,<small><small>definição:</small>&ensp;o status de um cidadão com direitos e deveres</small><br>,<small><small>lexemas:</small></small>&ensp;cidadania<br>,
consilium,lilaLemma:96060,"<small><small>synset_id:&ensp;<a href=""https://www.openwordnet-pt.org/synset?id=14379829-n"" target=""_blank"">14379829-n</a></small></small><br>",<small><small>categoria:&ensp;estado</small></small><br>,<small><small>definição:</small>&ensp;o estado de ter bom senso e bom senso</small><br>,"<small><small>lexemas:</small></small>&ensp;razoabilidade, sensatez<br>",<small><small>valências:&ensp;[ACT]</small></small><br>
credo,lilaLemma:96881,"<small><small>synset_id:&ensp;<a href=""https://www.openwordnet-pt.org/synset?id=02664017-v"" target=""_blank"">02664017-v</a></small></small><br>",<small><small>categoria:&ensp;estado</small></small><br>,<small><small>definição:</small>&ensp;[put trust in with confidence]</small><br>,<small><small>lexemas:</small></small>&ensp;depender<br>,"<small><small>valências:&ensp;[ACT,PAT] ou [ACT,BEN]</small></small><br>"
debeo,lilaLemma:97963,"<small><small>synset_id:&ensp;<a href=""https://www.openwordnet-pt.org/synset?id=02731814-v"" target=""_blank"">02731814-v</a></small></small><br>",<small><small>categoria:&ensp;estado</small></small><br>,"<small><small>definição:</small>&ensp;estar endividado para, em um sentido abstrato ou intelectual</small><br>",<small><small>lexemas:</small></small>&ensp;dever<br>,"<small><small>valências:&ensp;[ACT,PAT,ADDR]</small></small><br>"
do,lilaLemma:99970,"<small><small>synset_id:&ensp;<a href=""https://www.openwordnet-pt.org/synset?id=02745486-v"" target=""_blank"">02745486-v</a></small></small><br>",<small><small>categoria:&ensp;estado</small></small><br>,<small><small>definição:</small>&ensp;admitir a possibilidade</small><br>,"<small><small>lexemas:</small></small>&ensp;admitir, permitir<br>","<small><small>valências:&ensp;[ACT,PAT,ADDR] ou [ACT,PAT]</small></small><br>"
eo,lilaLemma:101183,"<small><small>synset_id:&ensp;<a href=""https://www.openwordnet-pt.org/synset?id=02633881-v"" target=""_blank"">02633881-v</a></small></small><br>",<small><small>categoria:&ensp;estado</small></small><br>,<small><small>definição:</small>&ensp;ser encontrado como tal</small><br>,"<small><small>lexemas:</small></small>&ensp;provar, resultar, demonstrar, testar<br>","<small><small>valências:&ensp;[ACT,PAT]</small></small><br>"
eo,lilaLemma:101183,"<small><small>synset_id:&ensp;<a href=""https://www.openwordnet-pt.org/synset?id=02719399-v"" target=""_blank"">02719399-v</a></small></small><br>",<small><small>categoria:&ensp;estado</small></small><br>,<small><small>definição:</small>&ensp;tem uma tendência ou disposição para fazer ou ser algo; ser inclinado</small><br>,"<small><small>lexemas:</small></small>&ensp;estar inclinado a, inclinar se, tender<br>","<small><small>valências:&ensp;[ACT,PAT] ou [ACT,BEN] ou [ACT,EFF]</small></small><br>"
eo,lilaLemma:101183,"<small><small>synset_id:&ensp;<a href=""https://www.openwordnet-pt.org/synset?id=02685951-v"" target=""_blank"">02685951-v</a></small></small><br>",<small><small>categoria:&ensp;estado</small></small><br>,"<small><small>definição:</small>&ensp;[stretch out over a distance, space, time, or scope; run or extend between two points or beyond a certain point]</small><br>","<small><small>lexemas:</small></small>&ensp;estender, ir, levar, passar, vistoriar<br>","<small><small>valências:&ensp;[ACT,DIR1,DIR3,PAT] ou [ACT,LOC] ou [ACT] ou [ACT,PAT] ou [ACT,PAT,DIR3] ou [ACT,DIR3] ou [ACT,DIR1,DIR3] ou [ACT,PAT,DIR1,DIR3] ou [ACT,DIR3,PAT]</small></small><br>"
sum,lilaLemma:126689,"<small><small>synset_id:&ensp;<a href=""https://www.openwordnet-pt.org/synset?id=02649830-v"" target=""_blank"">02649830-v</a></small></small><br>",<small><small>categoria:&ensp;estado</small></small><br>,<small><small>definição:</small>&ensp;[inhabit or live in; be an inhabitant of]</small><br>,"<small><small>lexemas:</small></small>&ensp;habitar, morar, povoar, viver, assistir, compreender, estanciar, foguear, ocupar, poisar, pousar, residir<br>","<small><small>valências:&ensp;[ACT,PAT] ou [ACT,LOC]</small></small><br>"
sum,lilaLemma:126689,"<small><small>synset_id:&ensp;<a href=""https://www.openwordnet-pt.org/synset?id=02614181-v"" target=""_blank"">02614181-v</a></small></small><br>",<small><small>categoria:&ensp;estado</small></small><br>,"<small><small>definição:</small>&ensp;[have life, be alive]</small><br>","<small><small>lexemas:</small></small>&ensp;estar vivo, viver, existir, morar, ser<br>","<small><small>valências:&ensp;[ACT,PAT] ou [ACT]</small></small><br>"
sum,lilaLemma:126689,"<small><small>synset_id:&ensp;<a href=""https://www.openwordnet-pt.org/synset?id=02664769-v"" target=""_blank"">02664769-v</a></small></small><br>",<small><small>categoria:&ensp;estado</small></small><br>,<small><small>definição:</small>&ensp;[be identical or equivalent to]</small><br>,"<small><small>lexemas:</small></small>&ensp;equivaler, igualar, ser, significar<br>","<small><small>valências:&ensp;[ACT,ADDR] ou [ACT]</small></small><br>"
sum,lilaLemma:126689,"<small><small>synset_id:&ensp;<a href=""https://www.openwordnet-pt.org/synset?id=02603699-v"" target=""_blank"">02603699-v</a></small></small><br>",<small><small>categoria:&ensp;estado</small></small><br>,"<small><small>definição:</small>&ensp;[have an existence, be extant]</small><br>","<small><small>lexemas:</small></small>&ensp;existir, ser, haver, ter, verificar-se<br>","<small><small>valências:&ensp;[ACT] ou [ACT,LOC]</small></small><br>"
facio,lilaLemma:102758,"<small><small>synset_id:&ensp;<a href=""https://www.openwordnet-pt.org/synset?id=02621395-v"" target=""_blank"">02621395-v</a></small></small><br>",<small><small>categoria:&ensp;estado</small></small><br>,<small><small>definição:</small>&ensp;compor ou representar</small><br>,"<small><small>lexemas:</small></small>&ensp;compor, constituir, enquadrar, estabelecer, fazer, formar<br>","<small><small>valências:&ensp;[ACT] ou [ACT,PAT]</small></small><br>"
facio,lilaLemma:102758,"<small><small>synset_id:&ensp;<a href=""https://www.openwordnet-pt.org/synset?id=02721031-v"" target=""_blank"">02721031-v</a></small></small><br>",<small><small>categoria:&ensp;estado</small></small><br>,<small><small>definição:</small>&ensp;tornar-se sujeito a; trazer para si; tornar-se susceptível de</small><br>,<small><small>lexemas:</small></small>&ensp;incorrer<br>,"<small><small>valências:&ensp;[ACT,PAT]</small></small><br>"
facio,lilaLemma:102758,"<small><small>synset_id:&ensp;<a href=""https://www.openwordnet-pt.org/synset?id=02678663-v"" target=""_blank"">02678663-v</a></small></small><br>",<small><small>categoria:&ensp;estado</small></small><br>,<small><small>definição:</small>&ensp;[be of importance or consequence]</small><br>,<small><small>lexemas:</small></small>&ensp;interessar<br>,"<small><small>valências:&ensp;[ACT,PAT]</small></small><br>"
facio,lilaLemma:102758,"<small><small>synset_id:&ensp;<a href=""https://www.openwordnet-pt.org/synset?id=02708420-v"" target=""_blank"">02708420-v</a></small></small><br>",<small><small>categoria:&ensp;estado</small></small><br>,<small><small>definição:</small>&ensp;[pass time in a specific way]</small><br>,"<small><small>lexemas:</small></small>&ensp;passar, vistoriar<br>","<small><small>valências:&ensp;[ACT,PAT] ou [ACT,MANN] ou [ACT,PAT,DIR1,DIR3] ou [ACT,DIR1,DIR3]</small></small><br>"
facio,lilaLemma:102758,"<small><small>synset_id:&ensp;<a href=""https://www.openwordnet-pt.org/synset?id=02645007-v"" target=""_blank"">02645007-v</a></small></small><br>",<small><small>categoria:&ensp;estado</small></small><br>,<small><small>definição:</small>&ensp;somar em número ou quantidade ate chegar num total</small><br>,"<small><small>lexemas:</small></small>&ensp;adicionar, chegar, totalizar, somar<br>","<small><small>valências:&ensp;[ACT,ADDR,PAT] ou [ACT,PAT]</small></small><br>"
fero,lilaLemma:103126,"<small><small>synset_id:&ensp;<a href=""https://www.openwordnet-pt.org/synset?id=02706816-v"" target=""_blank"">02706816-v</a></small></small><br>",<small><small>categoria:&ensp;estado</small></small><br>,<small><small>definição:</small>&ensp;resistir ou confrontar com resistência</small><br>,"<small><small>lexemas:</small></small>&ensp;afrontar, aguentar, arrostar, desafiar, fazer frente a, relutar, resistir, suportar<br>","<small><small>valências:&ensp;[ACT,PAT] ou [ACT,ADDR]</small></small><br>"
fero,lilaLemma:103126,"<small><small>synset_id:&ensp;<a href=""https://www.openwordnet-pt.org/synset?id=02630871-v"" target=""_blank"">02630871-v</a></small></small><br>",<small><small>categoria:&ensp;estado</small></small><br>,<small><small>definição:</small>&ensp;[have]</small><br>,"<small><small>lexemas:</small></small>&ensp;portar, ter<br>","<small><small>valências:&ensp;[ACT,PAT]</small></small><br>"
fero,lilaLemma:103126,"<small><small>synset_id:&ensp;<a href=""https://www.openwordnet-pt.org/synset?id=02700867-v"" target=""_blank"">02700867-v</a></small></small><br>",<small><small>categoria:&ensp;estado</small></small><br>,<small><small>definição:</small>&ensp;conter ou deter; ter dentro</small><br>,"<small><small>lexemas:</small></small>&ensp;compreender, conter, incluir, ter, levar, portar, possuir, suportar, sustentar<br>","<small><small>valências:&ensp;[ACT,PAT]</small></small><br>"
fero,lilaLemma:103126,"<small><small>synset_id:&ensp;<a href=""https://www.openwordnet-pt.org/synset?id=02618149-v"" target=""_blank"">02618149-v</a></small></small><br>",<small><small>categoria:&ensp;estado</small></small><br>,<small><small>definição:</small>&ensp;[continue to live through hardship or adversity]</small><br>,"<small><small>lexemas:</small></small>&ensp;perseverar, resistir, sobreviver, durar, ir, perdurar, persistir<br>","<small><small>valências:&ensp;[ACT,PAT] ou [ACT]</small></small><br>"
fides,lilaLemma:103260,"<small><small>synset_id:&ensp;<a href=""https://www.openwordnet-pt.org/synset?id=14483744-n"" target=""_blank"">14483744-n</a></small></small><br>",<small><small>categoria:&ensp;estado</small></small><br>,<small><small>definição:</small>&ensp;um estado de esperança confiante de que os eventos serão favoráveis</small><br>,<small><small>lexemas:</small></small>&ensp;confiança<br>,"<small><small>valências:&ensp;[ACT] ou [ACT,PAT]</small></small><br>"
fio,lilaLemma:103328,"<small><small>synset_id:&ensp;<a href=""https://www.openwordnet-pt.org/synset?id=02624263-v"" target=""_blank"">02624263-v</a></small></small><br>",<small><small>categoria:&ensp;estado</small></small><br>,<small><small>definição:</small>&ensp;[come into existence; take on form or shape]</small><br>,"<small><small>lexemas:</small></small>&ensp;originar-se, provir, surgir<br>","<small><small>valências:&ensp;[ACT] ou [ACT,PAT] ou [ACT,DIR1] ou [ACT,ORIG] ou [ACT,DIR3] ou [ACMP] ou [ACT,EFF]</small></small><br>"
fio,lilaLemma:103328,"<small><small>synset_id:&ensp;<a href=""https://www.openwordnet-pt.org/synset?id=02626604-v"" target=""_blank"">02626604-v</a></small></small><br>",<small><small>categoria:&ensp;estado</small></small><br>,<small><small>definição:</small>&ensp;[undergo a change or development]</small><br>,"<small><small>lexemas:</small></small>&ensp;acontecer, tornar-se, transformar, transformar-se, virar, tornar<br>","<small><small>valências:&ensp;[ACT,EFF] ou [ACT,PAT,DIR1,DIR3] ou [ACT,PAT]</small></small><br>"
fortuna,lilaLemma:103696,"<small><small>synset_id:&ensp;<a href=""https://www.openwordnet-pt.org/synset?id=13920835-n"" target=""_blank"">13920835-n</a></small></small><br>",<small><small>categoria:&ensp;estado</small></small><br>,<small><small>definição:</small>&ensp;um estado em um determinado momento</small><br>,"<small><small>lexemas:</small></small>&ensp;Estado, condição, estado, situação, estatuto<br>",
fortuna,lilaLemma:103696,"<small><small>synset_id:&ensp;<a href=""https://www.openwordnet-pt.org/synset?id=14483917-n"" target=""_blank"">14483917-n</a></small></small><br>",<small><small>categoria:&ensp;estado</small></small><br>,"<small><small>definição:</small>&ensp;uma possibilidade de, devido a uma combinação favorável de circunstâncias</small><br>","<small><small>lexemas:</small></small>&ensp;chance, oportunidade, aberta, ensejo, fuga, ocasião, sazão<br>","<small><small>valências:&ensp;[ACT] ou [ACT,PAT] ou [ACT,ADDR]</small></small><br>"
fortuna,lilaLemma:103696,"<small><small>synset_id:&ensp;<a href=""https://www.openwordnet-pt.org/synset?id=14473222-n"" target=""_blank"">14473222-n</a></small></small><br>",<small><small>categoria:&ensp;estado</small></small><br>,<small><small>definição:</small>&ensp;suas circunstâncias ou situação na vida em geral (incluindo tudo o que acontece com você)</small><br>,"<small><small>lexemas:</small></small>&ensp;circunstâncias, destino, sina, sorte, acaso, adversidade, azar, bambúrrio, classe, destinação, direção, dita, espécie, estofa, estofo, estreia, estrela, existência, fado, fatalidade, fatalismo, fortuna, futuro, género, infortúnio, laia, presságio, providência, sestro, sortilégio, ventura, vida<br>",<small><small>valências:&ensp;[ACT] ou [MAT]</small></small><br>
fortuna,lilaLemma:103696,"<small><small>synset_id:&ensp;<a href=""https://www.openwordnet-pt.org/synset?id=14473655-n"" target=""_blank"">14473655-n</a></small></small><br>",<small><small>categoria:&ensp;estado</small></small><br>,<small><small>definição:</small>&ensp;um estado auspicioso resultante de resultados favoráveis</small><br>,"<small><small>lexemas:</small></small>&ensp;boa sorte, sorte<br>",<small><small>valências:&ensp;[ACT]</small></small><br>
gero,lilaLemma:104536,"<small><small>synset_id:&ensp;<a href=""https://www.openwordnet-pt.org/synset?id=02700867-v"" target=""_blank"">02700867-v</a></small></small><br>",<small><small>categoria:&ensp;estado</small></small><br>,<small><small>definição:</small>&ensp;conter ou deter; ter dentro</small><br>,"<small><small>lexemas:</small></small>&ensp;compreender, conter, incluir, ter, levar, portar, possuir, suportar, sustentar<br>","<small><small>valências:&ensp;[ACT,PAT]</small></small><br>"
gero,lilaLemma:104536,"<small><small>synset_id:&ensp;<a href=""https://www.openwordnet-pt.org/synset?id=02630871-v"" target=""_blank"">02630871-v</a></small></small><br>",<small><small>categoria:&ensp;estado</small></small><br>,<small><small>definição:</small>&ensp;[have]</small><br>,"<small><small>lexemas:</small></small>&ensp;portar, ter<br>","<small><small>valências:&ensp;[ACT,PAT]</small></small><br>"
gero,lilaLemma:104536,"<small><small>synset_id:&ensp;<a href=""https://www.openwordnet-pt.org/synset?id=02708420-v"" target=""_blank"">02708420-v</a></small></small><br>",<small><small>categoria:&ensp;estado</small></small><br>,<small><small>definição:</small>&ensp;[pass time in a specific way]</small><br>,"<small><small>lexemas:</small></small>&ensp;passar, vistoriar<br>","<small><small>valências:&ensp;[ACT,PAT] ou [ACT,MANN] ou [ACT,PAT,DIR1,DIR3] ou [ACT,DIR1,DIR3]</small></small><br>"
habeo,lilaLemma:105044,"<small><small>synset_id:&ensp;<a href=""https://www.openwordnet-pt.org/synset?id=02648639-v"" target=""_blank"">02648639-v</a></small></small><br>",<small><small>categoria:&ensp;estado</small></small><br>,<small><small>definição:</small>&ensp;[live (in a certain place)]</small><br>,"<small><small>lexemas:</small></small>&ensp;morar, ocupar, residir, viver<br>","<small><small>valências:&ensp;[ACT,PAT] ou [ACT,LOC] ou [ACT]</small></small><br>"
habeo,lilaLemma:105044,"<small><small>synset_id:&ensp;<a href=""https://www.openwordnet-pt.org/synset?id=02700867-v"" target=""_blank"">02700867-v</a></small></small><br>",<small><small>categoria:&ensp;estado</small></small><br>,<small><small>definição:</small>&ensp;conter ou deter; ter dentro</small><br>,"<small><small>lexemas:</small></small>&ensp;compreender, conter, incluir, ter, levar, portar, possuir, suportar, sustentar<br>","<small><small>valências:&ensp;[ACT,PAT]</small></small><br>"
habeo,lilaLemma:105044,"<small><small>synset_id:&ensp;<a href=""https://www.openwordnet-pt.org/synset?id=02630189-v"" target=""_blank"">02630189-v</a></small></small><br>",<small><small>categoria:&ensp;estado</small></small><br>,<small><small>definição:</small>&ensp;ter como uma característica</small><br>,"<small><small>lexemas:</small></small>&ensp;apresenta, dispõe, apresentar, fazer, ter<br>","<small><small>valências:&ensp;[ACT,PAT]</small></small><br>"
habeo,lilaLemma:105044,"<small><small>synset_id:&ensp;<a href=""https://www.openwordnet-pt.org/synset?id=02604760-v"" target=""_blank"">02604760-v</a></small></small><br>",<small><small>categoria:&ensp;estado</small></small><br>,"<small><small>definição:</small>&ensp;(cópula, usada com um adjetivo ou um substantivo predicativo)</small><br>","<small><small>lexemas:</small></small>&ensp;estar, ser<br>","<small><small>valências:&ensp;[ACT,MANN] ou [ACT,MANN,PAT] ou [ACT,LOC]</small></small><br>"
habeo,lilaLemma:105044,"<small><small>synset_id:&ensp;<a href=""https://www.openwordnet-pt.org/synset?id=02647311-v"" target=""_blank"">02647311-v</a></small></small><br>",<small><small>categoria:&ensp;estado</small></small><br>,"<small><small>definição:</small>&ensp;[enter into and control, as of emotions or ideas]</small><br>",<small><small>lexemas:</small></small>&ensp;possuir<br>,"<small><small>valências:&ensp;[ACT,PAT]</small></small><br>"
habeo,lilaLemma:105044,"<small><small>synset_id:&ensp;<a href=""https://www.openwordnet-pt.org/synset?id=02636132-v"" target=""_blank"">02636132-v</a></small></small><br>",<small><small>categoria:&ensp;estado</small></small><br>,<small><small>definição:</small>&ensp;[have as a necessary feature]</small><br>,"<small><small>lexemas:</small></small>&ensp;implicar, involver<br>","<small><small>valências:&ensp;[ACT,PAT]</small></small><br>"
habeo,lilaLemma:105044,"<small><small>synset_id:&ensp;<a href=""https://www.openwordnet-pt.org/synset?id=02649830-v"" target=""_blank"">02649830-v</a></small></small><br>",<small><small>categoria:&ensp;estado</small></small><br>,<small><small>definição:</small>&ensp;[inhabit or live in; be an inhabitant of]</small><br>,"<small><small>lexemas:</small></small>&ensp;habitar, morar, povoar, viver, assistir, compreender, estanciar, foguear, ocupar, poisar, pousar, residir<br>","<small><small>valências:&ensp;[ACT,PAT] ou [ACT,LOC]</small></small><br>"
imperium,lilaLemma:106532,"<small><small>synset_id:&ensp;<a href=""https://www.openwordnet-pt.org/synset?id=14514805-n"" target=""_blank"">14514805-n</a></small></small><br>",<small><small>categoria:&ensp;estado</small></small><br>,<small><small>definição:</small>&ensp;um domínio em que algo é dominante</small><br>,<small><small>lexemas:</small></small>&ensp;domínio<br>,
imperium,lilaLemma:106532,"<small><small>synset_id:&ensp;<a href=""https://www.openwordnet-pt.org/synset?id=14443532-n"" target=""_blank"">14443532-n</a></small></small><br>",<small><small>categoria:&ensp;estado</small></small><br>,<small><small>definição:</small>&ensp;autoridade real; o domínio de um monarca</small><br>,"<small><small>lexemas:</small></small>&ensp;soberania, reino<br>","<small><small>valências:&ensp;[ACT,PAT]</small></small><br>"
imperium,lilaLemma:106532,"<small><small>synset_id:&ensp;<a href=""https://www.openwordnet-pt.org/synset?id=14442933-n"" target=""_blank"">14442933-n</a></small></small><br>",<small><small>categoria:&ensp;estado</small></small><br>,<small><small>definição:</small>&ensp;dominação ou poder por meio da autoridade legal</small><br>,<small><small>lexemas:</small></small>&ensp;domínio<br>,"<small><small>valências:&ensp;[ACT,PAT]</small></small><br>"
imperium,lilaLemma:106532,"<small><small>synset_id:&ensp;<a href=""https://www.openwordnet-pt.org/synset?id=13945102-n"" target=""_blank"">13945102-n</a></small></small><br>",<small><small>categoria:&ensp;estado</small></small><br>,<small><small>definição:</small>&ensp;ter um cargo significa estar no poder</small><br>,"<small><small>lexemas:</small></small>&ensp;cargo, ofício, poder<br>","<small><small>valências:&ensp;[ACT,PAT]</small></small><br>"
lex,lilaLemma:110351,"<small><small>synset_id:&ensp;<a href=""https://www.openwordnet-pt.org/synset?id=14442933-n"" target=""_blank"">14442933-n</a></small></small><br>",<small><small>categoria:&ensp;estado</small></small><br>,<small><small>definição:</small>&ensp;dominação ou poder por meio da autoridade legal</small><br>,<small><small>lexemas:</small></small>&ensp;domínio<br>,"<small><small>valências:&ensp;[ACT,PAT]</small></small><br>"
lex,lilaLemma:110351,"<small><small>synset_id:&ensp;<a href=""https://www.openwordnet-pt.org/synset?id=13920835-n"" target=""_blank"">13920835-n</a></small></small><br>",<small><small>categoria:&ensp;estado</small></small><br>,<small><small>definição:</small>&ensp;um estado em um determinado momento</small><br>,"<small><small>lexemas:</small></small>&ensp;Estado, condição, estado, situação, estatuto<br>",
locus,lilaLemma:110019,"<small><small>synset_id:&ensp;<a href=""https://www.openwordnet-pt.org/synset?id=14483917-n"" target=""_blank"">14483917-n</a></small></small><br>",<small><small>categoria:&ensp;estado</small></small><br>,"<small><small>definição:</small>&ensp;uma possibilidade de, devido a uma combinação favorável de circunstâncias</small><br>","<small><small>lexemas:</small></small>&ensp;chance, oportunidade, aberta, ensejo, fuga, ocasião, sazão<br>","<small><small>valências:&ensp;[ACT] ou [ACT,PAT] ou [ACT,ADDR]</small></small><br>"
locus,lilaLemma:110019,"<small><small>synset_id:&ensp;<a href=""https://www.openwordnet-pt.org/synset?id=13920429-n"" target=""_blank"">13920429-n</a></small></small><br>",<small><small>categoria:&ensp;estado</small></small><br>,<small><small>definição:</small>&ensp;um modo de ser ou forma de existência de uma pessoa ou coisa</small><br>,"<small><small>lexemas:</small></small>&ensp;estado, condição<br>","<small><small>valências:&ensp;[ACT] ou [ACT,EFF]</small></small><br>"
locus,lilaLemma:110019,"<small><small>synset_id:&ensp;<a href=""https://www.openwordnet-pt.org/synset?id=14473222-n"" target=""_blank"">14473222-n</a></small></small><br>",<small><small>categoria:&ensp;estado</small></small><br>,<small><small>definição:</small>&ensp;suas circunstâncias ou situação na vida em geral (incluindo tudo o que acontece com você)</small><br>,"<small><small>lexemas:</small></small>&ensp;circunstâncias, destino, sina, sorte, acaso, adversidade, azar, bambúrrio, classe, destinação, direção, dita, espécie, estofa, estofo, estreia, estrela, existência, fado, fatalidade, fatalismo, fortuna, futuro, género, infortúnio, laia, presságio, providência, sestro, sortilégio, ventura, vida<br>",<small><small>valências:&ensp;[ACT] ou [MAT]</small></small><br>
locus,lilaLemma:110019,"<small><small>synset_id:&ensp;<a href=""https://www.openwordnet-pt.org/synset?id=13939892-n"" target=""_blank"">13939892-n</a></small></small><br>",<small><small>categoria:&ensp;estado</small></small><br>,<small><small>definição:</small>&ensp;uma posição específica identificável num contínuo ou em série ou em um processo especialmente</small><br>,"<small><small>lexemas:</small></small>&ensp;fase, grau, nível, ápice, etapa, ponto<br>",
locus,lilaLemma:110019,"<small><small>synset_id:&ensp;<a href=""https://www.openwordnet-pt.org/synset?id=13947415-n"" target=""_blank"">13947415-n</a></small></small><br>",<small><small>categoria:&ensp;estado</small></small><br>,<small><small>definição:</small>&ensp;posição na hierarquia social</small><br>,"<small><small>lexemas:</small></small>&ensp;condições sociais, lugar, posto, status social<br>","<small><small>valências:&ensp;[ACT,PAT] ou [ACT]</small></small><br>"
locus,lilaLemma:110019,"<small><small>synset_id:&ensp;<a href=""https://www.openwordnet-pt.org/synset?id=13945919-n"" target=""_blank"">13945919-n</a></small></small><br>",<small><small>categoria:&ensp;estado</small></small><br>,<small><small>definição:</small>&ensp;a posição relativa ou pé de coisas ou pessoas especialmente em uma sociedade</small><br>,"<small><small>lexemas:</small></small>&ensp;classe, condição, estado, posição, status, estatuto, lugar<br>","<small><small>valências:&ensp;[ACT,PAT] ou [ACT]</small></small><br>"
locus,lilaLemma:110019,"<small><small>synset_id:&ensp;<a href=""https://www.openwordnet-pt.org/synset?id=13953936-n"" target=""_blank"">13953936-n</a></small></small><br>",<small><small>categoria:&ensp;estado</small></small><br>,<small><small>definição:</small>&ensp;estatuto relativamente às relações entre pessoas ou grupos</small><br>,<small><small>lexemas:</small></small>&ensp;termos<br>,"<small><small>valências:&ensp;[ACT,PAT]</small></small><br>"
locus,lilaLemma:110019,"<small><small>synset_id:&ensp;<a href=""https://www.openwordnet-pt.org/synset?id=13925752-n"" target=""_blank"">13925752-n</a></small></small><br>",<small><small>categoria:&ensp;estado</small></small><br>,<small><small>definição:</small>&ensp;uma condição ou posição em que você se encontra</small><br>,"<small><small>lexemas:</small></small>&ensp;posição, situação<br>","<small><small>valências:&ensp;[PAT] ou [ACT,PAT]</small></small><br>"
locus,lilaLemma:110019,"<small><small>synset_id:&ensp;<a href=""https://www.openwordnet-pt.org/synset?id=14429985-n"" target=""_blank"">14429985-n</a></small></small><br>",<small><small>categoria:&ensp;estado</small></small><br>,<small><small>definição:</small>&ensp;status relativo</small><br>,"<small><small>lexemas:</small></small>&ensp;classe, hierarquia, posição, posto, categoria, escala, estatuto, gabarito, nível, série<br>","<small><small>valências:&ensp;[ACT,PAT] ou [ACT]</small></small><br>"
mitto,lilaLemma:112499,"<small><small>synset_id:&ensp;<a href=""https://www.openwordnet-pt.org/synset?id=02680814-v"" target=""_blank"">02680814-v</a></small></small><br>",<small><small>categoria:&ensp;estado</small></small><br>,<small><small>definição:</small>&ensp;pôr fim a um estado ou uma atividade</small><br>,"<small><small>lexemas:</small></small>&ensp;acabar, cessar, deixar, descontinuar, desistir, finalizar, parar, terminar, interromper, suspender, sustar<br>","<small><small>valências:&ensp;[ACT,DIR1] ou [ACT,PAT] ou [ACT,ORIG] ou [ACT]</small></small><br>"
modus,lilaLemma:112553,"<small><small>synset_id:&ensp;<a href=""https://www.openwordnet-pt.org/synset?id=13941125-n"" target=""_blank"">13941125-n</a></small></small><br>",<small><small>categoria:&ensp;estado</small></small><br>,<small><small>definição:</small>&ensp;o ponto ou o grau para o qual se estende algo</small><br>,"<small><small>lexemas:</small></small>&ensp;alcance, medida<br>","<small><small>valências:&ensp;[ACT,PAT] ou [ACT]</small></small><br>"
mors,lilaLemma:112807,"<small><small>synset_id:&ensp;<a href=""https://www.openwordnet-pt.org/synset?id=14562960-n"" target=""_blank"">14562960-n</a></small></small><br>",<small><small>categoria:&ensp;estado</small></small><br>,<small><small>definição:</small>&ensp;um estado final</small><br>,"<small><small>lexemas:</small></small>&ensp;destruição, morte, final<br>","<small><small>valências:&ensp;[ACT] ou [ACT,PAT]</small></small><br>"
mors,lilaLemma:112807,"<small><small>synset_id:&ensp;<a href=""https://www.openwordnet-pt.org/synset?id=13962498-n"" target=""_blank"">13962498-n</a></small></small><br>",<small><small>categoria:&ensp;estado</small></small><br>,<small><small>definição:</small>&ensp;a ausência de vida ou estado de ser morto</small><br>,<small><small>lexemas:</small></small>&ensp;morte<br>,<small><small>valências:&ensp;[ACT]</small></small><br>
natura,lilaLemma:113421,"<small><small>synset_id:&ensp;<a href=""https://www.openwordnet-pt.org/synset?id=13920835-n"" target=""_blank"">13920835-n</a></small></small><br>",<small><small>categoria:&ensp;estado</small></small><br>,<small><small>definição:</small>&ensp;um estado em um determinado momento</small><br>,"<small><small>lexemas:</small></small>&ensp;Estado, condição, estado, situação, estatuto<br>",
natura,lilaLemma:113421,"<small><small>synset_id:&ensp;<a href=""https://www.openwordnet-pt.org/synset?id=13945919-n"" target=""_blank"">13945919-n</a></small></small><br>",<small><small>categoria:&ensp;estado</small></small><br>,<small><small>definição:</small>&ensp;a posição relativa ou pé de coisas ou pessoas especialmente em uma sociedade</small><br>,"<small><small>lexemas:</small></small>&ensp;classe, condição, estado, posição, status, estatuto, lugar<br>","<small><small>valências:&ensp;[ACT,PAT] ou [ACT]</small></small><br>"
nomen,lilaLemma:113797,"<small><small>synset_id:&ensp;<a href=""https://www.openwordnet-pt.org/synset?id=14438788-n"" target=""_blank"">14438788-n</a></small></small><br>",<small><small>categoria:&ensp;estado</small></small><br>,<small><small>definição:</small>&ensp;A reputação de uma pessoa</small><br>,<small><small>lexemas:</small></small>&ensp;nome<br>,
nomen,lilaLemma:113797,"<small><small>synset_id:&ensp;<a href=""https://www.openwordnet-pt.org/synset?id=14437552-n"" target=""_blank"">14437552-n</a></small></small><br>",<small><small>categoria:&ensp;estado</small></small><br>,<small><small>definição:</small>&ensp;a condição de ser honrado (estimado ou respeitado ou bem visto)</small><br>,"<small><small>lexemas:</small></small>&ensp;estima, respeito, apreço, consideração, estimação<br>","<small><small>valências:&ensp;[ACT,PAT] ou [ACT]</small></small><br>"
pars,lilaLemma:116084,"<small><small>synset_id:&ensp;<a href=""https://www.openwordnet-pt.org/synset?id=14473222-n"" target=""_blank"">14473222-n</a></small></small><br>",<small><small>categoria:&ensp;estado</small></small><br>,<small><small>definição:</small>&ensp;suas circunstâncias ou situação na vida em geral (incluindo tudo o que acontece com você)</small><br>,"<small><small>lexemas:</small></small>&ensp;circunstâncias, destino, sina, sorte, acaso, adversidade, azar, bambúrrio, classe, destinação, direção, dita, espécie, estofa, estofo, estreia, estrela, existência, fado, fatalidade, fatalismo, fortuna, futuro, género, infortúnio, laia, presságio, providência, sestro, sortilégio, ventura, vida<br>",<small><small>valências:&ensp;[ACT] ou [MAT]</small></small><br>
pecunia,lilaLemma:116369,"<small><small>synset_id:&ensp;<a href=""https://www.openwordnet-pt.org/synset?id=14491271-n"" target=""_blank"">14491271-n</a></small></small><br>",<small><small>categoria:&ensp;estado</small></small><br>,<small><small>definição:</small>&ensp;o estado de ser rico e afluente; ter uma oferta abundante de bens materiais e dinheiro</small><br>,"<small><small>lexemas:</small></small>&ensp;abundancia, poder, riqueza, abastança, abundância, fartura<br>",<small><small>valências:&ensp;[ACT]</small></small><br>
periculum,lilaLemma:116930,"<small><small>synset_id:&ensp;<a href=""https://www.openwordnet-pt.org/synset?id=14530403-n"" target=""_blank"">14530403-n</a></small></small><br>",<small><small>categoria:&ensp;estado</small></small><br>,<small><small>definição:</small>&ensp;o estado de ser legalmente obrigado e responsável</small><br>,"<small><small>lexemas:</small></small>&ensp;responsabilidade, responsabilização<br>",
periculum,lilaLemma:116930,"<small><small>synset_id:&ensp;<a href=""https://www.openwordnet-pt.org/synset?id=14541852-n"" target=""_blank"">14541852-n</a></small></small><br>",<small><small>categoria:&ensp;estado</small></small><br>,<small><small>definição:</small>&ensp;uma fonte de perigo; a possibilidade de ocorrência de perda ou infortúnio</small><br>,"<small><small>lexemas:</small></small>&ensp;ameaça, perigo, risco, aperto, cachopo, contratempo, debuxo, defeito, desenho, desvantagem, esboço, estorvo, facada, inconveniente, incómodo, lance, mal, navalhada, novidade, prejuízo, problema, raio, revés, risca, transtorno, traça, traçado<br>",
peto,lilaLemma:117549,"<small><small>synset_id:&ensp;<a href=""https://www.openwordnet-pt.org/synset?id=02627934-v"" target=""_blank"">02627934-v</a></small></small><br>",<small><small>categoria:&ensp;estado</small></small><br>,"<small><small>definição:</small>&ensp;requerer como util, correto ou apropriado.</small><br>","<small><small>lexemas:</small></small>&ensp;demandar, exigir, precisar, requerer, requisitar, clamar, implicar, instar, intimar, levar, necessitar, obrigar, ordenar, pedir, pressupor, pretender, querer, reclamar, reivindicar, rogar, solicitar, urgir<br>","<small><small>valências:&ensp;[ACT,PAT] ou [ACT] ou [ACT,ADDR,PAT]</small></small><br>"
pono,lilaLemma:118414,"<small><small>synset_id:&ensp;<a href=""https://www.openwordnet-pt.org/synset?id=02722663-v"" target=""_blank"">02722663-v</a></small></small><br>",<small><small>categoria:&ensp;estado</small></small><br>,<small><small>definição:</small>&ensp;introduzir</small><br>,"<small><small>lexemas:</small></small>&ensp;apresentar, propor, formular<br>","<small><small>valências:&ensp;[ACT,PAT]</small></small><br>"
pono,lilaLemma:118414,"<small><small>synset_id:&ensp;<a href=""https://www.openwordnet-pt.org/synset?id=02694933-v"" target=""_blank"">02694933-v</a></small></small><br>",<small><small>categoria:&ensp;estado</small></small><br>,"<small><small>definição:</small>&ensp;[determine or indicate the place, site, or limits of, as if by an instrument or by a survey]</small><br>","<small><small>lexemas:</small></small>&ensp;achar, localizar, situar<br>","<small><small>valências:&ensp;[ACT,PAT,LOC]</small></small><br>"
quaero,lilaLemma:121047,"<small><small>synset_id:&ensp;<a href=""https://www.openwordnet-pt.org/synset?id=02627934-v"" target=""_blank"">02627934-v</a></small></small><br>",<small><small>categoria:&ensp;estado</small></small><br>,"<small><small>definição:</small>&ensp;requerer como util, correto ou apropriado.</small><br>","<small><small>lexemas:</small></small>&ensp;demandar, exigir, precisar, requerer, requisitar, clamar, implicar, instar, intimar, levar, necessitar, obrigar, ordenar, pedir, pressupor, pretender, querer, reclamar, reivindicar, rogar, solicitar, urgir<br>","<small><small>valências:&ensp;[ACT,PAT] ou [ACT] ou [ACT,ADDR,PAT]</small></small><br>"
sequor,lilaLemma:124461,"<small><small>synset_id:&ensp;<a href=""https://www.openwordnet-pt.org/synset?id=02634265-v"" target=""_blank"">02634265-v</a></small></small><br>",<small><small>categoria:&ensp;estado</small></small><br>,"<small><small>definição:</small>&ensp;resultar ou terminar de uma maneira especifica, num estado especifico</small><br>","<small><small>lexemas:</small></small>&ensp;redundar, resultar, seguir, sobrevir, suceder<br>","<small><small>valências:&ensp;[ACT] ou [ACT,PAT]</small></small><br>"
sequor,lilaLemma:124461,"<small><small>synset_id:&ensp;<a href=""https://www.openwordnet-pt.org/synset?id=02612762-v"" target=""_blank"">02612762-v</a></small></small><br>",<small><small>categoria:&ensp;estado</small></small><br>,"<small><small>definição:</small>&ensp;estar presente em (reuniões, cultos, universidade), etc</small><br>","<small><small>lexemas:</small></small>&ensp;ir, ir ver, assistir, participar<br>","<small><small>valências:&ensp;[ACT,LOC] ou [ACT,PAT]</small></small><br>"
sequor,lilaLemma:124461,"<small><small>synset_id:&ensp;<a href=""https://www.openwordnet-pt.org/synset?id=02716767-v"" target=""_blank"">02716767-v</a></small></small><br>",<small><small>categoria:&ensp;estado</small></small><br>,<small><small>definição:</small>&ensp;ser um companheiro para alguém</small><br>,"<small><small>lexemas:</small></small>&ensp;acompanhar, fazer companhia<br>","<small><small>valências:&ensp;[ACT,PAT]</small></small><br>"
sequor,lilaLemma:124461,"<small><small>synset_id:&ensp;<a href=""https://www.openwordnet-pt.org/synset?id=02716165-v"" target=""_blank"">02716165-v</a></small></small><br>",<small><small>categoria:&ensp;estado</small></small><br>,<small><small>definição:</small>&ensp;estar presente ou ser associado com um evento ou uma entidade</small><br>,<small><small>lexemas:</small></small>&ensp;acompanhar<br>,"<small><small>valências:&ensp;[ACMP,ACT] ou [ACT,PAT]</small></small><br>"
sequor,lilaLemma:124461,"<small><small>synset_id:&ensp;<a href=""https://www.openwordnet-pt.org/synset?id=02720354-v"" target=""_blank"">02720354-v</a></small></small><br>",<small><small>categoria:&ensp;estado</small></small><br>,"<small><small>definição:</small>&ensp;Venha depois com o tempo, como resultado</small><br>",<small><small>lexemas:</small></small>&ensp;seguir<br>,"<small><small>valências:&ensp;[ACT,PAT] ou [ACT]</small></small><br>"
tempus,lilaLemma:127522,"<small><small>synset_id:&ensp;<a href=""https://www.openwordnet-pt.org/synset?id=14485064-n"" target=""_blank"">14485064-n</a></small></small><br>",<small><small>categoria:&ensp;estado</small></small><br>,<small><small>definição:</small>&ensp;uma oportunidade de fazer algo</small><br>,"<small><small>lexemas:</small></small>&ensp;chance, ocasião, vez, oportunidade<br>",
tempus,lilaLemma:127522,"<small><small>synset_id:&ensp;<a href=""https://www.openwordnet-pt.org/synset?id=14473222-n"" target=""_blank"">14473222-n</a></small></small><br>",<small><small>categoria:&ensp;estado</small></small><br>,<small><small>definição:</small>&ensp;suas circunstâncias ou situação na vida em geral (incluindo tudo o que acontece com você)</small><br>,"<small><small>lexemas:</small></small>&ensp;circunstâncias, destino, sina, sorte, acaso, adversidade, azar, bambúrrio, classe, destinação, direção, dita, espécie, estofa, estofo, estreia, estrela, existência, fado, fatalidade, fatalismo, fortuna, futuro, género, infortúnio, laia, presságio, providência, sestro, sortilégio, ventura, vida<br>",<small><small>valências:&ensp;[ACT] ou [MAT]</small></small><br>
tempus,lilaLemma:127522,"<small><small>synset_id:&ensp;<a href=""https://www.openwordnet-pt.org/synset?id=14483917-n"" target=""_blank"">14483917-n</a></small></small><br>",<small><small>categoria:&ensp;estado</small></small><br>,"<small><small>definição:</small>&ensp;uma possibilidade de, devido a uma combinação favorável de circunstâncias</small><br>","<small><small>lexemas:</small></small>&ensp;chance, oportunidade, aberta, ensejo, fuga, ocasião, sazão<br>","<small><small>valências:&ensp;[ACT] ou [ACT,PAT] ou [ACT,ADDR]</small></small><br>"
tempus,lilaLemma:127522,"<small><small>synset_id:&ensp;<a href=""https://www.openwordnet-pt.org/synset?id=13920835-n"" target=""_blank"">13920835-n</a></small></small><br>",<small><small>categoria:&ensp;estado</small></small><br>,<small><small>definição:</small>&ensp;um estado em um determinado momento</small><br>,"<small><small>lexemas:</small></small>&ensp;Estado, condição, estado, situação, estatuto<br>",
teneo,lilaLemma:127822,"<small><small>synset_id:&ensp;<a href=""https://www.openwordnet-pt.org/synset?id=02684924-v"" target=""_blank"">02684924-v</a></small></small><br>",<small><small>categoria:&ensp;estado</small></small><br>,"<small><small>definição:</small>&ensp;Continuar um determinado estado, condição, ou atividade</small><br>","<small><small>lexemas:</small></small>&ensp;continuar, permanecer, prosseguir, seguir, manter<br>","<small><small>valências:&ensp;[ACT,DIR2] ou [ACT,PAT] ou [ACT] ou [ACT,TFHL] ou [ACT,DIR3] ou [ACT,EFF]</small></small><br>"
teneo,lilaLemma:127822,"<small><small>synset_id:&ensp;<a href=""https://www.openwordnet-pt.org/synset?id=02649830-v"" target=""_blank"">02649830-v</a></small></small><br>",<small><small>categoria:&ensp;estado</small></small><br>,<small><small>definição:</small>&ensp;[inhabit or live in; be an inhabitant of]</small><br>,"<small><small>lexemas:</small></small>&ensp;habitar, morar, povoar, viver, assistir, compreender, estanciar, foguear, ocupar, poisar, pousar, residir<br>","<small><small>valências:&ensp;[ACT,PAT] ou [ACT,LOC]</small></small><br>"
teneo,lilaLemma:127822,"<small><small>synset_id:&ensp;<a href=""https://www.openwordnet-pt.org/synset?id=02681795-v"" target=""_blank"">02681795-v</a></small></small><br>",<small><small>categoria:&ensp;estado</small></small><br>,"<small><small>definição:</small>&ensp;manter em um determinado estado, posição ou atividade;</small><br>","<small><small>lexemas:</small></small>&ensp;conservar, manter, reter, deter, segurar<br>","<small><small>valências:&ensp;[ACT,PAT] ou [ACT,PAT,TOWH] ou [ACT,EFF,PAT]</small></small><br>"
teneo,lilaLemma:127822,"<small><small>synset_id:&ensp;<a href=""https://www.openwordnet-pt.org/synset?id=02700867-v"" target=""_blank"">02700867-v</a></small></small><br>",<small><small>categoria:&ensp;estado</small></small><br>,<small><small>definição:</small>&ensp;conter ou deter; ter dentro</small><br>,"<small><small>lexemas:</small></small>&ensp;compreender, conter, incluir, ter, levar, portar, possuir, suportar, sustentar<br>","<small><small>valências:&ensp;[ACT,PAT]</small></small><br>"
teneo,lilaLemma:127822,"<small><small>synset_id:&ensp;<a href=""https://www.openwordnet-pt.org/synset?id=02679899-v"" target=""_blank"">02679899-v</a></small></small><br>",<small><small>categoria:&ensp;estado</small></small><br>,<small><small>definição:</small>&ensp;fazer permanecer ou durar</small><br>,"<small><small>lexemas:</small></small>&ensp;continuar, manter, preservar, persistir, seguir<br>","<small><small>valências:&ensp;[ACT,PAT]</small></small><br>"
teneo,lilaLemma:127822,"<small><small>synset_id:&ensp;<a href=""https://www.openwordnet-pt.org/synset?id=02701628-v"" target=""_blank"">02701628-v</a></small></small><br>",<small><small>categoria:&ensp;estado</small></small><br>,<small><small>definição:</small>&ensp;[hold back within]</small><br>,"<small><small>lexemas:</small></small>&ensp;reter, conservar<br>","<small><small>valências:&ensp;[ACT,PAT]</small></small><br>"
teneo,lilaLemma:127822,"<small><small>synset_id:&ensp;<a href=""https://www.openwordnet-pt.org/synset?id=02647311-v"" target=""_blank"">02647311-v</a></small></small><br>",<small><small>categoria:&ensp;estado</small></small><br>,"<small><small>definição:</small>&ensp;[enter into and control, as of emotions or ideas]</small><br>",<small><small>lexemas:</small></small>&ensp;possuir<br>,"<small><small>valências:&ensp;[ACT,PAT]</small></small><br>"
teneo,lilaLemma:127822,"<small><small>synset_id:&ensp;<a href=""https://www.openwordnet-pt.org/synset?id=02733122-v"" target=""_blank"">02733122-v</a></small></small><br>",<small><small>categoria:&ensp;estado</small></small><br>,"<small><small>definição:</small>&ensp;Manter em segurança de injuria, dano, ou perigo</small><br>","<small><small>lexemas:</small></small>&ensp;defender, manter, preservar, protejer<br>","<small><small>valências:&ensp;[ACT,PAT] ou [ACT,PAT,ADDR] ou [ACT,EFF,PAT]</small></small><br>"
teneo,lilaLemma:127822,"<small><small>synset_id:&ensp;<a href=""https://www.openwordnet-pt.org/synset?id=02632167-v"" target=""_blank"">02632167-v</a></small></small><br>",<small><small>categoria:&ensp;estado</small></small><br>,"<small><small>definição:</small>&ensp;ter como um atributo, conhecimento ou habilidade</small><br>","<small><small>lexemas:</small></small>&ensp;possuir, ter<br>","<small><small>valências:&ensp;[ACT,PAT]</small></small><br>"
teneo,lilaLemma:127822,"<small><small>synset_id:&ensp;<a href=""https://www.openwordnet-pt.org/synset?id=02732798-v"" target=""_blank"">02732798-v</a></small></small><br>",<small><small>categoria:&ensp;estado</small></small><br>,<small><small>definição:</small>&ensp;ter espaço para; conter sem apinhamento</small><br>,"<small><small>lexemas:</small></small>&ensp;acomodar, conter<br>","<small><small>valências:&ensp;[ACT,PAT]</small></small><br>"
causa,lilaLemma:93253,"<small><small>synset_id:&ensp;<a href=""https://www.openwordnet-pt.org/synset?id=07323922-n"" target=""_blank"">07323922-n</a></small></small><br>",<small><small>categoria:&ensp;evento</small></small><br>,<small><small>definição:</small>&ensp;um evento que é um começo; uma primeira parte ou estágio de eventos subsequentes</small><br>,"<small><small>lexemas:</small></small>&ensp;começo, gênese, iniciação, origem<br>",<small><small>valências:&ensp;[PAT] ou [ACT]</small></small><br>
causa,lilaLemma:93253,"<small><small>synset_id:&ensp;<a href=""https://www.openwordnet-pt.org/synset?id=07326557-n"" target=""_blank"">07326557-n</a></small></small><br>",<small><small>categoria:&ensp;evento</small></small><br>,<small><small>definição:</small>&ensp;eventos que proporcionam a força geradora que é a origem de algo</small><br>,<small><small>lexemas:</small></small>&ensp;causa<br>,<small><small>valências:&ensp;[PAT]</small></small><br>
fortuna,lilaLemma:103696,"<small><small>synset_id:&ensp;<a href=""https://www.openwordnet-pt.org/synset?id=07330007-n"" target=""_blank"">07330007-n</a></small></small><br>",<small><small>categoria:&ensp;evento</small></small><br>,<small><small>definição:</small>&ensp;um evento (ou uma série de acontecimentos) que vai inevitavelmente acontecer no futuro</small><br>,"<small><small>lexemas:</small></small>&ensp;destino, fado, sorte<br>",
genus,lilaLemma:104504,"<small><small>synset_id:&ensp;<a href=""https://www.openwordnet-pt.org/synset?id=07323922-n"" target=""_blank"">07323922-n</a></small></small><br>",<small><small>categoria:&ensp;evento</small></small><br>,<small><small>definição:</small>&ensp;um evento que é um começo; uma primeira parte ou estágio de eventos subsequentes</small><br>,"<small><small>lexemas:</small></small>&ensp;começo, gênese, iniciação, origem<br>",<small><small>valências:&ensp;[PAT] ou [ACT]</small></small><br>
genus,lilaLemma:104504,"<small><small>synset_id:&ensp;<a href=""https://www.openwordnet-pt.org/synset?id=07320302-n"" target=""_blank"">07320302-n</a></small></small><br>",<small><small>categoria:&ensp;evento</small></small><br>,<small><small>definição:</small>&ensp;o evento de nascer</small><br>,<small><small>lexemas:</small></small>&ensp;nascimento<br>,<small><small>valências:&ensp;[PAT] ou [ACT]</small></small><br>
mors,lilaLemma:112807,"<small><small>synset_id:&ensp;<a href=""https://www.openwordnet-pt.org/synset?id=07355491-n"" target=""_blank"">07355491-n</a></small></small><br>",<small><small>categoria:&ensp;evento</small></small><br>,<small><small>definição:</small>&ensp;caso de morte ou partida de vida</small><br>,"<small><small>lexemas:</small></small>&ensp;falecimento, morte, desaparecimento, finamento, óbito<br>","<small><small>valências:&ensp;[ACT] ou [ACT,DIR1]</small></small><br>"
mors,lilaLemma:112807,"<small><small>synset_id:&ensp;<a href=""https://www.openwordnet-pt.org/synset?id=07330828-n"" target=""_blank"">07330828-n</a></small></small><br>",<small><small>categoria:&ensp;evento</small></small><br>,<small><small>definição:</small>&ensp;inutilização total</small><br>,"<small><small>lexemas:</small></small>&ensp;aniquilamento, aniquilação, desintegração<br>","<small><small>valências:&ensp;[ACT,PAT]</small></small><br>"
natura,lilaLemma:113421,"<small><small>synset_id:&ensp;<a href=""https://www.openwordnet-pt.org/synset?id=07320302-n"" target=""_blank"">07320302-n</a></small></small><br>",<small><small>categoria:&ensp;evento</small></small><br>,<small><small>definição:</small>&ensp;o evento de nascer</small><br>,<small><small>lexemas:</small></small>&ensp;nascimento<br>,<small><small>valências:&ensp;[PAT] ou [ACT]</small></small><br>
uox,lilaLemma:130806,"<small><small>synset_id:&ensp;<a href=""https://www.openwordnet-pt.org/synset?id=07371293-n"" target=""_blank"">07371293-n</a></small></small><br>",<small><small>categoria:&ensp;evento</small></small><br>,<small><small>definição:</small>&ensp;a ocorrência súbita de um evento audível</small><br>,"<small><small>lexemas:</small></small>&ensp;ruído, som<br>",
dies,lilaLemma:99334,"<small><small>synset_id:&ensp;<a href=""https://www.openwordnet-pt.org/synset?id=11524662-n"" target=""_blank"">11524662-n</a></small></small><br>",<small><small>categoria:&ensp;fenômeno</small></small><br>,<small><small>definição:</small>&ensp;as condições atmosféricas que compõem o estado da atmosfera em termos de temperatura e vento e nuvens e precipitação</small><br>,"<small><small>lexemas:</small></small>&ensp;clima, condições meteorológicas, fenômeno meteorológico, tempo<br>",
fortuna,lilaLemma:103696,"<small><small>synset_id:&ensp;<a href=""https://www.openwordnet-pt.org/synset?id=11418138-n"" target=""_blank"">11418138-n</a></small></small><br>",<small><small>categoria:&ensp;fenômeno</small></small><br>,<small><small>definição:</small>&ensp;um fenômeno desconhecido e imprevisível que faz com que um evento de resultar de uma maneira e não de outra</small><br>,"<small><small>lexemas:</small></small>&ensp;azar, ensejo, sorte, acaso, casualidade, coincidência, contingência, fortuna, inadvertidamente, irrefletidamente<br>",
fortuna,lilaLemma:103696,"<small><small>synset_id:&ensp;<a href=""https://www.openwordnet-pt.org/synset?id=11418460-n"" target=""_blank"">11418460-n</a></small></small><br>",<small><small>categoria:&ensp;fenômeno</small></small><br>,<small><small>definição:</small>&ensp;um fenómeno desconhecido e imprevisível que leva a um resultado favorável</small><br>,"<small><small>lexemas:</small></small>&ensp;fortuna, sorte<br>",<small><small>valências:&ensp;[ACT]</small></small><br>
mors,lilaLemma:112807,"<small><small>synset_id:&ensp;<a href=""https://www.openwordnet-pt.org/synset?id=11444117-n"" target=""_blank"">11444117-n</a></small></small><br>",<small><small>categoria:&ensp;fenômeno</small></small><br>,<small><small>definição:</small>&ensp;a extremidade permanente de todas as funções da vida de um organismo ou parte de um organismo</small><br>,<small><small>lexemas:</small></small>&ensp;morte<br>,"<small><small>valências:&ensp;[ACT] ou [ACT,PAT]</small></small><br>"
natura,lilaLemma:113421,"<small><small>synset_id:&ensp;<a href=""https://www.openwordnet-pt.org/synset?id=11408559-n"" target=""_blank"">11408559-n</a></small></small><br>",<small><small>categoria:&ensp;fenômeno</small></small><br>,<small><small>definição:</small>&ensp;todos os fenômenos que não são artificiais</small><br>,"<small><small>lexemas:</small></small>&ensp;Fenómeno natural, Fenômeno natural<br>",
modus,lilaLemma:112553,"<small><small>synset_id:&ensp;<a href=""https://www.openwordnet-pt.org/synset?id=13903079-n"" target=""_blank"">13903079-n</a></small></small><br>",<small><small>categoria:&ensp;forma</small></small><br>,<small><small>definição:</small>&ensp;uma linha de determinar os limites de uma área</small><br>,"<small><small>lexemas:</small></small>&ensp;borda, fronteira, limite, margem interior<br>","<small><small>valências:&ensp;[ACT,PAT]</small></small><br>"
castra,lilaLemma:138599,"<small><small>synset_id:&ensp;<a href=""https://www.openwordnet-pt.org/synset?id=08183290-n"" target=""_blank"">08183290-n</a></small></small><br>",<small><small>categoria:&ensp;grupo</small></small><br>,<small><small>definição:</small>&ensp;um grande número de pessoas unidas por algum propósito específico</small><br>,"<small><small>lexemas:</small></small>&ensp;exército, multidão<br>",<small><small>valências:&ensp;[ACT] ou [MAT]</small></small><br>
causa,lilaLemma:93253,"<small><small>synset_id:&ensp;<a href=""https://www.openwordnet-pt.org/synset?id=08101937-n"" target=""_blank"">08101937-n</a></small></small><br>",<small><small>categoria:&ensp;grupo</small></small><br>,<small><small>definição:</small>&ensp;os descendentes de um indivíduo</small><br>,"<small><small>lexemas:</small></small>&ensp;descendência, família, linhagem, sangue, aniagem, ascedência, ascendência, casta, cepa, estema, estirpe, filiação, genealogia, linha, origem, parentela, parentesco, procedência, prosápia, ramo, raça, serapilheira<br>",<small><small>valências:&ensp;[PAT]</small></small><br>
ciuitas,lilaLemma:94400,"<small><small>synset_id:&ensp;<a href=""https://www.openwordnet-pt.org/synset?id=08178547-n"" target=""_blank"">08178547-n</a></small></small><br>",<small><small>categoria:&ensp;grupo</small></small><br>,<small><small>definição:</small>&ensp;o grupo de pessoas que compreende o governo de um estado soberano</small><br>,"<small><small>lexemas:</small></small>&ensp;Estado, estado<br>",
ciuitas,lilaLemma:94400,"<small><small>synset_id:&ensp;<a href=""https://www.openwordnet-pt.org/synset?id=08226335-n"" target=""_blank"">08226335-n</a></small></small><br>",<small><small>categoria:&ensp;grupo</small></small><br>,<small><small>definição:</small>&ensp;pessoas que vivem em um grande município densamente povoado</small><br>,"<small><small>lexemas:</small></small>&ensp;cidade, metrópole, metrópoles<br>",
ciuitas,lilaLemma:94400,"<small><small>synset_id:&ensp;<a href=""https://www.openwordnet-pt.org/synset?id=08168978-n"" target=""_blank"">08168978-n</a></small></small><br>",<small><small>categoria:&ensp;grupo</small></small><br>,<small><small>definição:</small>&ensp;um órgão politicamente organizado de pessoas sob um único governo</small><br>,"<small><small>lexemas:</small></small>&ensp;nação, país, república, estado, terra<br>",<small><small>valências:&ensp;[MAT]</small></small><br>
consilium,lilaLemma:96060,"<small><small>synset_id:&ensp;<a href=""https://www.openwordnet-pt.org/synset?id=08414119-n"" target=""_blank"">08414119-n</a></small></small><br>",<small><small>categoria:&ensp;grupo</small></small><br>,<small><small>definição:</small>&ensp;um corpo de jurados cidadãos para dar um verdadeiro veredicto de acordo com as provas apresentadas em um tribunal de justiça</small><br>,"<small><small>lexemas:</small></small>&ensp;Júri, júri<br>",
consilium,lilaLemma:96060,"<small><small>synset_id:&ensp;<a href=""https://www.openwordnet-pt.org/synset?id=08309409-n"" target=""_blank"">08309409-n</a></small></small><br>",<small><small>categoria:&ensp;grupo</small></small><br>,<small><small>definição:</small>&ensp;uma reunião de pessoas para consulta</small><br>,"<small><small>lexemas:</small></small>&ensp;concílio, conselho<br>",
consilium,lilaLemma:96060,"<small><small>synset_id:&ensp;<a href=""https://www.openwordnet-pt.org/synset?id=08310949-n"" target=""_blank"">08310949-n</a></small></small><br>",<small><small>categoria:&ensp;grupo</small></small><br>,<small><small>definição:</small>&ensp;um corpo que serve em uma capacidade administrativa</small><br>,"<small><small>lexemas:</small></small>&ensp;concelho, conselho<br>",
consilium,lilaLemma:96060,"<small><small>synset_id:&ensp;<a href=""https://www.openwordnet-pt.org/synset?id=08161477-n"" target=""_blank"">08161477-n</a></small></small><br>",<small><small>categoria:&ensp;grupo</small></small><br>,<small><small>definição:</small>&ensp;montagem possuindo poderes legislativos altos</small><br>,"<small><small>lexemas:</small></small>&ensp;Senado, senado<br>",
domus,lilaLemma:100071,"<small><small>synset_id:&ensp;<a href=""https://www.openwordnet-pt.org/synset?id=08078020-n"" target=""_blank"">08078020-n</a></small></small><br>",<small><small>categoria:&ensp;grupo</small></small><br>,<small><small>definição:</small>&ensp;uma unidade social que vivem juntos</small><br>,"<small><small>lexemas:</small></small>&ensp;casa, família, lar<br>",
exercitus,lilaLemma:101960,"<small><small>synset_id:&ensp;<a href=""https://www.openwordnet-pt.org/synset?id=08191230-n"" target=""_blank"">08191230-n</a></small></small><br>",<small><small>categoria:&ensp;grupo</small></small><br>,<small><small>definição:</small>&ensp;uma organização permanente das forças militares terrestres de uma nação ou estado</small><br>,"<small><small>lexemas:</small></small>&ensp;Exército, exército, forças armadas<br>",<small><small>valências:&ensp;[MAT]</small></small><br>
exercitus,lilaLemma:101960,"<small><small>synset_id:&ensp;<a href=""https://www.openwordnet-pt.org/synset?id=08183290-n"" target=""_blank"">08183290-n</a></small></small><br>",<small><small>categoria:&ensp;grupo</small></small><br>,<small><small>definição:</small>&ensp;um grande número de pessoas unidas por algum propósito específico</small><br>,"<small><small>lexemas:</small></small>&ensp;exército, multidão<br>",<small><small>valências:&ensp;[ACT] ou [MAT]</small></small><br>
exercitus,lilaLemma:101960,"<small><small>synset_id:&ensp;<a href=""https://www.openwordnet-pt.org/synset?id=08182716-n"" target=""_blank"">08182716-n</a></small></small><br>",<small><small>categoria:&ensp;grupo</small></small><br>,<small><small>definição:</small>&ensp;um grande encontro de pessoas</small><br>,"<small><small>lexemas:</small></small>&ensp;massa, multidão, povo, turba<br>","<small><small>valências:&ensp;[MAT] ou [ACT,PAT] ou [ACT]</small></small><br>"
exercitus,lilaLemma:101960,"<small><small>synset_id:&ensp;<a href=""https://www.openwordnet-pt.org/synset?id=08184217-n"" target=""_blank"">08184217-n</a></small></small><br>",<small><small>categoria:&ensp;grupo</small></small><br>,<small><small>definição:</small>&ensp;uma multidão em movimento</small><br>,"<small><small>lexemas:</small></small>&ensp;horda, legião, leva, massa, multidão, turba, enxame<br>",<small><small>valências:&ensp;[MAT]</small></small><br>
exercitus,lilaLemma:101960,"<small><small>synset_id:&ensp;<a href=""https://www.openwordnet-pt.org/synset?id=08390157-n"" target=""_blank"">08390157-n</a></small></small><br>",<small><small>categoria:&ensp;grupo</small></small><br>,<small><small>definição:</small>&ensp;uma unidade do exército constituído de soldados que lutam a pé</small><br>,"<small><small>lexemas:</small></small>&ensp;infantaria, Infantaria<br>",<small><small>valências:&ensp;[MAT]</small></small><br>
exercitus,lilaLemma:101960,"<small><small>synset_id:&ensp;<a href=""https://www.openwordnet-pt.org/synset?id=08274565-n"" target=""_blank"">08274565-n</a></small></small><br>",<small><small>categoria:&ensp;grupo</small></small><br>,<small><small>definição:</small>&ensp;uma multidão ordeira</small><br>,<small><small>lexemas:</small></small>&ensp;tropa<br>,<small><small>valências:&ensp;[MAT]</small></small><br>
hostis,lilaLemma:105757,"<small><small>synset_id:&ensp;<a href=""https://www.openwordnet-pt.org/synset?id=07946851-n"" target=""_blank"">07946851-n</a></small></small><br>",<small><small>categoria:&ensp;grupo</small></small><br>,<small><small>definição:</small>&ensp;qualquer grupo hostil de pessoas</small><br>,<small><small>lexemas:</small></small>&ensp;inimigo<br>,
hostis,lilaLemma:105757,"<small><small>synset_id:&ensp;<a href=""https://www.openwordnet-pt.org/synset?id=08190482-n"" target=""_blank"">08190482-n</a></small></small><br>",<small><small>categoria:&ensp;grupo</small></small><br>,<small><small>definição:</small>&ensp;uma força militar de oposição</small><br>,<small><small>lexemas:</small></small>&ensp;inimigo<br>,
genus,lilaLemma:104504,"<small><small>synset_id:&ensp;<a href=""https://www.openwordnet-pt.org/synset?id=08368907-n"" target=""_blank"">08368907-n</a></small></small><br>",<small><small>categoria:&ensp;grupo</small></small><br>,<small><small>definição:</small>&ensp;grupo de organismos geneticamente relacionados que constituem um único passo na linha de descendência</small><br>,<small><small>lexemas:</small></small>&ensp;geração<br>,
genus,lilaLemma:104504,"<small><small>synset_id:&ensp;<a href=""https://www.openwordnet-pt.org/synset?id=07949463-n"" target=""_blank"">07949463-n</a></small></small><br>",<small><small>categoria:&ensp;grupo</small></small><br>,<small><small>definição:</small>&ensp;pessoas com origens e tradições comuns e muitas vezes compreendendo uma nação</small><br>,<small><small>lexemas:</small></small>&ensp;nacionalidade<br>,
genus,lilaLemma:104504,"<small><small>synset_id:&ensp;<a href=""https://www.openwordnet-pt.org/synset?id=07997703-n"" target=""_blank"">07997703-n</a></small></small><br>",<small><small>categoria:&ensp;grupo</small></small><br>,<small><small>definição:</small>&ensp;uma coleção de coisas partilha de um atributo comum</small><br>,"<small><small>lexemas:</small></small>&ensp;categoria, classe, família, grupo, cartel, número, rol<br>",<small><small>valências:&ensp;[MAT]</small></small><br>
genus,lilaLemma:104504,"<small><small>synset_id:&ensp;<a href=""https://www.openwordnet-pt.org/synset?id=08227916-n"" target=""_blank"">08227916-n</a></small></small><br>",<small><small>categoria:&ensp;grupo</small></small><br>,<small><small>definição:</small>&ensp;uma associação de pessoas que compartilham crenças ou atividades comuns</small><br>,<small><small>lexemas:</small></small>&ensp;compania<br>,<small><small>valências:&ensp;[ACT]</small></small><br>
genus,lilaLemma:104504,"<small><small>synset_id:&ensp;<a href=""https://www.openwordnet-pt.org/synset?id=08107499-n"" target=""_blank"">08107499-n</a></small></small><br>",<small><small>categoria:&ensp;grupo</small></small><br>,<small><small>definição:</small>&ensp;(Biologia) um grupo taxonómico contendo um ou mais géneros</small><br>,"<small><small>lexemas:</small></small>&ensp;classe, família<br>",
genus,lilaLemma:104504,"<small><small>synset_id:&ensp;<a href=""https://www.openwordnet-pt.org/synset?id=07950920-n"" target=""_blank"">07950920-n</a></small></small><br>",<small><small>categoria:&ensp;grupo</small></small><br>,<small><small>definição:</small>&ensp;pessoas que compartilham alguma relação social</small><br>,<small><small>lexemas:</small></small>&ensp;grupos sociais<br>,
genus,lilaLemma:104504,"<small><small>synset_id:&ensp;<a href=""https://www.openwordnet-pt.org/synset?id=07967982-n"" target=""_blank"">07967982-n</a></small></small><br>",<small><small>categoria:&ensp;grupo</small></small><br>,<small><small>definição:</small>&ensp;pessoas que se acredita pertencer ao mesmo estoque genético</small><br>,"<small><small>lexemas:</small></small>&ensp;linhagem, povo, raça, raças humanas<br>",
genus,lilaLemma:104504,"<small><small>synset_id:&ensp;<a href=""https://www.openwordnet-pt.org/synset?id=07974025-n"" target=""_blank"">07974025-n</a></small></small><br>",<small><small>categoria:&ensp;grupo</small></small><br>,"<small><small>definição:</small>&ensp;pessoas que têm a mesma ou status social, econômico, educacional</small><br>","<small><small>lexemas:</small></small>&ensp;classe, classe social, estrato<br>",<small><small>valências:&ensp;[MAT]</small></small><br>
genus,lilaLemma:104504,"<small><small>synset_id:&ensp;<a href=""https://www.openwordnet-pt.org/synset?id=08166552-n"" target=""_blank"">08166552-n</a></small></small><br>",<small><small>categoria:&ensp;grupo</small></small><br>,<small><small>definição:</small>&ensp;as pessoas que vivem em uma nação ou país</small><br>,"<small><small>lexemas:</small></small>&ensp;gente, nação, povo, país, terra<br>",<small><small>valências:&ensp;[MAT]</small></small><br>
genus,lilaLemma:104504,"<small><small>synset_id:&ensp;<a href=""https://www.openwordnet-pt.org/synset?id=08101937-n"" target=""_blank"">08101937-n</a></small></small><br>",<small><small>categoria:&ensp;grupo</small></small><br>,<small><small>definição:</small>&ensp;os descendentes de um indivíduo</small><br>,"<small><small>lexemas:</small></small>&ensp;descendência, família, linhagem, sangue, aniagem, ascedência, ascendência, casta, cepa, estema, estirpe, filiação, genealogia, linha, origem, parentela, parentesco, procedência, prosápia, ramo, raça, serapilheira<br>",<small><small>valências:&ensp;[PAT]</small></small><br>
genus,lilaLemma:104504,"<small><small>synset_id:&ensp;<a href=""https://www.openwordnet-pt.org/synset?id=07970721-n"" target=""_blank"">07970721-n</a></small></small><br>",<small><small>categoria:&ensp;grupo</small></small><br>,<small><small>definição:</small>&ensp;pessoas descendem de um ancestral comum</small><br>,<small><small>lexemas:</small></small>&ensp;família<br>,
genus,lilaLemma:104504,"<small><small>synset_id:&ensp;<a href=""https://www.openwordnet-pt.org/synset?id=07970406-n"" target=""_blank"">07970406-n</a></small></small><br>",<small><small>categoria:&ensp;grupo</small></small><br>,<small><small>definição:</small>&ensp;grupo social primário; pais e filhos</small><br>,<small><small>lexemas:</small></small>&ensp;família<br>,
genus,lilaLemma:104504,"<small><small>synset_id:&ensp;<a href=""https://www.openwordnet-pt.org/synset?id=08103777-n"" target=""_blank"">08103777-n</a></small></small><br>",<small><small>categoria:&ensp;grupo</small></small><br>,<small><small>definição:</small>&ensp;(Biologia) um grupo taxonômico contendo uma ou mais ordens</small><br>,"<small><small>lexemas:</small></small>&ensp;classe, espécies<br>",<small><small>valências:&ensp;[MAT]</small></small><br>
imperium,lilaLemma:106532,"<small><small>synset_id:&ensp;<a href=""https://www.openwordnet-pt.org/synset?id=08050678-n"" target=""_blank"">08050678-n</a></small></small><br>",<small><small>categoria:&ensp;grupo</small></small><br>,<small><small>definição:</small>&ensp;a organização que é a autoridade governante de uma unidade política</small><br>,"<small><small>lexemas:</small></small>&ensp;autoridades, governo, regime, administração, arranjo, autoridade, chefia, dieta, direção, governação, mandato, meneio, orientação, poder, poleiro, regimento, sistema<br>",
imperium,lilaLemma:106532,"<small><small>synset_id:&ensp;<a href=""https://www.openwordnet-pt.org/synset?id=08405723-n"" target=""_blank"">08405723-n</a></small></small><br>",<small><small>categoria:&ensp;grupo</small></small><br>,<small><small>definição:</small>&ensp;uma monarquia com um imperador como chefe de Estado</small><br>,<small><small>lexemas:</small></small>&ensp;império<br>,
iudicium,lilaLemma:109170,"<small><small>synset_id:&ensp;<a href=""https://www.openwordnet-pt.org/synset?id=08329453-n"" target=""_blank"">08329453-n</a></small></small><br>",<small><small>categoria:&ensp;grupo</small></small><br>,"<small><small>definição:</small>&ensp;um conjunto de um ou mais juízes, que conduzem situacoes judiciais</small><br>","<small><small>lexemas:</small></small>&ensp;corte, juizado, tribunal, tribunal de justiça<br>",
legio,lilaLemma:110166,"<small><small>synset_id:&ensp;<a href=""https://www.openwordnet-pt.org/synset?id=08183290-n"" target=""_blank"">08183290-n</a></small></small><br>",<small><small>categoria:&ensp;grupo</small></small><br>,<small><small>definição:</small>&ensp;um grande número de pessoas unidas por algum propósito específico</small><br>,"<small><small>lexemas:</small></small>&ensp;exército, multidão<br>",<small><small>valências:&ensp;[ACT] ou [MAT]</small></small><br>
legio,lilaLemma:110166,"<small><small>synset_id:&ensp;<a href=""https://www.openwordnet-pt.org/synset?id=08191230-n"" target=""_blank"">08191230-n</a></small></small><br>",<small><small>categoria:&ensp;grupo</small></small><br>,<small><small>definição:</small>&ensp;uma organização permanente das forças militares terrestres de uma nação ou estado</small><br>,"<small><small>lexemas:</small></small>&ensp;Exército, exército, forças armadas<br>",<small><small>valências:&ensp;[MAT]</small></small><br>
legio,lilaLemma:110166,"<small><small>synset_id:&ensp;<a href=""https://www.openwordnet-pt.org/synset?id=08397255-n"" target=""_blank"">08397255-n</a></small></small><br>",<small><small>categoria:&ensp;grupo</small></small><br>,<small><small>definição:</small>&ensp;soldados coletivamente</small><br>,"<small><small>lexemas:</small></small>&ensp;exército, forças armadas, milícia, tropas, tropa<br>",
legio,lilaLemma:110166,"<small><small>synset_id:&ensp;<a href=""https://www.openwordnet-pt.org/synset?id=08182962-n"" target=""_blank"">08182962-n</a></small></small><br>",<small><small>categoria:&ensp;grupo</small></small><br>,<small><small>definição:</small>&ensp;uma vasta multidão</small><br>,<small><small>lexemas:</small></small>&ensp;horda<br>,<small><small>valências:&ensp;[MAT]</small></small><br>
legio,lilaLemma:110166,"<small><small>synset_id:&ensp;<a href=""https://www.openwordnet-pt.org/synset?id=08183802-n"" target=""_blank"">08183802-n</a></small></small><br>",<small><small>categoria:&ensp;grupo</small></small><br>,<small><small>definição:</small>&ensp;termos arcaicos para o exército</small><br>,"<small><small>lexemas:</small></small>&ensp;exército, hoste, legião<br>",
lex,lilaLemma:110351,"<small><small>synset_id:&ensp;<a href=""https://www.openwordnet-pt.org/synset?id=08441203-n"" target=""_blank"">08441203-n</a></small></small><br>",<small><small>categoria:&ensp;grupo</small></small><br>,<small><small>definição:</small>&ensp;o conjunto de regras impostas pela autoridade</small><br>,"<small><small>lexemas:</small></small>&ensp;ciências jurídicas, jurisprudência, lei<br>",
locus,lilaLemma:110019,"<small><small>synset_id:&ensp;<a href=""https://www.openwordnet-pt.org/synset?id=08431942-n"" target=""_blank"">08431942-n</a></small></small><br>",<small><small>categoria:&ensp;grupo</small></small><br>,<small><small>definição:</small>&ensp;uma linha ou fila de pessoas (especialmente os soldados ou policiais) que está a par um do outro</small><br>,"<small><small>lexemas:</small></small>&ensp;bicha, fila<br>",
manus,lilaLemma:111585,"<small><small>synset_id:&ensp;<a href=""https://www.openwordnet-pt.org/synset?id=08212527-n"" target=""_blank"">08212527-n</a></small></small><br>",<small><small>categoria:&ensp;grupo</small></small><br>,<small><small>definição:</small>&ensp;uma unidade do exército que consiste geralmente em dois ou mais divisões e o seu apoio</small><br>,<small><small>lexemas:</small></small>&ensp;corpo<br>,
manus,lilaLemma:111585,"<small><small>synset_id:&ensp;<a href=""https://www.openwordnet-pt.org/synset?id=08212347-n"" target=""_blank"">08212347-n</a></small></small><br>",<small><small>categoria:&ensp;grupo</small></small><br>,<small><small>definição:</small>&ensp;a força de trabalhadores disponíveis</small><br>,"<small><small>lexemas:</small></small>&ensp;força de trabalho, homens, mão-de-obra<br>",
miles,lilaLemma:112318,"<small><small>synset_id:&ensp;<a href=""https://www.openwordnet-pt.org/synset?id=08397255-n"" target=""_blank"">08397255-n</a></small></small><br>",<small><small>categoria:&ensp;grupo</small></small><br>,<small><small>definição:</small>&ensp;soldados coletivamente</small><br>,"<small><small>lexemas:</small></small>&ensp;exército, forças armadas, milícia, tropas, tropa<br>",
miles,lilaLemma:112318,"<small><small>synset_id:&ensp;<a href=""https://www.openwordnet-pt.org/synset?id=08183290-n"" target=""_blank"">08183290-n</a></small></small><br>",<small><small>categoria:&ensp;grupo</small></small><br>,<small><small>definição:</small>&ensp;um grande número de pessoas unidas por algum propósito específico</small><br>,"<small><small>lexemas:</small></small>&ensp;exército, multidão<br>",<small><small>valências:&ensp;[ACT] ou [MAT]</small></small><br>
miles,lilaLemma:112318,"<small><small>synset_id:&ensp;<a href=""https://www.openwordnet-pt.org/synset?id=08191230-n"" target=""_blank"">08191230-n</a></small></small><br>",<small><small>categoria:&ensp;grupo</small></small><br>,<small><small>definição:</small>&ensp;uma organização permanente das forças militares terrestres de uma nação ou estado</small><br>,"<small><small>lexemas:</small></small>&ensp;Exército, exército, forças armadas<br>",<small><small>valências:&ensp;[MAT]</small></small><br>
miles,lilaLemma:112318,"<small><small>synset_id:&ensp;<a href=""https://www.openwordnet-pt.org/synset?id=08390157-n"" target=""_blank"">08390157-n</a></small></small><br>",<small><small>categoria:&ensp;grupo</small></small><br>,<small><small>definição:</small>&ensp;uma unidade do exército constituído de soldados que lutam a pé</small><br>,"<small><small>lexemas:</small></small>&ensp;infantaria, Infantaria<br>",<small><small>valências:&ensp;[MAT]</small></small><br>
natura,lilaLemma:113421,"<small><small>synset_id:&ensp;<a href=""https://www.openwordnet-pt.org/synset?id=07997703-n"" target=""_blank"">07997703-n</a></small></small><br>",<small><small>categoria:&ensp;grupo</small></small><br>,<small><small>definição:</small>&ensp;uma coleção de coisas partilha de um atributo comum</small><br>,"<small><small>lexemas:</small></small>&ensp;categoria, classe, família, grupo, cartel, número, rol<br>",<small><small>valências:&ensp;[MAT]</small></small><br>
nomen,lilaLemma:113797,"<small><small>synset_id:&ensp;<a href=""https://www.openwordnet-pt.org/synset?id=07970721-n"" target=""_blank"">07970721-n</a></small></small><br>",<small><small>categoria:&ensp;grupo</small></small><br>,<small><small>definição:</small>&ensp;pessoas descendem de um ancestral comum</small><br>,<small><small>lexemas:</small></small>&ensp;família<br>,
nomen,lilaLemma:113797,"<small><small>synset_id:&ensp;<a href=""https://www.openwordnet-pt.org/synset?id=08078020-n"" target=""_blank"">08078020-n</a></small></small><br>",<small><small>categoria:&ensp;grupo</small></small><br>,<small><small>definição:</small>&ensp;uma unidade social que vivem juntos</small><br>,"<small><small>lexemas:</small></small>&ensp;casa, família, lar<br>",
nomen,lilaLemma:113797,"<small><small>synset_id:&ensp;<a href=""https://www.openwordnet-pt.org/synset?id=07997703-n"" target=""_blank"">07997703-n</a></small></small><br>",<small><small>categoria:&ensp;grupo</small></small><br>,<small><small>definição:</small>&ensp;uma coleção de coisas partilha de um atributo comum</small><br>,"<small><small>lexemas:</small></small>&ensp;categoria, classe, família, grupo, cartel, número, rol<br>",<small><small>valências:&ensp;[MAT]</small></small><br>
nomen,lilaLemma:113797,"<small><small>synset_id:&ensp;<a href=""https://www.openwordnet-pt.org/synset?id=07972279-n"" target=""_blank"">07972279-n</a></small></small><br>",<small><small>categoria:&ensp;grupo</small></small><br>,<small><small>definição:</small>&ensp;família baseada na descendência masculina</small><br>,"<small><small>lexemas:</small></small>&ensp;Gens, gens<br>",
nomen,lilaLemma:113797,"<small><small>synset_id:&ensp;<a href=""https://www.openwordnet-pt.org/synset?id=08101937-n"" target=""_blank"">08101937-n</a></small></small><br>",<small><small>categoria:&ensp;grupo</small></small><br>,<small><small>definição:</small>&ensp;os descendentes de um indivíduo</small><br>,"<small><small>lexemas:</small></small>&ensp;descendência, família, linhagem, sangue, aniagem, ascedência, ascendência, casta, cepa, estema, estirpe, filiação, genealogia, linha, origem, parentela, parentesco, procedência, prosápia, ramo, raça, serapilheira<br>",<small><small>valências:&ensp;[PAT]</small></small><br>
nomen,lilaLemma:113797,"<small><small>synset_id:&ensp;<a href=""https://www.openwordnet-pt.org/synset?id=07970406-n"" target=""_blank"">07970406-n</a></small></small><br>",<small><small>categoria:&ensp;grupo</small></small><br>,<small><small>definição:</small>&ensp;grupo social primário; pais e filhos</small><br>,<small><small>lexemas:</small></small>&ensp;família<br>,
pars,lilaLemma:116084,"<small><small>synset_id:&ensp;<a href=""https://www.openwordnet-pt.org/synset?id=08256968-n"" target=""_blank"">08256968-n</a></small></small><br>",<small><small>categoria:&ensp;grupo</small></small><br>,<small><small>definição:</small>&ensp;uma organização para ganhar poder político</small><br>,"<small><small>lexemas:</small></small>&ensp;chapa, legenda, partido, partido político, parte<br>",<small><small>valências:&ensp;[MAT]</small></small><br>
pars,lilaLemma:116084,"<small><small>synset_id:&ensp;<a href=""https://www.openwordnet-pt.org/synset?id=08408709-n"" target=""_blank"">08408709-n</a></small></small><br>",<small><small>categoria:&ensp;grupo</small></small><br>,<small><small>definição:</small>&ensp;um de dois ou mais grupos de impugnação</small><br>,"<small><small>lexemas:</small></small>&ensp;ala, asa, facção<br>",<small><small>valências:&ensp;[MAT]</small></small><br>
pars,lilaLemma:116084,"<small><small>synset_id:&ensp;<a href=""https://www.openwordnet-pt.org/synset?id=08251877-n"" target=""_blank"">08251877-n</a></small></small><br>",<small><small>categoria:&ensp;grupo</small></small><br>,<small><small>definição:</small>&ensp;uma panelinha dissidente</small><br>,"<small><small>lexemas:</small></small>&ensp;facção, seita, fação, partido<br>",<small><small>valências:&ensp;[ACT] ou [MAT]</small></small><br>
pars,lilaLemma:116084,"<small><small>synset_id:&ensp;<a href=""https://www.openwordnet-pt.org/synset?id=08252602-n"" target=""_blank"">08252602-n</a></small></small><br>",<small><small>categoria:&ensp;grupo</small></small><br>,<small><small>definição:</small>&ensp;um grupo de pessoas se reuniram para o prazer</small><br>,<small><small>lexemas:</small></small>&ensp;festa<br>,<small><small>valências:&ensp;[MAT]</small></small><br>
populus,lilaLemma:118463,"<small><small>synset_id:&ensp;<a href=""https://www.openwordnet-pt.org/synset?id=07942152-n"" target=""_blank"">07942152-n</a></small></small><br>",<small><small>categoria:&ensp;grupo</small></small><br>,<small><small>definição:</small>&ensp;(Plural) qualquer grupo de seres humanos (homens ou mulheres ou crianças) coletivamente</small><br>,"<small><small>lexemas:</small></small>&ensp;gente, pessoal, população, povo<br>",<small><small>valências:&ensp;[MAT]</small></small><br>
populus,lilaLemma:118463,"<small><small>synset_id:&ensp;<a href=""https://www.openwordnet-pt.org/synset?id=08160276-n"" target=""_blank"">08160276-n</a></small></small><br>",<small><small>categoria:&ensp;grupo</small></small><br>,<small><small>definição:</small>&ensp;o corpo de cidadãos de um estado ou país</small><br>,"<small><small>lexemas:</small></small>&ensp;gente, população, povo, cidadania<br>",<small><small>valências:&ensp;[MAT]</small></small><br>
populus,lilaLemma:118463,"<small><small>synset_id:&ensp;<a href=""https://www.openwordnet-pt.org/synset?id=08179689-n"" target=""_blank"">08179689-n</a></small></small><br>",<small><small>categoria:&ensp;grupo</small></small><br>,<small><small>definição:</small>&ensp;as pessoas em geral considerados como um todo</small><br>,"<small><small>lexemas:</small></small>&ensp;gente, mundo, povo<br>",<small><small>valências:&ensp;[MAT]</small></small><br>
populus,lilaLemma:118463,"<small><small>synset_id:&ensp;<a href=""https://www.openwordnet-pt.org/synset?id=08182379-n"" target=""_blank"">08182379-n</a></small></small><br>",<small><small>categoria:&ensp;grupo</small></small><br>,<small><small>definição:</small>&ensp;um grande número de coisas ou pessoas consideradas em conjunto</small><br>,"<small><small>lexemas:</small></small>&ensp;montão, multidão, turba, massa<br>","<small><small>valências:&ensp;[ACT] ou [MAT] ou [ACT,PAT]</small></small><br>"
populus,lilaLemma:118463,"<small><small>synset_id:&ensp;<a href=""https://www.openwordnet-pt.org/synset?id=08182962-n"" target=""_blank"">08182962-n</a></small></small><br>",<small><small>categoria:&ensp;grupo</small></small><br>,<small><small>definição:</small>&ensp;uma vasta multidão</small><br>,<small><small>lexemas:</small></small>&ensp;horda<br>,<small><small>valências:&ensp;[MAT]</small></small><br>
populus,lilaLemma:118463,"<small><small>synset_id:&ensp;<a href=""https://www.openwordnet-pt.org/synset?id=08180190-n"" target=""_blank"">08180190-n</a></small></small><br>",<small><small>categoria:&ensp;grupo</small></small><br>,<small><small>definição:</small>&ensp;as pessoas comuns em geral</small><br>,"<small><small>lexemas:</small></small>&ensp;gente, massa, povo, multidão, plebe, povinho, vulgo<br>",<small><small>valências:&ensp;[MAT] ou [ACT]</small></small><br>
populus,lilaLemma:118463,"<small><small>synset_id:&ensp;<a href=""https://www.openwordnet-pt.org/synset?id=08223802-n"" target=""_blank"">08223802-n</a></small></small><br>",<small><small>categoria:&ensp;grupo</small></small><br>,<small><small>definição:</small>&ensp;um grupo de pessoas que vivem em uma área local especial</small><br>,<small><small>lexemas:</small></small>&ensp;comunidade<br>,<small><small>valências:&ensp;[MAT]</small></small><br>
populus,lilaLemma:118463,"<small><small>synset_id:&ensp;<a href=""https://www.openwordnet-pt.org/synset?id=08168978-n"" target=""_blank"">08168978-n</a></small></small><br>",<small><small>categoria:&ensp;grupo</small></small><br>,<small><small>definição:</small>&ensp;um órgão politicamente organizado de pessoas sob um único governo</small><br>,"<small><small>lexemas:</small></small>&ensp;nação, país, república, estado, terra<br>",<small><small>valências:&ensp;[MAT]</small></small><br>
populus,lilaLemma:118463,"<small><small>synset_id:&ensp;<a href=""https://www.openwordnet-pt.org/synset?id=08166552-n"" target=""_blank"">08166552-n</a></small></small><br>",<small><small>categoria:&ensp;grupo</small></small><br>,<small><small>definição:</small>&ensp;as pessoas que vivem em uma nação ou país</small><br>,"<small><small>lexemas:</small></small>&ensp;gente, nação, povo, país, terra<br>",<small><small>valências:&ensp;[MAT]</small></small><br>
populus,lilaLemma:118463,"<small><small>synset_id:&ensp;<a href=""https://www.openwordnet-pt.org/synset?id=08182716-n"" target=""_blank"">08182716-n</a></small></small><br>",<small><small>categoria:&ensp;grupo</small></small><br>,<small><small>definição:</small>&ensp;um grande encontro de pessoas</small><br>,"<small><small>lexemas:</small></small>&ensp;massa, multidão, povo, turba<br>","<small><small>valências:&ensp;[MAT] ou [ACT,PAT] ou [ACT]</small></small><br>"
senatus,lilaLemma:124309,"<small><small>synset_id:&ensp;<a href=""https://www.openwordnet-pt.org/synset?id=08161477-n"" target=""_blank"">08161477-n</a></small></small><br>",<small><small>categoria:&ensp;grupo</small></small><br>,<small><small>definição:</small>&ensp;montagem possuindo poderes legislativos altos</small><br>,"<small><small>lexemas:</small></small>&ensp;Senado, senado<br>",
senatus,lilaLemma:124309,"<small><small>synset_id:&ensp;<a href=""https://www.openwordnet-pt.org/synset?id=08309409-n"" target=""_blank"">08309409-n</a></small></small><br>",<small><small>categoria:&ensp;grupo</small></small><br>,<small><small>definição:</small>&ensp;uma reunião de pessoas para consulta</small><br>,"<small><small>lexemas:</small></small>&ensp;concílio, conselho<br>",
urbs,lilaLemma:130822,"<small><small>synset_id:&ensp;<a href=""https://www.openwordnet-pt.org/synset?id=08226335-n"" target=""_blank"">08226335-n</a></small></small><br>",<small><small>categoria:&ensp;grupo</small></small><br>,<small><small>definição:</small>&ensp;pessoas que vivem em um grande município densamente povoado</small><br>,"<small><small>lexemas:</small></small>&ensp;cidade, metrópole, metrópoles<br>",
ciuitas,lilaLemma:94400,"<small><small>synset_id:&ensp;<a href=""https://www.openwordnet-pt.org/synset?id=08544813-n"" target=""_blank"">08544813-n</a></small></small><br>",<small><small>categoria:&ensp;lugar</small></small><br>,<small><small>definição:</small>&ensp;o território ocupado por uma nação</small><br>,"<small><small>lexemas:</small></small>&ensp;nação, país, terra, campesino, campestre, estado, rural, rústico<br>",
ciuitas,lilaLemma:94400,"<small><small>synset_id:&ensp;<a href=""https://www.openwordnet-pt.org/synset?id=08524735-n"" target=""_blank"">08524735-n</a></small></small><br>",<small><small>categoria:&ensp;lugar</small></small><br>,<small><small>definição:</small>&ensp;uma grande e populosa área urbana; pode incluir vários distritos administrativos independentes</small><br>,"<small><small>lexemas:</small></small>&ensp;centro urbano, cidade, metrópole, urbe<br>",
ciuitas,lilaLemma:94400,"<small><small>synset_id:&ensp;<a href=""https://www.openwordnet-pt.org/synset?id=08665504-n"" target=""_blank"">08665504-n</a></small></small><br>",<small><small>categoria:&ensp;lugar</small></small><br>,<small><small>definição:</small>&ensp;uma área urbana com um limite fixo que é menor do que uma cidade</small><br>,"<small><small>lexemas:</small></small>&ensp;aldeia, arraial, burgo, distrito, povoado, vila, população, povo, povoação<br>",
domus,lilaLemma:100071,"<small><small>synset_id:&ensp;<a href=""https://www.openwordnet-pt.org/synset?id=08585158-n"" target=""_blank"">08585158-n</a></small></small><br>",<small><small>categoria:&ensp;lugar</small></small><br>,<small><small>definição:</small>&ensp;lugar onde algo começou e floresceu</small><br>,"<small><small>lexemas:</small></small>&ensp;casa, lar<br>",
domus,lilaLemma:100071,"<small><small>synset_id:&ensp;<a href=""https://www.openwordnet-pt.org/synset?id=08490199-n"" target=""_blank"">08490199-n</a></small></small><br>",<small><small>categoria:&ensp;lugar</small></small><br>,"<small><small>definição:</small>&ensp;o país, estado ou cidade onde você mora</small><br>","<small><small>lexemas:</small></small>&ensp;casa, lar, país<br>",
imperium,lilaLemma:106532,"<small><small>synset_id:&ensp;<a href=""https://www.openwordnet-pt.org/synset?id=08557482-n"" target=""_blank"">08557482-n</a></small></small><br>",<small><small>categoria:&ensp;lugar</small></small><br>,<small><small>definição:</small>&ensp;o domínio governado por um imperador ou imperatriz; a região sobre a qual o domínio imperial é exercido</small><br>,<small><small>lexemas:</small></small>&ensp;império<br>,
imperium,lilaLemma:106532,"<small><small>synset_id:&ensp;<a href=""https://www.openwordnet-pt.org/synset?id=08590369-n"" target=""_blank"">08590369-n</a></small></small><br>",<small><small>categoria:&ensp;lugar</small></small><br>,<small><small>definição:</small>&ensp;em lei; o território em que o poder pode ser exercido</small><br>,<small><small>lexemas:</small></small>&ensp;jurisdição<br>,
imperium,lilaLemma:106532,"<small><small>synset_id:&ensp;<a href=""https://www.openwordnet-pt.org/synset?id=08558155-n"" target=""_blank"">08558155-n</a></small></small><br>",<small><small>categoria:&ensp;lugar</small></small><br>,<small><small>definição:</small>&ensp;o domínio governado por um rei ou rainha</small><br>,<small><small>lexemas:</small></small>&ensp;reino<br>,"<small><small>valências:&ensp;[ACT,PAT]</small></small><br>"
locus,lilaLemma:110019,"<small><small>synset_id:&ensp;<a href=""https://www.openwordnet-pt.org/synset?id=08620061-n"" target=""_blank"">08620061-n</a></small></small><br>",<small><small>categoria:&ensp;lugar</small></small><br>,<small><small>definição:</small>&ensp;a localização precisa de alguma coisa; uma localização espacialmente limitada</small><br>,"<small><small>lexemas:</small></small>&ensp;lugar, ponto<br>",
locus,lilaLemma:110019,"<small><small>synset_id:&ensp;<a href=""https://www.openwordnet-pt.org/synset?id=08622586-n"" target=""_blank"">08622586-n</a></small></small><br>",<small><small>categoria:&ensp;lugar</small></small><br>,<small><small>definição:</small>&ensp;um ponto ocupado por tropas por razões táticas</small><br>,"<small><small>lexemas:</small></small>&ensp;posição, posição militar<br>",
locus,lilaLemma:110019,"<small><small>synset_id:&ensp;<a href=""https://www.openwordnet-pt.org/synset?id=08647616-n"" target=""_blank"">08647616-n</a></small></small><br>",<small><small>categoria:&ensp;lugar</small></small><br>,<small><small>definição:</small>&ensp;um espaço reservado para a sessão (como em um teatro ou em um trem ou avião)</small><br>,"<small><small>lexemas:</small></small>&ensp;assento, cadeira, lugar, banco, localidade, praça<br>",
locus,lilaLemma:110019,"<small><small>synset_id:&ensp;<a href=""https://www.openwordnet-pt.org/synset?id=08497294-n"" target=""_blank"">08497294-n</a></small></small><br>",<small><small>categoria:&ensp;lugar</small></small><br>,"<small><small>definição:</small>&ensp;uma determinada região geográfica de fronteira indefinida (geralmente servindo algum propósito especial ou distinguido pelo seu povo, cultura ou geografia)</small><br>","<small><small>lexemas:</small></small>&ensp;ambiente, região, território, área, país, zona<br>",
locus,lilaLemma:110019,"<small><small>synset_id:&ensp;<a href=""https://www.openwordnet-pt.org/synset?id=08651247-n"" target=""_blank"">08651247-n</a></small></small><br>",<small><small>categoria:&ensp;lugar</small></small><br>,<small><small>definição:</small>&ensp;o pedaço de terra em que algo está localizado (ou será colocado)</small><br>,"<small><small>lexemas:</small></small>&ensp;locação, lugar, sítio<br>",
locus,lilaLemma:110019,"<small><small>synset_id:&ensp;<a href=""https://www.openwordnet-pt.org/synset?id=08621598-n"" target=""_blank"">08621598-n</a></small></small><br>",<small><small>categoria:&ensp;lugar</small></small><br>,<small><small>definição:</small>&ensp;a porção particular do espaço ocupado por algo</small><br>,"<small><small>lexemas:</small></small>&ensp;local, lugar, posição, posto<br>","<small><small>valências:&ensp;[ACT,LOC]</small></small><br>"
locus,lilaLemma:110019,"<small><small>synset_id:&ensp;<a href=""https://www.openwordnet-pt.org/synset?id=08641113-n"" target=""_blank"">08641113-n</a></small></small><br>",<small><small>categoria:&ensp;lugar</small></small><br>,<small><small>definição:</small>&ensp;num ambiente ou nas proximidades da região</small><br>,"<small><small>lexemas:</small></small>&ensp;anexo, bairro, cercania, proximidade, vizinhança, vizinho, aba, arrabalde, arrabaldes, arredores, beira, cercanias, contacto, contiguidade, imediação, lugar, periferia, propinquidade, proximidades, redondeza<br>",<small><small>valências:&ensp;[ACT]</small></small><br>
locus,lilaLemma:110019,"<small><small>synset_id:&ensp;<a href=""https://www.openwordnet-pt.org/synset?id=08558963-n"" target=""_blank"">08558963-n</a></small></small><br>",<small><small>categoria:&ensp;lugar</small></small><br>,<small><small>definição:</small>&ensp;qualquer endereço em que você mora mais do que temporariamente</small><br>,"<small><small>lexemas:</small></small>&ensp;casa, domicílio, residência<br>",
modus,lilaLemma:112553,"<small><small>synset_id:&ensp;<a href=""https://www.openwordnet-pt.org/synset?id=08512259-n"" target=""_blank"">08512259-n</a></small></small><br>",<small><small>categoria:&ensp;lugar</small></small><br>,<small><small>definição:</small>&ensp;a linha ou avião indicando o limite ou a extensão de algo</small><br>,"<small><small>lexemas:</small></small>&ensp;fronteira, fronteiras, limite<br>",
modus,lilaLemma:112553,"<small><small>synset_id:&ensp;<a href=""https://www.openwordnet-pt.org/synset?id=08593130-n"" target=""_blank"">08593130-n</a></small></small><br>",<small><small>categoria:&ensp;lugar</small></small><br>,<small><small>definição:</small>&ensp;tao longe quanto alguma coisa pode ir</small><br>,<small><small>lexemas:</small></small>&ensp;limite<br>,
modus,lilaLemma:112553,"<small><small>synset_id:&ensp;<a href=""https://www.openwordnet-pt.org/synset?id=08592656-n"" target=""_blank"">08592656-n</a></small></small><br>",<small><small>categoria:&ensp;lugar</small></small><br>,<small><small>definição:</small>&ensp;a fronteira de uma área específica</small><br>,"<small><small>lexemas:</small></small>&ensp;fronteira, limite<br>",<small><small>valências:&ensp;[ACT]</small></small><br>
pars,lilaLemma:116084,"<small><small>synset_id:&ensp;<a href=""https://www.openwordnet-pt.org/synset?id=08630985-n"" target=""_blank"">08630985-n</a></small></small><br>",<small><small>categoria:&ensp;lugar</small></small><br>,<small><small>definição:</small>&ensp;um grande local indeterminado na superfície da terra</small><br>,<small><small>lexemas:</small></small>&ensp;região<br>,<small><small>valências:&ensp;[MAT]</small></small><br>
urbs,lilaLemma:130822,"<small><small>synset_id:&ensp;<a href=""https://www.openwordnet-pt.org/synset?id=08691669-n"" target=""_blank"">08691669-n</a></small></small><br>",<small><small>categoria:&ensp;lugar</small></small><br>,<small><small>definição:</small>&ensp;a capital de uma nação</small><br>,<small><small>lexemas:</small></small>&ensp;capital nacional<br>,
urbs,lilaLemma:130822,"<small><small>synset_id:&ensp;<a href=""https://www.openwordnet-pt.org/synset?id=08524735-n"" target=""_blank"">08524735-n</a></small></small><br>",<small><small>categoria:&ensp;lugar</small></small><br>,<small><small>definição:</small>&ensp;uma grande e populosa área urbana; pode incluir vários distritos administrativos independentes</small><br>,"<small><small>lexemas:</small></small>&ensp;centro urbano, cidade, metrópole, urbe<br>",
causa,lilaLemma:93253,"<small><small>synset_id:&ensp;<a href=""https://www.openwordnet-pt.org/synset?id=09179264-n"" target=""_blank"">09179264-n</a></small></small><br>",<small><small>categoria:&ensp;motivo</small></small><br>,<small><small>definição:</small>&ensp;Motivo:</small><br>,"<small><small>lexemas:</small></small>&ensp;razão, causa, motivo, ocasião<br>",<small><small>valências:&ensp;[PAT]</small></small><br>
causa,lilaLemma:93253,"<small><small>synset_id:&ensp;<a href=""https://www.openwordnet-pt.org/synset?id=09178999-n"" target=""_blank"">09178999-n</a></small></small><br>",<small><small>categoria:&ensp;motivo</small></small><br>,<small><small>definição:</small>&ensp;um motivo racional para uma crença ou acção</small><br>,"<small><small>lexemas:</small></small>&ensp;causa, motivo, razão<br>",<small><small>valências:&ensp;[PAT]</small></small><br>
mos,lilaLemma:112831,"<small><small>synset_id:&ensp;<a href=""https://www.openwordnet-pt.org/synset?id=09183693-n"" target=""_blank"">09183693-n</a></small></small><br>",<small><small>categoria:&ensp;motivo</small></small><br>,<small><small>definição:</small>&ensp;motivação baseada em idéias de certo e errado</small><br>,"<small><small>lexemas:</small></small>&ensp;morais, moral, moralidade, ética, costumes, deontologia<br>",<small><small>valências:&ensp;[ACT]</small></small><br>
ago,lilaLemma:88140,"<small><small>synset_id:&ensp;<a href=""https://www.openwordnet-pt.org/synset?id=01939553-v"" target=""_blank"">01939553-v</a></small></small><br>",<small><small>categoria:&ensp;movimento</small></small><br>,<small><small>definição:</small>&ensp;impulsionar para a frente</small><br>,"<small><small>lexemas:</small></small>&ensp;conduzir, dirigir, guiar<br>","<small><small>valências:&ensp;[ACT,DIR3,PAT] ou [ACT,EFF,PAT] ou [ACT,PAT,DIR3] ou [ACT,PAT]</small></small><br>"
ago,lilaLemma:88140,"<small><small>synset_id:&ensp;<a href=""https://www.openwordnet-pt.org/synset?id=01930874-v"" target=""_blank"">01930874-v</a></small></small><br>",<small><small>categoria:&ensp;movimento</small></small><br>,<small><small>definição:</small>&ensp;operar ou controlar um veículo</small><br>,"<small><small>lexemas:</small></small>&ensp;conduzir, dirigir, manejar<br>","<small><small>valências:&ensp;[ACT,PAT]</small></small><br>"
ago,lilaLemma:88140,"<small><small>synset_id:&ensp;<a href=""https://www.openwordnet-pt.org/synset?id=01999798-v"" target=""_blank"">01999798-v</a></small></small><br>",<small><small>categoria:&ensp;movimento</small></small><br>,<small><small>definição:</small>&ensp;levar alguém a algum lugar</small><br>,"<small><small>lexemas:</small></small>&ensp;carregar, conduzir, dirigir, guiar, levar, comandar, coordenar, encaminhar, governar, nortear, orientar<br>","<small><small>valências:&ensp;[ACT,PAT] ou [ACT,DIR3,PAT] ou [ACT,PAT,DIR3] ou [ACT,PAT,DIR1,DIR3] ou [ACT,DIR2,PAT]</small></small><br>"
ago,lilaLemma:88140,"<small><small>synset_id:&ensp;<a href=""https://www.openwordnet-pt.org/synset?id=02002720-v"" target=""_blank"">02002720-v</a></small></small><br>",<small><small>categoria:&ensp;movimento</small></small><br>,<small><small>definição:</small>&ensp;força para ir embora; ambos com significados concretos e metafóricas usado</small><br>,"<small><small>lexemas:</small></small>&ensp;afastar, afugentar, desvanecer, rechaçar, tocar<br>","<small><small>valências:&ensp;[ACT,DIR1,PAT] ou [ACT,ORIG,PAT] ou [ACT,PAT] ou [ACT,DIR3,PAT] ou [ACT,PAT,DIR1,DIR3] ou [ACT,ADDR,PAT] ou [ACT,DIR1] ou [ACT,PAT,DIR3]</small></small><br>"
ago,lilaLemma:88140,"<small><small>synset_id:&ensp;<a href=""https://www.openwordnet-pt.org/synset?id=02079933-v"" target=""_blank"">02079933-v</a></small></small><br>",<small><small>categoria:&ensp;movimento</small></small><br>,<small><small>definição:</small>&ensp;transmitir ou servir como meio de transmissão</small><br>,"<small><small>lexemas:</small></small>&ensp;conduzir, transmitir, trazer, transportar, veicular<br>","<small><small>valências:&ensp;[ACT,ADDR,PAT] ou [ACT,DIR3,PAT] ou [ACT,PAT,ADDR] ou [ACT,PAT] ou [ACT,PAT,DIR1,DIR3] ou [ACT,PAT,DIR3]</small></small><br>"
capio,lilaLemma:92686,"<small><small>synset_id:&ensp;<a href=""https://www.openwordnet-pt.org/synset?id=02020590-v"" target=""_blank"">02020590-v</a></small></small><br>",<small><small>categoria:&ensp;movimento</small></small><br>,"<small><small>definição:</small>&ensp;chegar ao destino, real ou abstrato</small><br>","<small><small>lexemas:</small></small>&ensp;alcançar, chegar, atingir, conseguir, ganhar<br>","<small><small>valências:&ensp;[ACT,DIR3] ou [ACT,PAT]</small></small><br>"
do,lilaLemma:99970,"<small><small>synset_id:&ensp;<a href=""https://www.openwordnet-pt.org/synset?id=01955127-v"" target=""_blank"">01955127-v</a></small></small><br>",<small><small>categoria:&ensp;movimento</small></small><br>,<small><small>definição:</small>&ensp;mandar embora para um objetivo designado</small><br>,"<small><small>lexemas:</small></small>&ensp;aviar, despachar, enviar, noticiar por despacho, endereçar, remeter<br>","<small><small>valências:&ensp;[ACT,DIR3,PAT] ou [ACT,PAT] ou [ACT,PAT,ADDR] ou [ACT,INTT,PAT] ou [ACT,PAT,DIR1,DIR3] ou [ACT,DIR1,DIR3,PAT] ou [ACT,PAT,DIR3] ou [ACT,ADDR,PAT]</small></small><br>"
do,lilaLemma:99970,"<small><small>synset_id:&ensp;<a href=""https://www.openwordnet-pt.org/synset?id=02079933-v"" target=""_blank"">02079933-v</a></small></small><br>",<small><small>categoria:&ensp;movimento</small></small><br>,<small><small>definição:</small>&ensp;transmitir ou servir como meio de transmissão</small><br>,"<small><small>lexemas:</small></small>&ensp;conduzir, transmitir, trazer, transportar, veicular<br>","<small><small>valências:&ensp;[ACT,ADDR,PAT] ou [ACT,DIR3,PAT] ou [ACT,PAT,ADDR] ou [ACT,PAT] ou [ACT,PAT,DIR1,DIR3] ou [ACT,PAT,DIR3]</small></small><br>"
eo,lilaLemma:101183,"<small><small>synset_id:&ensp;<a href=""https://www.openwordnet-pt.org/synset?id=02014165-v"" target=""_blank"">02014165-v</a></small></small><br>",<small><small>categoria:&ensp;movimento</small></small><br>,<small><small>definição:</small>&ensp;licença</small><br>,"<small><small>lexemas:</small></small>&ensp;departir, partir, sair<br>","<small><small>valências:&ensp;[ACT,DIR1] ou [ACT,PAT] ou [ACT]</small></small><br>"
eo,lilaLemma:101183,"<small><small>synset_id:&ensp;<a href=""https://www.openwordnet-pt.org/synset?id=02072849-v"" target=""_blank"">02072849-v</a></small></small><br>",<small><small>categoria:&ensp;movimento</small></small><br>,<small><small>definição:</small>&ensp;passar rapidamente por</small><br>,"<small><small>lexemas:</small></small>&ensp;ir, passar, correr, decorrer, desaparecer, resvalar, transcorrer<br>","<small><small>valências:&ensp;[ACT,DIR2] ou [ACT] ou [ACT,PAT] ou [ACT,DIR3] ou [ACT,DIR1,DIR3]</small></small><br>"
eo,lilaLemma:101183,"<small><small>synset_id:&ensp;<a href=""https://www.openwordnet-pt.org/synset?id=02016523-v"" target=""_blank"">02016523-v</a></small></small><br>",<small><small>categoria:&ensp;movimento</small></small><br>,<small><small>definição:</small>&ensp;entra ou sai em</small><br>,<small><small>lexemas:</small></small>&ensp;entrar<br>,"<small><small>valências:&ensp;[ACT,LOC] ou [ACT,DIR3] ou [ACT,PAT]</small></small><br>"
eo,lilaLemma:101183,"<small><small>synset_id:&ensp;<a href=""https://www.openwordnet-pt.org/synset?id=02051694-v"" target=""_blank"">02051694-v</a></small></small><br>",<small><small>categoria:&ensp;movimento</small></small><br>,<small><small>definição:</small>&ensp;seguir em frente</small><br>,"<small><small>lexemas:</small></small>&ensp;ir, passar de largo, passar, vistoriar<br>","<small><small>valências:&ensp;[ACT,DIR2] ou [ACT,PAT] ou [ACT,LOC] ou [ACT,DIR1,DIR3]</small></small><br>"
eo,lilaLemma:101183,"<small><small>synset_id:&ensp;<a href=""https://www.openwordnet-pt.org/synset?id=01995549-v"" target=""_blank"">01995549-v</a></small></small><br>",<small><small>categoria:&ensp;movimento</small></small><br>,<small><small>definição:</small>&ensp;Seguir em frente; viajar para a frente no tempo ou no espaço</small><br>,"<small><small>lexemas:</small></small>&ensp;avançar, continuar, ir, progredir, prosseguir, seguir, proceder<br>","<small><small>valências:&ensp;[ACT,DIR3] ou [ACT,DIR1] ou [ACT,PAT] ou [ACT,PAT,DIR3] ou [ACT,DIR1,DIR3]</small></small><br>"
eo,lilaLemma:101183,"<small><small>synset_id:&ensp;<a href=""https://www.openwordnet-pt.org/synset?id=02066939-v"" target=""_blank"">02066939-v</a></small></small><br>",<small><small>categoria:&ensp;movimento</small></small><br>,"<small><small>definição:</small>&ensp;se mover, de líquidos</small><br>","<small><small>lexemas:</small></small>&ensp;correr, fluir, manar, brotar, crescer, escorrer<br>","<small><small>valências:&ensp;[ACT,DIR3] ou [ACT,LOC] ou [ACT] ou [ACT,DIR1,DIR3,PAT] ou [ACT,PAT]</small></small><br>"
eo,lilaLemma:101183,"<small><small>synset_id:&ensp;<a href=""https://www.openwordnet-pt.org/synset?id=01915365-v"" target=""_blank"">01915365-v</a></small></small><br>",<small><small>categoria:&ensp;movimento</small></small><br>,<small><small>definição:</small>&ensp;fazer uma viagem ou passagem de um lugar para outro</small><br>,"<small><small>lexemas:</small></small>&ensp;atravessar, transitar<br>","<small><small>valências:&ensp;[ACT,DIR2]</small></small><br>"
eo,lilaLemma:101183,"<small><small>synset_id:&ensp;<a href=""https://www.openwordnet-pt.org/synset?id=01989053-v"" target=""_blank"">01989053-v</a></small></small><br>",<small><small>categoria:&ensp;movimento</small></small><br>,"<small><small>definição:</small>&ensp;quebrar, literalmente ou metaforicamente</small><br>","<small><small>lexemas:</small></small>&ensp;colapsar, desabar, desmoronar, quebrar, ruir, abater, cair, ceder, dar, partir<br>","<small><small>valências:&ensp;[ACT] ou [ACT,LOC] ou [ACT,PAT] ou [ACT,DIR3]</small></small><br>"
eo,lilaLemma:101183,"<small><small>synset_id:&ensp;<a href=""https://www.openwordnet-pt.org/synset?id=02066510-v"" target=""_blank"">02066510-v</a></small></small><br>",<small><small>categoria:&ensp;movimento</small></small><br>,<small><small>definição:</small>&ensp;mover ou progredir livremente como se estivesse em um fluxo</small><br>,"<small><small>lexemas:</small></small>&ensp;escorrer, fluir, correr<br>","<small><small>valências:&ensp;[ACT,DIR3,PAT] ou [ACT] ou [ACT,DIR3] ou [ACT,DIR1,DIR3]</small></small><br>"
eo,lilaLemma:101183,"<small><small>synset_id:&ensp;<a href=""https://www.openwordnet-pt.org/synset?id=01992503-v"" target=""_blank"">01992503-v</a></small></small><br>",<small><small>categoria:&ensp;movimento</small></small><br>,"<small><small>definição:</small>&ensp;seguir em frente, também no sentido metafórico</small><br>",<small><small>lexemas:</small></small>&ensp;ganhar terreno<br>,"<small><small>valências:&ensp;[ACT,DIR3] ou [ACT,PAT] ou [ACT] ou [ACT,PAT,DIR3] ou [ACT,DIR1,DIR3]</small></small><br>"
eo,lilaLemma:101183,"<small><small>synset_id:&ensp;<a href=""https://www.openwordnet-pt.org/synset?id=01835496-v"" target=""_blank"">01835496-v</a></small></small><br>",<small><small>categoria:&ensp;movimento</small></small><br>,"<small><small>definição:</small>&ensp;mudar de local; mover, viagens, ou prosseguir, também metaforicamente</small><br>","<small><small>lexemas:</small></small>&ensp;andar, caminhar, ir, viajar<br>","<small><small>valências:&ensp;[ACT,DIR3,PAT] ou [ACT,DIR3] ou [ACT,PAT,DIR3] ou [ACT,DIR1,DIR3] ou [ACT,DIR2]</small></small><br>"
eo,lilaLemma:101183,"<small><small>synset_id:&ensp;<a href=""https://www.openwordnet-pt.org/synset?id=01904930-v"" target=""_blank"">01904930-v</a></small></small><br>",<small><small>categoria:&ensp;movimento</small></small><br>,<small><small>definição:</small>&ensp;usar os pés para avançar; avançar por etapas</small><br>,"<small><small>lexemas:</small></small>&ensp;andar, caminhar, ir<br>","<small><small>valências:&ensp;[ACT] ou [ACT,DIR3]</small></small><br>"
sum,lilaLemma:126689,"<small><small>synset_id:&ensp;<a href=""https://www.openwordnet-pt.org/synset?id=02005948-v"" target=""_blank"">02005948-v</a></small></small><br>",<small><small>categoria:&ensp;movimento</small></small><br>,<small><small>definição:</small>&ensp;chegar ao destino; chegar por movimento ou por progresso</small><br>,"<small><small>lexemas:</small></small>&ensp;chegar, vir, abastar, aceder, achegar, aconchegar, aproximar, arribar, atingir, avizinhar, bastar, bater, conchegar, equiparar, igualar, manifestar-se, perfazer, sobrar, sovar<br>","<small><small>valências:&ensp;[ACT,DIR3] ou [ACT,DIR3,PAT] ou [ACT,PAT] ou [ACT,LOC] ou [ACT,DIR1,DIR3]</small></small><br>"
sum,lilaLemma:126689,"<small><small>synset_id:&ensp;<a href=""https://www.openwordnet-pt.org/synset?id=02072849-v"" target=""_blank"">02072849-v</a></small></small><br>",<small><small>categoria:&ensp;movimento</small></small><br>,<small><small>definição:</small>&ensp;passar rapidamente por</small><br>,"<small><small>lexemas:</small></small>&ensp;ir, passar, correr, decorrer, desaparecer, resvalar, transcorrer<br>","<small><small>valências:&ensp;[ACT,DIR2] ou [ACT] ou [ACT,PAT] ou [ACT,DIR3] ou [ACT,DIR1,DIR3]</small></small><br>"
fero,lilaLemma:103126,"<small><small>synset_id:&ensp;<a href=""https://www.openwordnet-pt.org/synset?id=02077656-v"" target=""_blank"">02077656-v</a></small></small><br>",<small><small>categoria:&ensp;movimento</small></small><br>,"<small><small>definição:</small>&ensp;levar algo ou alguém consigo mesmo, um lugar</small><br>","<small><small>lexemas:</small></small>&ensp;levar, tirar, transportar, trazer<br>","<small><small>valências:&ensp;[ACT,DIR3,PAT] ou [ACT,LOC,PAT] ou [ACT,PAT,DIR3] ou [ACT,ADDR,PAT] ou [ACT,PAT,DIR1,DIR3] ou [ACT,PAT] ou [ACT,DIR1,DIR3,PAT]</small></small><br>"
fero,lilaLemma:103126,"<small><small>synset_id:&ensp;<a href=""https://www.openwordnet-pt.org/synset?id=01974062-v"" target=""_blank"">01974062-v</a></small></small><br>",<small><small>categoria:&ensp;movimento</small></small><br>,<small><small>definição:</small>&ensp;levantar-se de um menor para uma posição mais elevada</small><br>,"<small><small>lexemas:</small></small>&ensp;alçar, elevar, erguer, levantar, subir<br>","<small><small>valências:&ensp;[ACT,PAT] ou [ACT,DIR3,PAT] ou [ACT,PAT,DIR3] ou [ACT,DIR3] ou [ACT] ou [ACT,ORIG]</small></small><br>"
fero,lilaLemma:103126,"<small><small>synset_id:&ensp;<a href=""https://www.openwordnet-pt.org/synset?id=01992503-v"" target=""_blank"">01992503-v</a></small></small><br>",<small><small>categoria:&ensp;movimento</small></small><br>,"<small><small>definição:</small>&ensp;seguir em frente, também no sentido metafórico</small><br>",<small><small>lexemas:</small></small>&ensp;ganhar terreno<br>,"<small><small>valências:&ensp;[ACT,DIR3] ou [ACT,PAT] ou [ACT] ou [ACT,PAT,DIR3] ou [ACT,DIR1,DIR3]</small></small><br>"
fero,lilaLemma:103126,"<small><small>synset_id:&ensp;<a href=""https://www.openwordnet-pt.org/synset?id=01999798-v"" target=""_blank"">01999798-v</a></small></small><br>",<small><small>categoria:&ensp;movimento</small></small><br>,<small><small>definição:</small>&ensp;levar alguém a algum lugar</small><br>,"<small><small>lexemas:</small></small>&ensp;carregar, conduzir, dirigir, guiar, levar, comandar, coordenar, encaminhar, governar, nortear, orientar<br>","<small><small>valências:&ensp;[ACT,PAT] ou [ACT,DIR3,PAT] ou [ACT,PAT,DIR3] ou [ACT,PAT,DIR1,DIR3] ou [ACT,DIR2,PAT]</small></small><br>"
gero,lilaLemma:104536,"<small><small>synset_id:&ensp;<a href=""https://www.openwordnet-pt.org/synset?id=02079933-v"" target=""_blank"">02079933-v</a></small></small><br>",<small><small>categoria:&ensp;movimento</small></small><br>,<small><small>definição:</small>&ensp;transmitir ou servir como meio de transmissão</small><br>,"<small><small>lexemas:</small></small>&ensp;conduzir, transmitir, trazer, transportar, veicular<br>","<small><small>valências:&ensp;[ACT,ADDR,PAT] ou [ACT,DIR3,PAT] ou [ACT,PAT,ADDR] ou [ACT,PAT] ou [ACT,PAT,DIR1,DIR3] ou [ACT,PAT,DIR3]</small></small><br>"
mitto,lilaLemma:112499,"<small><small>synset_id:&ensp;<a href=""https://www.openwordnet-pt.org/synset?id=01955127-v"" target=""_blank"">01955127-v</a></small></small><br>",<small><small>categoria:&ensp;movimento</small></small><br>,<small><small>definição:</small>&ensp;mandar embora para um objetivo designado</small><br>,"<small><small>lexemas:</small></small>&ensp;aviar, despachar, enviar, noticiar por despacho, endereçar, remeter<br>","<small><small>valências:&ensp;[ACT,DIR3,PAT] ou [ACT,PAT] ou [ACT,PAT,ADDR] ou [ACT,INTT,PAT] ou [ACT,PAT,DIR1,DIR3] ou [ACT,DIR1,DIR3,PAT] ou [ACT,PAT,DIR3] ou [ACT,ADDR,PAT]</small></small><br>"
mitto,lilaLemma:112499,"<small><small>synset_id:&ensp;<a href=""https://www.openwordnet-pt.org/synset?id=01951480-v"" target=""_blank"">01951480-v</a></small></small><br>",<small><small>categoria:&ensp;movimento</small></small><br>,<small><small>definição:</small>&ensp;causar para algum lugar</small><br>,"<small><small>lexemas:</small></small>&ensp;enviar, lançar<br>","<small><small>valências:&ensp;[ACT,DIR3,PAT] ou [ACT,PAT,ADDR] ou [ACT,PAT,DIR3]</small></small><br>"
mitto,lilaLemma:112499,"<small><small>synset_id:&ensp;<a href=""https://www.openwordnet-pt.org/synset?id=01977701-v"" target=""_blank"">01977701-v</a></small></small><br>",<small><small>categoria:&ensp;movimento</small></small><br>,<small><small>definição:</small>&ensp;Deixe cair no chão</small><br>,"<small><small>lexemas:</small></small>&ensp;deixar cair, largar, soltar<br>","<small><small>valências:&ensp;[ACT,PAT] ou [ACT,DIR3,PAT]</small></small><br>"
mitto,lilaLemma:112499,"<small><small>synset_id:&ensp;<a href=""https://www.openwordnet-pt.org/synset?id=01967373-v"" target=""_blank"">01967373-v</a></small></small><br>",<small><small>categoria:&ensp;movimento</small></small><br>,<small><small>definição:</small>&ensp;cair abruptamente</small><br>,<small><small>lexemas:</small></small>&ensp;mergulhar<br>,"<small><small>valências:&ensp;[ACT,DIR3,PAT]</small></small><br>"
peto,lilaLemma:117549,"<small><small>synset_id:&ensp;<a href=""https://www.openwordnet-pt.org/synset?id=01839963-v"" target=""_blank"">01839963-v</a></small></small><br>",<small><small>categoria:&ensp;movimento</small></small><br>,<small><small>definição:</small>&ensp;deslocar-se; ir de um local para outro</small><br>,<small><small>lexemas:</small></small>&ensp;viagem<br>,"<small><small>valências:&ensp;[ACT,DIR1,DIR3] ou [ACT,PAT] ou [ACT,DIR3,PAT] ou [ACT,DIR1,DIR3,PAT] ou [ACT,PAT,DIR1]</small></small><br>"
refero,lilaLemma:122494,"<small><small>synset_id:&ensp;<a href=""https://www.openwordnet-pt.org/synset?id=02004874-v"" target=""_blank"">02004874-v</a></small></small><br>",<small><small>categoria:&ensp;movimento</small></small><br>,"<small><small>definição:</small>&ensp;Vá ou volte para o lugar, condição ou atividade onde um tem sido antes</small><br>","<small><small>lexemas:</small></small>&ensp;devolver, regressar, retornar, recrescer, recriar, voltar<br>","<small><small>valências:&ensp;[ACT] ou [ACT,PAT,ADDR] ou [ACT,DIR3] ou [ACT,PAT] ou [ACT,PAT,DIR3]</small></small><br>"
refero,lilaLemma:122494,"<small><small>synset_id:&ensp;<a href=""https://www.openwordnet-pt.org/synset?id=01953334-v"" target=""_blank"">01953334-v</a></small></small><br>",<small><small>categoria:&ensp;movimento</small></small><br>,<small><small>definição:</small>&ensp;canal em uma nova direção</small><br>,<small><small>lexemas:</small></small>&ensp;redirecionar<br>,"<small><small>valências:&ensp;[ACT,PAT]</small></small><br>"
refero,lilaLemma:122494,"<small><small>synset_id:&ensp;<a href=""https://www.openwordnet-pt.org/synset?id=02078294-v"" target=""_blank"">02078294-v</a></small></small><br>",<small><small>categoria:&ensp;movimento</small></small><br>,<small><small>definição:</small>&ensp;trazer de volta ao ponto de partida</small><br>,"<small><small>lexemas:</small></small>&ensp;devolver, retornar, voltar, regressar<br>","<small><small>valências:&ensp;[ACT,PAT] ou [ACT,PAT,DIR3]</small></small><br>"
refero,lilaLemma:122494,"<small><small>synset_id:&ensp;<a href=""https://www.openwordnet-pt.org/synset?id=01994442-v"" target=""_blank"">01994442-v</a></small></small><br>",<small><small>categoria:&ensp;movimento</small></small><br>,<small><small>definição:</small>&ensp;andar para trás ou se distanciar ou retroceder</small><br>,"<small><small>lexemas:</small></small>&ensp;afastar se, recuar, retroceder, voltar atrás<br>","<small><small>valências:&ensp;[ACT,DIR1] ou [ACT,DIR1,PAT] ou [ACT,ORIG,PAT] ou [ACT,PAT] ou [ACT,DIR3] ou [ACT,PAT,DIR1]</small></small><br>"
relinquo,lilaLemma:122569,"<small><small>synset_id:&ensp;<a href=""https://www.openwordnet-pt.org/synset?id=01842367-v"" target=""_blank"">01842367-v</a></small></small><br>",<small><small>categoria:&ensp;movimento</small></small><br>,<small><small>definição:</small>&ensp;deixar para trás</small><br>,"<small><small>lexemas:</small></small>&ensp;abandonar, desertar<br>","<small><small>valências:&ensp;[ACT,PAT]</small></small><br>"
relinquo,lilaLemma:122569,"<small><small>synset_id:&ensp;<a href=""https://www.openwordnet-pt.org/synset?id=02008396-v"" target=""_blank"">02008396-v</a></small></small><br>",<small><small>categoria:&ensp;movimento</small></small><br>,<small><small>definição:</small>&ensp;ir embora ou partir</small><br>,"<small><small>lexemas:</small></small>&ensp;deixar, departir, partir, sair<br>","<small><small>valências:&ensp;[ACT,DIR1] ou [ACT,ORIG] ou [ACT,PAT] ou [ACT]</small></small><br>"
sequor,lilaLemma:124461,"<small><small>synset_id:&ensp;<a href=""https://www.openwordnet-pt.org/synset?id=02026086-v"" target=""_blank"">02026086-v</a></small></small><br>",<small><small>categoria:&ensp;movimento</small></small><br>,<small><small>definição:</small>&ensp;acompanhar ou escoltar</small><br>,<small><small>lexemas:</small></small>&ensp;acompanhar<br>,"<small><small>valências:&ensp;[ACT,PAT] ou [ACT,DIR3,PAT] ou [ACT,PAT,DIR3]</small></small><br>"
sequor,lilaLemma:124461,"<small><small>synset_id:&ensp;<a href=""https://www.openwordnet-pt.org/synset?id=02025550-v"" target=""_blank"">02025550-v</a></small></small><br>",<small><small>categoria:&ensp;movimento</small></small><br>,<small><small>definição:</small>&ensp;ir ou viajar junto com</small><br>,<small><small>lexemas:</small></small>&ensp;acompanhar<br>,"<small><small>valências:&ensp;[ACT,PAT] ou [ACT,DIR3,PAT]</small></small><br>"
sequor,lilaLemma:124461,"<small><small>synset_id:&ensp;<a href=""https://www.openwordnet-pt.org/synset?id=02000868-v"" target=""_blank"">02000868-v</a></small></small><br>",<small><small>categoria:&ensp;movimento</small></small><br>,"<small><small>definição:</small>&ensp;Siga em, ou como se em exercício</small><br>",<small><small>lexemas:</small></small>&ensp;perseguir<br>,"<small><small>valências:&ensp;[ACT,PAT]</small></small><br>"
sequor,lilaLemma:124461,"<small><small>synset_id:&ensp;<a href=""https://www.openwordnet-pt.org/synset?id=01991931-v"" target=""_blank"">01991931-v</a></small></small><br>",<small><small>categoria:&ensp;movimento</small></small><br>,<small><small>definição:</small>&ensp;viajar ao longo de um determinado curso</small><br>,<small><small>lexemas:</small></small>&ensp;seguir<br>,"<small><small>valências:&ensp;[ACT,PAT] ou [ACT,DIR2]</small></small><br>"
sequor,lilaLemma:124461,"<small><small>synset_id:&ensp;<a href=""https://www.openwordnet-pt.org/synset?id=01998432-v"" target=""_blank"">01998432-v</a></small></small><br>",<small><small>categoria:&ensp;movimento</small></small><br>,"<small><small>definição:</small>&ensp;viajar atrás, ir atrás, vir atrás</small><br>",<small><small>lexemas:</small></small>&ensp;seguir<br>,"<small><small>valências:&ensp;[ACT,PAT]</small></small><br>"
sequor,lilaLemma:124461,"<small><small>synset_id:&ensp;<a href=""https://www.openwordnet-pt.org/synset?id=02001858-v"" target=""_blank"">02001858-v</a></small></small><br>",<small><small>categoria:&ensp;movimento</small></small><br>,<small><small>definição:</small>&ensp;ir atrás com a intenção de pegar</small><br>,"<small><small>lexemas:</small></small>&ensp;caçar, ir à caça, perseguir, seguir<br>","<small><small>valências:&ensp;[ACT,PAT]</small></small><br>"
sequor,lilaLemma:124461,"<small><small>synset_id:&ensp;<a href=""https://www.openwordnet-pt.org/synset?id=01912159-v"" target=""_blank"">01912159-v</a></small></small><br>",<small><small>categoria:&ensp;movimento</small></small><br>,<small><small>definição:</small>&ensp;atravessar ou passar por cima</small><br>,"<small><small>lexemas:</small></small>&ensp;atravessar, cruzar<br>","<small><small>valências:&ensp;[ACT,PAT] ou [ACT,DIR2] ou [ACT]</small></small><br>"
teneo,lilaLemma:127822,"<small><small>synset_id:&ensp;<a href=""https://www.openwordnet-pt.org/synset?id=02020590-v"" target=""_blank"">02020590-v</a></small></small><br>",<small><small>categoria:&ensp;movimento</small></small><br>,"<small><small>definição:</small>&ensp;chegar ao destino, real ou abstrato</small><br>","<small><small>lexemas:</small></small>&ensp;alcançar, chegar, atingir, conseguir, ganhar<br>","<small><small>valências:&ensp;[ACT,DIR3] ou [ACT,PAT]</small></small><br>"
uenio,lilaLemma:129790,"<small><small>synset_id:&ensp;<a href=""https://www.openwordnet-pt.org/synset?id=02005948-v"" target=""_blank"">02005948-v</a></small></small><br>",<small><small>categoria:&ensp;movimento</small></small><br>,<small><small>definição:</small>&ensp;chegar ao destino; chegar por movimento ou por progresso</small><br>,"<small><small>lexemas:</small></small>&ensp;chegar, vir, abastar, aceder, achegar, aconchegar, aproximar, arribar, atingir, avizinhar, bastar, bater, conchegar, equiparar, igualar, manifestar-se, perfazer, sobrar, sovar<br>","<small><small>valências:&ensp;[ACT,DIR3] ou [ACT,DIR3,PAT] ou [ACT,PAT] ou [ACT,LOC] ou [ACT,DIR1,DIR3]</small></small><br>"
uenio,lilaLemma:129790,"<small><small>synset_id:&ensp;<a href=""https://www.openwordnet-pt.org/synset?id=01849221-v"" target=""_blank"">01849221-v</a></small></small><br>",<small><small>categoria:&ensp;movimento</small></small><br>,"<small><small>definição:</small>&ensp;mover em direção, viajar na direção de algo ou alguém ou se aproximar de algo ou alguém</small><br>","<small><small>lexemas:</small></small>&ensp;vir, chegar<br>","<small><small>valências:&ensp;[ACT,DIR3] ou [ACT,PAT] ou [ACT,DIR3,PAT] ou [ACT,LOC] ou [ACT,DIR1,DIR3]</small></small><br>"
ago,lilaLemma:88140,"<small><small>synset_id:&ensp;<a href=""https://www.openwordnet-pt.org/synset?id=00357332-v"" target=""_blank"">00357332-v</a></small></small><br>",<small><small>categoria:&ensp;mudança</small></small><br>,"<small><small>definição:</small>&ensp;produzir brotos, ramos, ou germinar</small><br>","<small><small>lexemas:</small></small>&ensp;germinar, abrolhar, assomar, brotar, desabrochar, desabrolhar, espigar, gomar, grelar, nascer, rebentar, resultar<br>","<small><small>valências:&ensp;[ACT,PAT] ou [ACT] ou [ACT,DIR1]</small></small><br>"
capio,lilaLemma:92686,"<small><small>synset_id:&ensp;<a href=""https://www.openwordnet-pt.org/synset?id=00522751-v"" target=""_blank"">00522751-v</a></small></small><br>",<small><small>categoria:&ensp;mudança</small></small><br>,<small><small>definição:</small>&ensp;receber um tratamento específico</small><br>,"<small><small>lexemas:</small></small>&ensp;incorrer, obter, receber<br>","<small><small>valências:&ensp;[ACT,PAT] ou [ACT,PAT,EFF]</small></small><br>"
capio,lilaLemma:92686,"<small><small>synset_id:&ensp;<a href=""https://www.openwordnet-pt.org/synset?id=00524682-v"" target=""_blank"">00524682-v</a></small></small><br>",<small><small>categoria:&ensp;mudança</small></small><br>,"<small><small>definição:</small>&ensp;assumir uma certa forma, atributo ou aspecto</small><br>","<small><small>lexemas:</small></small>&ensp;adotar, assumir, adoptar, adquirir<br>","<small><small>valências:&ensp;[ACT,PAT]</small></small><br>"
cognosco,lilaLemma:94738,"<small><small>synset_id:&ensp;<a href=""https://www.openwordnet-pt.org/synset?id=00545557-v"" target=""_blank"">00545557-v</a></small></small><br>",<small><small>categoria:&ensp;mudança</small></small><br>,<small><small>definição:</small>&ensp;ganho através da experiência</small><br>,"<small><small>lexemas:</small></small>&ensp;adquirir, desenvolver, evoluir<br>","<small><small>valências:&ensp;[ACT,PAT]</small></small><br>"
eo,lilaLemma:101183,"<small><small>synset_id:&ensp;<a href=""https://www.openwordnet-pt.org/synset?id=00317888-v"" target=""_blank"">00317888-v</a></small></small><br>",<small><small>categoria:&ensp;mudança</small></small><br>,<small><small>definição:</small>&ensp;prolongar no tempo; fazer com que seja ou dure mais tempo</small><br>,"<small><small>lexemas:</small></small>&ensp;extender, prolongar, prorrogar, alongar<br>","<small><small>valências:&ensp;[ACT,PAT] ou [ACT,PAT,TOWH] ou [ACT,TFHL] ou [ACT,PAT,DIR3] ou [ACT,PAT,DIR1,DIR3]</small></small><br>"
eo,lilaLemma:101183,"<small><small>synset_id:&ensp;<a href=""https://www.openwordnet-pt.org/synset?id=00235110-v"" target=""_blank"">00235110-v</a></small></small><br>",<small><small>categoria:&ensp;mudança</small></small><br>,<small><small>definição:</small>&ensp;continuar ou ampliar</small><br>,<small><small>lexemas:</small></small>&ensp;estender<br>,"<small><small>valências:&ensp;[ACT,TFHL] ou [ACT,PAT]</small></small><br>"
eo,lilaLemma:101183,"<small><small>synset_id:&ensp;<a href=""https://www.openwordnet-pt.org/synset?id=00358431-v"" target=""_blank"">00358431-v</a></small></small><br>",<small><small>categoria:&ensp;mudança</small></small><br>,"<small><small>definição:</small>&ensp;passar da vida física, perder todos os atributos corporais e funções necessárias para sustentar a vida</small><br>","<small><small>lexemas:</small></small>&ensp;bater as botas, comer capim pela raiz, expirar, falecer, morrer, perecer, acabar, apagar, assoprar, caducar, cair, dar_a_vida, decair, desaparecer, descansar, desfalecer, despedir, embarcar, enfraquecer, esbater-se, escassear, esmorecer, espichar, esvair-se, exalar, extinguir, faltar, fanar, fenecer, ficar, finar-se, findar, matar, murchar, perder-se, precisar, soprar, sucumbir, terminar, tombar<br>","<small><small>valências:&ensp;[ACT] ou [ACT,DIR1]</small></small><br>"
eo,lilaLemma:101183,"<small><small>synset_id:&ensp;<a href=""https://www.openwordnet-pt.org/synset?id=00341560-v"" target=""_blank"">00341560-v</a></small></small><br>",<small><small>categoria:&ensp;mudança</small></small><br>,<small><small>definição:</small>&ensp;seguir um determinado curso</small><br>,"<small><small>lexemas:</small></small>&ensp;ir, prosseguir<br>","<small><small>valências:&ensp;[ACT] ou [ACT,PAT,DIR3] ou [ACT,DIR3] ou [ACT,DIR1,DIR3]</small></small><br>"
eo,lilaLemma:101183,"<small><small>synset_id:&ensp;<a href=""https://www.openwordnet-pt.org/synset?id=00150776-v"" target=""_blank"">00150776-v</a></small></small><br>",<small><small>categoria:&ensp;mudança</small></small><br>,"<small><small>definição:</small>&ensp;se comportar de acordo, ou de acordo com</small><br>",<small><small>lexemas:</small></small>&ensp;seguir<br>,"<small><small>valências:&ensp;[ACT,PAT]</small></small><br>"
eo,lilaLemma:101183,"<small><small>synset_id:&ensp;<a href=""https://www.openwordnet-pt.org/synset?id=00149583-v"" target=""_blank"">00149583-v</a></small></small><br>",<small><small>categoria:&ensp;mudança</small></small><br>,<small><small>definição:</small>&ensp;assumir um certo estado ou condiçã</small><br>,"<small><small>lexemas:</small></small>&ensp;estar, ficar, tornar<br>","<small><small>valências:&ensp;[ACT,EFF] ou [ACT,PAT]</small></small><br>"
sum,lilaLemma:126689,"<small><small>synset_id:&ensp;<a href=""https://www.openwordnet-pt.org/synset?id=00344643-v"" target=""_blank"">00344643-v</a></small></small><br>",<small><small>categoria:&ensp;mudança</small></small><br>,"<small><small>definição:</small>&ensp;acontecer, ocorrer, ou ser o caso no curso dos acontecimentos ou por acaso</small><br>","<small><small>lexemas:</small></small>&ensp;acontecer, calhar, ocorrer, suceder<br>","<small><small>valências:&ensp;[ACT,ADDR] ou [ACT,BEN] ou [ACT,PAT] ou [ACT]</small></small><br>"
facio,lilaLemma:102758,"<small><small>synset_id:&ensp;<a href=""https://www.openwordnet-pt.org/synset?id=00253761-v"" target=""_blank"">00253761-v</a></small></small><br>",<small><small>categoria:&ensp;mudança</small></small><br>,<small><small>definição:</small>&ensp;causar que crescem e se diferenciam em formas de acordo com o seu desenvolvimento natural</small><br>,"<small><small>lexemas:</small></small>&ensp;fazer crescer, desenvolver<br>","<small><small>valências:&ensp;[ACT,PAT]</small></small><br>"
facio,lilaLemma:102758,"<small><small>synset_id:&ensp;<a href=""https://www.openwordnet-pt.org/synset?id=00120675-v"" target=""_blank"">00120675-v</a></small></small><br>",<small><small>categoria:&ensp;mudança</small></small><br>,<small><small>definição:</small>&ensp;provocar a se tornar</small><br>,"<small><small>lexemas:</small></small>&ensp;abrir, fazer, tornar<br>","<small><small>valências:&ensp;[ACT,PAT,EFF] ou [ACT,EFF,PAT] ou [ACT,PAT]</small></small><br>"
facio,lilaLemma:102758,"<small><small>synset_id:&ensp;<a href=""https://www.openwordnet-pt.org/synset?id=00406243-v"" target=""_blank"">00406243-v</a></small></small><br>",<small><small>categoria:&ensp;mudança</small></small><br>,"<small><small>definição:</small>&ensp;ficar pronto ou adequado, ou equipar tendo um propósito particular ou para algum uso, evento, etc</small><br>","<small><small>lexemas:</small></small>&ensp;aprontar, preparar, abusador, dispor, disposto, habilitar, prevenido, pronto<br>","<small><small>valências:&ensp;[ACT,EFF,PAT] ou [ACT] ou [ACT,PAT] ou [ACT,ADDR,PAT] ou [ACT,LOC,PAT]</small></small><br>"
facio,lilaLemma:102758,"<small><small>synset_id:&ensp;<a href=""https://www.openwordnet-pt.org/synset?id=00120316-v"" target=""_blank"">00120316-v</a></small></small><br>",<small><small>categoria:&ensp;mudança</small></small><br>,<small><small>definição:</small>&ensp;dar certa propriedades a algo</small><br>,"<small><small>lexemas:</small></small>&ensp;deixar, fazer, converter, obter, recrescer, recriar, tornar, voltar<br>","<small><small>valências:&ensp;[ACT,PAT] ou [ACT,EFF,PAT]</small></small><br>"
fero,lilaLemma:103126,"<small><small>synset_id:&ensp;<a href=""https://www.openwordnet-pt.org/synset?id=00522751-v"" target=""_blank"">00522751-v</a></small></small><br>",<small><small>categoria:&ensp;mudança</small></small><br>,<small><small>definição:</small>&ensp;receber um tratamento específico</small><br>,"<small><small>lexemas:</small></small>&ensp;incorrer, obter, receber<br>","<small><small>valências:&ensp;[ACT,PAT] ou [ACT,PAT,EFF]</small></small><br>"
fero,lilaLemma:103126,"<small><small>synset_id:&ensp;<a href=""https://www.openwordnet-pt.org/synset?id=00544549-v"" target=""_blank"">00544549-v</a></small></small><br>",<small><small>categoria:&ensp;mudança</small></small><br>,<small><small>definição:</small>&ensp;elevar em posição ou condição</small><br>,<small><small>lexemas:</small></small>&ensp;elevar<br>,"<small><small>valências:&ensp;[ACT,PAT] ou [ACT,DIR3] ou [ACT]</small></small><br>"
fero,lilaLemma:103126,"<small><small>synset_id:&ensp;<a href=""https://www.openwordnet-pt.org/synset?id=00341560-v"" target=""_blank"">00341560-v</a></small></small><br>",<small><small>categoria:&ensp;mudança</small></small><br>,<small><small>definição:</small>&ensp;seguir um determinado curso</small><br>,"<small><small>lexemas:</small></small>&ensp;ir, prosseguir<br>","<small><small>valências:&ensp;[ACT] ou [ACT,PAT,DIR3] ou [ACT,DIR3] ou [ACT,DIR1,DIR3]</small></small><br>"
fio,lilaLemma:103328,"<small><small>synset_id:&ensp;<a href=""https://www.openwordnet-pt.org/synset?id=00339934-v"" target=""_blank"">00339934-v</a></small></small><br>",<small><small>categoria:&ensp;mudança</small></small><br>,<small><small>definição:</small>&ensp;chegar a acorrer</small><br>,"<small><small>lexemas:</small></small>&ensp;acontecer, ocorrer, passar, suceder, acorrer, acudir, advir, afluir, assomar, concorrer, correr, dar, dar-se, decorrer, desenrolar-se, efetuar-se, emergir, haver, operar, passar-se, processar-se, realizar, realizar-se, remediar, resultar, rolar, ser, sobrevir, verificar, verificar-se, vistoriar<br>","<small><small>valências:&ensp;[ACT,ADDR] ou [ACT,TOWH] ou [ACT,PAT] ou [ACT] ou [ACT,PAT,DIR1,DIR3]</small></small><br>"
fio,lilaLemma:103328,"<small><small>synset_id:&ensp;<a href=""https://www.openwordnet-pt.org/synset?id=00344643-v"" target=""_blank"">00344643-v</a></small></small><br>",<small><small>categoria:&ensp;mudança</small></small><br>,"<small><small>definição:</small>&ensp;acontecer, ocorrer, ou ser o caso no curso dos acontecimentos ou por acaso</small><br>","<small><small>lexemas:</small></small>&ensp;acontecer, calhar, ocorrer, suceder<br>","<small><small>valências:&ensp;[ACT,ADDR] ou [ACT,BEN] ou [ACT,PAT] ou [ACT]</small></small><br>"
fio,lilaLemma:103328,"<small><small>synset_id:&ensp;<a href=""https://www.openwordnet-pt.org/synset?id=00149583-v"" target=""_blank"">00149583-v</a></small></small><br>",<small><small>categoria:&ensp;mudança</small></small><br>,<small><small>definição:</small>&ensp;assumir um certo estado ou condiçã</small><br>,"<small><small>lexemas:</small></small>&ensp;estar, ficar, tornar<br>","<small><small>valências:&ensp;[ACT,EFF] ou [ACT,PAT]</small></small><br>"
habeo,lilaLemma:105044,"<small><small>synset_id:&ensp;<a href=""https://www.openwordnet-pt.org/synset?id=00522751-v"" target=""_blank"">00522751-v</a></small></small><br>",<small><small>categoria:&ensp;mudança</small></small><br>,<small><small>definição:</small>&ensp;receber um tratamento específico</small><br>,"<small><small>lexemas:</small></small>&ensp;incorrer, obter, receber<br>","<small><small>valências:&ensp;[ACT,PAT] ou [ACT,PAT,EFF]</small></small><br>"
habeo,lilaLemma:105044,"<small><small>synset_id:&ensp;<a href=""https://www.openwordnet-pt.org/synset?id=00137313-v"" target=""_blank"">00137313-v</a></small></small><br>",<small><small>categoria:&ensp;mudança</small></small><br>,<small><small>definição:</small>&ensp;ter um efeito sobre</small><br>,"<small><small>lexemas:</small></small>&ensp;afetar, impactar, comover, tocar<br>","<small><small>valências:&ensp;[ACT,ADDR,PAT] ou [ACT,PAT]</small></small><br>"
mitto,lilaLemma:112499,"<small><small>synset_id:&ensp;<a href=""https://www.openwordnet-pt.org/synset?id=00348746-v"" target=""_blank"">00348746-v</a></small></small><br>",<small><small>categoria:&ensp;mudança</small></small><br>,"<small><small>definição:</small>&ensp;em movimento, causando para iniciar</small><br>","<small><small>lexemas:</small></small>&ensp;começar, iniciar, partir<br>","<small><small>valências:&ensp;[ACT,PAT]</small></small><br>"
peto,lilaLemma:117549,"<small><small>synset_id:&ensp;<a href=""https://www.openwordnet-pt.org/synset?id=00341560-v"" target=""_blank"">00341560-v</a></small></small><br>",<small><small>categoria:&ensp;mudança</small></small><br>,<small><small>definição:</small>&ensp;seguir um determinado curso</small><br>,"<small><small>lexemas:</small></small>&ensp;ir, prosseguir<br>","<small><small>valências:&ensp;[ACT] ou [ACT,PAT,DIR3] ou [ACT,DIR3] ou [ACT,DIR1,DIR3]</small></small><br>"
refero,lilaLemma:122494,"<small><small>synset_id:&ensp;<a href=""https://www.openwordnet-pt.org/synset?id=00548153-v"" target=""_blank"">00548153-v</a></small></small><br>",<small><small>categoria:&ensp;mudança</small></small><br>,<small><small>definição:</small>&ensp;ser restaurado</small><br>,"<small><small>lexemas:</small></small>&ensp;retornar, voltar, recrescer, recriar<br>","<small><small>valências:&ensp;[ACT] ou [ACT,DIR3] ou [ACT,PAT] ou [ACT,EFF]</small></small><br>"
refero,lilaLemma:122494,"<small><small>synset_id:&ensp;<a href=""https://www.openwordnet-pt.org/synset?id=00173338-v"" target=""_blank"">00173338-v</a></small></small><br>",<small><small>categoria:&ensp;mudança</small></small><br>,"<small><small>definição:</small>&ensp;remover algo concreto, levantando, empurrando, tirando, ou remover algo abstrato</small><br>","<small><small>lexemas:</small></small>&ensp;remover, retirar, tirar, sacar<br>","<small><small>valências:&ensp;[ACT,DIR1] ou [ACT,ORIG,PAT] ou [ACT,DIR1,PAT] ou [ACT,PAT,ORIG] ou [ACT,ORIG] ou [ACT,ADDR,PAT] ou [ACT,PAT] ou [ACT,DIR3,PAT] ou [ACT,DIR1,DIR3,PAT] ou [ACT,PAT,DIR1] ou [ACT,PAT,DIR1,DIR3] ou [PAT]</small></small><br>"
refero,lilaLemma:122494,"<small><small>synset_id:&ensp;<a href=""https://www.openwordnet-pt.org/synset?id=00387310-v"" target=""_blank"">00387310-v</a></small></small><br>",<small><small>categoria:&ensp;mudança</small></small><br>,<small><small>definição:</small>&ensp;voltar a um estado anterior</small><br>,"<small><small>lexemas:</small></small>&ensp;reverter, regressar, voltar<br>","<small><small>valências:&ensp;[ACT] ou [ACT,DIR3] ou [ACT,PAT] ou [ACT,EFF] ou [ACT,PAT,DIR3]</small></small><br>"
relinquo,lilaLemma:122569,"<small><small>synset_id:&ensp;<a href=""https://www.openwordnet-pt.org/synset?id=00136991-v"" target=""_blank"">00136991-v</a></small></small><br>",<small><small>categoria:&ensp;mudança</small></small><br>,<small><small>definição:</small>&ensp;deixar inalterada ou sem perturbações ou abster-se de</small><br>,<small><small>lexemas:</small></small>&ensp;deixar<br>,"<small><small>valências:&ensp;[ACT,PAT]</small></small><br>"
relinquo,lilaLemma:122569,"<small><small>synset_id:&ensp;<a href=""https://www.openwordnet-pt.org/synset?id=00360092-v"" target=""_blank"">00360092-v</a></small></small><br>",<small><small>categoria:&ensp;mudança</small></small><br>,<small><small>definição:</small>&ensp;ser sobreviveu após a morte</small><br>,<small><small>lexemas:</small></small>&ensp;deixar<br>,"<small><small>valências:&ensp;[ACT,PAT]</small></small><br>"
sequor,lilaLemma:124461,"<small><small>synset_id:&ensp;<a href=""https://www.openwordnet-pt.org/synset?id=00150776-v"" target=""_blank"">00150776-v</a></small></small><br>",<small><small>categoria:&ensp;mudança</small></small><br>,"<small><small>definição:</small>&ensp;se comportar de acordo, ou de acordo com</small><br>",<small><small>lexemas:</small></small>&ensp;seguir<br>,"<small><small>valências:&ensp;[ACT,PAT]</small></small><br>"
teneo,lilaLemma:127822,"<small><small>synset_id:&ensp;<a href=""https://www.openwordnet-pt.org/synset?id=00223374-v"" target=""_blank"">00223374-v</a></small></small><br>",<small><small>categoria:&ensp;mudança</small></small><br>,<small><small>definição:</small>&ensp;apoiar e fortalecer a</small><br>,<small><small>lexemas:</small></small>&ensp;apoiar<br>,"<small><small>valências:&ensp;[ACT,PAT]</small></small><br>"
uenio,lilaLemma:129790,"<small><small>synset_id:&ensp;<a href=""https://www.openwordnet-pt.org/synset?id=00542120-v"" target=""_blank"">00542120-v</a></small></small><br>",<small><small>categoria:&ensp;mudança</small></small><br>,"<small><small>definição:</small>&ensp;atingir ou entrar em um estado, relação, estado de conservação, utilização, ou posição</small><br>","<small><small>lexemas:</small></small>&ensp;começar, ficar<br>","<small><small>valências:&ensp;[ACT,DIR1,DIR3]</small></small><br>"
uenio,lilaLemma:129790,"<small><small>synset_id:&ensp;<a href=""https://www.openwordnet-pt.org/synset?id=00251791-v"" target=""_blank"">00251791-v</a></small></small><br>",<small><small>categoria:&ensp;mudança</small></small><br>,<small><small>definição:</small>&ensp;vir de</small><br>,"<small><small>lexemas:</small></small>&ensp;derivar, porvir, vir de<br>","<small><small>valências:&ensp;[ACT,ORIG] ou [ACT,DIR1,DIR3] ou [ACT,PAT,DIR1,DIR3]</small></small><br>"
uenio,lilaLemma:129790,"<small><small>synset_id:&ensp;<a href=""https://www.openwordnet-pt.org/synset?id=00341917-v"" target=""_blank"">00341917-v</a></small></small><br>",<small><small>categoria:&ensp;mudança</small></small><br>,"<small><small>definição:</small>&ensp;vir a passar; chegar, como na altura devida</small><br>","<small><small>lexemas:</small></small>&ensp;acontecer, vir, chegar<br>","<small><small>valências:&ensp;[ACT,TOWH] ou [ACT] ou [ACT,DIR1,DIR3]</small></small><br>"
uinco,lilaLemma:130232,"<small><small>synset_id:&ensp;<a href=""https://www.openwordnet-pt.org/synset?id=00579712-v"" target=""_blank"">00579712-v</a></small></small><br>",<small><small>categoria:&ensp;mudança</small></small><br>,"<small><small>definição:</small>&ensp;fazer subordinado, dependente, ou subserviente</small><br>","<small><small>lexemas:</small></small>&ensp;dominar, subjugar, submeter, subordinar<br>","<small><small>valências:&ensp;[ACT,PAT] ou [ACT,ADDR,PAT]</small></small><br>"
corpus,lilaLemma:96667,"<small><small>synset_id:&ensp;<a href=""https://www.openwordnet-pt.org/synset?id=09224911-n"" target=""_blank"">09224911-n</a></small></small><br>",<small><small>categoria:&ensp;objeto</small></small><br>,<small><small>definição:</small>&ensp;um objeto tridimensional individual que tem massa e que é distinguível de outros objetos</small><br>,<small><small>lexemas:</small></small>&ensp;corpo<br>,
natura,lilaLemma:113421,"<small><small>synset_id:&ensp;<a href=""https://www.openwordnet-pt.org/synset?id=09366762-n"" target=""_blank"">09366762-n</a></small></small><br>",<small><small>categoria:&ensp;objeto</small></small><br>,"<small><small>definição:</small>&ensp;o mundo físico natural, incluindo plantas e animais e paisagens etc.</small><br>",<small><small>lexemas:</small></small>&ensp;Natureza<br>,
natura,lilaLemma:113421,"<small><small>synset_id:&ensp;<a href=""https://www.openwordnet-pt.org/synset?id=09387222-n"" target=""_blank"">09387222-n</a></small></small><br>",<small><small>categoria:&ensp;objeto</small></small><br>,<small><small>definição:</small>&ensp;uma linha ou rota ao longo do qual algo viaja ou se move</small><br>,"<small><small>lexemas:</small></small>&ensp;caminho, curso, direcção, trajetória<br>",
accipio,lilaLemma:87119,"<small><small>synset_id:&ensp;<a href=""https://www.openwordnet-pt.org/synset?id=02107248-v"" target=""_blank"">02107248-v</a></small></small><br>",<small><small>categoria:&ensp;percepção</small></small><br>,<small><small>definição:</small>&ensp;Registo (perceptual input)</small><br>,"<small><small>lexemas:</small></small>&ensp;captar, pegar, receber<br>","<small><small>valências:&ensp;[ACT,PAT]</small></small><br>"
audio,lilaLemma:90641,"<small><small>synset_id:&ensp;<a href=""https://www.openwordnet-pt.org/synset?id=02171039-v"" target=""_blank"">02171039-v</a></small></small><br>",<small><small>categoria:&ensp;percepção</small></small><br>,<small><small>definição:</small>&ensp;[listen and pay attention]</small><br>,"<small><small>lexemas:</small></small>&ensp;escutar, ouvir<br>","<small><small>valências:&ensp;[ACT,PAT]</small></small><br>"
audio,lilaLemma:90641,"<small><small>synset_id:&ensp;<a href=""https://www.openwordnet-pt.org/synset?id=02169891-v"" target=""_blank"">02169891-v</a></small></small><br>",<small><small>categoria:&ensp;percepção</small></small><br>,<small><small>definição:</small>&ensp;[hear with intention]</small><br>,"<small><small>lexemas:</small></small>&ensp;dar atenção a, escutar, ouvir<br>","<small><small>valências:&ensp;[ACT,PAT]</small></small><br>"
audio,lilaLemma:90641,"<small><small>synset_id:&ensp;<a href=""https://www.openwordnet-pt.org/synset?id=02169702-v"" target=""_blank"">02169702-v</a></small></small><br>",<small><small>categoria:&ensp;percepção</small></small><br>,<small><small>definição:</small>&ensp;[perceive (sound) via the auditory sense]</small><br>,"<small><small>lexemas:</small></small>&ensp;escutar, ouvir, ouvir dizer, sentir<br>","<small><small>valências:&ensp;[ACT,PAT]</small></small><br>"
cognosco,lilaLemma:94738,"<small><small>synset_id:&ensp;<a href=""https://www.openwordnet-pt.org/synset?id=02193194-v"" target=""_blank"">02193194-v</a></small></small><br>",<small><small>categoria:&ensp;percepção</small></small><br>,<small><small>definição:</small>&ensp;[detect with the senses]</small><br>,"<small><small>lexemas:</small></small>&ensp;discernir, aperceber, avistar, conhecer, detectar, diferenciar, distinguir, identificar, perceber, reconhecer, reparar, sentir<br>","<small><small>valências:&ensp;[ACT,PAT] ou [ACT,ORIG,PAT]</small></small><br>"
cognosco,lilaLemma:94738,"<small><small>synset_id:&ensp;<a href=""https://www.openwordnet-pt.org/synset?id=02154508-v"" target=""_blank"">02154508-v</a></small></small><br>",<small><small>categoria:&ensp;percepção</small></small><br>,"<small><small>definição:</small>&ensp;descobrir ou determinar a existência, presença ou algum fato sobre</small><br>","<small><small>lexemas:</small></small>&ensp;achar, descobrir, detectar, observar, acertar, aclarar, adivinhar, aperceber-se_de, aprender, arranjar, atinar, dar_com, decifrar, denotar, encontrar, localizar, notar, solucionar, ver<br>","<small><small>valências:&ensp;[ACT,PAT]</small></small><br>"
credo,lilaLemma:96881,"<small><small>synset_id:&ensp;<a href=""https://www.openwordnet-pt.org/synset?id=02166460-v"" target=""_blank"">02166460-v</a></small></small><br>",<small><small>categoria:&ensp;percepção</small></small><br>,<small><small>definição:</small>&ensp;[give careful consideration to]</small><br>,"<small><small>lexemas:</small></small>&ensp;considerar, julgar, pensar, compulsar, estimar, estudar, versar<br>","<small><small>valências:&ensp;[ACT,PAT]</small></small><br>"
fero,lilaLemma:103126,"<small><small>synset_id:&ensp;<a href=""https://www.openwordnet-pt.org/synset?id=02141146-v"" target=""_blank"">02141146-v</a></small></small><br>",<small><small>categoria:&ensp;percepção</small></small><br>,<small><small>definição:</small>&ensp;trazer para a exposição</small><br>,<small><small>lexemas:</small></small>&ensp;mostrar<br>,"<small><small>valências:&ensp;[ACT,PAT]</small></small><br>"
fero,lilaLemma:103126,"<small><small>synset_id:&ensp;<a href=""https://www.openwordnet-pt.org/synset?id=02107248-v"" target=""_blank"">02107248-v</a></small></small><br>",<small><small>categoria:&ensp;percepção</small></small><br>,<small><small>definição:</small>&ensp;Registo (perceptual input)</small><br>,"<small><small>lexemas:</small></small>&ensp;captar, pegar, receber<br>","<small><small>valências:&ensp;[ACT,PAT]</small></small><br>"
fero,lilaLemma:103126,"<small><small>synset_id:&ensp;<a href=""https://www.openwordnet-pt.org/synset?id=02108654-v"" target=""_blank"">02108654-v</a></small></small><br>",<small><small>categoria:&ensp;percepção</small></small><br>,<small><small>definição:</small>&ensp;receber como um castigo ou punição</small><br>,"<small><small>lexemas:</small></small>&ensp;pegar, receber, cobrar<br>","<small><small>valências:&ensp;[ACT,PAT]</small></small><br>"
gero,lilaLemma:104536,"<small><small>synset_id:&ensp;<a href=""https://www.openwordnet-pt.org/synset?id=02137132-v"" target=""_blank"">02137132-v</a></small></small><br>",<small><small>categoria:&ensp;percepção</small></small><br>,<small><small>definição:</small>&ensp;fazer visível ou perceptível</small><br>,"<small><small>lexemas:</small></small>&ensp;apresentar, mostrar, afetar, afigurar, assumir, badalar, descobrir, desenfardar, desfraldar, desinternar, divulgar, ensinar, estampar, exibir, expandir, exteriorizar, fazer_ver, franquear, manifestar, patentear, representar, reproduzir, revelar-se, revestir, simular, soltar, suar, vestir<br>","<small><small>valências:&ensp;[ACT,PAT] ou [ACT,PAT,EFF] ou [ACT,ADDR,PAT]</small></small><br>"
habeo,lilaLemma:105044,"<small><small>synset_id:&ensp;<a href=""https://www.openwordnet-pt.org/synset?id=02108377-v"" target=""_blank"">02108377-v</a></small></small><br>",<small><small>categoria:&ensp;percepção</small></small><br>,<small><small>definição:</small>&ensp;passar por uma mudanca</small><br>,"<small><small>lexemas:</small></small>&ensp;experimentar, receber, sofrer<br>","<small><small>valências:&ensp;[ACT,PAT] ou [ACT]</small></small><br>"
quaero,lilaLemma:121047,"<small><small>synset_id:&ensp;<a href=""https://www.openwordnet-pt.org/synset?id=02153709-v"" target=""_blank"">02153709-v</a></small></small><br>",<small><small>categoria:&ensp;percepção</small></small><br>,<small><small>definição:</small>&ensp;Pesquisar ou procurar</small><br>,"<small><small>lexemas:</small></small>&ensp;procurar, revistar, buscar, examinar, olhar<br>","<small><small>valências:&ensp;[ACT,PAT]</small></small><br>"
uideo,lilaLemma:130163,"<small><small>synset_id:&ensp;<a href=""https://www.openwordnet-pt.org/synset?id=02198234-v"" target=""_blank"">02198234-v</a></small></small><br>",<small><small>categoria:&ensp;percepção</small></small><br>,<small><small>definição:</small>&ensp;parecer para sua própria mente ou opinião</small><br>,<small><small>lexemas:</small></small>&ensp;parecer<br>,"<small><small>valências:&ensp;[ACT,PAT,EFF]</small></small><br>"
uideo,lilaLemma:130163,"<small><small>synset_id:&ensp;<a href=""https://www.openwordnet-pt.org/synset?id=02128873-v"" target=""_blank"">02128873-v</a></small></small><br>",<small><small>categoria:&ensp;percepção</small></small><br>,<small><small>definição:</small>&ensp;perceber ou ser contemporâneo com</small><br>,"<small><small>lexemas:</small></small>&ensp;encontrar, ver, testemunhar<br>","<small><small>valências:&ensp;[ACT,PAT]</small></small><br>"
uideo,lilaLemma:130163,"<small><small>synset_id:&ensp;<a href=""https://www.openwordnet-pt.org/synset?id=02151966-v"" target=""_blank"">02151966-v</a></small></small><br>",<small><small>categoria:&ensp;percepção</small></small><br>,"<small><small>definição:</small>&ensp;ser vigilante, estar atento ou cuidando</small><br>","<small><small>lexemas:</small></small>&ensp;ter cuidado, tomar cuidado, policiar, vigiar<br>","<small><small>valências:&ensp;[ACT,PAT] ou [ACT,BEN] ou [ACT]</small></small><br>"
uideo,lilaLemma:130163,"<small><small>synset_id:&ensp;<a href=""https://www.openwordnet-pt.org/synset?id=02134672-v"" target=""_blank"">02134672-v</a></small></small><br>",<small><small>categoria:&ensp;percepção</small></small><br>,"<small><small>definição:</small>&ensp;Parecer ser verdade, provável ou aparente</small><br>",<small><small>lexemas:</small></small>&ensp;parecer<br>,"<small><small>valências:&ensp;[ACT,PAT,EFF] ou [ACT,DIR1,PAT]</small></small><br>"
uideo,lilaLemma:130163,"<small><small>synset_id:&ensp;<a href=""https://www.openwordnet-pt.org/synset?id=02129289-v"" target=""_blank"">02129289-v</a></small></small><br>",<small><small>categoria:&ensp;percepção</small></small><br>,"<small><small>definição:</small>&ensp;perceber pela visão, ou têm o poder de perceber pela visão</small><br>","<small><small>lexemas:</small></small>&ensp;enxergar, olhar, ver<br>","<small><small>valências:&ensp;[ACT,PAT]</small></small><br>"
uideo,lilaLemma:130163,"<small><small>synset_id:&ensp;<a href=""https://www.openwordnet-pt.org/synset?id=02133435-v"" target=""_blank"">02133435-v</a></small></small><br>",<small><small>categoria:&ensp;percepção</small></small><br>,<small><small>definição:</small>&ensp;Dar uma certa impressão ou ter um certo aspecto exterior</small><br>,<small><small>lexemas:</small></small>&ensp;parecer<br>,"<small><small>valências:&ensp;[ACT,PAT] ou [ACT,PAT,EFF] ou [ACT,ADDR]</small></small><br>"
amicus,lilaLemma:88684,"<small><small>synset_id:&ensp;<a href=""https://www.openwordnet-pt.org/synset?id=09622302-n"" target=""_blank"">09622302-n</a></small></small><br>",<small><small>categoria:&ensp;pessoa</small></small><br>,<small><small>definição:</small>&ensp;uma pessoa que ama alguém ou é amado por alguém</small><br>,"<small><small>lexemas:</small></small>&ensp;amado, amante<br>",<small><small>valências:&ensp;[ACT]</small></small><br>
amicus,lilaLemma:88684,"<small><small>synset_id:&ensp;<a href=""https://www.openwordnet-pt.org/synset?id=10059582-n"" target=""_blank"">10059582-n</a></small></small><br>",<small><small>categoria:&ensp;pessoa</small></small><br>,<small><small>definição:</small>&ensp;um ardente defensor e entusiasta de alguma pessoa ou atividade</small><br>,"<small><small>lexemas:</small></small>&ensp;entusiasta, partidário<br>",<small><small>valências:&ensp;[PAT]</small></small><br>
amicus,lilaLemma:88684,"<small><small>synset_id:&ensp;<a href=""https://www.openwordnet-pt.org/synset?id=10112591-n"" target=""_blank"">10112591-n</a></small></small><br>",<small><small>categoria:&ensp;pessoa</small></small><br>,<small><small>definição:</small>&ensp;uma pessoa que você conhece bem e conta com afeto e confiança</small><br>,"<small><small>lexemas:</small></small>&ensp;amiga, amigo, amizade, camarada, conhecido<br>",<small><small>valências:&ensp;[ACT]</small></small><br>
amicus,lilaLemma:88684,"<small><small>synset_id:&ensp;<a href=""https://www.openwordnet-pt.org/synset?id=10099375-n"" target=""_blank"">10099375-n</a></small></small><br>",<small><small>categoria:&ensp;pessoa</small></small><br>,<small><small>definição:</small>&ensp;Uma pessoa que aceita a liderança de outro</small><br>,"<small><small>lexemas:</small></small>&ensp;seguidor, partidário, sectário<br>",<small><small>valências:&ensp;[PAT]</small></small><br>
amicus,lilaLemma:88684,"<small><small>synset_id:&ensp;<a href=""https://www.openwordnet-pt.org/synset?id=09785042-n"" target=""_blank"">09785042-n</a></small></small><br>",<small><small>categoria:&ensp;pessoa</small></small><br>,<small><small>definição:</small>&ensp;um associado que presta cooperação ou assistência</small><br>,"<small><small>lexemas:</small></small>&ensp;aliada, aliado, amigo<br>",
amicus,lilaLemma:88684,"<small><small>synset_id:&ensp;<a href=""https://www.openwordnet-pt.org/synset?id=10016103-n"" target=""_blank"">10016103-n</a></small></small><br>",<small><small>categoria:&ensp;pessoa</small></small><br>,<small><small>definição:</small>&ensp;alguém que acredita e ajuda a espalhar a doutrina de outro</small><br>,"<small><small>lexemas:</small></small>&ensp;adepto, aluno, apóstolo, discípulo, estudante, seguidor, partidário<br>",<small><small>valências:&ensp;[PAT]</small></small><br>
amicus,lilaLemma:88684,"<small><small>synset_id:&ensp;<a href=""https://www.openwordnet-pt.org/synset?id=10407954-n"" target=""_blank"">10407954-n</a></small></small><br>",<small><small>categoria:&ensp;pessoa</small></small><br>,<small><small>definição:</small>&ensp;alguém que apóia ou suporta algo</small><br>,"<small><small>lexemas:</small></small>&ensp;fiador, padrinho, colaborador<br>",<small><small>valências:&ensp;[PAT]</small></small><br>
amicus,lilaLemma:88684,"<small><small>synset_id:&ensp;<a href=""https://www.openwordnet-pt.org/synset?id=09815790-n"" target=""_blank"">09815790-n</a></small></small><br>",<small><small>categoria:&ensp;pessoa</small></small><br>,<small><small>definição:</small>&ensp;uma pessoa que contribui para a realização de uma necessidade ou fomento de um esforço ou propósito</small><br>,"<small><small>lexemas:</small></small>&ensp;ajudante, assistente, criado, servidor, acólito, adjutor, adjuvante, ajuda, assessor, auxiliar, colaborador<br>",<small><small>valências:&ensp;[ACT] ou [PAT]</small></small><br>
animus,lilaLemma:89094,"<small><small>synset_id:&ensp;<a href=""https://www.openwordnet-pt.org/synset?id=09621545-n"" target=""_blank"">09621545-n</a></small></small><br>",<small><small>categoria:&ensp;pessoa</small></small><br>,<small><small>definição:</small>&ensp;uma pessoa que usa a mente criativa</small><br>,"<small><small>lexemas:</small></small>&ensp;intelecto, intelectual<br>",
animus,lilaLemma:89094,"<small><small>synset_id:&ensp;<a href=""https://www.openwordnet-pt.org/synset?id=10708292-n"" target=""_blank"">10708292-n</a></small></small><br>",<small><small>categoria:&ensp;pessoa</small></small><br>,<small><small>definição:</small>&ensp;um intelectual importante</small><br>,"<small><small>lexemas:</small></small>&ensp;intelectual, mente, pensador<br>",
animus,lilaLemma:89094,"<small><small>synset_id:&ensp;<a href=""https://www.openwordnet-pt.org/synset?id=10627082-n"" target=""_blank"">10627082-n</a></small></small><br>",<small><small>categoria:&ensp;pessoa</small></small><br>,<small><small>definição:</small>&ensp;a parte imaterial de uma pessoa; a causa de actuação de uma vida individual</small><br>,"<small><small>lexemas:</small></small>&ensp;alma, psiquê<br>",
ciuis,lilaLemma:94399,"<small><small>synset_id:&ensp;<a href=""https://www.openwordnet-pt.org/synset?id=09970963-n"" target=""_blank"">09970963-n</a></small></small><br>",<small><small>categoria:&ensp;pessoa</small></small><br>,<small><small>definição:</small>&ensp;um homem do seu próprio país</small><br>,<small><small>lexemas:</small></small>&ensp;compatriota<br>,
ciuis,lilaLemma:94399,"<small><small>synset_id:&ensp;<a href=""https://www.openwordnet-pt.org/synset?id=09923673-n"" target=""_blank"">09923673-n</a></small></small><br>",<small><small>categoria:&ensp;pessoa</small></small><br>,"<small><small>definição:</small>&ensp;membro, nativo ou naturalizado, de um estado ou de uma outra comunidade política</small><br>","<small><small>lexemas:</small></small>&ensp;cidadã, cidadão, habitante<br>",
ciuitas,lilaLemma:94400,"<small><small>synset_id:&ensp;<a href=""https://www.openwordnet-pt.org/synset?id=09923673-n"" target=""_blank"">09923673-n</a></small></small><br>",<small><small>categoria:&ensp;pessoa</small></small><br>,"<small><small>definição:</small>&ensp;membro, nativo ou naturalizado, de um estado ou de uma outra comunidade política</small><br>","<small><small>lexemas:</small></small>&ensp;cidadã, cidadão, habitante<br>",
consilium,lilaLemma:96060,"<small><small>synset_id:&ensp;<a href=""https://www.openwordnet-pt.org/synset?id=09774266-n"" target=""_blank"">09774266-n</a></small></small><br>",<small><small>categoria:&ensp;pessoa</small></small><br>,<small><small>definição:</small>&ensp;um especialista que dá conselhos</small><br>,"<small><small>lexemas:</small></small>&ensp;assessor, conselheiro, consultor, orientador, especialista, instigador, perito, persuasor<br>","<small><small>valências:&ensp;[PAT] ou [ACT,PAT] ou [ACT,ADDR]</small></small><br>"
consul,lilaLemma:96181,"<small><small>synset_id:&ensp;<a href=""https://www.openwordnet-pt.org/synset?id=10372373-n"" target=""_blank"">10372373-n</a></small></small><br>",<small><small>categoria:&ensp;pessoa</small></small><br>,<small><small>definição:</small>&ensp;um trabalhador que detém ou está investido de um cargo</small><br>,"<small><small>lexemas:</small></small>&ensp;funcionário, serventuário, servidor público, servidor_público<br>",<small><small>valências:&ensp;[PAT]</small></small><br>
deus,lilaLemma:99132,"<small><small>synset_id:&ensp;<a href=""https://www.openwordnet-pt.org/synset?id=10133307-n"" target=""_blank"">10133307-n</a></small></small><br>",<small><small>categoria:&ensp;pessoa</small></small><br>,<small><small>definição:</small>&ensp;um homem de qualidades superiores que ele parece ser uma divindade para outras pessoas</small><br>,<small><small>lexemas:</small></small>&ensp;deus<br>,
deus,lilaLemma:99132,"<small><small>synset_id:&ensp;<a href=""https://www.openwordnet-pt.org/synset?id=09505418-n"" target=""_blank"">09505418-n</a></small></small><br>",<small><small>categoria:&ensp;pessoa</small></small><br>,<small><small>definição:</small>&ensp;qualquer sobrenatural sendo adorado como parte de alguma parte do mundo ou algum aspecto da vida ou quem é a personificação de uma força</small><br>,"<small><small>lexemas:</small></small>&ensp;Deidades, Deus, deidade, deus, deusa, divindade, divinidade, demiurgo, divo, espírito, génio, nume, númen, ídolo<br>",
dominus,lilaLemma:98084,"<small><small>synset_id:&ensp;<a href=""https://www.openwordnet-pt.org/synset?id=10298647-n"" target=""_blank"">10298647-n</a></small></small><br>",<small><small>categoria:&ensp;pessoa</small></small><br>,<small><small>definição:</small>&ensp;orienta o trabalho dos outros</small><br>,"<small><small>lexemas:</small></small>&ensp;chefe, mestre, patrão<br>",<small><small>valências:&ensp;[PAT]</small></small><br>
dominus,lilaLemma:98084,"<small><small>synset_id:&ensp;<a href=""https://www.openwordnet-pt.org/synset?id=10388924-n"" target=""_blank"">10388924-n</a></small></small><br>",<small><small>categoria:&ensp;pessoa</small></small><br>,<small><small>definição:</small>&ensp;(lei) alguém que é dono (é o proprietário legal) de um negócio</small><br>,"<small><small>lexemas:</small></small>&ensp;dono, proprietário, amo, titular<br>",<small><small>valências:&ensp;[PAT]</small></small><br>
dominus,lilaLemma:98084,"<small><small>synset_id:&ensp;<a href=""https://www.openwordnet-pt.org/synset?id=10389398-n"" target=""_blank"">10389398-n</a></small></small><br>",<small><small>categoria:&ensp;pessoa</small></small><br>,<small><small>definição:</small>&ensp;uma pessoa que possui algo</small><br>,"<small><small>lexemas:</small></small>&ensp;amo, dono, possuidor, proprietário, fidalgo, possessor, senhor<br>",<small><small>valências:&ensp;[PAT]</small></small><br>
dominus,lilaLemma:98084,"<small><small>synset_id:&ensp;<a href=""https://www.openwordnet-pt.org/synset?id=10388440-n"" target=""_blank"">10388440-n</a></small></small><br>",<small><small>categoria:&ensp;pessoa</small></small><br>,<small><small>definição:</small>&ensp;uma pessoa que tem autoridade geral sobre os outros</small><br>,"<small><small>lexemas:</small></small>&ensp;castelão, senhor, aio, ama-seca, ama_de_leite, amo, governanta, mestre, precetor<br>",<small><small>valências:&ensp;[PAT]</small></small><br>
filius,lilaLemma:103307,"<small><small>synset_id:&ensp;<a href=""https://www.openwordnet-pt.org/synset?id=10624074-n"" target=""_blank"">10624074-n</a></small></small><br>",<small><small>categoria:&ensp;pessoa</small></small><br>,<small><small>definição:</small>&ensp;Um descendente humano masculino</small><br>,"<small><small>lexemas:</small></small>&ensp;filho, garoto, menino<br>",
filius,lilaLemma:103307,"<small><small>synset_id:&ensp;<a href=""https://www.openwordnet-pt.org/synset?id=09918248-n"" target=""_blank"">09918248-n</a></small></small><br>",<small><small>categoria:&ensp;pessoa</small></small><br>,<small><small>definição:</small>&ensp;um filho ou filha de qualquer idade</small><br>,"<small><small>lexemas:</small></small>&ensp;criança, filho, menino<br>",
filius,lilaLemma:103307,"<small><small>synset_id:&ensp;<a href=""https://www.openwordnet-pt.org/synset?id=10006511-n"" target=""_blank"">10006511-n</a></small></small><br>",<small><small>categoria:&ensp;pessoa</small></small><br>,<small><small>definição:</small>&ensp;uma pessoa considerada como descendentes de um ancestral ou corrida</small><br>,<small><small>lexemas:</small></small>&ensp;descendente<br>,
filius,lilaLemma:103307,"<small><small>synset_id:&ensp;<a href=""https://www.openwordnet-pt.org/synset?id=10285938-n"" target=""_blank"">10285938-n</a></small></small><br>",<small><small>categoria:&ensp;pessoa</small></small><br>,<small><small>definição:</small>&ensp;uma criança que é masculina</small><br>,"<small><small>lexemas:</small></small>&ensp;menino, rapaz<br>",
hostis,lilaLemma:105757,"<small><small>synset_id:&ensp;<a href=""https://www.openwordnet-pt.org/synset?id=10661216-n"" target=""_blank"">10661216-n</a></small></small><br>",<small><small>categoria:&ensp;pessoa</small></small><br>,<small><small>definição:</small>&ensp;um indivíduo com quem não se está familiarizado</small><br>,"<small><small>lexemas:</small></small>&ensp;desconhecido, estrangeiro<br>",<small><small>valências:&ensp;[LOC]</small></small><br>
hostis,lilaLemma:105757,"<small><small>synset_id:&ensp;<a href=""https://www.openwordnet-pt.org/synset?id=10661002-n"" target=""_blank"">10661002-n</a></small></small><br>",<small><small>categoria:&ensp;pessoa</small></small><br>,<small><small>definição:</small>&ensp;qualquer um que não pertencem ao ambiente em que se encontram</small><br>,"<small><small>lexemas:</small></small>&ensp;estrangeiro, estranho<br>",
hostis,lilaLemma:105757,"<small><small>synset_id:&ensp;<a href=""https://www.openwordnet-pt.org/synset?id=10055847-n"" target=""_blank"">10055847-n</a></small></small><br>",<small><small>categoria:&ensp;pessoa</small></small><br>,<small><small>definição:</small>&ensp;um adversário armado (especialmente um membro de uma força militar de oposição)</small><br>,<small><small>lexemas:</small></small>&ensp;inimigo<br>,<small><small>valências:&ensp;[PAT]</small></small><br>
hostis,lilaLemma:105757,"<small><small>synset_id:&ensp;<a href=""https://www.openwordnet-pt.org/synset?id=10098710-n"" target=""_blank"">10098710-n</a></small></small><br>",<small><small>categoria:&ensp;pessoa</small></small><br>,<small><small>definição:</small>&ensp;um inimigo pessoal</small><br>,"<small><small>lexemas:</small></small>&ensp;inimigo, opositor, contrário<br>",<small><small>valências:&ensp;[PAT]</small></small><br>
hostis,lilaLemma:105757,"<small><small>synset_id:&ensp;<a href=""https://www.openwordnet-pt.org/synset?id=10103485-n"" target=""_blank"">10103485-n</a></small></small><br>",<small><small>categoria:&ensp;pessoa</small></small><br>,<small><small>definição:</small>&ensp;uma pessoa que vem de um país estrangeiro; alguém que não devo lealdade a seu país</small><br>,"<small><small>lexemas:</small></small>&ensp;estrangeira, estrangeiro<br>",
genus,lilaLemma:104504,"<small><small>synset_id:&ensp;<a href=""https://www.openwordnet-pt.org/synset?id=09918248-n"" target=""_blank"">09918248-n</a></small></small><br>",<small><small>categoria:&ensp;pessoa</small></small><br>,<small><small>definição:</small>&ensp;um filho ou filha de qualquer idade</small><br>,"<small><small>lexemas:</small></small>&ensp;criança, filho, menino<br>",
genus,lilaLemma:104504,"<small><small>synset_id:&ensp;<a href=""https://www.openwordnet-pt.org/synset?id=10373998-n"" target=""_blank"">10373998-n</a></small></small><br>",<small><small>categoria:&ensp;pessoa</small></small><br>,<small><small>definição:</small>&ensp;os descendentes imediatos de uma pessoa</small><br>,"<small><small>lexemas:</small></small>&ensp;descendente, descendência, filho, geração, prole, ramo<br>",<small><small>valências:&ensp;[ACT]</small></small><br>
homo,lilaLemma:105624,"<small><small>synset_id:&ensp;<a href=""https://www.openwordnet-pt.org/synset?id=10287213-n"" target=""_blank"">10287213-n</a></small></small><br>",<small><small>categoria:&ensp;pessoa</small></small><br>,<small><small>definição:</small>&ensp;uma pessoa adulta que é masculina (ao contrário de uma mulher)</small><br>,"<small><small>lexemas:</small></small>&ensp;homem, varão<br>",<small><small>valências:&ensp;[ACT]</small></small><br>
homo,lilaLemma:105624,"<small><small>synset_id:&ensp;<a href=""https://www.openwordnet-pt.org/synset?id=10582746-n"" target=""_blank"">10582746-n</a></small></small><br>",<small><small>categoria:&ensp;pessoa</small></small><br>,<small><small>definição:</small>&ensp;alguém que serve nas forças armadas; um membro de uma força militar</small><br>,<small><small>lexemas:</small></small>&ensp;militar<br>,<small><small>valências:&ensp;[ACT]</small></small><br>
imperium,lilaLemma:106532,"<small><small>synset_id:&ensp;<a href=""https://www.openwordnet-pt.org/synset?id=10317007-n"" target=""_blank"">10317007-n</a></small></small><br>",<small><small>categoria:&ensp;pessoa</small></small><br>,"<small><small>definição:</small>&ensp;qualquer pessoa nas forças armadas, que detém uma posição de autoridade ou de comando</small><br>",<small><small>lexemas:</small></small>&ensp;oficial<br>,
imperium,lilaLemma:106532,"<small><small>synset_id:&ensp;<a href=""https://www.openwordnet-pt.org/synset?id=09824361-n"" target=""_blank"">09824361-n</a></small></small><br>",<small><small>categoria:&ensp;pessoa</small></small><br>,<small><small>definição:</small>&ensp;um perito cujas opiniões são tomadas como definitivas</small><br>,"<small><small>lexemas:</small></small>&ensp;autoridade, chefia<br>",<small><small>valências:&ensp;[PAT] ou [ACT]</small></small><br>
imperium,lilaLemma:106532,"<small><small>synset_id:&ensp;<a href=""https://www.openwordnet-pt.org/synset?id=09824609-n"" target=""_blank"">09824609-n</a></small></small><br>",<small><small>categoria:&ensp;pessoa</small></small><br>,<small><small>definição:</small>&ensp;pessoas (geralmente no plural) que exercem controle (administrativo) sobre outros</small><br>,<small><small>lexemas:</small></small>&ensp;autoridade<br>,<small><small>valências:&ensp;[ACT]</small></small><br>
imperium,lilaLemma:106532,"<small><small>synset_id:&ensp;<a href=""https://www.openwordnet-pt.org/synset?id=10162991-n"" target=""_blank"">10162991-n</a></small></small><br>",<small><small>categoria:&ensp;pessoa</small></small><br>,<small><small>definição:</small>&ensp;uma pessoa que tem a seu cargo</small><br>,"<small><small>lexemas:</small></small>&ensp;cabeça, chefe, liderança, líder, responsável<br>",
iudex,lilaLemma:109161,"<small><small>synset_id:&ensp;<a href=""https://www.openwordnet-pt.org/synset?id=09803429-n"" target=""_blank"">09803429-n</a></small></small><br>",<small><small>categoria:&ensp;pessoa</small></small><br>,<small><small>definição:</small>&ensp;Alguém escolhido para julgar e decidir um tema polêmico</small><br>,"<small><small>lexemas:</small></small>&ensp;juiz, árbitro<br>",<small><small>valências:&ensp;[PAT]</small></small><br>
iudex,lilaLemma:109161,"<small><small>synset_id:&ensp;<a href=""https://www.openwordnet-pt.org/synset?id=10225219-n"" target=""_blank"">10225219-n</a></small></small><br>",<small><small>categoria:&ensp;pessoa</small></small><br>,<small><small>definição:</small>&ensp;um funcionário público autorizado a decidir questões apresentadas perante um tribunal de justiça</small><br>,"<small><small>lexemas:</small></small>&ensp;juiz, jurista, magistrado, official de justiça, justiça<br>",
iudex,lilaLemma:109161,"<small><small>synset_id:&ensp;<a href=""https://www.openwordnet-pt.org/synset?id=10066732-n"" target=""_blank"">10066732-n</a></small></small><br>",<small><small>categoria:&ensp;pessoa</small></small><br>,<small><small>definição:</small>&ensp;uma autoridade que é capaz de estimar o valor ou qualidade</small><br>,"<small><small>lexemas:</small></small>&ensp;avaliador, julgador, juíza, julgadora<br>",
manus,lilaLemma:111585,"<small><small>synset_id:&ensp;<a href=""https://www.openwordnet-pt.org/synset?id=10461424-n"" target=""_blank"">10461424-n</a></small></small><br>",<small><small>categoria:&ensp;pessoa</small></small><br>,<small><small>definição:</small>&ensp;algo que possui poder ou influencia ou autoridade</small><br>,"<small><small>lexemas:</small></small>&ensp;força, poder, valentia, vigor<br>","<small><small>valências:&ensp;[ACT,PAT] ou [ACT,ADDR]</small></small><br>"
miles,lilaLemma:112318,"<small><small>synset_id:&ensp;<a href=""https://www.openwordnet-pt.org/synset?id=10622053-n"" target=""_blank"">10622053-n</a></small></small><br>",<small><small>categoria:&ensp;pessoa</small></small><br>,<small><small>definição:</small>&ensp;um homem ou uma mulher que serve alistado no exército</small><br>,"<small><small>lexemas:</small></small>&ensp;militar, soldado<br>",<small><small>valências:&ensp;[ACMP] ou [ACT]</small></small><br>
miles,lilaLemma:112318,"<small><small>synset_id:&ensp;<a href=""https://www.openwordnet-pt.org/synset?id=10204921-n"" target=""_blank"">10204921-n</a></small></small><br>",<small><small>categoria:&ensp;pessoa</small></small><br>,<small><small>definição:</small>&ensp;alguem que luta a pé com armas reduzidas</small><br>,"<small><small>lexemas:</small></small>&ensp;soldado de infantaria, infante<br>",
mors,lilaLemma:112807,"<small><small>synset_id:&ensp;<a href=""https://www.openwordnet-pt.org/synset?id=09488259-n"" target=""_blank"">09488259-n</a></small></small><br>",<small><small>categoria:&ensp;pessoa</small></small><br>,<small><small>definição:</small>&ensp;a personificação da morte</small><br>,<small><small>lexemas:</small></small>&ensp;Morte<br>,
nomen,lilaLemma:113797,"<small><small>synset_id:&ensp;<a href=""https://www.openwordnet-pt.org/synset?id=10344443-n"" target=""_blank"">10344443-n</a></small></small><br>",<small><small>categoria:&ensp;pessoa</small></small><br>,<small><small>definição:</small>&ensp;uma pessoa bem conhecida ou notável</small><br>,"<small><small>lexemas:</small></small>&ensp;figura publica, nome, pessoa, figura<br>",
pars,lilaLemma:116084,"<small><small>synset_id:&ensp;<a href=""https://www.openwordnet-pt.org/synset?id=10402824-n"" target=""_blank"">10402824-n</a></small></small><br>",<small><small>categoria:&ensp;pessoa</small></small><br>,<small><small>definição:</small>&ensp;uma pessoa envolvida em processos judiciais</small><br>,<small><small>lexemas:</small></small>&ensp;parte<br>,<small><small>valências:&ensp;[PAT] ou [MAT]</small></small><br>
pars,lilaLemma:116084,"<small><small>synset_id:&ensp;<a href=""https://www.openwordnet-pt.org/synset?id=10307234-n"" target=""_blank"">10307234-n</a></small></small><br>",<small><small>categoria:&ensp;pessoa</small></small><br>,<small><small>definição:</small>&ensp;uma das pessoas que a compõem um grupo social (especialmente os indivíduos que se juntaram e participar de uma organização do grupo)</small><br>,<small><small>lexemas:</small></small>&ensp;membro<br>,<small><small>valências:&ensp;[MAT]</small></small><br>
pater,lilaLemma:116203,"<small><small>synset_id:&ensp;<a href=""https://www.openwordnet-pt.org/synset?id=10399491-n"" target=""_blank"">10399491-n</a></small></small><br>",<small><small>categoria:&ensp;pessoa</small></small><br>,<small><small>definição:</small>&ensp;um pai ou mãe; aquele que gera ou aquele que dá à luz ou nutre e levanta uma criança; um parente que desempenha o papel de guardião</small><br>,"<small><small>lexemas:</small></small>&ensp;genitor, mãe, pai, progenitor<br>",<small><small>valências:&ensp;[APP]</small></small><br>
pater,lilaLemma:116203,"<small><small>synset_id:&ensp;<a href=""https://www.openwordnet-pt.org/synset?id=10080869-n"" target=""_blank"">10080869-n</a></small></small><br>",<small><small>categoria:&ensp;pessoa</small></small><br>,<small><small>definição:</small>&ensp;um pai masculino (também usado como um termo de endereço de seu pai)</small><br>,"<small><small>lexemas:</small></small>&ensp;pai, painho, papai, papá, padre, papa<br>",<small><small>valências:&ensp;[PAT] ou [APP]</small></small><br>
pater,lilaLemma:116203,"<small><small>synset_id:&ensp;<a href=""https://www.openwordnet-pt.org/synset?id=09536973-n"" target=""_blank"">09536973-n</a></small></small><br>",<small><small>categoria:&ensp;pessoa</small></small><br>,<small><small>definição:</small>&ensp;Deus quando considerado como a primeira pessoa na Trindade</small><br>,<small><small>lexemas:</small></small>&ensp;Pai<br>,<small><small>valências:&ensp;[APP]</small></small><br>
pater,lilaLemma:116203,"<small><small>synset_id:&ensp;<a href=""https://www.openwordnet-pt.org/synset?id=10102800-n"" target=""_blank"">10102800-n</a></small></small><br>",<small><small>categoria:&ensp;pessoa</small></small><br>,<small><small>definição:</small>&ensp;o fundador de uma família</small><br>,"<small><small>lexemas:</small></small>&ensp;antepassado, padre, pai<br>",<small><small>valências:&ensp;[PAT] ou [APP]</small></small><br>
pater,lilaLemma:116203,"<small><small>synset_id:&ensp;<a href=""https://www.openwordnet-pt.org/synset?id=09807754-n"" target=""_blank"">09807754-n</a></small></small><br>",<small><small>categoria:&ensp;pessoa</small></small><br>,<small><small>definição:</small>&ensp;um membro da aristocracia</small><br>,"<small><small>lexemas:</small></small>&ensp;aristocrata, patrício<br>",<small><small>valências:&ensp;[APP]</small></small><br>
pater,lilaLemma:116203,"<small><small>synset_id:&ensp;<a href=""https://www.openwordnet-pt.org/synset?id=10081456-n"" target=""_blank"">10081456-n</a></small></small><br>",<small><small>categoria:&ensp;pessoa</small></small><br>,<small><small>definição:</small>&ensp;uma pessoa que tem uma posição importante ou distinto em alguma organização</small><br>,"<small><small>lexemas:</small></small>&ensp;padre, pai<br>",<small><small>valências:&ensp;[APP]</small></small><br>
pater,lilaLemma:116203,"<small><small>synset_id:&ensp;<a href=""https://www.openwordnet-pt.org/synset?id=10578471-n"" target=""_blank"">10578471-n</a></small></small><br>",<small><small>categoria:&ensp;pessoa</small></small><br>,<small><small>definição:</small>&ensp;um membro de um senado</small><br>,"<small><small>lexemas:</small></small>&ensp;senador, senadora<br>",<small><small>valências:&ensp;[APP]</small></small><br>
pater,lilaLemma:116203,"<small><small>synset_id:&ensp;<a href=""https://www.openwordnet-pt.org/synset?id=10107303-n"" target=""_blank"">10107303-n</a></small></small><br>",<small><small>categoria:&ensp;pessoa</small></small><br>,<small><small>definição:</small>&ensp;uma pessoa que funda ou estabelece alguma instituição</small><br>,"<small><small>lexemas:</small></small>&ensp;fundador, idealizador, iniciador, pai, padre<br>",<small><small>valências:&ensp;[PAT] ou [APP]</small></small><br>
annus,lilaLemma:89129,"<small><small>synset_id:&ensp;<a href=""https://www.openwordnet-pt.org/synset?id=13085864-n"" target=""_blank"">13085864-n</a></small></small><br>",<small><small>categoria:&ensp;planta</small></small><br>,<small><small>definição:</small>&ensp;o rendimento a partir de plantas em uma única estação de crescimento</small><br>,"<small><small>lexemas:</small></small>&ensp;colheita, safra, cultura<br>",
corpus,lilaLemma:96667,"<small><small>synset_id:&ensp;<a href=""https://www.openwordnet-pt.org/synset?id=13096035-n"" target=""_blank"">13096035-n</a></small></small><br>",<small><small>categoria:&ensp;planta</small></small><br>,<small><small>definição:</small>&ensp;uma parte húmida suave de uma fruta</small><br>,"<small><small>lexemas:</small></small>&ensp;Polpa dentária, carne, polpa<br>",
accipio,lilaLemma:87119,"<small><small>synset_id:&ensp;<a href=""https://www.openwordnet-pt.org/synset?id=02210119-v"" target=""_blank"">02210119-v</a></small></small><br>",<small><small>categoria:&ensp;posse</small></small><br>,<small><small>definição:</small>&ensp;[get something; come into possession of]</small><br>,"<small><small>lexemas:</small></small>&ensp;receber, ter<br>","<small><small>valências:&ensp;[ACT,ORIG,PAT] ou [ACT,PAT]</small></small><br>"
accipio,lilaLemma:87119,"<small><small>synset_id:&ensp;<a href=""https://www.openwordnet-pt.org/synset?id=02210855-v"" target=""_blank"">02210855-v</a></small></small><br>",<small><small>categoria:&ensp;posse</small></small><br>,<small><small>definição:</small>&ensp;[come into the possession of something concrete or abstract]</small><br>,"<small><small>lexemas:</small></small>&ensp;adquirir, comprar, obter, receber, alcançar, atingir, conseguir, haver, tomar<br>","<small><small>valências:&ensp;[ACT,PAT] ou [ACT,PAT,DIR1,DIR3] ou [ACT,DIR3,PAT]</small></small><br>"
accipio,lilaLemma:87119,"<small><small>synset_id:&ensp;<a href=""https://www.openwordnet-pt.org/synset?id=02315938-v"" target=""_blank"">02315938-v</a></small></small><br>",<small><small>categoria:&ensp;posse</small></small><br>,<small><small>definição:</small>&ensp;[receive from a predecessor]</small><br>,<small><small>lexemas:</small></small>&ensp;herdar<br>,"<small><small>valências:&ensp;[ACT,ORIG,PAT] ou [ACT,PAT]</small></small><br>"
accipio,lilaLemma:87119,"<small><small>synset_id:&ensp;<a href=""https://www.openwordnet-pt.org/synset?id=02237206-v"" target=""_blank"">02237206-v</a></small></small><br>",<small><small>categoria:&ensp;posse</small></small><br>,<small><small>definição:</small>&ensp;[accept gladly]</small><br>,"<small><small>lexemas:</small></small>&ensp;acolher, sediar<br>","<small><small>valências:&ensp;[ACT,PAT]</small></small><br>"
accipio,lilaLemma:87119,"<small><small>synset_id:&ensp;<a href=""https://www.openwordnet-pt.org/synset?id=02236124-v"" target=""_blank"">02236124-v</a></small></small><br>",<small><small>categoria:&ensp;posse</small></small><br>,<small><small>definição:</small>&ensp;A única garota que o aceitaria era a filha do moleiro</small><br>,"<small><small>lexemas:</small></small>&ensp;aceitar, topar, querer<br>","<small><small>valências:&ensp;[ACT,ORIG,PAT] ou [ACT,PAT]</small></small><br>"
ago,lilaLemma:88140,"<small><small>synset_id:&ensp;<a href=""https://www.openwordnet-pt.org/synset?id=02321757-v"" target=""_blank"">02321757-v</a></small></small><br>",<small><small>categoria:&ensp;posse</small></small><br>,<small><small>definição:</small>&ensp;[take without the owner's consent]</small><br>,"<small><small>lexemas:</small></small>&ensp;furtar, roubar, tirar<br>","<small><small>valências:&ensp;[ACT,ORIG,PAT] ou [ACT,PAT] ou [ACT,DIR1,PAT] ou [ACT,PAT,DIR1]</small></small><br>"
ago,lilaLemma:88140,"<small><small>synset_id:&ensp;<a href=""https://www.openwordnet-pt.org/synset?id=02344568-v"" target=""_blank"">02344568-v</a></small></small><br>",<small><small>categoria:&ensp;posse</small></small><br>,<small><small>definição:</small>&ensp;[steal goods; take as spoils]</small><br>,"<small><small>lexemas:</small></small>&ensp;pilhar, roubar, saquear, despojar<br>","<small><small>valências:&ensp;[ACT,PAT] ou [ACT,PAT,DIR1,DIR3] ou [ACT,ORIG,PAT] ou [ACT,ADDR,PAT]</small></small><br>"
audio,lilaLemma:90641,"<small><small>synset_id:&ensp;<a href=""https://www.openwordnet-pt.org/synset?id=02346895-v"" target=""_blank"">02346895-v</a></small></small><br>",<small><small>categoria:&ensp;posse</small></small><br>,"<small><small>definição:</small>&ensp;[choose and follow; as of theories, ideas, policies, strategies or plans]</small><br>","<small><small>lexemas:</small></small>&ensp;adoptar, adotar, esposar, tomar<br>","<small><small>valências:&ensp;[ACT,PAT]</small></small><br>"
bonum,lilaLemma:91351,"<small><small>synset_id:&ensp;<a href=""https://www.openwordnet-pt.org/synset?id=13370938-n"" target=""_blank"">13370938-n</a></small></small><br>",<small><small>categoria:&ensp;posse</small></small><br>,<small><small>definição:</small>&ensp;uma grande quantidade de riqueza</small><br>,<small><small>lexemas:</small></small>&ensp;fortuna<br>,<small><small>valências:&ensp;[ACT]</small></small><br>
bonum,lilaLemma:91351,"<small><small>synset_id:&ensp;<a href=""https://www.openwordnet-pt.org/synset?id=13244109-n"" target=""_blank"">13244109-n</a></small></small><br>",<small><small>categoria:&ensp;posse</small></small><br>,<small><small>definição:</small>&ensp;algo que pertence a alguém; qualquer posse tangível ou intangível que é propriedade de alguém</small><br>,"<small><small>lexemas:</small></small>&ensp;possessão, propriedade, pertence<br>",
bonum,lilaLemma:91351,"<small><small>synset_id:&ensp;<a href=""https://www.openwordnet-pt.org/synset?id=13250930-n"" target=""_blank"">13250930-n</a></small></small><br>",<small><small>categoria:&ensp;posse</small></small><br>,<small><small>definição:</small>&ensp;tudo que você possui; todos os seus bens (sejam bens imóveis ou bens pessoais) e passivos</small><br>,"<small><small>lexemas:</small></small>&ensp;bem, bens de raiz, fazenda, herança, património, patrimônio, propriedade, riqueza<br>",
capio,lilaLemma:92686,"<small><small>synset_id:&ensp;<a href=""https://www.openwordnet-pt.org/synset?id=02236124-v"" target=""_blank"">02236124-v</a></small></small><br>",<small><small>categoria:&ensp;posse</small></small><br>,<small><small>definição:</small>&ensp;A única garota que o aceitaria era a filha do moleiro</small><br>,"<small><small>lexemas:</small></small>&ensp;aceitar, topar, querer<br>","<small><small>valências:&ensp;[ACT,ORIG,PAT] ou [ACT,PAT]</small></small><br>"
capio,lilaLemma:92686,"<small><small>synset_id:&ensp;<a href=""https://www.openwordnet-pt.org/synset?id=02238085-v"" target=""_blank"">02238085-v</a></small></small><br>",<small><small>categoria:&ensp;posse</small></small><br>,<small><small>definição:</small>&ensp;[come into possession of]</small><br>,"<small><small>lexemas:</small></small>&ensp;obter, adquirir, conseguir<br>","<small><small>valências:&ensp;[ACT,PAT] ou [ACT,PAT,ORIG]</small></small><br>"
capio,lilaLemma:92686,"<small><small>synset_id:&ensp;<a href=""https://www.openwordnet-pt.org/synset?id=02292125-v"" target=""_blank"">02292125-v</a></small></small><br>",<small><small>categoria:&ensp;posse</small></small><br>,<small><small>definição:</small>&ensp;[obtain]</small><br>,"<small><small>lexemas:</small></small>&ensp;auferir, ganhar, receber<br>","<small><small>valências:&ensp;[ACT,PAT] ou [ACT,PAT,DIR1,DIR3] ou [ACT,ORIG,PAT]</small></small><br>"
capio,lilaLemma:92686,"<small><small>synset_id:&ensp;<a href=""https://www.openwordnet-pt.org/synset?id=02315938-v"" target=""_blank"">02315938-v</a></small></small><br>",<small><small>categoria:&ensp;posse</small></small><br>,<small><small>definição:</small>&ensp;[receive from a predecessor]</small><br>,<small><small>lexemas:</small></small>&ensp;herdar<br>,"<small><small>valências:&ensp;[ACT,ORIG,PAT] ou [ACT,PAT]</small></small><br>"
capio,lilaLemma:92686,"<small><small>synset_id:&ensp;<a href=""https://www.openwordnet-pt.org/synset?id=02241107-v"" target=""_blank"">02241107-v</a></small></small><br>",<small><small>categoria:&ensp;posse</small></small><br>,<small><small>definição:</small>&ensp;[obtain by coercion or intimidation]</small><br>,<small><small>lexemas:</small></small>&ensp;extorquir<br>,"<small><small>valências:&ensp;[ACT,PAT] ou [ACT,EFF,PAT] ou [ACT,PAT,DIR1] ou [ACT,ADDR,PAT]</small></small><br>"
capio,lilaLemma:92686,"<small><small>synset_id:&ensp;<a href=""https://www.openwordnet-pt.org/synset?id=02209936-v"" target=""_blank"">02209936-v</a></small></small><br>",<small><small>categoria:&ensp;posse</small></small><br>,<small><small>definição:</small>&ensp;[make use of or accept for some purpose]</small><br>,"<small><small>lexemas:</small></small>&ensp;assumir, admitir<br>","<small><small>valências:&ensp;[ACT,PAT]</small></small><br>"
capio,lilaLemma:92686,"<small><small>synset_id:&ensp;<a href=""https://www.openwordnet-pt.org/synset?id=02315525-v"" target=""_blank"">02315525-v</a></small></small><br>",<small><small>categoria:&ensp;posse</small></small><br>,<small><small>definição:</small>&ensp;[obtain from someone after their death]</small><br>,"<small><small>lexemas:</small></small>&ensp;herdar, herança<br>","<small><small>valências:&ensp;[ACT,PAT]</small></small><br>"
capio,lilaLemma:92686,"<small><small>synset_id:&ensp;<a href=""https://www.openwordnet-pt.org/synset?id=02272549-v"" target=""_blank"">02272549-v</a></small></small><br>",<small><small>categoria:&ensp;posse</small></small><br>,"<small><small>definição:</small>&ensp;[take possession of by force, as after an invasion]</small><br>","<small><small>lexemas:</small></small>&ensp;apropriar-se, capturar, conquistar, tomar<br>","<small><small>valências:&ensp;[ACT,ORIG,PAT] ou [ACT,PAT] ou [ACT,PAT,ORIG]</small></small><br>"
capio,lilaLemma:92686,"<small><small>synset_id:&ensp;<a href=""https://www.openwordnet-pt.org/synset?id=02241621-v"" target=""_blank"">02241621-v</a></small></small><br>",<small><small>categoria:&ensp;posse</small></small><br>,<small><small>definição:</small>&ensp;[obtain through intimidation]</small><br>,"<small><small>lexemas:</small></small>&ensp;extorquir, arrancar<br>","<small><small>valências:&ensp;[ACT,PAT] ou [ACT,PAT,DIR1]</small></small><br>"
cognosco,lilaLemma:94738,"<small><small>synset_id:&ensp;<a href=""https://www.openwordnet-pt.org/synset?id=02286687-v"" target=""_blank"">02286687-v</a></small></small><br>",<small><small>categoria:&ensp;posse</small></small><br>,<small><small>definição:</small>&ensp;[find unexpectedly]</small><br>,"<small><small>lexemas:</small></small>&ensp;achar, descobrir, encontrar<br>","<small><small>valências:&ensp;[ACT,PAT] ou [ACT,BEN]</small></small><br>"
credo,lilaLemma:96881,"<small><small>synset_id:&ensp;<a href=""https://www.openwordnet-pt.org/synset?id=02265726-v"" target=""_blank"">02265726-v</a></small></small><br>",<small><small>categoria:&ensp;posse</small></small><br>,<small><small>definição:</small>&ensp;[extend credit to]</small><br>,"<small><small>lexemas:</small></small>&ensp;dar credito, confiar, fiar<br>","<small><small>valências:&ensp;[ACT,ADDR,PAT]</small></small><br>"
credo,lilaLemma:96881,"<small><small>synset_id:&ensp;<a href=""https://www.openwordnet-pt.org/synset?id=02349212-v"" target=""_blank"">02349212-v</a></small></small><br>",<small><small>categoria:&ensp;posse</small></small><br>,<small><small>definição:</small>&ensp;confiar algo a alguém</small><br>,"<small><small>lexemas:</small></small>&ensp;comissionar, confiar, confidenciar, entregar, incumbir, acreditar, afiançar, apoiar-se, ater-se, cometer, dar_crédito_a, encarregar, fiar, fiar-se, fiar-se_em, recorrer<br>","<small><small>valências:&ensp;[ACT,ADDR,PAT] ou [ACT,BEN] ou [ACT,PAT] ou [ACT,PAT,ADDR]</small></small><br>"
credo,lilaLemma:96881,"<small><small>synset_id:&ensp;<a href=""https://www.openwordnet-pt.org/synset?id=02356230-v"" target=""_blank"">02356230-v</a></small></small><br>",<small><small>categoria:&ensp;posse</small></small><br>,<small><small>definição:</small>&ensp;[put into the care or protection of someone]</small><br>,"<small><small>lexemas:</small></small>&ensp;entregar, confiar, deixar<br>","<small><small>valências:&ensp;[ACT,ADDR,PAT] ou [ACT,PAT] ou [ACT,PAT,ADDR]</small></small><br>"
debeo,lilaLemma:97963,"<small><small>synset_id:&ensp;<a href=""https://www.openwordnet-pt.org/synset?id=02253956-v"" target=""_blank"">02253956-v</a></small></small><br>",<small><small>categoria:&ensp;posse</small></small><br>,<small><small>definição:</small>&ensp;[be in debt]</small><br>,<small><small>lexemas:</small></small>&ensp;dever<br>,"<small><small>valências:&ensp;[ACT,PAT,ADDR]</small></small><br>"
debeo,lilaLemma:97963,"<small><small>synset_id:&ensp;<a href=""https://www.openwordnet-pt.org/synset?id=02254155-v"" target=""_blank"">02254155-v</a></small></small><br>",<small><small>categoria:&ensp;posse</small></small><br>,<small><small>definição:</small>&ensp;[be obliged to pay or repay]</small><br>,<small><small>lexemas:</small></small>&ensp;dever<br>,"<small><small>valências:&ensp;[ACT,PAT,ADDR]</small></small><br>"
do,lilaLemma:99970,"<small><small>synset_id:&ensp;<a href=""https://www.openwordnet-pt.org/synset?id=02317094-v"" target=""_blank"">02317094-v</a></small></small><br>",<small><small>categoria:&ensp;posse</small></small><br>,"<small><small>definição:</small>&ensp;conceder, especialmente oficialmente</small><br>","<small><small>lexemas:</small></small>&ensp;dar, garantir, outorgar, atribuir, conceder, conferir<br>","<small><small>valências:&ensp;[ACT,PAT,ADDR] ou [ACT,ADDR,PAT] ou [ACT,ADDR]</small></small><br>"
do,lilaLemma:99970,"<small><small>synset_id:&ensp;<a href=""https://www.openwordnet-pt.org/synset?id=02255462-v"" target=""_blank"">02255462-v</a></small></small><br>",<small><small>categoria:&ensp;posse</small></small><br>,<small><small>definição:</small>&ensp;deixar ter</small><br>,"<small><small>lexemas:</small></small>&ensp;conceder, dar, outorgar, permitir<br>","<small><small>valências:&ensp;[ACT,PAT,ADDR] ou [ACT,ADDR,PAT] ou [ACT,PAT] ou [ACT,ADDR]</small></small><br>"
do,lilaLemma:99970,"<small><small>synset_id:&ensp;<a href=""https://www.openwordnet-pt.org/synset?id=02200686-v"" target=""_blank"">02200686-v</a></small></small><br>",<small><small>categoria:&ensp;posse</small></small><br>,<small><small>definição:</small>&ensp;[give as a present; make a gift of]</small><br>,"<small><small>lexemas:</small></small>&ensp;dar, dar de presente, entregar, oferecer, regalar, cadastrar, descadastrar, presentear<br>","<small><small>valências:&ensp;[ACT,ADDR,PAT] ou [ACT,PAT,ADDR]</small></small><br>"
do,lilaLemma:99970,"<small><small>synset_id:&ensp;<a href=""https://www.openwordnet-pt.org/synset?id=02230772-v"" target=""_blank"">02230772-v</a></small></small><br>",<small><small>categoria:&ensp;posse</small></small><br>,<small><small>definição:</small>&ensp;[place into the hands or custody of]</small><br>,"<small><small>lexemas:</small></small>&ensp;ceder, dar, entregar, passar, acercar, cadastrar, confiar, deixar, descadastrar, transmitir, traspassar, trespassar, vistoriar<br>","<small><small>valências:&ensp;[ACT,BEN] ou [ACT,PAT,ADDR] ou [ACT,PAT] ou [ACT,LOC,PAT] ou [ACT,ADDR,PAT]</small></small><br>"
do,lilaLemma:99970,"<small><small>synset_id:&ensp;<a href=""https://www.openwordnet-pt.org/synset?id=02347637-v"" target=""_blank"">02347637-v</a></small></small><br>",<small><small>categoria:&ensp;posse</small></small><br>,<small><small>definição:</small>&ensp;dar para outro cuidar</small><br>,<small><small>lexemas:</small></small>&ensp;consignar<br>,"<small><small>valências:&ensp;[ACT,PAT,ADDR]</small></small><br>"
do,lilaLemma:99970,"<small><small>synset_id:&ensp;<a href=""https://www.openwordnet-pt.org/synset?id=02199590-v"" target=""_blank"">02199590-v</a></small></small><br>",<small><small>categoria:&ensp;posse</small></small><br>,<small><small>definição:</small>&ensp;[transfer possession of something concrete or abstract to somebody]</small><br>,"<small><small>lexemas:</small></small>&ensp;dar, entregar, cadastrar, conceder, descadastrar<br>","<small><small>valências:&ensp;[ACT,PAT,ADDR] ou [ACT,ADDR,PAT]</small></small><br>"
do,lilaLemma:99970,"<small><small>synset_id:&ensp;<a href=""https://www.openwordnet-pt.org/synset?id=02324182-v"" target=""_blank"">02324182-v</a></small></small><br>",<small><small>categoria:&ensp;posse</small></small><br>,<small><small>definição:</small>&ensp;[give temporarily; let have for a limited time]</small><br>,"<small><small>lexemas:</small></small>&ensp;emprestar, prestar, deixar<br>","<small><small>valências:&ensp;[ACT,ADDR,PAT] ou [ACT,PAT,ADDR] ou [ACT,PAT] ou [ACT,PAT,LOC]</small></small><br>"
do,lilaLemma:99970,"<small><small>synset_id:&ensp;<a href=""https://www.openwordnet-pt.org/synset?id=02263692-v"" target=""_blank"">02263692-v</a></small></small><br>",<small><small>categoria:&ensp;posse</small></small><br>,<small><small>definição:</small>&ensp;[give as a gift]</small><br>,"<small><small>lexemas:</small></small>&ensp;conceder, entregar, outorgar, dar<br>","<small><small>valências:&ensp;[ACT,ADDR,PAT] ou [ACT,PAT,ADDR] ou [ACT,PAT]</small></small><br>"
do,lilaLemma:99970,"<small><small>synset_id:&ensp;<a href=""https://www.openwordnet-pt.org/synset?id=02296153-v"" target=""_blank"">02296153-v</a></small></small><br>",<small><small>categoria:&ensp;posse</small></small><br>,<small><small>definição:</small>&ensp;transmitir (conhecimento ou habilidades)</small><br>,"<small><small>lexemas:</small></small>&ensp;dar, transmitir, comunicar<br>","<small><small>valências:&ensp;[ACT,PAT] ou [ACT,PAT,ADDR] ou [ACT,ADDR,PAT]</small></small><br>"
do,lilaLemma:99970,"<small><small>synset_id:&ensp;<a href=""https://www.openwordnet-pt.org/synset?id=02316868-v"" target=""_blank"">02316868-v</a></small></small><br>",<small><small>categoria:&ensp;posse</small></small><br>,"<small><small>definição:</small>&ensp;[cause to have, in the abstract sense or physical sense]</small><br>","<small><small>lexemas:</small></small>&ensp;causar, dar, provocar, cadastrar, descadastrar<br>","<small><small>valências:&ensp;[ACT,PAT,ADDR] ou [ACT,PAT] ou [ACT,ADDR,PAT]</small></small><br>"
do,lilaLemma:99970,"<small><small>synset_id:&ensp;<a href=""https://www.openwordnet-pt.org/synset?id=02316649-v"" target=""_blank"">02316649-v</a></small></small><br>",<small><small>categoria:&ensp;posse</small></small><br>,<small><small>definição:</small>&ensp;Entregar-se; render-se ou renunciar seu controle físico a outro</small><br>,"<small><small>lexemas:</small></small>&ensp;ceder, conceder, entregar, submeter-se, sucumbir, largar, outorgar<br>","<small><small>valências:&ensp;[ACT,ADDR] ou [ACT,PAT,ADDR] ou [ACT,ADDR,PAT]</small></small><br>"
do,lilaLemma:99970,"<small><small>synset_id:&ensp;<a href=""https://www.openwordnet-pt.org/synset?id=02251743-v"" target=""_blank"">02251743-v</a></small></small><br>",<small><small>categoria:&ensp;posse</small></small><br>,"<small><small>definição:</small>&ensp;[give money, usually in exchange for goods or services]</small><br>",<small><small>lexemas:</small></small>&ensp;pagar<br>,"<small><small>valências:&ensp;[ACT,PAT,ADDR] ou [ACT,PAT] ou [ACT,ADDR,PAT]</small></small><br>"
do,lilaLemma:99970,"<small><small>synset_id:&ensp;<a href=""https://www.openwordnet-pt.org/synset?id=02253456-v"" target=""_blank"">02253456-v</a></small></small><br>",<small><small>categoria:&ensp;posse</small></small><br>,<small><small>definição:</small>&ensp;[do or give something to somebody in return]</small><br>,"<small><small>lexemas:</small></small>&ensp;compensar, pagar<br>","<small><small>valências:&ensp;[ACT,PAT] ou [ACT,PAT,ADDR] ou [ACT,ADDR,PAT]</small></small><br>"
do,lilaLemma:99970,"<small><small>synset_id:&ensp;<a href=""https://www.openwordnet-pt.org/synset?id=02263346-v"" target=""_blank"">02263346-v</a></small></small><br>",<small><small>categoria:&ensp;posse</small></small><br>,<small><small>definição:</small>&ensp;[present]</small><br>,"<small><small>lexemas:</small></small>&ensp;conceder, conferir, outorgar<br>","<small><small>valências:&ensp;[ACT,ADDR,PAT,REG] ou [ACT,ADDR,PAT] ou [ACT,PAT] ou [ACT,PAT,ADDR]</small></small><br>"
do,lilaLemma:99970,"<small><small>synset_id:&ensp;<a href=""https://www.openwordnet-pt.org/synset?id=02316304-v"" target=""_blank"">02316304-v</a></small></small><br>",<small><small>categoria:&ensp;posse</small></small><br>,<small><small>definição:</small>&ensp;[part with a possession or right]</small><br>,"<small><small>lexemas:</small></small>&ensp;abandonar, deixar, desistir, desobrigar, liberar, renunciar, libertar<br>","<small><small>valências:&ensp;[ACT,PAT] ou [ACT,ADDR] ou [ACT,PAT,ADDR] ou [ACT,PAT,ORIG]</small></small><br>"
do,lilaLemma:99970,"<small><small>synset_id:&ensp;<a href=""https://www.openwordnet-pt.org/synset?id=02296726-v"" target=""_blank"">02296726-v</a></small></small><br>",<small><small>categoria:&ensp;posse</small></small><br>,"<small><small>definição:</small>&ensp;[make available or accessible, provide or furnish]</small><br>",<small><small>lexemas:</small></small>&ensp;oferecer<br>,"<small><small>valências:&ensp;[ACT,PAT,ADDR] ou [ACT,ADDR,PAT] ou [ACT,PAT]</small></small><br>"
do,lilaLemma:99970,"<small><small>synset_id:&ensp;<a href=""https://www.openwordnet-pt.org/synset?id=02255268-v"" target=""_blank"">02255268-v</a></small></small><br>",<small><small>categoria:&ensp;posse</small></small><br>,<small><small>definição:</small>&ensp;[allow to have]</small><br>,"<small><small>lexemas:</small></small>&ensp;conceder, entregar, outorgar<br>","<small><small>valências:&ensp;[ACT,ADDR,PAT] ou [ACT,PAT,ADDR] ou [ACT,PAT]</small></small><br>"
do,lilaLemma:99970,"<small><small>synset_id:&ensp;<a href=""https://www.openwordnet-pt.org/synset?id=02294436-v"" target=""_blank"">02294436-v</a></small></small><br>",<small><small>categoria:&ensp;posse</small></small><br>,"<small><small>definição:</small>&ensp;[administer or bestow, as in small portions]</small><br>","<small><small>lexemas:</small></small>&ensp;conceder, entregar, lidar, atribuir, distribuir, repartir<br>","<small><small>valências:&ensp;[ACT,ADDR,PAT] ou [ACT,PAT] ou [ACT,PAT,ADDR]</small></small><br>"
do,lilaLemma:99970,"<small><small>synset_id:&ensp;<a href=""https://www.openwordnet-pt.org/synset?id=02235842-v"" target=""_blank"">02235842-v</a></small></small><br>",<small><small>categoria:&ensp;posse</small></small><br>,<small><small>definição:</small>&ensp;transmitir ou revelar informações</small><br>,"<small><small>lexemas:</small></small>&ensp;dar, revelar<br>","<small><small>valências:&ensp;[ACT,PAT,ADDR]</small></small><br>"
do,lilaLemma:99970,"<small><small>synset_id:&ensp;<a href=""https://www.openwordnet-pt.org/synset?id=02327200-v"" target=""_blank"">02327200-v</a></small></small><br>",<small><small>categoria:&ensp;posse</small></small><br>,<small><small>definição:</small>&ensp;[give something useful or necessary to]</small><br>,"<small><small>lexemas:</small></small>&ensp;abastecer, fornecer, prover, suprir, aprovisionar, ceder, conceder, dotar, equipar, facilitar, facultar, franquear, guarnecer, habilitar, munir, oferecer, permitir, prestar, proporcionar, providenciar<br>","<small><small>valências:&ensp;[ACT,PAT] ou [ACT,EFF,PAT] ou [ACT,ADDR,PAT] ou [ACT,PAT,ADDR] ou [ACT,MEANS,PAT]</small></small><br>"
sum,lilaLemma:126689,"<small><small>synset_id:&ensp;<a href=""https://www.openwordnet-pt.org/synset?id=02301680-v"" target=""_blank"">02301680-v</a></small></small><br>",<small><small>categoria:&ensp;posse</small></small><br>,<small><small>definição:</small>&ensp;[be owned by; be in the possession of]</small><br>,<small><small>lexemas:</small></small>&ensp;pertencer<br>,"<small><small>valências:&ensp;[ACT,PAT] ou [ACT,ADDR]</small></small><br>"
facio,lilaLemma:102758,"<small><small>synset_id:&ensp;<a href=""https://www.openwordnet-pt.org/synset?id=02327200-v"" target=""_blank"">02327200-v</a></small></small><br>",<small><small>categoria:&ensp;posse</small></small><br>,<small><small>definição:</small>&ensp;[give something useful or necessary to]</small><br>,"<small><small>lexemas:</small></small>&ensp;abastecer, fornecer, prover, suprir, aprovisionar, ceder, conceder, dotar, equipar, facilitar, facultar, franquear, guarnecer, habilitar, munir, oferecer, permitir, prestar, proporcionar, providenciar<br>","<small><small>valências:&ensp;[ACT,PAT] ou [ACT,EFF,PAT] ou [ACT,ADDR,PAT] ou [ACT,PAT,ADDR] ou [ACT,MEANS,PAT]</small></small><br>"
facio,lilaLemma:102758,"<small><small>synset_id:&ensp;<a href=""https://www.openwordnet-pt.org/synset?id=02339171-v"" target=""_blank"">02339171-v</a></small></small><br>",<small><small>categoria:&ensp;posse</small></small><br>,<small><small>definição:</small>&ensp;ser a causa ou fonte de</small><br>,"<small><small>lexemas:</small></small>&ensp;dar, prover, ceder<br>","<small><small>valências:&ensp;[ACT,EFF,PAT] ou [ACT,PAT,ADDR]</small></small><br>"
fero,lilaLemma:103126,"<small><small>synset_id:&ensp;<a href=""https://www.openwordnet-pt.org/synset?id=02292125-v"" target=""_blank"">02292125-v</a></small></small><br>",<small><small>categoria:&ensp;posse</small></small><br>,<small><small>definição:</small>&ensp;[obtain]</small><br>,"<small><small>lexemas:</small></small>&ensp;auferir, ganhar, receber<br>","<small><small>valências:&ensp;[ACT,PAT] ou [ACT,PAT,DIR1,DIR3] ou [ACT,ORIG,PAT]</small></small><br>"
fero,lilaLemma:103126,"<small><small>synset_id:&ensp;<a href=""https://www.openwordnet-pt.org/synset?id=02288295-v"" target=""_blank"">02288295-v</a></small></small><br>",<small><small>categoria:&ensp;posse</small></small><br>,<small><small>definição:</small>&ensp;ganhar algo através de seus esforços</small><br>,"<small><small>lexemas:</small></small>&ensp;adquirir, atingir, ganhar, auferir, lucrar, receber, comprar, obter, vencer<br>","<small><small>valências:&ensp;[ACT,ORIG,PAT] ou [ACT,PAT]</small></small><br>"
fero,lilaLemma:103126,"<small><small>synset_id:&ensp;<a href=""https://www.openwordnet-pt.org/synset?id=02263692-v"" target=""_blank"">02263692-v</a></small></small><br>",<small><small>categoria:&ensp;posse</small></small><br>,<small><small>definição:</small>&ensp;[give as a gift]</small><br>,"<small><small>lexemas:</small></small>&ensp;conceder, entregar, outorgar, dar<br>","<small><small>valências:&ensp;[ACT,ADDR,PAT] ou [ACT,PAT,ADDR] ou [ACT,PAT]</small></small><br>"
fero,lilaLemma:103126,"<small><small>synset_id:&ensp;<a href=""https://www.openwordnet-pt.org/synset?id=02210119-v"" target=""_blank"">02210119-v</a></small></small><br>",<small><small>categoria:&ensp;posse</small></small><br>,<small><small>definição:</small>&ensp;[get something; come into possession of]</small><br>,"<small><small>lexemas:</small></small>&ensp;receber, ter<br>","<small><small>valências:&ensp;[ACT,ORIG,PAT] ou [ACT,PAT]</small></small><br>"
fero,lilaLemma:103126,"<small><small>synset_id:&ensp;<a href=""https://www.openwordnet-pt.org/synset?id=02210855-v"" target=""_blank"">02210855-v</a></small></small><br>",<small><small>categoria:&ensp;posse</small></small><br>,<small><small>definição:</small>&ensp;[come into the possession of something concrete or abstract]</small><br>,"<small><small>lexemas:</small></small>&ensp;adquirir, comprar, obter, receber, alcançar, atingir, conseguir, haver, tomar<br>","<small><small>valências:&ensp;[ACT,PAT] ou [ACT,PAT,DIR1,DIR3] ou [ACT,DIR3,PAT]</small></small><br>"
fortuna,lilaLemma:103696,"<small><small>synset_id:&ensp;<a href=""https://www.openwordnet-pt.org/synset?id=13370938-n"" target=""_blank"">13370938-n</a></small></small><br>",<small><small>categoria:&ensp;posse</small></small><br>,<small><small>definição:</small>&ensp;uma grande quantidade de riqueza</small><br>,<small><small>lexemas:</small></small>&ensp;fortuna<br>,<small><small>valências:&ensp;[ACT]</small></small><br>
gero,lilaLemma:104536,"<small><small>synset_id:&ensp;<a href=""https://www.openwordnet-pt.org/synset?id=02302220-v"" target=""_blank"">02302220-v</a></small></small><br>",<small><small>categoria:&ensp;posse</small></small><br>,"<small><small>definição:</small>&ensp;ter por direito; diz-de direitos, títulos e escritórios</small><br>","<small><small>lexemas:</small></small>&ensp;manter, ter<br>","<small><small>valências:&ensp;[ACT,PAT]</small></small><br>"
gero,lilaLemma:104536,"<small><small>synset_id:&ensp;<a href=""https://www.openwordnet-pt.org/synset?id=02301825-v"" target=""_blank"">02301825-v</a></small></small><br>",<small><small>categoria:&ensp;posse</small></small><br>,<small><small>definição:</small>&ensp;assumir como próprias as despesas ou dívidas de outra pessoa</small><br>,"<small><small>lexemas:</small></small>&ensp;aceitar, assumir<br>","<small><small>valências:&ensp;[ACT,PAT]</small></small><br>"
habeo,lilaLemma:105044,"<small><small>synset_id:&ensp;<a href=""https://www.openwordnet-pt.org/synset?id=02283324-v"" target=""_blank"">02283324-v</a></small></small><br>",<small><small>categoria:&ensp;posse</small></small><br>,<small><small>definição:</small>&ensp;reter e manter para possível uso futuro ou aplicação</small><br>,"<small><small>lexemas:</small></small>&ensp;deter, reter<br>","<small><small>valências:&ensp;[ACT,PAT]</small></small><br>"
habeo,lilaLemma:105044,"<small><small>synset_id:&ensp;<a href=""https://www.openwordnet-pt.org/synset?id=02204692-v"" target=""_blank"">02204692-v</a></small></small><br>",<small><small>categoria:&ensp;posse</small></small><br>,<small><small>definição:</small>&ensp;[have ownership or possession of]</small><br>,"<small><small>lexemas:</small></small>&ensp;fruir, possuir, ter, desfrutar, fazer, gozar, usufruir<br>","<small><small>valências:&ensp;[ACT,PAT] ou [ACT]</small></small><br>"
habeo,lilaLemma:105044,"<small><small>synset_id:&ensp;<a href=""https://www.openwordnet-pt.org/synset?id=02205272-v"" target=""_blank"">02205272-v</a></small></small><br>",<small><small>categoria:&ensp;posse</small></small><br>,<small><small>definição:</small>&ensp;levar para a sua posse</small><br>,"<small><small>lexemas:</small></small>&ensp;levar, tomar<br>","<small><small>valências:&ensp;[ACT,PAT]</small></small><br>"
habeo,lilaLemma:105044,"<small><small>synset_id:&ensp;<a href=""https://www.openwordnet-pt.org/synset?id=02203362-v"" target=""_blank"">02203362-v</a></small></small><br>",<small><small>categoria:&ensp;posse</small></small><br>,<small><small>definição:</small>&ensp;ter ou possuir num sentido concreto ou abstrato</small><br>,"<small><small>lexemas:</small></small>&ensp;ter, fazer, possuir<br>","<small><small>valências:&ensp;[ACT,PAT]</small></small><br>"
habeo,lilaLemma:105044,"<small><small>synset_id:&ensp;<a href=""https://www.openwordnet-pt.org/synset?id=02255462-v"" target=""_blank"">02255462-v</a></small></small><br>",<small><small>categoria:&ensp;posse</small></small><br>,<small><small>definição:</small>&ensp;deixar ter</small><br>,"<small><small>lexemas:</small></small>&ensp;conceder, dar, outorgar, permitir<br>","<small><small>valências:&ensp;[ACT,PAT,ADDR] ou [ACT,ADDR,PAT] ou [ACT,PAT] ou [ACT,ADDR]</small></small><br>"
mitto,lilaLemma:112499,"<small><small>synset_id:&ensp;<a href=""https://www.openwordnet-pt.org/synset?id=02346409-v"" target=""_blank"">02346409-v</a></small></small><br>",<small><small>categoria:&ensp;posse</small></small><br>,<small><small>definição:</small>&ensp;[sell or transfer abroad]</small><br>,<small><small>lexemas:</small></small>&ensp;exportar<br>,"<small><small>valências:&ensp;[ACT,PAT] ou [ACT,DIR3,PAT]</small></small><br>"
mitto,lilaLemma:112499,"<small><small>synset_id:&ensp;<a href=""https://www.openwordnet-pt.org/synset?id=02231661-v"" target=""_blank"">02231661-v</a></small></small><br>",<small><small>categoria:&ensp;posse</small></small><br>,<small><small>definição:</small>&ensp;[transfer to another]</small><br>,"<small><small>lexemas:</small></small>&ensp;enviar, comunicar, transmitir<br>","<small><small>valências:&ensp;[ACT,PAT,ADDR] ou [ACT,ADDR,PAT] ou [ACT,PAT,DIR1,DIR3]</small></small><br>"
mitto,lilaLemma:112499,"<small><small>synset_id:&ensp;<a href=""https://www.openwordnet-pt.org/synset?id=02228031-v"" target=""_blank"">02228031-v</a></small></small><br>",<small><small>categoria:&ensp;posse</small></small><br>,"<small><small>definição:</small>&ensp;[forsake, leave behind]</small><br>",<small><small>lexemas:</small></small>&ensp;abandonar<br>,"<small><small>valências:&ensp;[ACT,PAT]</small></small><br>"
nomen,lilaLemma:113797,"<small><small>synset_id:&ensp;<a href=""https://www.openwordnet-pt.org/synset?id=13398953-n"" target=""_blank"">13398953-n</a></small></small><br>",<small><small>categoria:&ensp;posse</small></small><br>,<small><small>definição:</small>&ensp;a prestação temporária de dinheiro (geralmente a juros)</small><br>,"<small><small>lexemas:</small></small>&ensp;crédito, empréstimo<br>",
nomen,lilaLemma:113797,"<small><small>synset_id:&ensp;<a href=""https://www.openwordnet-pt.org/synset?id=13417410-n"" target=""_blank"">13417410-n</a></small></small><br>",<small><small>categoria:&ensp;posse</small></small><br>,"<small><small>definição:</small>&ensp;um certificado de dívida (em geral com juros ou com desconto) que é emitido por um governo ou corporação, a fim de arrecadar dinheiro; o emitente é obrigado a pagar uma quantia fixa anualmente, até o vencimento e, em seguida, um montante fixo para reembolsar o capital</small><br>","<small><small>lexemas:</small></small>&ensp;Obrigação, Títulos financeiros, obrigação<br>",
pecunia,lilaLemma:116369,"<small><small>synset_id:&ensp;<a href=""https://www.openwordnet-pt.org/synset?id=13384557-n"" target=""_blank"">13384557-n</a></small></small><br>",<small><small>categoria:&ensp;posse</small></small><br>,<small><small>definição:</small>&ensp;o meio mais comum de troca; funciona como moeda legal</small><br>,"<small><small>lexemas:</small></small>&ensp;dinheiro, divisa, moeda<br>",
pecunia,lilaLemma:116369,"<small><small>synset_id:&ensp;<a href=""https://www.openwordnet-pt.org/synset?id=13353280-n"" target=""_blank"">13353280-n</a></small></small><br>",<small><small>categoria:&ensp;posse</small></small><br>,<small><small>definição:</small>&ensp;uma abundância de bens e recursos materiais</small><br>,"<small><small>lexemas:</small></small>&ensp;Riqueza, riqueza, bens, dinheiro, faculdade, posses, riquezas, volume<br>","<small><small>valências:&ensp;[ACT,PAT] ou [ACT,MAT]</small></small><br>"
pecunia,lilaLemma:116369,"<small><small>synset_id:&ensp;<a href=""https://www.openwordnet-pt.org/synset?id=13384877-n"" target=""_blank"">13384877-n</a></small></small><br>",<small><small>categoria:&ensp;posse</small></small><br>,<small><small>definição:</small>&ensp;a moeda oficial emitida por um governo ou banco nacional</small><br>,"<small><small>lexemas:</small></small>&ensp;dinheiro, divisa, moeda<br>",
pecunia,lilaLemma:116369,"<small><small>synset_id:&ensp;<a href=""https://www.openwordnet-pt.org/synset?id=13245626-n"" target=""_blank"">13245626-n</a></small></small><br>",<small><small>categoria:&ensp;posse</small></small><br>,<small><small>definição:</small>&ensp;bens móveis (como distinguir imobiliário)</small><br>,"<small><small>lexemas:</small></small>&ensp;bem, património, patrimônio, pertence<br>",
pecunia,lilaLemma:116369,"<small><small>synset_id:&ensp;<a href=""https://www.openwordnet-pt.org/synset?id=13331198-n"" target=""_blank"">13331198-n</a></small></small><br>",<small><small>categoria:&ensp;posse</small></small><br>,<small><small>definição:</small>&ensp;uma quantidade de dinheiro</small><br>,"<small><small>lexemas:</small></small>&ensp;custo, montante, quantidade, soma<br>",
pecunia,lilaLemma:116369,"<small><small>synset_id:&ensp;<a href=""https://www.openwordnet-pt.org/synset?id=13250398-n"" target=""_blank"">13250398-n</a></small></small><br>",<small><small>categoria:&ensp;posse</small></small><br>,<small><small>definição:</small>&ensp;propriedade que tem utilidade econômica: um valor monetário ou um valor de troca</small><br>,"<small><small>lexemas:</small></small>&ensp;bem, possessão, riqueza, fortuna<br>",
pecunia,lilaLemma:116369,"<small><small>synset_id:&ensp;<a href=""https://www.openwordnet-pt.org/synset?id=13250542-n"" target=""_blank"">13250542-n</a></small></small><br>",<small><small>categoria:&ensp;posse</small></small><br>,<small><small>definição:</small>&ensp;riqueza contada em termos de dinheiro</small><br>,<small><small>lexemas:</small></small>&ensp;dinheiro<br>,
peto,lilaLemma:117549,"<small><small>synset_id:&ensp;<a href=""https://www.openwordnet-pt.org/synset?id=02286687-v"" target=""_blank"">02286687-v</a></small></small><br>",<small><small>categoria:&ensp;posse</small></small><br>,<small><small>definição:</small>&ensp;[find unexpectedly]</small><br>,"<small><small>lexemas:</small></small>&ensp;achar, descobrir, encontrar<br>","<small><small>valências:&ensp;[ACT,PAT] ou [ACT,BEN]</small></small><br>"
pono,lilaLemma:118414,"<small><small>synset_id:&ensp;<a href=""https://www.openwordnet-pt.org/synset?id=02310855-v"" target=""_blank"">02310855-v</a></small></small><br>",<small><small>categoria:&ensp;posse</small></small><br>,<small><small>definição:</small>&ensp;[put into a bank account]</small><br>,"<small><small>lexemas:</small></small>&ensp;depositar, internar<br>","<small><small>valências:&ensp;[ACT,PAT]</small></small><br>"
pono,lilaLemma:118414,"<small><small>synset_id:&ensp;<a href=""https://www.openwordnet-pt.org/synset?id=02345647-v"" target=""_blank"">02345647-v</a></small></small><br>",<small><small>categoria:&ensp;posse</small></small><br>,<small><small>definição:</small>&ensp;doar o que não é estritamente necessário</small><br>,"<small><small>lexemas:</small></small>&ensp;dispensar, doar<br>","<small><small>valências:&ensp;[ACT,PAT]</small></small><br>"
pono,lilaLemma:118414,"<small><small>synset_id:&ensp;<a href=""https://www.openwordnet-pt.org/synset?id=02327200-v"" target=""_blank"">02327200-v</a></small></small><br>",<small><small>categoria:&ensp;posse</small></small><br>,<small><small>definição:</small>&ensp;[give something useful or necessary to]</small><br>,"<small><small>lexemas:</small></small>&ensp;abastecer, fornecer, prover, suprir, aprovisionar, ceder, conceder, dotar, equipar, facilitar, facultar, franquear, guarnecer, habilitar, munir, oferecer, permitir, prestar, proporcionar, providenciar<br>","<small><small>valências:&ensp;[ACT,PAT] ou [ACT,EFF,PAT] ou [ACT,ADDR,PAT] ou [ACT,PAT,ADDR] ou [ACT,MEANS,PAT]</small></small><br>"
quaero,lilaLemma:121047,"<small><small>synset_id:&ensp;<a href=""https://www.openwordnet-pt.org/synset?id=02288295-v"" target=""_blank"">02288295-v</a></small></small><br>",<small><small>categoria:&ensp;posse</small></small><br>,<small><small>definição:</small>&ensp;ganhar algo através de seus esforços</small><br>,"<small><small>lexemas:</small></small>&ensp;adquirir, atingir, ganhar, auferir, lucrar, receber, comprar, obter, vencer<br>","<small><small>valências:&ensp;[ACT,ORIG,PAT] ou [ACT,PAT]</small></small><br>"
refero,lilaLemma:122494,"<small><small>synset_id:&ensp;<a href=""https://www.openwordnet-pt.org/synset?id=02284951-v"" target=""_blank"">02284951-v</a></small></small><br>",<small><small>categoria:&ensp;posse</small></small><br>,<small><small>definição:</small>&ensp;[pay back]</small><br>,"<small><small>lexemas:</small></small>&ensp;reintegrar, repagar, restituir, retribuir, devolver, reembolsar, regressar, voltar<br>","<small><small>valências:&ensp;[ACT,PAT,ADDR] ou [ACT,PAT] ou [ACT,ADDR]</small></small><br>"
refero,lilaLemma:122494,"<small><small>synset_id:&ensp;<a href=""https://www.openwordnet-pt.org/synset?id=02310007-v"" target=""_blank"">02310007-v</a></small></small><br>",<small><small>categoria:&ensp;posse</small></small><br>,<small><small>definição:</small>&ensp;dar de volta</small><br>,"<small><small>lexemas:</small></small>&ensp;dar, entregar, retornar, devolver, regressar, voltar<br>","<small><small>valências:&ensp;[ACT,PAT] ou [ACT,PAT,ADDR] ou [ACT,ADDR]</small></small><br>"
refero,lilaLemma:122494,"<small><small>synset_id:&ensp;<a href=""https://www.openwordnet-pt.org/synset?id=02310482-v"" target=""_blank"">02310482-v</a></small></small><br>",<small><small>categoria:&ensp;posse</small></small><br>,<small><small>definição:</small>&ensp;[give or bring back]</small><br>,<small><small>lexemas:</small></small>&ensp;restituir<br>,"<small><small>valências:&ensp;[ACT,PAT] ou [ACT,PAT,ADDR]</small></small><br>"
sequor,lilaLemma:124461,"<small><small>synset_id:&ensp;<a href=""https://www.openwordnet-pt.org/synset?id=02346895-v"" target=""_blank"">02346895-v</a></small></small><br>",<small><small>categoria:&ensp;posse</small></small><br>,"<small><small>definição:</small>&ensp;[choose and follow; as of theories, ideas, policies, strategies or plans]</small><br>","<small><small>lexemas:</small></small>&ensp;adoptar, adotar, esposar, tomar<br>","<small><small>valências:&ensp;[ACT,PAT]</small></small><br>"
teneo,lilaLemma:127822,"<small><small>synset_id:&ensp;<a href=""https://www.openwordnet-pt.org/synset?id=02202384-v"" target=""_blank"">02202384-v</a></small></small><br>",<small><small>categoria:&ensp;posse</small></small><br>,<small><small>definição:</small>&ensp;[retain possession of]</small><br>,"<small><small>lexemas:</small></small>&ensp;guardar, manter, reter, segurar, conservar<br>","<small><small>valências:&ensp;[ACT,PAT]</small></small><br>"
teneo,lilaLemma:127822,"<small><small>synset_id:&ensp;<a href=""https://www.openwordnet-pt.org/synset?id=02283324-v"" target=""_blank"">02283324-v</a></small></small><br>",<small><small>categoria:&ensp;posse</small></small><br>,<small><small>definição:</small>&ensp;reter e manter para possível uso futuro ou aplicação</small><br>,"<small><small>lexemas:</small></small>&ensp;deter, reter<br>","<small><small>valências:&ensp;[ACT,PAT]</small></small><br>"
teneo,lilaLemma:127822,"<small><small>synset_id:&ensp;<a href=""https://www.openwordnet-pt.org/synset?id=02204692-v"" target=""_blank"">02204692-v</a></small></small><br>",<small><small>categoria:&ensp;posse</small></small><br>,<small><small>definição:</small>&ensp;[have ownership or possession of]</small><br>,"<small><small>lexemas:</small></small>&ensp;fruir, possuir, ter, desfrutar, fazer, gozar, usufruir<br>","<small><small>valências:&ensp;[ACT,PAT] ou [ACT]</small></small><br>"
teneo,lilaLemma:127822,"<small><small>synset_id:&ensp;<a href=""https://www.openwordnet-pt.org/synset?id=02280132-v"" target=""_blank"">02280132-v</a></small></small><br>",<small><small>categoria:&ensp;posse</small></small><br>,"<small><small>definição:</small>&ensp;[keep in safety and protect from harm, decay, loss, or destruction]</small><br>","<small><small>lexemas:</small></small>&ensp;acautelar, conservar, manter, preservar, administrar, cuidar_de, zelar<br>","<small><small>valências:&ensp;[ACT,PAT] ou [ACT,EFF,PAT]</small></small><br>"
causa,lilaLemma:93253,"<small><small>synset_id:&ensp;<a href=""https://www.openwordnet-pt.org/synset?id=13462387-n"" target=""_blank"">13462387-n</a></small></small><br>",<small><small>categoria:&ensp;processo</small></small><br>,<small><small>definição:</small>&ensp;(Lingüística descritiva) o processo pelo qual novas palavras são formadas a partir de palavras ou bases existentes por afixação</small><br>,<small><small>lexemas:</small></small>&ensp;derivação<br>,"<small><small>valências:&ensp;[PAT] ou [ACT,PAT,DIR1]</small></small><br>"
modus,lilaLemma:112553,"<small><small>synset_id:&ensp;<a href=""https://www.openwordnet-pt.org/synset?id=13758296-n"" target=""_blank"">13758296-n</a></small></small><br>",<small><small>categoria:&ensp;quantidade</small></small><br>,<small><small>definição:</small>&ensp;a maior quantidade de algo que é possível ou permitido</small><br>,"<small><small>lexemas:</small></small>&ensp;extremo, limitação, limite<br>",
modus,lilaLemma:112553,"<small><small>synset_id:&ensp;<a href=""https://www.openwordnet-pt.org/synset?id=13583724-n"" target=""_blank"">13583724-n</a></small></small><br>",<small><small>categoria:&ensp;quantidade</small></small><br>,<small><small>definição:</small>&ensp;qualquer divisão da quantidade admitida como um padrão de medida ou troca</small><br>,"<small><small>lexemas:</small></small>&ensp;Medida, Medição, unidade, unidade de medida<br>",
genus,lilaLemma:104504,"<small><small>synset_id:&ensp;<a href=""https://www.openwordnet-pt.org/synset?id=13813042-n"" target=""_blank"">13813042-n</a></small></small><br>",<small><small>categoria:&ensp;relação</small></small><br>,<small><small>definição:</small>&ensp;a relação de parentesco entre um indivíduo e progenitores do indivíduo</small><br>,"<small><small>lexemas:</small></small>&ensp;descendência, linhagem<br>",<small><small>valências:&ensp;[PAT]</small></small><br>
modus,lilaLemma:112553,"<small><small>synset_id:&ensp;<a href=""https://www.openwordnet-pt.org/synset?id=13801424-n"" target=""_blank"">13801424-n</a></small></small><br>",<small><small>categoria:&ensp;relação</small></small><br>,<small><small>definição:</small>&ensp;inflexões verbais que expressam a forma como a ação ou estado é concebido pelo alto-falante</small><br>,"<small><small>lexemas:</small></small>&ensp;modalidade, modo<br>",
modus,lilaLemma:112553,"<small><small>synset_id:&ensp;<a href=""https://www.openwordnet-pt.org/synset?id=13803782-n"" target=""_blank"">13803782-n</a></small></small><br>",<small><small>categoria:&ensp;relação</small></small><br>,<small><small>definição:</small>&ensp;uma alteração na forma de uma palavra (geralmente por adição de um sufixo) para indicar uma alteração na sua função gramatical</small><br>,"<small><small>lexemas:</small></small>&ensp;inflexão, acidente<br>",
pars,lilaLemma:116084,"<small><small>synset_id:&ensp;<a href=""https://www.openwordnet-pt.org/synset?id=13809207-n"" target=""_blank"">13809207-n</a></small></small><br>",<small><small>categoria:&ensp;relação</small></small><br>,<small><small>definição:</small>&ensp;algo determinado em relação a algo que o inclui</small><br>,"<small><small>lexemas:</small></small>&ensp;categoria, componente, parte, porção<br>",<small><small>valências:&ensp;[MAT]</small></small><br>
uox,lilaLemma:130806,"<small><small>synset_id:&ensp;<a href=""https://www.openwordnet-pt.org/synset?id=13802920-n"" target=""_blank"">13802920-n</a></small></small><br>",<small><small>categoria:&ensp;relação</small></small><br>,<small><small>definição:</small>&ensp;(lingüística) a relação gramatical (ativa ou passiva) do sujeito gramatical de um verbo para a ação que o verbo denota</small><br>,"<small><small>lexemas:</small></small>&ensp;Voz verbal, voz<br>",
accipio,lilaLemma:87119,"<small><small>synset_id:&ensp;<a href=""https://www.openwordnet-pt.org/synset?id=02436349-v"" target=""_blank"">02436349-v</a></small></small><br>",<small><small>categoria:&ensp;relação social</small></small><br>,"<small><small>definição:</small>&ensp;[be in charge of, act on, or dispose of]</small><br>","<small><small>lexemas:</small></small>&ensp;cuidar, guiar, lidar, manejar, tratar<br>","<small><small>valências:&ensp;[ACT,PAT]</small></small><br>"
ago,lilaLemma:88140,"<small><small>synset_id:&ensp;<a href=""https://www.openwordnet-pt.org/synset?id=02439732-v"" target=""_blank"">02439732-v</a></small></small><br>",<small><small>categoria:&ensp;relação social</small></small><br>,<small><small>definição:</small>&ensp;ser uma força motivadora ou orientadora</small><br>,"<small><small>lexemas:</small></small>&ensp;conduzir, encaminhar, gerir, guiar<br>","<small><small>valências:&ensp;[ACT,PAT] ou [ACT,PAT,DIR3] ou [ACT,EFF,PAT]</small></small><br>"
ago,lilaLemma:88140,"<small><small>synset_id:&ensp;<a href=""https://www.openwordnet-pt.org/synset?id=02367363-v"" target=""_blank"">02367363-v</a></small></small><br>",<small><small>categoria:&ensp;relação social</small></small><br>,<small><small>definição:</small>&ensp;fazer uma ação</small><br>,"<small><small>lexemas:</small></small>&ensp;agir, atuar, fazer, abrir, actuar<br>","<small><small>valências:&ensp;[ACT,PAT]</small></small><br>"
ago,lilaLemma:88140,"<small><small>synset_id:&ensp;<a href=""https://www.openwordnet-pt.org/synset?id=02406916-v"" target=""_blank"">02406916-v</a></small></small><br>",<small><small>categoria:&ensp;relação social</small></small><br>,<small><small>definição:</small>&ensp;fazer um esforço para alcançar um objetivo</small><br>,"<small><small>lexemas:</small></small>&ensp;esforçar, esforçar-se, forçar, pressionar, trabalhar<br>","<small><small>valências:&ensp;[ACT,PAT] ou [ACT,INTT] ou [ACT,ACMP]</small></small><br>"
ago,lilaLemma:88140,"<small><small>synset_id:&ensp;<a href=""https://www.openwordnet-pt.org/synset?id=02442205-v"" target=""_blank"">02442205-v</a></small></small><br>",<small><small>categoria:&ensp;relação social</small></small><br>,<small><small>definição:</small>&ensp;[direct or strongly influence the behavior of]</small><br>,"<small><small>lexemas:</small></small>&ensp;governar, reger<br>","<small><small>valências:&ensp;[ACT,PAT]</small></small><br>"
ago,lilaLemma:88140,"<small><small>synset_id:&ensp;<a href=""https://www.openwordnet-pt.org/synset?id=02431971-v"" target=""_blank"">02431971-v</a></small></small><br>",<small><small>categoria:&ensp;relação social</small></small><br>,<small><small>definição:</small>&ensp;trabalhar em uma capacidade administrativa; supervisionar ou ser responsável por</small><br>,"<small><small>lexemas:</small></small>&ensp;administrar, gerenciar, gerir<br>","<small><small>valências:&ensp;[ACT,PAT]</small></small><br>"
ago,lilaLemma:88140,"<small><small>synset_id:&ensp;<a href=""https://www.openwordnet-pt.org/synset?id=02413480-v"" target=""_blank"">02413480-v</a></small></small><br>",<small><small>categoria:&ensp;relação social</small></small><br>,"<small><small>definição:</small>&ensp;se esforcar, fazendo trabalho mental ou fisico, com um objetivo ou por necessidade</small><br>",<small><small>lexemas:</small></small>&ensp;trabalhar<br>,"<small><small>valências:&ensp;[ACT] ou [ACT,PAT]</small></small><br>"
audio,lilaLemma:90641,"<small><small>synset_id:&ensp;<a href=""https://www.openwordnet-pt.org/synset?id=02571901-v"" target=""_blank"">02571901-v</a></small></small><br>",<small><small>categoria:&ensp;relação social</small></small><br>,<small><small>definição:</small>&ensp;Prestar atenção; dar atenção a</small><br>,"<small><small>lexemas:</small></small>&ensp;escutar, obedecer, acatar, atender, atentar, ouvir, seguir<br>","<small><small>valências:&ensp;[ACT,PAT]</small></small><br>"
audio,lilaLemma:90641,"<small><small>synset_id:&ensp;<a href=""https://www.openwordnet-pt.org/synset?id=02542795-v"" target=""_blank"">02542795-v</a></small></small><br>",<small><small>categoria:&ensp;relação social</small></small><br>,<small><small>definição:</small>&ensp;[be obedient to]</small><br>,<small><small>lexemas:</small></small>&ensp;obedecer<br>,"<small><small>valências:&ensp;[ACT,ADDR] ou [ACT,PAT]</small></small><br>"
audio,lilaLemma:90641,"<small><small>synset_id:&ensp;<a href=""https://www.openwordnet-pt.org/synset?id=02542280-v"" target=""_blank"">02542280-v</a></small></small><br>",<small><small>categoria:&ensp;relação social</small></small><br>,"<small><small>definição:</small>&ensp;agir de acordo com as regras, comandos ou desejos de alguém</small><br>","<small><small>lexemas:</small></small>&ensp;acatar, conformar, seguir, cumprir<br>","<small><small>valências:&ensp;[ACT,PAT] ou [ACT]</small></small><br>"
audio,lilaLemma:90641,"<small><small>synset_id:&ensp;<a href=""https://www.openwordnet-pt.org/synset?id=02600255-v"" target=""_blank"">02600255-v</a></small></small><br>",<small><small>categoria:&ensp;relação social</small></small><br>,<small><small>definição:</small>&ensp;[accept and follow the leadership or command or guidance of]</small><br>,<small><small>lexemas:</small></small>&ensp;seguir<br>,"<small><small>valências:&ensp;[ACT,PAT]</small></small><br>"
capio,lilaLemma:92686,"<small><small>synset_id:&ensp;<a href=""https://www.openwordnet-pt.org/synset?id=02475922-v"" target=""_blank"">02475922-v</a></small></small><br>",<small><small>categoria:&ensp;relação social</small></small><br>,"<small><small>definição:</small>&ensp;[assign a duty, responsibility or obligation to]</small><br>","<small><small>lexemas:</small></small>&ensp;nomear, responsabilizar, designar<br>","<small><small>valências:&ensp;[ACT,PAT] ou [ACT,PAT,ADDR] ou [ACT,ADDR,PAT] ou [ACT,EFF,PAT]</small></small><br>"
capio,lilaLemma:92686,"<small><small>synset_id:&ensp;<a href=""https://www.openwordnet-pt.org/synset?id=02575082-v"" target=""_blank"">02575082-v</a></small></small><br>",<small><small>categoria:&ensp;relação social</small></small><br>,<small><small>definição:</small>&ensp;[be false to; be dishonest with]</small><br>,"<small><small>lexemas:</small></small>&ensp;enganar, iludir, lograr<br>","<small><small>valências:&ensp;[ACT,PAT] ou [ACT,PAT,ADDR] ou [ACT] ou [ACT,ADDR,PAT]</small></small><br>"
capio,lilaLemma:92686,"<small><small>synset_id:&ensp;<a href=""https://www.openwordnet-pt.org/synset?id=02579447-v"" target=""_blank"">02579447-v</a></small></small><br>",<small><small>categoria:&ensp;relação social</small></small><br>,<small><small>definição:</small>&ensp;corromper moralmente ou por intemperança ou sensualidade</small><br>,"<small><small>lexemas:</small></small>&ensp;aviltar, corromper, depravar, desvirtuar, perverter, subverter, viciar, abastardar, adulterar, agalegar, alterar, apostemar, contaminar, corroer, corrompido, corrupto, debochar, deformar, degenerar, degradar, depravado, derrancar, descarreirar, desencaminhar, desencarreirar, desmanchar, desmoralizar, desregrar, devassar, devasso, dissoluto, eivar, empestar, estragado, estragar, gangrenar, insidiar, minar, pervertido, prevaricar, profanar, relaxar, transviar, ulcerar<br>","<small><small>valências:&ensp;[ACT,PAT]</small></small><br>"
capio,lilaLemma:92686,"<small><small>synset_id:&ensp;<a href=""https://www.openwordnet-pt.org/synset?id=02510337-v"" target=""_blank"">02510337-v</a></small></small><br>",<small><small>categoria:&ensp;relação social</small></small><br>,<small><small>definição:</small>&ensp;[lessen the intensity of; temper; hold in restraint; hold or keep within limits]</small><br>,"<small><small>lexemas:</small></small>&ensp;controlar, limitar, refrear<br>","<small><small>valências:&ensp;[ACT,PAT] ou [ACT,ADDR,PAT] ou [ACT,EFF,PAT]</small></small><br>"
capio,lilaLemma:92686,"<small><small>synset_id:&ensp;<a href=""https://www.openwordnet-pt.org/synset?id=02394183-v"" target=""_blank"">02394183-v</a></small></small><br>",<small><small>categoria:&ensp;relação social</small></small><br>,"<small><small>definição:</small>&ensp;assumir, posições ou funções</small><br>","<small><small>lexemas:</small></small>&ensp;ocupar, assumir, tomar<br>","<small><small>valências:&ensp;[ACT,PAT]</small></small><br>"
cognosco,lilaLemma:94738,"<small><small>synset_id:&ensp;<a href=""https://www.openwordnet-pt.org/synset?id=02596113-v"" target=""_blank"">02596113-v</a></small></small><br>",<small><small>categoria:&ensp;relação social</small></small><br>,<small><small>definição:</small>&ensp;[get to know; get acquainted with]</small><br>,<small><small>lexemas:</small></small>&ensp;conhecer<br>,"<small><small>valências:&ensp;[ACT,PAT]</small></small><br>"
dico,lilaLemma:99302,"<small><small>synset_id:&ensp;<a href=""https://www.openwordnet-pt.org/synset?id=02396205-v"" target=""_blank"">02396205-v</a></small></small><br>",<small><small>categoria:&ensp;relação social</small></small><br>,<small><small>definição:</small>&ensp;[create and charge with a task or function]</small><br>,"<small><small>lexemas:</small></small>&ensp;nomear, alcunhar, apelidar, constituir, designar, eleger<br>","<small><small>valências:&ensp;[ACT,PAT] ou [ACT,EFF,PAT]</small></small><br>"
do,lilaLemma:99970,"<small><small>synset_id:&ensp;<a href=""https://www.openwordnet-pt.org/synset?id=02561995-v"" target=""_blank"">02561995-v</a></small></small><br>",<small><small>categoria:&ensp;relação social</small></small><br>,<small><small>definição:</small>&ensp;[get (something) done]</small><br>,"<small><small>lexemas:</small></small>&ensp;cumprir, desempenhar, realizar, abrir, fazer, tornar<br>","<small><small>valências:&ensp;[ACT,PAT] ou [ACT,PAT,BEN]</small></small><br>"
do,lilaLemma:99970,"<small><small>synset_id:&ensp;<a href=""https://www.openwordnet-pt.org/synset?id=02423183-v"" target=""_blank"">02423183-v</a></small></small><br>",<small><small>categoria:&ensp;relação social</small></small><br>,<small><small>definição:</small>&ensp;[make it possible through a specific action or lack of action for something to happen]</small><br>,"<small><small>lexemas:</small></small>&ensp;deixar, permitir, possibilitar<br>","<small><small>valências:&ensp;[ACT,PAT] ou [ACT,PAT,ADDR] ou [ACT,EFF,PAT] ou [ACT]</small></small><br>"
do,lilaLemma:99970,"<small><small>synset_id:&ensp;<a href=""https://www.openwordnet-pt.org/synset?id=02475922-v"" target=""_blank"">02475922-v</a></small></small><br>",<small><small>categoria:&ensp;relação social</small></small><br>,"<small><small>definição:</small>&ensp;[assign a duty, responsibility or obligation to]</small><br>","<small><small>lexemas:</small></small>&ensp;nomear, responsabilizar, designar<br>","<small><small>valências:&ensp;[ACT,PAT] ou [ACT,PAT,ADDR] ou [ACT,ADDR,PAT] ou [ACT,EFF,PAT]</small></small><br>"
eo,lilaLemma:101183,"<small><small>synset_id:&ensp;<a href=""https://www.openwordnet-pt.org/synset?id=02590072-v"" target=""_blank"">02590072-v</a></small></small><br>",<small><small>categoria:&ensp;relação social</small></small><br>,<small><small>definição:</small>&ensp;[have recourse to]</small><br>,<small><small>lexemas:</small></small>&ensp;recorrer<br>,"<small><small>valências:&ensp;[ACT,DIR3] ou [ACT,DIR3,PAT] ou [ACT,PAT] ou [ACT,ADDR] ou [ACT]</small></small><br>"
eo,lilaLemma:101183,"<small><small>synset_id:&ensp;<a href=""https://www.openwordnet-pt.org/synset?id=02530167-v"" target=""_blank"">02530167-v</a></small></small><br>",<small><small>categoria:&ensp;relação social</small></small><br>,<small><small>definição:</small>&ensp;fazer um esforço ou tentativa</small><br>,"<small><small>lexemas:</small></small>&ensp;procurar, tentar, arriscar-se, atentar, aventurar-se, cativar, di-ligenciar, diligenciar, ensaiar, experimentar, fazer, intentar, persuadir, pretender, seduzir<br>","<small><small>valências:&ensp;[ACT] ou [ACT,PAT]</small></small><br>"
facio,lilaLemma:102758,"<small><small>synset_id:&ensp;<a href=""https://www.openwordnet-pt.org/synset?id=02396716-v"" target=""_blank"">02396716-v</a></small></small><br>",<small><small>categoria:&ensp;relação social</small></small><br>,<small><small>definição:</small>&ensp;designar com um cargo</small><br>,"<small><small>lexemas:</small></small>&ensp;nomear, propor, designar<br>","<small><small>valências:&ensp;[ACT,EFF,PAT] ou [ACT,PAT]</small></small><br>"
facio,lilaLemma:102758,"<small><small>synset_id:&ensp;<a href=""https://www.openwordnet-pt.org/synset?id=02525447-v"" target=""_blank"">02525447-v</a></small></small><br>",<small><small>categoria:&ensp;relação social</small></small><br>,<small><small>definição:</small>&ensp;[have an effect or outcome; often the one desired or expected]</small><br>,"<small><small>lexemas:</small></small>&ensp;funcionar, trabalhar<br>","<small><small>valências:&ensp;[ACT,EFF]</small></small><br>"
facio,lilaLemma:102758,"<small><small>synset_id:&ensp;<a href=""https://www.openwordnet-pt.org/synset?id=02514187-v"" target=""_blank"">02514187-v</a></small></small><br>",<small><small>categoria:&ensp;relação social</small></small><br>,<small><small>definição:</small>&ensp;[interact in a certain way]</small><br>,<small><small>lexemas:</small></small>&ensp;tratar<br>,"<small><small>valências:&ensp;[ACT,MANN,PAT] ou [ACT,PAT,EFF] ou [ACT,PAT]</small></small><br>"
facio,lilaLemma:102758,"<small><small>synset_id:&ensp;<a href=""https://www.openwordnet-pt.org/synset?id=02561995-v"" target=""_blank"">02561995-v</a></small></small><br>",<small><small>categoria:&ensp;relação social</small></small><br>,<small><small>definição:</small>&ensp;[get (something) done]</small><br>,"<small><small>lexemas:</small></small>&ensp;cumprir, desempenhar, realizar, abrir, fazer, tornar<br>","<small><small>valências:&ensp;[ACT,PAT] ou [ACT,PAT,BEN]</small></small><br>"
facio,lilaLemma:102758,"<small><small>synset_id:&ensp;<a href=""https://www.openwordnet-pt.org/synset?id=02526085-v"" target=""_blank"">02526085-v</a></small></small><br>",<small><small>categoria:&ensp;relação social</small></small><br>,<small><small>definição:</small>&ensp;obter com esforço</small><br>,"<small><small>lexemas:</small></small>&ensp;alcançar, atingir, chegar a, efectuar, efetuar, obter, realizar, conseguir<br>","<small><small>valências:&ensp;[ACT,PAT] ou [ACT,DIR3] ou [ACT]</small></small><br>"
facio,lilaLemma:102758,"<small><small>synset_id:&ensp;<a href=""https://www.openwordnet-pt.org/synset?id=02568672-v"" target=""_blank"">02568672-v</a></small></small><br>",<small><small>categoria:&ensp;relação social</small></small><br>,<small><small>definição:</small>&ensp;[carry out or practice; as of jobs and professions]</small><br>,"<small><small>lexemas:</small></small>&ensp;exercer, praticar, exercitar, fazer<br>","<small><small>valências:&ensp;[ACT,PAT]</small></small><br>"
fero,lilaLemma:103126,"<small><small>synset_id:&ensp;<a href=""https://www.openwordnet-pt.org/synset?id=02423183-v"" target=""_blank"">02423183-v</a></small></small><br>",<small><small>categoria:&ensp;relação social</small></small><br>,<small><small>definição:</small>&ensp;[make it possible through a specific action or lack of action for something to happen]</small><br>,"<small><small>lexemas:</small></small>&ensp;deixar, permitir, possibilitar<br>","<small><small>valências:&ensp;[ACT,PAT] ou [ACT,PAT,ADDR] ou [ACT,EFF,PAT] ou [ACT]</small></small><br>"
fio,lilaLemma:103328,"<small><small>synset_id:&ensp;<a href=""https://www.openwordnet-pt.org/synset?id=02593912-v"" target=""_blank"">02593912-v</a></small></small><br>",<small><small>categoria:&ensp;relação social</small></small><br>,"<small><small>definição:</small>&ensp;chance de ser ou fazer algo, sem intenção ou nexo de causalidade</small><br>","<small><small>lexemas:</small></small>&ensp;acontecer, ocorrer, passar, suceder, vistoriar<br>","<small><small>valências:&ensp;[ACT,ADDR] ou [ACT,PAT]</small></small><br>"
gero,lilaLemma:104536,"<small><small>synset_id:&ensp;<a href=""https://www.openwordnet-pt.org/synset?id=02586619-v"" target=""_blank"">02586619-v</a></small></small><br>",<small><small>categoria:&ensp;relação social</small></small><br>,<small><small>definição:</small>&ensp;[exercise authority over; as of nations]</small><br>,"<small><small>lexemas:</small></small>&ensp;gerir, governar, reger, reinar<br>","<small><small>valências:&ensp;[ACT,PAT] ou [ACT]</small></small><br>"
gero,lilaLemma:104536,"<small><small>synset_id:&ensp;<a href=""https://www.openwordnet-pt.org/synset?id=02445509-v"" target=""_blank"">02445509-v</a></small></small><br>",<small><small>categoria:&ensp;relação social</small></small><br>,<small><small>definição:</small>&ensp;dirigir o curso de; gerenciar ou controlar</small><br>,"<small><small>lexemas:</small></small>&ensp;conduzir, lidar<br>","<small><small>valências:&ensp;[ACT,PAT]</small></small><br>"
habeo,lilaLemma:105044,"<small><small>synset_id:&ensp;<a href=""https://www.openwordnet-pt.org/synset?id=02514187-v"" target=""_blank"">02514187-v</a></small></small><br>",<small><small>categoria:&ensp;relação social</small></small><br>,<small><small>definição:</small>&ensp;[interact in a certain way]</small><br>,<small><small>lexemas:</small></small>&ensp;tratar<br>,"<small><small>valências:&ensp;[ACT,MANN,PAT] ou [ACT,PAT,EFF] ou [ACT,PAT]</small></small><br>"
habeo,lilaLemma:105044,"<small><small>synset_id:&ensp;<a href=""https://www.openwordnet-pt.org/synset?id=02445509-v"" target=""_blank"">02445509-v</a></small></small><br>",<small><small>categoria:&ensp;relação social</small></small><br>,<small><small>definição:</small>&ensp;dirigir o curso de; gerenciar ou controlar</small><br>,"<small><small>lexemas:</small></small>&ensp;conduzir, lidar<br>","<small><small>valências:&ensp;[ACT,PAT]</small></small><br>"
mitto,lilaLemma:112499,"<small><small>synset_id:&ensp;<a href=""https://www.openwordnet-pt.org/synset?id=02403920-v"" target=""_blank"">02403920-v</a></small></small><br>",<small><small>categoria:&ensp;relação social</small></small><br>,<small><small>definição:</small>&ensp;[terminate an association with]</small><br>,<small><small>lexemas:</small></small>&ensp;tirar<br>,"<small><small>valências:&ensp;[ACT,PAT]</small></small><br>"
mitto,lilaLemma:112499,"<small><small>synset_id:&ensp;<a href=""https://www.openwordnet-pt.org/synset?id=02421374-v"" target=""_blank"">02421374-v</a></small></small><br>",<small><small>categoria:&ensp;relação social</small></small><br>,<small><small>definição:</small>&ensp;[grant freedom to; free from confinement]</small><br>,"<small><small>lexemas:</small></small>&ensp;aforrar, alforriar, liberar, libertar, soltar, desencarcerar<br>","<small><small>valências:&ensp;[ACT,ORIG,PAT] ou [ACT,PAT] ou [ACT,DIR1,PAT] ou [PAT]</small></small><br>"
mitto,lilaLemma:112499,"<small><small>synset_id:&ensp;<a href=""https://www.openwordnet-pt.org/synset?id=02402825-v"" target=""_blank"">02402825-v</a></small></small><br>",<small><small>categoria:&ensp;relação social</small></small><br>,<small><small>definição:</small>&ensp;terminar o emprego de; demitir de um cargo ou posição</small><br>,"<small><small>lexemas:</small></small>&ensp;demitir, desempregar, despedir, destituir, aviar, correr, depor, despachar, destronar, exonerar, impor, lançar, largar, licenciar<br>","<small><small>valências:&ensp;[ACT,PAT,DIR1] ou [ACT,PAT] ou [ACT,DIR1,PAT]</small></small><br>"
pono,lilaLemma:118414,"<small><small>synset_id:&ensp;<a href=""https://www.openwordnet-pt.org/synset?id=02456493-v"" target=""_blank"">02456493-v</a></small></small><br>",<small><small>categoria:&ensp;relação social</small></small><br>,<small><small>definição:</small>&ensp;[place in a grave or tomb]</small><br>,"<small><small>lexemas:</small></small>&ensp;enterrar, sepultar, soterrar, inumar, subterrar<br>","<small><small>valências:&ensp;[ACT,PAT]</small></small><br>"
pono,lilaLemma:118414,"<small><small>synset_id:&ensp;<a href=""https://www.openwordnet-pt.org/synset?id=02560424-v"" target=""_blank"">02560424-v</a></small></small><br>",<small><small>categoria:&ensp;relação social</small></small><br>,<small><small>definição:</small>&ensp;[compel to behave in a certain way]</small><br>,"<small><small>lexemas:</small></small>&ensp;enforçar, impor, obrigar<br>","<small><small>valências:&ensp;[ACT,PAT] ou [ACT,PAT,ADDR] ou [ACT,EFF,PAT] ou [ACT,PAT,EFF]</small></small><br>"
scribo,lilaLemma:123840,"<small><small>synset_id:&ensp;<a href=""https://www.openwordnet-pt.org/synset?id=02475922-v"" target=""_blank"">02475922-v</a></small></small><br>",<small><small>categoria:&ensp;relação social</small></small><br>,"<small><small>definição:</small>&ensp;[assign a duty, responsibility or obligation to]</small><br>","<small><small>lexemas:</small></small>&ensp;nomear, responsabilizar, designar<br>","<small><small>valências:&ensp;[ACT,PAT] ou [ACT,PAT,ADDR] ou [ACT,ADDR,PAT] ou [ACT,EFF,PAT]</small></small><br>"
scribo,lilaLemma:123840,"<small><small>synset_id:&ensp;<a href=""https://www.openwordnet-pt.org/synset?id=02471690-v"" target=""_blank"">02471690-v</a></small></small><br>",<small><small>categoria:&ensp;relação social</small></small><br>,"<small><small>definição:</small>&ensp;registrar por escrito; escrever num livro de nomes, eventos ou transações</small><br>","<small><small>lexemas:</small></small>&ensp;protocolar, registar, registrar<br>","<small><small>valências:&ensp;[ACT,PAT]</small></small><br>"
scribo,lilaLemma:123840,"<small><small>synset_id:&ensp;<a href=""https://www.openwordnet-pt.org/synset?id=02471327-v"" target=""_blank"">02471327-v</a></small></small><br>",<small><small>categoria:&ensp;relação social</small></small><br>,<small><small>definição:</small>&ensp;registrar formalmente como um participante ou membro</small><br>,"<small><small>lexemas:</small></small>&ensp;inscrever, recrutar, registar, registrar, apontar<br>","<small><small>valências:&ensp;[ACT,PAT]</small></small><br>"
scribo,lilaLemma:123840,"<small><small>synset_id:&ensp;<a href=""https://www.openwordnet-pt.org/synset?id=02396205-v"" target=""_blank"">02396205-v</a></small></small><br>",<small><small>categoria:&ensp;relação social</small></small><br>,<small><small>definição:</small>&ensp;[create and charge with a task or function]</small><br>,"<small><small>lexemas:</small></small>&ensp;nomear, alcunhar, apelidar, constituir, designar, eleger<br>","<small><small>valências:&ensp;[ACT,PAT] ou [ACT,EFF,PAT]</small></small><br>"
sequor,lilaLemma:124461,"<small><small>synset_id:&ensp;<a href=""https://www.openwordnet-pt.org/synset?id=02406585-v"" target=""_blank"">02406585-v</a></small></small><br>",<small><small>categoria:&ensp;relação social</small></small><br>,<small><small>definição:</small>&ensp;ser o sucessor (de)</small><br>,"<small><small>lexemas:</small></small>&ensp;seguir, suceder, vir depois de, acontecer<br>","<small><small>valências:&ensp;[ACT,PAT] ou [ACT,ADDR]</small></small><br>"
sequor,lilaLemma:124461,"<small><small>synset_id:&ensp;<a href=""https://www.openwordnet-pt.org/synset?id=02556817-v"" target=""_blank"">02556817-v</a></small></small><br>",<small><small>categoria:&ensp;relação social</small></small><br>,<small><small>definição:</small>&ensp;dar suporte ou aprovação a</small><br>,"<small><small>lexemas:</small></small>&ensp;apoiar, aprovar, endossar, respaldar, secundar<br>","<small><small>valências:&ensp;[ACT,PAT]</small></small><br>"
sequor,lilaLemma:124461,"<small><small>synset_id:&ensp;<a href=""https://www.openwordnet-pt.org/synset?id=02542280-v"" target=""_blank"">02542280-v</a></small></small><br>",<small><small>categoria:&ensp;relação social</small></small><br>,"<small><small>definição:</small>&ensp;agir de acordo com as regras, comandos ou desejos de alguém</small><br>","<small><small>lexemas:</small></small>&ensp;acatar, conformar, seguir, cumprir<br>","<small><small>valências:&ensp;[ACT,PAT] ou [ACT]</small></small><br>"
sequor,lilaLemma:124461,"<small><small>synset_id:&ensp;<a href=""https://www.openwordnet-pt.org/synset?id=02526085-v"" target=""_blank"">02526085-v</a></small></small><br>",<small><small>categoria:&ensp;relação social</small></small><br>,<small><small>definição:</small>&ensp;obter com esforço</small><br>,"<small><small>lexemas:</small></small>&ensp;alcançar, atingir, chegar a, efectuar, efetuar, obter, realizar, conseguir<br>","<small><small>valências:&ensp;[ACT,PAT] ou [ACT,DIR3] ou [ACT]</small></small><br>"
sequor,lilaLemma:124461,"<small><small>synset_id:&ensp;<a href=""https://www.openwordnet-pt.org/synset?id=02556126-v"" target=""_blank"">02556126-v</a></small></small><br>",<small><small>categoria:&ensp;relação social</small></small><br>,"<small><small>definição:</small>&ensp;dar apoio moral ou psicológico, auxílio ou coragem para alguem</small><br>","<small><small>lexemas:</small></small>&ensp;ajudar, apoiar, suportar, respaldar<br>","<small><small>valências:&ensp;[ACT,PAT]</small></small><br>"
teneo,lilaLemma:127822,"<small><small>synset_id:&ensp;<a href=""https://www.openwordnet-pt.org/synset?id=02394183-v"" target=""_blank"">02394183-v</a></small></small><br>",<small><small>categoria:&ensp;relação social</small></small><br>,"<small><small>definição:</small>&ensp;assumir, posições ou funções</small><br>","<small><small>lexemas:</small></small>&ensp;ocupar, assumir, tomar<br>","<small><small>valências:&ensp;[ACT,PAT]</small></small><br>"
teneo,lilaLemma:127822,"<small><small>synset_id:&ensp;<a href=""https://www.openwordnet-pt.org/synset?id=02578510-v"" target=""_blank"">02578510-v</a></small></small><br>",<small><small>categoria:&ensp;relação social</small></small><br>,<small><small>definição:</small>&ensp;[behave as expected during of holidays or rites]</small><br>,"<small><small>lexemas:</small></small>&ensp;celebrar, festejar, solenizar<br>","<small><small>valências:&ensp;[ACT,PAT]</small></small><br>"
teneo,lilaLemma:127822,"<small><small>synset_id:&ensp;<a href=""https://www.openwordnet-pt.org/synset?id=02422663-v"" target=""_blank"">02422663-v</a></small></small><br>",<small><small>categoria:&ensp;relação social</small></small><br>,<small><small>definição:</small>&ensp;[keep under control; keep in check]</small><br>,"<small><small>lexemas:</small></small>&ensp;coibir, conter, deter, entravar, moderar, serenar<br>","<small><small>valências:&ensp;[ACT,DIR1,PAT] ou [ACT,PAT]</small></small><br>"
teneo,lilaLemma:127822,"<small><small>synset_id:&ensp;<a href=""https://www.openwordnet-pt.org/synset?id=02539334-v"" target=""_blank"">02539334-v</a></small></small><br>",<small><small>categoria:&ensp;relação social</small></small><br>,<small><small>definição:</small>&ensp;[have dominance or the power to defeat over]</small><br>,"<small><small>lexemas:</small></small>&ensp;dirigir, dominar<br>","<small><small>valências:&ensp;[ACT,PAT]</small></small><br>"
teneo,lilaLemma:127822,"<small><small>synset_id:&ensp;<a href=""https://www.openwordnet-pt.org/synset?id=02556126-v"" target=""_blank"">02556126-v</a></small></small><br>",<small><small>categoria:&ensp;relação social</small></small><br>,"<small><small>definição:</small>&ensp;dar apoio moral ou psicológico, auxílio ou coragem para alguem</small><br>","<small><small>lexemas:</small></small>&ensp;ajudar, apoiar, suportar, respaldar<br>","<small><small>valências:&ensp;[ACT,PAT]</small></small><br>"
teneo,lilaLemma:127822,"<small><small>synset_id:&ensp;<a href=""https://www.openwordnet-pt.org/synset?id=02578872-v"" target=""_blank"">02578872-v</a></small></small><br>",<small><small>categoria:&ensp;relação social</small></small><br>,<small><small>definição:</small>&ensp;Manter sua ação ou prática de acordo com o combinado</small><br>,"<small><small>lexemas:</small></small>&ensp;continuar, cumprir, manter, seguir, observar<br>","<small><small>valências:&ensp;[ACT,PAT]</small></small><br>"
teneo,lilaLemma:127822,"<small><small>synset_id:&ensp;<a href=""https://www.openwordnet-pt.org/synset?id=02410175-v"" target=""_blank"">02410175-v</a></small></small><br>",<small><small>categoria:&ensp;relação social</small></small><br>,<small><small>definição:</small>&ensp;[allow to remain in a place or position or maintain a property or feature]</small><br>,"<small><small>lexemas:</small></small>&ensp;durar, prolongar-se, continuar, manter<br>","<small><small>valências:&ensp;[ACT,PAT]</small></small><br>"
animus,lilaLemma:89094,"<small><small>synset_id:&ensp;<a href=""https://www.openwordnet-pt.org/synset?id=07544647-n"" target=""_blank"">07544647-n</a></small></small><br>",<small><small>categoria:&ensp;sentimento</small></small><br>,<small><small>definição:</small>&ensp;um sentimento positivo de gosto</small><br>,"<small><small>lexemas:</small></small>&ensp;afecção, afeição, afetividade, afeto, amor, apego, carinho, afecto, amizade, coração, doçura, estima, estimação, meiguice, simpatia, ternura<br>","<small><small>valências:&ensp;[ACT,PAT] ou [ACT] ou [ACT,PAT,BEN]</small></small><br>"
animus,lilaLemma:89094,"<small><small>synset_id:&ensp;<a href=""https://www.openwordnet-pt.org/synset?id=07490713-n"" target=""_blank"">07490713-n</a></small></small><br>",<small><small>categoria:&ensp;sentimento</small></small><br>,"<small><small>definição:</small>&ensp;um sentimento fundamental que é difícil de definir, mas que as pessoas desejam experimentar</small><br>",<small><small>lexemas:</small></small>&ensp;prazer<br>,<small><small>valências:&ensp;[ACT]</small></small><br>
animus,lilaLemma:89094,"<small><small>synset_id:&ensp;<a href=""https://www.openwordnet-pt.org/synset?id=07491038-n"" target=""_blank"">07491038-n</a></small></small><br>",<small><small>categoria:&ensp;sentimento</small></small><br>,<small><small>definição:</small>&ensp;uma sensação de extremo prazer ou satisfação</small><br>,"<small><small>lexemas:</small></small>&ensp;alegria, deleite, prazer<br>","<small><small>valências:&ensp;[ACT,PAT] ou [ACT]</small></small><br>"
fides,lilaLemma:103260,"<small><small>synset_id:&ensp;<a href=""https://www.openwordnet-pt.org/synset?id=07526505-n"" target=""_blank"">07526505-n</a></small></small><br>",<small><small>categoria:&ensp;sentimento</small></small><br>,<small><small>definição:</small>&ensp;um sentimento de confiança (em alguém ou alguma coisa)</small><br>,<small><small>lexemas:</small></small>&ensp;confiança<br>,"<small><small>valências:&ensp;[ACT] ou [ACT,PAT]</small></small><br>"
mos,lilaLemma:112831,"<small><small>synset_id:&ensp;<a href=""https://www.openwordnet-pt.org/synset?id=07490579-n"" target=""_blank"">07490579-n</a></small></small><br>",<small><small>categoria:&ensp;sentimento</small></small><br>,<small><small>definição:</small>&ensp;um desejo repentino</small><br>,"<small><small>lexemas:</small></small>&ensp;capricho, caprichoso, desejo, fantasia, impertinência, arbítrio, birra, devaneio, extravagância, impulso, mania, mercê, opinião, paixão, paranoia, veleidade, vontade<br>","<small><small>valências:&ensp;[ACT,PAT]</small></small><br>"
natura,lilaLemma:113421,"<small><small>synset_id:&ensp;<a href=""https://www.openwordnet-pt.org/synset?id=07551052-n"" target=""_blank"">07551052-n</a></small></small><br>",<small><small>categoria:&ensp;sentimento</small></small><br>,<small><small>definição:</small>&ensp;um estado característica (habitual ou relativamente temporário) de sentimento</small><br>,<small><small>lexemas:</small></small>&ensp;humor<br>,"<small><small>valências:&ensp;[ACT,PAT]</small></small><br>"
uirtus,lilaLemma:130356,"<small><small>synset_id:&ensp;<a href=""https://www.openwordnet-pt.org/synset?id=07526182-n"" target=""_blank"">07526182-n</a></small></small><br>",<small><small>categoria:&ensp;sentimento</small></small><br>,<small><small>definição:</small>&ensp;sentindo-se sem medo</small><br>,"<small><small>lexemas:</small></small>&ensp;bravura, valentia, coragem<br>",
natura,lilaLemma:113421,"<small><small>synset_id:&ensp;<a href=""https://www.openwordnet-pt.org/synset?id=14622893-n"" target=""_blank"">14622893-n</a></small></small><br>",<small><small>categoria:&ensp;substância</small></small><br>,<small><small>definição:</small>&ensp;qualquer uma das mais de 100 substâncias conhecidas (das quais 92 ocorrem naturalmente) que não podem ser separadas em substâncias mais simples e que constituem isoladamente ou em combinação toda a matéria</small><br>,"<small><small>lexemas:</small></small>&ensp;elemento químico, elemento<br>",
annus,lilaLemma:89129,"<small><small>synset_id:&ensp;<a href=""https://www.openwordnet-pt.org/synset?id=15201505-n"" target=""_blank"">15201505-n</a></small></small><br>",<small><small>categoria:&ensp;tempo</small></small><br>,"<small><small>definição:</small>&ensp;o período de tempo que leva para um planeta (como, por exemplo, a Terra ou Marte) para fazer uma revolução completa em torno do Sol</small><br>","<small><small>lexemas:</small></small>&ensp;ano, año<br>",
annus,lilaLemma:89129,"<small><small>synset_id:&ensp;<a href=""https://www.openwordnet-pt.org/synset?id=15242955-n"" target=""_blank"">15242955-n</a></small></small><br>",<small><small>categoria:&ensp;tempo</small></small><br>,<small><small>definição:</small>&ensp;um período de tempo prolongado</small><br>,<small><small>lexemas:</small></small>&ensp;idade<br>,
annus,lilaLemma:89129,"<small><small>synset_id:&ensp;<a href=""https://www.openwordnet-pt.org/synset?id=15159819-n"" target=""_blank"">15159819-n</a></small></small><br>",<small><small>categoria:&ensp;tempo</small></small><br>,<small><small>definição:</small>&ensp;um determinado dia especificado como o tempo de algo acontecer</small><br>,<small><small>lexemas:</small></small>&ensp;data<br>,
annus,lilaLemma:89129,"<small><small>synset_id:&ensp;<a href=""https://www.openwordnet-pt.org/synset?id=15204297-n"" target=""_blank"">15204297-n</a></small></small><br>",<small><small>categoria:&ensp;tempo</small></small><br>,<small><small>definição:</small>&ensp;um período de tempo ocupando uma parte regular de um ano de calendário que é usado para alguma atividade especial</small><br>,<small><small>lexemas:</small></small>&ensp;ano<br>,
annus,lilaLemma:89129,"<small><small>synset_id:&ensp;<a href=""https://www.openwordnet-pt.org/synset?id=15113229-n"" target=""_blank"">15113229-n</a></small></small><br>",<small><small>categoria:&ensp;tempo</small></small><br>,<small><small>definição:</small>&ensp;periodo de tempo</small><br>,"<small><small>lexemas:</small></small>&ensp;etapa, período, tempo, altura, quartel, trimestre, época<br>",
uita,lilaLemma:130393,"<small><small>synset_id:&ensp;<a href=""https://www.openwordnet-pt.org/synset?id=15140892-n"" target=""_blank"">15140892-n</a></small></small><br>",<small><small>categoria:&ensp;tempo</small></small><br>,<small><small>definição:</small>&ensp;o período compreendido entre o presente até a morte</small><br>,"<small><small>lexemas:</small></small>&ensp;vida, existência<br>",
uita,lilaLemma:130393,"<small><small>synset_id:&ensp;<a href=""https://www.openwordnet-pt.org/synset?id=15140405-n"" target=""_blank"">15140405-n</a></small></small><br>",<small><small>categoria:&ensp;tempo</small></small><br>,<small><small>definição:</small>&ensp;o período em que algo é funcional (como entre nascimento e morte)</small><br>,"<small><small>lexemas:</small></small>&ensp;duração de uma vida, vida<br>",
dies,lilaLemma:99334,"<small><small>synset_id:&ensp;<a href=""https://www.openwordnet-pt.org/synset?id=15164957-n"" target=""_blank"">15164957-n</a></small></small><br>",<small><small>categoria:&ensp;tempo</small></small><br>,<small><small>definição:</small>&ensp;o tempo após o nascer do sol e antes do sol enquanto ele está fora luz</small><br>,"<small><small>lexemas:</small></small>&ensp;dia, jornada<br>",
dies,lilaLemma:99334,"<small><small>synset_id:&ensp;<a href=""https://www.openwordnet-pt.org/synset?id=15157225-n"" target=""_blank"">15157225-n</a></small></small><br>",<small><small>categoria:&ensp;tempo</small></small><br>,<small><small>definição:</small>&ensp;um dia designado para um propósito ou observância particular</small><br>,<small><small>lexemas:</small></small>&ensp;dia<br>,
dies,lilaLemma:99334,"<small><small>synset_id:&ensp;<a href=""https://www.openwordnet-pt.org/synset?id=15136453-n"" target=""_blank"">15136453-n</a></small></small><br>",<small><small>categoria:&ensp;tempo</small></small><br>,<small><small>definição:</small>&ensp;as horas recorrentes quando você não está dormindo (especialmente aqueles quando você está trabalhando)</small><br>,<small><small>lexemas:</small></small>&ensp;dia<br>,
dies,lilaLemma:99334,"<small><small>synset_id:&ensp;<a href=""https://www.openwordnet-pt.org/synset?id=15155220-n"" target=""_blank"">15155220-n</a></small></small><br>",<small><small>categoria:&ensp;tempo</small></small><br>,<small><small>definição:</small>&ensp;tempo para a Terra para fazer uma rotação completa em seu eixo</small><br>,<small><small>lexemas:</small></small>&ensp;dia<br>,
dies,lilaLemma:99334,"<small><small>synset_id:&ensp;<a href=""https://www.openwordnet-pt.org/synset?id=15122231-n"" target=""_blank"">15122231-n</a></small></small><br>",<small><small>categoria:&ensp;tempo</small></small><br>,<small><small>definição:</small>&ensp;um período indefinido (normalmente marcado por atributos ou atividades específicas)</small><br>,"<small><small>lexemas:</small></small>&ensp;era, momento, período, tempo, época<br>",
dies,lilaLemma:99334,"<small><small>synset_id:&ensp;<a href=""https://www.openwordnet-pt.org/synset?id=15140405-n"" target=""_blank"">15140405-n</a></small></small><br>",<small><small>categoria:&ensp;tempo</small></small><br>,<small><small>definição:</small>&ensp;o período em que algo é funcional (como entre nascimento e morte)</small><br>,"<small><small>lexemas:</small></small>&ensp;duração de uma vida, vida<br>",
dies,lilaLemma:99334,"<small><small>synset_id:&ensp;<a href=""https://www.openwordnet-pt.org/synset?id=15123115-n"" target=""_blank"">15123115-n</a></small></small><br>",<small><small>categoria:&ensp;tempo</small></small><br>,<small><small>definição:</small>&ensp;algum ponto ou período de tempo</small><br>,<small><small>lexemas:</small></small>&ensp;dia<br>,
imperium,lilaLemma:106532,"<small><small>synset_id:&ensp;<a href=""https://www.openwordnet-pt.org/synset?id=15295416-n"" target=""_blank"">15295416-n</a></small></small><br>",<small><small>categoria:&ensp;tempo</small></small><br>,<small><small>definição:</small>&ensp;a duração do poder de um monarca ou o governo de</small><br>,<small><small>lexemas:</small></small>&ensp;reinado<br>,
locus,lilaLemma:110019,"<small><small>synset_id:&ensp;<a href=""https://www.openwordnet-pt.org/synset?id=15180528-n"" target=""_blank"">15180528-n</a></small></small><br>",<small><small>categoria:&ensp;tempo</small></small><br>,<small><small>definição:</small>&ensp;instante no tempo</small><br>,"<small><small>lexemas:</small></small>&ensp;instante, momento, ponto<br>",
locus,lilaLemma:110019,"<small><small>synset_id:&ensp;<a href=""https://www.openwordnet-pt.org/synset?id=15292069-n"" target=""_blank"">15292069-n</a></small></small><br>",<small><small>categoria:&ensp;tempo</small></small><br>,<small><small>definição:</small>&ensp;um tempo para trabalhar (após o qual você será aliviado por outra pessoa)</small><br>,"<small><small>lexemas:</small></small>&ensp;turno, vez, período<br>",
modus,lilaLemma:112553,"<small><small>synset_id:&ensp;<a href=""https://www.openwordnet-pt.org/synset?id=15268857-n"" target=""_blank"">15268857-n</a></small></small><br>",<small><small>categoria:&ensp;tempo</small></small><br>,<small><small>definição:</small>&ensp;final ou último ponto limitante</small><br>,"<small><small>lexemas:</small></small>&ensp;limiar, ponto final, limite, ombreira, umbral<br>",
mors,lilaLemma:112807,"<small><small>synset_id:&ensp;<a href=""https://www.openwordnet-pt.org/synset?id=15143276-n"" target=""_blank"">15143276-n</a></small></small><br>",<small><small>categoria:&ensp;tempo</small></small><br>,<small><small>definição:</small>&ensp;o momento em que a vida termina; continuando até mortos</small><br>,<small><small>lexemas:</small></small>&ensp;morte<br>,<small><small>valências:&ensp;[ACT]</small></small><br>
mors,lilaLemma:112807,"<small><small>synset_id:&ensp;<a href=""https://www.openwordnet-pt.org/synset?id=15143477-n"" target=""_blank"">15143477-n</a></small></small><br>",<small><small>categoria:&ensp;tempo</small></small><br>,<small><small>definição:</small>&ensp;o momento em que termina algo</small><br>,"<small><small>lexemas:</small></small>&ensp;fim, morte, queda<br>",<small><small>valências:&ensp;[ACT]</small></small><br>
tempus,lilaLemma:127522,"<small><small>synset_id:&ensp;<a href=""https://www.openwordnet-pt.org/synset?id=15239579-n"" target=""_blank"">15239579-n</a></small></small><br>",<small><small>categoria:&ensp;tempo</small></small><br>,<small><small>definição:</small>&ensp;um período do ano marcado por eventos especiais ou atividades em algum campo</small><br>,"<small><small>lexemas:</small></small>&ensp;estação, tempo, temporada<br>",
tempus,lilaLemma:127522,"<small><small>synset_id:&ensp;<a href=""https://www.openwordnet-pt.org/synset?id=15245515-n"" target=""_blank"">15245515-n</a></small></small><br>",<small><small>categoria:&ensp;tempo</small></small><br>,<small><small>definição:</small>&ensp;um momento adequado</small><br>,<small><small>lexemas:</small></small>&ensp;hora<br>,
tempus,lilaLemma:127522,"<small><small>synset_id:&ensp;<a href=""https://www.openwordnet-pt.org/synset?id=15246853-n"" target=""_blank"">15246853-n</a></small></small><br>",<small><small>categoria:&ensp;tempo</small></small><br>,<small><small>definição:</small>&ensp;indefinidamente um curto espaço de tempo</small><br>,"<small><small>lexemas:</small></small>&ensp;instante, minuto, momento, segundo<br>",
tempus,lilaLemma:127522,"<small><small>synset_id:&ensp;<a href=""https://www.openwordnet-pt.org/synset?id=15236475-n"" target=""_blank"">15236475-n</a></small></small><br>",<small><small>categoria:&ensp;tempo</small></small><br>,<small><small>definição:</small>&ensp;um dos períodos naturais em que o ano é dividido por equinócios e solstícios ou condições atmosféricas</small><br>,"<small><small>lexemas:</small></small>&ensp;estação, estação do ano, período, sazão, tempo<br>",
tempus,lilaLemma:127522,"<small><small>synset_id:&ensp;<a href=""https://www.openwordnet-pt.org/synset?id=15135822-n"" target=""_blank"">15135822-n</a></small></small><br>",<small><small>categoria:&ensp;tempo</small></small><br>,<small><small>definição:</small>&ensp;a quarta coordenada que é necessária (juntamente com três dimensões espaciais) para especificar um acontecimento físico</small><br>,"<small><small>lexemas:</small></small>&ensp;quarta dimensão, Quarta Dimensão<br>",
tempus,lilaLemma:127522,"<small><small>synset_id:&ensp;<a href=""https://www.openwordnet-pt.org/synset?id=15113229-n"" target=""_blank"">15113229-n</a></small></small><br>",<small><small>categoria:&ensp;tempo</small></small><br>,<small><small>definição:</small>&ensp;periodo de tempo</small><br>,"<small><small>lexemas:</small></small>&ensp;etapa, período, tempo, altura, quartel, trimestre, época<br>",
tempus,lilaLemma:127522,"<small><small>synset_id:&ensp;<a href=""https://www.openwordnet-pt.org/synset?id=15122231-n"" target=""_blank"">15122231-n</a></small></small><br>",<small><small>categoria:&ensp;tempo</small></small><br>,<small><small>definição:</small>&ensp;um período indefinido (normalmente marcado por atributos ou atividades específicas)</small><br>,"<small><small>lexemas:</small></small>&ensp;era, momento, período, tempo, época<br>",
tempus,lilaLemma:127522,"<small><small>synset_id:&ensp;<a href=""https://www.openwordnet-pt.org/synset?id=15245829-n"" target=""_blank"">15245829-n</a></small></small><br>",<small><small>categoria:&ensp;tempo</small></small><br>,<small><small>definição:</small>&ensp;o tempo de um evento específico</small><br>,<small><small>lexemas:</small></small>&ensp;feita<br>,
tempus,lilaLemma:127522,"<small><small>synset_id:&ensp;<a href=""https://www.openwordnet-pt.org/synset?id=15290337-n"" target=""_blank"">15290337-n</a></small></small><br>",<small><small>categoria:&ensp;tempo</small></small><br>,<small><small>definição:</small>&ensp;qualquer período de tempo distintos numa sequência de eventos</small><br>,"<small><small>lexemas:</small></small>&ensp;estágio, fase, período, estádio, etapa, nível<br>",
tempus,lilaLemma:127522,"<small><small>synset_id:&ensp;<a href=""https://www.openwordnet-pt.org/synset?id=15270431-n"" target=""_blank"">15270431-n</a></small></small><br>",<small><small>categoria:&ensp;tempo</small></small><br>,<small><small>definição:</small>&ensp;um período de tempo considerado como um recurso sob o seu controle e suficiente para realizar algo</small><br>,"<small><small>lexemas:</small></small>&ensp;hora, tempo<br>",
