lemma,definition,lila_id,synset_id,sem_type,lexemes_pt,own_pt_gloss,argumentSet
primus,indicating the beginning unit in a series,lilaLemma:119498,"<small><small>synset_id:&ensp;<a href=""https://www.openwordnet-pt.org/synset?id=02202047-s"" target=""_blank"">02202047-s</a></small></small><br>",,"<small><small>lexemas:</small></small>&ensp;1º, primeiro<br>",<small><small>conceito:</small>&ensp;indicando a unidade inicial de uma série</small><br>,
duo,being one more than one,lilaLemma:100246,"<small><small>synset_id:&ensp;<a href=""https://www.openwordnet-pt.org/synset?id=02186470-s"" target=""_blank"">02186470-s</a></small></small><br>",,"<small><small>lexemas:</small></small>&ensp;2, dois<br>",,
mitto,"forsake, leave behind",lilaLemma:112499,"<small><small>synset_id:&ensp;<a href=""https://www.openwordnet-pt.org/synset?id=02228031-v"" target=""_blank"">02228031-v</a></small></small><br>",<small><small>categoria:&ensp;posse</small></small><br>,<small><small>lexemas:</small></small>&ensp;abandonar<br>,,"<small><small>valências:&ensp;[ACT,PAT]</small></small><br>"
do,part with a possession or right,lilaLemma:99970,"<small><small>synset_id:&ensp;<a href=""https://www.openwordnet-pt.org/synset?id=02316304-v"" target=""_blank"">02316304-v</a></small></small><br>",<small><small>categoria:&ensp;posse</small></small><br>,"<small><small>lexemas:</small></small>&ensp;abandonar, deixar, desistir, desobrigar, liberar, renunciar<br>",,"<small><small>valências:&ensp;[ACT,PAT] ou [ACT,ADDR] ou [ACT,PAT,ADDR] ou [ACT,PAT,ORIG]</small></small><br>"
relinquo,leave someone who needs or counts on you; leave in the lurch,lilaLemma:122569,"<small><small>synset_id:&ensp;<a href=""https://www.openwordnet-pt.org/synset?id=00614057-v"" target=""_blank"">00614057-v</a></small></small><br>",<small><small>categoria:&ensp;cognição</small></small><br>,"<small><small>lexemas:</small></small>&ensp;abandonar, desamparar, desertar<br>",<small><small>conceito:</small>&ensp;deixar alguém que precisa ou conta com você; deixar na mão</small><br>,"<small><small>valências:&ensp;[ACT,PAT] ou [ACT,ORIG] ou [ACT,EFF,PAT]</small></small><br>"
pono,stop maintaining or insisting on; of ideas or claims,lilaLemma:118414,"<small><small>synset_id:&ensp;<a href=""https://www.openwordnet-pt.org/synset?id=00613393-v"" target=""_blank"">00613393-v</a></small></small><br>",<small><small>categoria:&ensp;cognição</small></small><br>,"<small><small>lexemas:</small></small>&ensp;abandonar, desistir, largar mão<br>",<small><small>conceito:</small>&ensp;parar de manter ou insistir em; idéias ou reivindicações</small><br>,"<small><small>valências:&ensp;[ACT,PAT]</small></small><br>"
fero,"give what is desired or needed, especially support, food or sustenance",lilaLemma:103126,"<small><small>synset_id:&ensp;<a href=""https://www.openwordnet-pt.org/synset?id=01182709-v"" target=""_blank"">01182709-v</a></small></small><br>",<small><small>categoria:&ensp;consumo</small></small><br>,"<small><small>lexemas:</small></small>&ensp;abastecer, fornecer, prover, provisionar, servir<br>","<small><small>conceito:</small>&ensp;dar o que é desejado ou necessário, especialmente apoio, alimento ou sustento</small><br>","<small><small>valências:&ensp;[ACT,PAT] ou [ACT,PAT,ADDR]</small></small><br>"
do,give something useful or necessary to,lilaLemma:99970,"<small><small>synset_id:&ensp;<a href=""https://www.openwordnet-pt.org/synset?id=02327200-v"" target=""_blank"">02327200-v</a></small></small><br>",<small><small>categoria:&ensp;posse</small></small><br>,"<small><small>lexemas:</small></small>&ensp;abastecer, fornecer, prover, suprir<br>",,"<small><small>valências:&ensp;[ACT,PAT] ou [ACT,EFF,PAT] ou [ACT,ADDR,PAT] ou [ACT,PAT,ADDR] ou [ACT,MEANS,PAT]</small></small><br>"
facio,give something useful or necessary to,lilaLemma:102758,"<small><small>synset_id:&ensp;<a href=""https://www.openwordnet-pt.org/synset?id=02327200-v"" target=""_blank"">02327200-v</a></small></small><br>",<small><small>categoria:&ensp;posse</small></small><br>,"<small><small>lexemas:</small></small>&ensp;abastecer, fornecer, prover, suprir<br>",,"<small><small>valências:&ensp;[ACT,PAT] ou [ACT,EFF,PAT] ou [ACT,ADDR,PAT] ou [ACT,PAT,ADDR] ou [ACT,MEANS,PAT]</small></small><br>"
pono,give something useful or necessary to,lilaLemma:118414,"<small><small>synset_id:&ensp;<a href=""https://www.openwordnet-pt.org/synset?id=02327200-v"" target=""_blank"">02327200-v</a></small></small><br>",<small><small>categoria:&ensp;posse</small></small><br>,"<small><small>lexemas:</small></small>&ensp;abastecer, fornecer, prover, suprir<br>",,"<small><small>valências:&ensp;[ACT,PAT] ou [ACT,EFF,PAT] ou [ACT,ADDR,PAT] ou [ACT,PAT,ADDR] ou [ACT,MEANS,PAT]</small></small><br>"
capio,include or contain; have as a component,lilaLemma:92686,"<small><small>synset_id:&ensp;<a href=""https://www.openwordnet-pt.org/synset?id=02629535-v"" target=""_blank"">02629535-v</a></small></small><br>",<small><small>categoria:&ensp;estado</small></small><br>,"<small><small>lexemas:</small></small>&ensp;abranger, conter<br>",,"<small><small>valências:&ensp;[ACT,PAT] ou [ACT,PAT,LOC]</small></small><br>"
pecunia,the state of being rich and affluent; having a plentiful supply of material goods and money,lilaLemma:116369,"<small><small>synset_id:&ensp;<a href=""https://www.openwordnet-pt.org/synset?id=14491271-n"" target=""_blank"">14491271-n</a></small></small><br>",<small><small>categoria:&ensp;estado</small></small><br>,"<small><small>lexemas:</small></small>&ensp;abundancia, poder, riqueza<br>",,<small><small>valências:&ensp;[ACT]</small></small><br>
mitto,put an end to a state or an activity,lilaLemma:112499,"<small><small>synset_id:&ensp;<a href=""https://www.openwordnet-pt.org/synset?id=02680814-v"" target=""_blank"">02680814-v</a></small></small><br>",<small><small>categoria:&ensp;estado</small></small><br>,"<small><small>lexemas:</small></small>&ensp;acabar, cessar, deixar, descontinuar, desistir, finalizar, parar, terminar<br>",<small><small>conceito:</small>&ensp;pôr fim a um estado ou uma atividade</small><br>,"<small><small>valências:&ensp;[ACT,DIR1] ou [ACT,PAT] ou [ACT,ORIG] ou [ACT]</small></small><br>"
capio,cause great unhappiness for; distress,lilaLemma:92686,"<small><small>synset_id:&ensp;<a href=""https://www.openwordnet-pt.org/synset?id=01797730-v"" target=""_blank"">01797730-v</a></small></small><br>",<small><small>categoria:&ensp;emoção</small></small><br>,"<small><small>lexemas:</small></small>&ensp;acabrunhar, angustiar, afligir<br>",<small><small>conceito:</small>&ensp;causar grande infelicidade em alguem</small><br>,"<small><small>valências:&ensp;[ACT,PAT]</small></small><br>"
castra,temporary living quarters specially built by the army for soldiers,lilaLemma:138599,"<small><small>synset_id:&ensp;<a href=""https://www.openwordnet-pt.org/synset?id=02944826-n"" target=""_blank"">02944826-n</a></small></small><br>",<small><small>categoria:&ensp;artefato</small></small><br>,<small><small>lexemas:</small></small>&ensp;acampamento<br>,,
audio,"act in accordance with someone's rules, commands, or wishes",lilaLemma:90641,"<small><small>synset_id:&ensp;<a href=""https://www.openwordnet-pt.org/synset?id=02542280-v"" target=""_blank"">02542280-v</a></small></small><br>",<small><small>categoria:&ensp;relação social</small></small><br>,"<small><small>lexemas:</small></small>&ensp;acatar, conformar, seguir<br>","<small><small>conceito:</small>&ensp;agir de acordo com as regras, comandos ou desejos de alguém</small><br>","<small><small>valências:&ensp;[ACT,PAT] ou [ACT]</small></small><br>"
sequor,"act in accordance with someone's rules, commands, or wishes",lilaLemma:124461,"<small><small>synset_id:&ensp;<a href=""https://www.openwordnet-pt.org/synset?id=02542280-v"" target=""_blank"">02542280-v</a></small></small><br>",<small><small>categoria:&ensp;relação social</small></small><br>,"<small><small>lexemas:</small></small>&ensp;acatar, conformar, seguir<br>","<small><small>conceito:</small>&ensp;agir de acordo com as regras, comandos ou desejos de alguém</small><br>","<small><small>valências:&ensp;[ACT,PAT] ou [ACT]</small></small><br>"
teneo,"keep in safety and protect from harm, decay, loss, or destruction",lilaLemma:127822,"<small><small>synset_id:&ensp;<a href=""https://www.openwordnet-pt.org/synset?id=02280132-v"" target=""_blank"">02280132-v</a></small></small><br>",<small><small>categoria:&ensp;posse</small></small><br>,"<small><small>lexemas:</small></small>&ensp;acautelar, conservar, manter, preservar<br>",,"<small><small>valências:&ensp;[ACT,PAT] ou [ACT,EFF,PAT]</small></small><br>"
audio,yield to another's wish or opinion,lilaLemma:90641,"<small><small>synset_id:&ensp;<a href=""https://www.openwordnet-pt.org/synset?id=00878348-v"" target=""_blank"">00878348-v</a></small></small><br>",<small><small>categoria:&ensp;comunicação</small></small><br>,"<small><small>lexemas:</small></small>&ensp;aceder, submeter<br>",,"<small><small>valências:&ensp;[ACT,PAT] ou [ACT,ADDR] ou [ACT,PAT,BEN] ou [ACT,PAT,ADDR] ou [ACT,ADDR,PAT]</small></small><br>"
accipio,accept,lilaLemma:87119,"<small><small>synset_id:&ensp;<a href=""https://www.openwordnet-pt.org/synset?id=01540844-v"" target=""_blank"">01540844-v</a></small></small><br>",<small><small>categoria:&ensp;contato</small></small><br>,<small><small>lexemas:</small></small>&ensp;aceitar<br>,,"<small><small>valências:&ensp;[ACT,PAT]</small></small><br>"
accipio,consider or hold as true,lilaLemma:87119,"<small><small>synset_id:&ensp;<a href=""https://www.openwordnet-pt.org/synset?id=00686447-v"" target=""_blank"">00686447-v</a></small></small><br>",<small><small>categoria:&ensp;cognição</small></small><br>,<small><small>lexemas:</small></small>&ensp;aceitar<br>,<small><small>conceito:</small>&ensp;considerar ou manter como verdadeiro</small><br>,"<small><small>valências:&ensp;[ACT,PAT]</small></small><br>"
uolo,give an affirmative reply to; respond favorably to,lilaLemma:130745,"<small><small>synset_id:&ensp;<a href=""https://www.openwordnet-pt.org/synset?id=00797697-v"" target=""_blank"">00797697-v</a></small></small><br>",<small><small>categoria:&ensp;comunicação</small></small><br>,"<small><small>lexemas:</small></small>&ensp;aceitar, aprovar, concordar, consentir<br>",<small><small>conceito:</small>&ensp;dar uma resposta afirmativa à; responder favoravelmente a</small><br>,"<small><small>valências:&ensp;[ACT,PAT]</small></small><br>"
gero,take on as one's own the expenses or debts of another person,lilaLemma:104536,"<small><small>synset_id:&ensp;<a href=""https://www.openwordnet-pt.org/synset?id=02301825-v"" target=""_blank"">02301825-v</a></small></small><br>",<small><small>categoria:&ensp;posse</small></small><br>,"<small><small>lexemas:</small></small>&ensp;aceitar, assumir<br>",<small><small>conceito:</small>&ensp;assumir como próprias as despesas ou dívidas de outra pessoa</small><br>,"<small><small>valências:&ensp;[ACT,PAT]</small></small><br>"
accipio,accept as true or valid,lilaLemma:87119,"<small><small>synset_id:&ensp;<a href=""https://www.openwordnet-pt.org/synset?id=00686879-v"" target=""_blank"">00686879-v</a></small></small><br>",<small><small>categoria:&ensp;cognição</small></small><br>,"<small><small>lexemas:</small></small>&ensp;aceitar, receber<br>",<small><small>conceito:</small>&ensp;aceitar como verdadeiro ou válido</small><br>,"<small><small>valências:&ensp;[ACT,PAT]</small></small><br>"
accipio,receive willingly something given or offered,lilaLemma:87119,"<small><small>synset_id:&ensp;<a href=""https://www.openwordnet-pt.org/synset?id=02236124-v"" target=""_blank"">02236124-v</a></small></small><br>",<small><small>categoria:&ensp;posse</small></small><br>,"<small><small>lexemas:</small></small>&ensp;aceitar, topar<br>",<small><small>conceito:</small>&ensp;A única garota que o aceitaria era a filha do moleiro</small><br>,"<small><small>valências:&ensp;[ACT,ORIG,PAT] ou [ACT,PAT]</small></small><br>"
capio,receive willingly something given or offered,lilaLemma:92686,"<small><small>synset_id:&ensp;<a href=""https://www.openwordnet-pt.org/synset?id=02236124-v"" target=""_blank"">02236124-v</a></small></small><br>",<small><small>categoria:&ensp;posse</small></small><br>,"<small><small>lexemas:</small></small>&ensp;aceitar, topar<br>",<small><small>conceito:</small>&ensp;A única garota que o aceitaria era a filha do moleiro</small><br>,"<small><small>valências:&ensp;[ACT,ORIG,PAT] ou [ACT,PAT]</small></small><br>"
uox,the relative prominence of a syllable or musical note (especially with regard to stress or pitch),lilaLemma:130806,"<small><small>synset_id:&ensp;<a href=""https://www.openwordnet-pt.org/synset?id=07085375-n"" target=""_blank"">07085375-n</a></small></small><br>",<small><small>categoria:&ensp;comunicação</small></small><br>,"<small><small>lexemas:</small></small>&ensp;acento, acentuação, ênfase<br>",,
puto,judge to be probable,lilaLemma:120610,"<small><small>synset_id:&ensp;<a href=""https://www.openwordnet-pt.org/synset?id=00712135-v"" target=""_blank"">00712135-v</a></small></small><br>",<small><small>categoria:&ensp;cognição</small></small><br>,"<small><small>lexemas:</small></small>&ensp;achar, avaliar, considerar, predizer, prever, prognosticar<br>",<small><small>conceito:</small>&ensp;julgar ser provável</small><br>,"<small><small>valências:&ensp;[ACT,EFF,PAT] ou [ACT,PAT,EFF] ou [ACT,PAT] ou [ACT]</small></small><br>"
credo,deem to be,lilaLemma:96881,"<small><small>synset_id:&ensp;<a href=""https://www.openwordnet-pt.org/synset?id=00690614-v"" target=""_blank"">00690614-v</a></small></small><br>",<small><small>categoria:&ensp;cognição</small></small><br>,"<small><small>lexemas:</small></small>&ensp;achar, considerar, ver<br>",<small><small>conceito:</small>&ensp;julgar ser</small><br>,"<small><small>valências:&ensp;[ACT,EFF,PAT] ou [ACT,PAT,EFF] ou [ACT,PAT] ou [ACT,REG] ou [ACT,PAT,CPR]</small></small><br>"
fero,deem to be,lilaLemma:103126,"<small><small>synset_id:&ensp;<a href=""https://www.openwordnet-pt.org/synset?id=00690614-v"" target=""_blank"">00690614-v</a></small></small><br>",<small><small>categoria:&ensp;cognição</small></small><br>,"<small><small>lexemas:</small></small>&ensp;achar, considerar, ver<br>",<small><small>conceito:</small>&ensp;julgar ser</small><br>,"<small><small>valências:&ensp;[ACT,EFF,PAT] ou [ACT,PAT,EFF] ou [ACT,PAT] ou [ACT,REG] ou [ACT,PAT,CPR]</small></small><br>"
pono,deem to be,lilaLemma:118414,"<small><small>synset_id:&ensp;<a href=""https://www.openwordnet-pt.org/synset?id=00690614-v"" target=""_blank"">00690614-v</a></small></small><br>",<small><small>categoria:&ensp;cognição</small></small><br>,"<small><small>lexemas:</small></small>&ensp;achar, considerar, ver<br>",<small><small>conceito:</small>&ensp;julgar ser</small><br>,"<small><small>valências:&ensp;[ACT,EFF,PAT] ou [ACT,PAT,EFF] ou [ACT,PAT] ou [ACT,REG] ou [ACT,PAT,CPR]</small></small><br>"
cognosco,"discover or determine the existence, presence, or fact of",lilaLemma:94738,"<small><small>synset_id:&ensp;<a href=""https://www.openwordnet-pt.org/synset?id=02154508-v"" target=""_blank"">02154508-v</a></small></small><br>",<small><small>categoria:&ensp;percepção</small></small><br>,"<small><small>lexemas:</small></small>&ensp;achar, descobrir, detectar, observar<br>","<small><small>conceito:</small>&ensp;descobrir ou determinar a existência, presença ou algum fato sobre</small><br>","<small><small>valências:&ensp;[ACT,PAT]</small></small><br>"
cognosco,find unexpectedly,lilaLemma:94738,"<small><small>synset_id:&ensp;<a href=""https://www.openwordnet-pt.org/synset?id=02286687-v"" target=""_blank"">02286687-v</a></small></small><br>",<small><small>categoria:&ensp;posse</small></small><br>,"<small><small>lexemas:</small></small>&ensp;achar, descobrir, encontrar<br>",,"<small><small>valências:&ensp;[ACT,PAT] ou [ACT,BEN]</small></small><br>"
peto,find unexpectedly,lilaLemma:117549,"<small><small>synset_id:&ensp;<a href=""https://www.openwordnet-pt.org/synset?id=02286687-v"" target=""_blank"">02286687-v</a></small></small><br>",<small><small>categoria:&ensp;posse</small></small><br>,"<small><small>lexemas:</small></small>&ensp;achar, descobrir, encontrar<br>",,"<small><small>valências:&ensp;[ACT,PAT] ou [ACT,BEN]</small></small><br>"
audio,"get to know or become aware of, usually accidentally",lilaLemma:90641,"<small><small>synset_id:&ensp;<a href=""https://www.openwordnet-pt.org/synset?id=00598954-v"" target=""_blank"">00598954-v</a></small></small><br>",<small><small>categoria:&ensp;cognição</small></small><br>,"<small><small>lexemas:</small></small>&ensp;achar, descobrir, informar-se, inteirar<br>",,"<small><small>valências:&ensp;[ACT,PAT]</small></small><br>"
cognosco,"get to know or become aware of, usually accidentally",lilaLemma:94738,"<small><small>synset_id:&ensp;<a href=""https://www.openwordnet-pt.org/synset?id=00598954-v"" target=""_blank"">00598954-v</a></small></small><br>",<small><small>categoria:&ensp;cognição</small></small><br>,"<small><small>lexemas:</small></small>&ensp;achar, descobrir, informar-se, inteirar<br>",,"<small><small>valências:&ensp;[ACT,PAT]</small></small><br>"
uideo,"get to know or become aware of, usually accidentally",lilaLemma:130163,"<small><small>synset_id:&ensp;<a href=""https://www.openwordnet-pt.org/synset?id=00598954-v"" target=""_blank"">00598954-v</a></small></small><br>",<small><small>categoria:&ensp;cognição</small></small><br>,"<small><small>lexemas:</small></small>&ensp;achar, descobrir, informar-se, inteirar<br>",,"<small><small>valências:&ensp;[ACT,PAT]</small></small><br>"
credo,"expect, believe, or suppose",lilaLemma:96881,"<small><small>synset_id:&ensp;<a href=""https://www.openwordnet-pt.org/synset?id=00631737-v"" target=""_blank"">00631737-v</a></small></small><br>",<small><small>categoria:&ensp;cognição</small></small><br>,"<small><small>lexemas:</small></small>&ensp;achar, esperar, pensar, supor<br>","<small><small>conceito:</small>&ensp;imaginar, acreditar, ou supor</small><br>","<small><small>valências:&ensp;[ACT,PAT] ou [ACT,PAT,EFF] ou [ACT] ou [ACT,EFF,PAT]</small></small><br>"
facio,"expect, believe, or suppose",lilaLemma:102758,"<small><small>synset_id:&ensp;<a href=""https://www.openwordnet-pt.org/synset?id=00631737-v"" target=""_blank"">00631737-v</a></small></small><br>",<small><small>categoria:&ensp;cognição</small></small><br>,"<small><small>lexemas:</small></small>&ensp;achar, esperar, pensar, supor<br>","<small><small>conceito:</small>&ensp;imaginar, acreditar, ou supor</small><br>","<small><small>valências:&ensp;[ACT,PAT] ou [ACT,PAT,EFF] ou [ACT] ou [ACT,EFF,PAT]</small></small><br>"
puto,"expect, believe, or suppose",lilaLemma:120610,"<small><small>synset_id:&ensp;<a href=""https://www.openwordnet-pt.org/synset?id=00631737-v"" target=""_blank"">00631737-v</a></small></small><br>",<small><small>categoria:&ensp;cognição</small></small><br>,"<small><small>lexemas:</small></small>&ensp;achar, esperar, pensar, supor<br>","<small><small>conceito:</small>&ensp;imaginar, acreditar, ou supor</small><br>","<small><small>valências:&ensp;[ACT,PAT] ou [ACT,PAT,EFF] ou [ACT] ou [ACT,EFF,PAT]</small></small><br>"
pono,"determine or indicate the place, site, or limits of, as if by an instrument or by a survey",lilaLemma:118414,"<small><small>synset_id:&ensp;<a href=""https://www.openwordnet-pt.org/synset?id=02694933-v"" target=""_blank"">02694933-v</a></small></small><br>",<small><small>categoria:&ensp;estado</small></small><br>,"<small><small>lexemas:</small></small>&ensp;achar, localizar, situar<br>",,"<small><small>valências:&ensp;[ACT,PAT,LOC]</small></small><br>"
credo,judge or regard; look upon; judge,lilaLemma:96881,"<small><small>synset_id:&ensp;<a href=""https://www.openwordnet-pt.org/synset?id=00689344-v"" target=""_blank"">00689344-v</a></small></small><br>",<small><small>categoria:&ensp;cognição</small></small><br>,"<small><small>lexemas:</small></small>&ensp;achar, pensar<br>",<small><small>conceito:</small>&ensp;julgar ou reparar; considerar</small><br>,"<small><small>valências:&ensp;[ACT,EFF,PAT] ou [ACT,PAT] ou [ACT,PAT,EFF] ou [ACT,REG]</small></small><br>"
fero,judge or regard; look upon; judge,lilaLemma:103126,"<small><small>synset_id:&ensp;<a href=""https://www.openwordnet-pt.org/synset?id=00689344-v"" target=""_blank"">00689344-v</a></small></small><br>",<small><small>categoria:&ensp;cognição</small></small><br>,"<small><small>lexemas:</small></small>&ensp;achar, pensar<br>",<small><small>conceito:</small>&ensp;julgar ou reparar; considerar</small><br>,"<small><small>valências:&ensp;[ACT,EFF,PAT] ou [ACT,PAT] ou [ACT,PAT,EFF] ou [ACT,REG]</small></small><br>"
puto,judge or regard; look upon; judge,lilaLemma:120610,"<small><small>synset_id:&ensp;<a href=""https://www.openwordnet-pt.org/synset?id=00689344-v"" target=""_blank"">00689344-v</a></small></small><br>",<small><small>categoria:&ensp;cognição</small></small><br>,"<small><small>lexemas:</small></small>&ensp;achar, pensar<br>",<small><small>conceito:</small>&ensp;julgar ou reparar; considerar</small><br>,"<small><small>valências:&ensp;[ACT,EFF,PAT] ou [ACT,PAT] ou [ACT,PAT,EFF] ou [ACT,REG]</small></small><br>"
fero,bid welcome to; greet upon arrival,lilaLemma:103126,"<small><small>synset_id:&ensp;<a href=""https://www.openwordnet-pt.org/synset?id=00900583-v"" target=""_blank"">00900583-v</a></small></small><br>",<small><small>categoria:&ensp;comunicação</small></small><br>,"<small><small>lexemas:</small></small>&ensp;acolher, receber, recepcionar<br>",<small><small>conceito:</small>&ensp;cumprimentar à chegada</small><br>,"<small><small>valências:&ensp;[ACT,LOC,PAT] ou [ACT,ADDR,PAT] ou [ACT,PAT]</small></small><br>"
teneo,have room for; hold without crowding,lilaLemma:127822,"<small><small>synset_id:&ensp;<a href=""https://www.openwordnet-pt.org/synset?id=02732798-v"" target=""_blank"">02732798-v</a></small></small><br>",<small><small>categoria:&ensp;estado</small></small><br>,"<small><small>lexemas:</small></small>&ensp;acomodar, conter<br>",<small><small>conceito:</small>&ensp;ter espaço para; conter sem apinhamento</small><br>,"<small><small>valências:&ensp;[ACT,PAT]</small></small><br>"
sequor,accompany or escort,lilaLemma:124461,"<small><small>synset_id:&ensp;<a href=""https://www.openwordnet-pt.org/synset?id=02026086-v"" target=""_blank"">02026086-v</a></small></small><br>",<small><small>categoria:&ensp;movimento</small></small><br>,<small><small>lexemas:</small></small>&ensp;acompanhar<br>,,"<small><small>valências:&ensp;[ACT,PAT] ou [ACT,DIR3,PAT] ou [ACT,PAT,DIR3]</small></small><br>"
sequor,go or travel along with,lilaLemma:124461,"<small><small>synset_id:&ensp;<a href=""https://www.openwordnet-pt.org/synset?id=02025550-v"" target=""_blank"">02025550-v</a></small></small><br>",<small><small>categoria:&ensp;movimento</small></small><br>,<small><small>lexemas:</small></small>&ensp;acompanhar<br>,,"<small><small>valências:&ensp;[ACT,PAT] ou [ACT,DIR3,PAT]</small></small><br>"
sequor,perform an accompaniment to,lilaLemma:124461,"<small><small>synset_id:&ensp;<a href=""https://www.openwordnet-pt.org/synset?id=01728355-v"" target=""_blank"">01728355-v</a></small></small><br>",<small><small>categoria:&ensp;criação</small></small><br>,<small><small>lexemas:</small></small>&ensp;acompanhar<br>,,"<small><small>valências:&ensp;[ACT,PAT] ou [ACT,ADDR]</small></small><br>"
sequor,be present or associated with an event or entity,lilaLemma:124461,"<small><small>synset_id:&ensp;<a href=""https://www.openwordnet-pt.org/synset?id=02716165-v"" target=""_blank"">02716165-v</a></small></small><br>",<small><small>categoria:&ensp;estado</small></small><br>,<small><small>lexemas:</small></small>&ensp;acompanhar<br>,<small><small>conceito:</small>&ensp;estar presente ou ser associado com um evento ou uma entidade</small><br>,"<small><small>valências:&ensp;[ACMP,ACT] ou [ACT,PAT]</small></small><br>"
sequor,be a companion to somebody,lilaLemma:124461,"<small><small>synset_id:&ensp;<a href=""https://www.openwordnet-pt.org/synset?id=02716767-v"" target=""_blank"">02716767-v</a></small></small><br>",<small><small>categoria:&ensp;estado</small></small><br>,"<small><small>lexemas:</small></small>&ensp;acompanhar, fazer companhia<br>",,"<small><small>valências:&ensp;[ACT,PAT]</small></small><br>"
consilium,something that provides direction or advice as to a decision or course of action,lilaLemma:96060,"<small><small>synset_id:&ensp;<a href=""https://www.openwordnet-pt.org/synset?id=06650701-n"" target=""_blank"">06650701-n</a></small></small><br>",<small><small>categoria:&ensp;comunicação</small></small><br>,"<small><small>lexemas:</small></small>&ensp;aconselhamento, conselho, direção<br>",,"<small><small>valências:&ensp;[ACT,PAT] ou [ACT]</small></small><br>"
fero,"make a proposal, declare a plan for something",lilaLemma:103126,"<small><small>synset_id:&ensp;<a href=""https://www.openwordnet-pt.org/synset?id=00875394-v"" target=""_blank"">00875394-v</a></small></small><br>",<small><small>categoria:&ensp;comunicação</small></small><br>,"<small><small>lexemas:</small></small>&ensp;aconselhar, propor, sugerir<br>","<small><small>conceito:</small>&ensp;fazer uma proposta, declarar um projeto para alguma coisa</small><br>","<small><small>valências:&ensp;[ACT,PAT]</small></small><br>"
fio,"chance to be or do something, without intention or causation",lilaLemma:103328,"<small><small>synset_id:&ensp;<a href=""https://www.openwordnet-pt.org/synset?id=02593912-v"" target=""_blank"">02593912-v</a></small></small><br>",<small><small>categoria:&ensp;relação social</small></small><br>,<small><small>lexemas:</small></small>&ensp;acontecer<br>,"<small><small>conceito:</small>&ensp;chance de ser ou fazer algo, sem intenção ou nexo de causalidade</small><br>","<small><small>valências:&ensp;[ACT,ADDR] ou [ACT,PAT]</small></small><br>"
sum,"happen, occur, or be the case in the course of events or by chance",lilaLemma:126689,"<small><small>synset_id:&ensp;<a href=""https://www.openwordnet-pt.org/synset?id=00344643-v"" target=""_blank"">00344643-v</a></small></small><br>",<small><small>categoria:&ensp;mudança</small></small><br>,"<small><small>lexemas:</small></small>&ensp;acontecer, calhar, ocorrer, suceder<br>","<small><small>conceito:</small>&ensp;acontecer, ocorrer, ou ser o caso no curso dos acontecimentos ou por acaso</small><br>","<small><small>valências:&ensp;[ACT,ADDR] ou [ACT,BEN] ou [ACT,PAT] ou [ACT]</small></small><br>"
fio,"happen, occur, or be the case in the course of events or by chance",lilaLemma:103328,"<small><small>synset_id:&ensp;<a href=""https://www.openwordnet-pt.org/synset?id=00344643-v"" target=""_blank"">00344643-v</a></small></small><br>",<small><small>categoria:&ensp;mudança</small></small><br>,"<small><small>lexemas:</small></small>&ensp;acontecer, calhar, ocorrer, suceder<br>","<small><small>conceito:</small>&ensp;acontecer, ocorrer, ou ser o caso no curso dos acontecimentos ou por acaso</small><br>","<small><small>valências:&ensp;[ACT,ADDR] ou [ACT,BEN] ou [ACT,PAT] ou [ACT]</small></small><br>"
fio,come to pass,lilaLemma:103328,"<small><small>synset_id:&ensp;<a href=""https://www.openwordnet-pt.org/synset?id=00339934-v"" target=""_blank"">00339934-v</a></small></small><br>",<small><small>categoria:&ensp;mudança</small></small><br>,"<small><small>lexemas:</small></small>&ensp;acontecer, ocorrer, passar, suceder<br>",<small><small>conceito:</small>&ensp;chegar a acorrer</small><br>,"<small><small>valências:&ensp;[ACT,ADDR] ou [ACT,TOWH] ou [ACT,PAT] ou [ACT] ou [ACT,PAT,DIR1,DIR3]</small></small><br>"
fio,undergo a change or development,lilaLemma:103328,"<small><small>synset_id:&ensp;<a href=""https://www.openwordnet-pt.org/synset?id=02626604-v"" target=""_blank"">02626604-v</a></small></small><br>",<small><small>categoria:&ensp;estado</small></small><br>,"<small><small>lexemas:</small></small>&ensp;acontecer, tornar-se, transformar, transformar-se, virar<br>",,"<small><small>valências:&ensp;[ACT,EFF] ou [ACT,PAT,DIR1,DIR3] ou [ACT,PAT]</small></small><br>"
uenio,"come to pass; arrive, as in due course",lilaLemma:129790,"<small><small>synset_id:&ensp;<a href=""https://www.openwordnet-pt.org/synset?id=00341917-v"" target=""_blank"">00341917-v</a></small></small><br>",<small><small>categoria:&ensp;mudança</small></small><br>,"<small><small>lexemas:</small></small>&ensp;acontecer, vir<br>","<small><small>conceito:</small>&ensp;vir a passar; chegar, como na altura devida</small><br>","<small><small>valências:&ensp;[ACT,TOWH] ou [ACT] ou [ACT,DIR1,DIR3]</small></small><br>"
lex,a binding agreement between two or more persons that is enforceable by law,lilaLemma:110351,"<small><small>synset_id:&ensp;<a href=""https://www.openwordnet-pt.org/synset?id=06520944-n"" target=""_blank"">06520944-n</a></small></small><br>",<small><small>categoria:&ensp;comunicação</small></small><br>,"<small><small>lexemas:</small></small>&ensp;acordo, contrato<br>",,"<small><small>valências:&ensp;[ACT,PAT]</small></small><br>"
lex,the statement (oral or written) of an exchange of promises,lilaLemma:110351,"<small><small>synset_id:&ensp;<a href=""https://www.openwordnet-pt.org/synset?id=06770275-n"" target=""_blank"">06770275-n</a></small></small><br>",<small><small>categoria:&ensp;comunicação</small></small><br>,"<small><small>lexemas:</small></small>&ensp;acordo, pacto<br>",,"<small><small>valências:&ensp;[ACT,PAT] ou [ACT] ou [ACMP,ACT]</small></small><br>"
credo,credit with veracity,lilaLemma:96881,"<small><small>synset_id:&ensp;<a href=""https://www.openwordnet-pt.org/synset?id=00684068-v"" target=""_blank"">00684068-v</a></small></small><br>",<small><small>categoria:&ensp;cognição</small></small><br>,<small><small>lexemas:</small></small>&ensp;acreditar<br>,<small><small>conceito:</small>&ensp;Você não pode acreditar nesse homem</small><br>,"<small><small>valências:&ensp;[ACT,PAT]</small></small><br>"
puto,credit with veracity,lilaLemma:120610,"<small><small>synset_id:&ensp;<a href=""https://www.openwordnet-pt.org/synset?id=00684068-v"" target=""_blank"">00684068-v</a></small></small><br>",<small><small>categoria:&ensp;cognição</small></small><br>,<small><small>lexemas:</small></small>&ensp;acreditar<br>,<small><small>conceito:</small>&ensp;Você não pode acreditar nesse homem</small><br>,"<small><small>valências:&ensp;[ACT,PAT]</small></small><br>"
credo,have a firm conviction as to the goodness of something,lilaLemma:96881,"<small><small>synset_id:&ensp;<a href=""https://www.openwordnet-pt.org/synset?id=00733895-v"" target=""_blank"">00733895-v</a></small></small><br>",<small><small>categoria:&ensp;cognição</small></small><br>,"<small><small>lexemas:</small></small>&ensp;acreditar em, acreditar<br>",,"<small><small>valências:&ensp;[ACT,PAT]</small></small><br>"
accipio,accept as true; take to be true,lilaLemma:87119,"<small><small>synset_id:&ensp;<a href=""https://www.openwordnet-pt.org/synset?id=00683280-v"" target=""_blank"">00683280-v</a></small></small><br>",<small><small>categoria:&ensp;cognição</small></small><br>,"<small><small>lexemas:</small></small>&ensp;acreditar, crer<br>",<small><small>conceito:</small>&ensp;aceitar como verdade; tomar como verdade</small><br>,"<small><small>valências:&ensp;[ACT,PAT]</small></small><br>"
credo,accept as true; take to be true,lilaLemma:96881,"<small><small>synset_id:&ensp;<a href=""https://www.openwordnet-pt.org/synset?id=00683280-v"" target=""_blank"">00683280-v</a></small></small><br>",<small><small>categoria:&ensp;cognição</small></small><br>,"<small><small>lexemas:</small></small>&ensp;acreditar, crer<br>",<small><small>conceito:</small>&ensp;aceitar como verdade; tomar como verdade</small><br>,"<small><small>valências:&ensp;[ACT,PAT]</small></small><br>"
puto,follow a credo; have a faith; be a believer,lilaLemma:120610,"<small><small>synset_id:&ensp;<a href=""https://www.openwordnet-pt.org/synset?id=00684273-v"" target=""_blank"">00684273-v</a></small></small><br>",<small><small>categoria:&ensp;cognição</small></small><br>,"<small><small>lexemas:</small></small>&ensp;acreditar, crer<br>",<small><small>conceito:</small>&ensp;Seguir um credo; ter uma fé; ser um crente</small><br>,"<small><small>valências:&ensp;[ACT,PAT]</small></small><br>"
lex,legal document setting forth rules governing a particular kind of activity,lilaLemma:110351,"<small><small>synset_id:&ensp;<a href=""https://www.openwordnet-pt.org/synset?id=06532330-n"" target=""_blank"">06532330-n</a></small></small><br>",<small><small>categoria:&ensp;comunicação</small></small><br>,"<small><small>lexemas:</small></small>&ensp;actos legislativos, lei, leis<br>",,
mos,legal document setting forth rules governing a particular kind of activity,lilaLemma:112831,"<small><small>synset_id:&ensp;<a href=""https://www.openwordnet-pt.org/synset?id=06532330-n"" target=""_blank"">06532330-n</a></small></small><br>",<small><small>categoria:&ensp;comunicação</small></small><br>,"<small><small>lexemas:</small></small>&ensp;actos legislativos, lei, leis<br>",,
ago,perform on a stage or theater,lilaLemma:88140,"<small><small>synset_id:&ensp;<a href=""https://www.openwordnet-pt.org/synset?id=01719921-v"" target=""_blank"">01719921-v</a></small></small><br>",<small><small>categoria:&ensp;criação</small></small><br>,"<small><small>lexemas:</small></small>&ensp;actuar, atuar, fazer, representar<br>",,"<small><small>valências:&ensp;[ACT,PAT]</small></small><br>"
pono,file a formal charge against,lilaLemma:118414,"<small><small>synset_id:&ensp;<a href=""https://www.openwordnet-pt.org/synset?id=00869931-v"" target=""_blank"">00869931-v</a></small></small><br>",<small><small>categoria:&ensp;comunicação</small></small><br>,<small><small>lexemas:</small></small>&ensp;acusar<br>,,"<small><small>valências:&ensp;[ACT,PAT]</small></small><br>"
amicus,someone who believes and helps to spread the doctrine of another,lilaLemma:88684,"<small><small>synset_id:&ensp;<a href=""https://www.openwordnet-pt.org/synset?id=10016103-n"" target=""_blank"">10016103-n</a></small></small><br>",<small><small>categoria:&ensp;pessoa</small></small><br>,"<small><small>lexemas:</small></small>&ensp;adepto, aluno, apóstolo, discípulo, estudante, seguidor<br>",,<small><small>valências:&ensp;[PAT]</small></small><br>
facio,add up in number or quantity,lilaLemma:102758,"<small><small>synset_id:&ensp;<a href=""https://www.openwordnet-pt.org/synset?id=02645007-v"" target=""_blank"">02645007-v</a></small></small><br>",<small><small>categoria:&ensp;estado</small></small><br>,"<small><small>lexemas:</small></small>&ensp;adicionar, chegar, totalizar<br>",<small><small>conceito:</small>&ensp;somar em número ou quantidade ate chegar num total</small><br>,"<small><small>valências:&ensp;[ACT,ADDR,PAT] ou [ACT,PAT]</small></small><br>"
puto,judge tentatively or form an estimate of (quantities or time),lilaLemma:120610,"<small><small>synset_id:&ensp;<a href=""https://www.openwordnet-pt.org/synset?id=00672433-v"" target=""_blank"">00672433-v</a></small></small><br>",<small><small>categoria:&ensp;cognição</small></small><br>,"<small><small>lexemas:</small></small>&ensp;adivinhar, aproximar, avaliar, chutar, estimar, julgar<br>",<small><small>conceito:</small>&ensp;julgar por tentativa ou formar uma estimativa de (quantidades ou tempo)</small><br>,"<small><small>valências:&ensp;[ACT,PAT,EFF] ou [ACT,PAT] ou [ACT,REG] ou [ACT,EFF,PAT]</small></small><br>"
ago,work in an administrative capacity; supervise or be in charge of,lilaLemma:88140,"<small><small>synset_id:&ensp;<a href=""https://www.openwordnet-pt.org/synset?id=02431971-v"" target=""_blank"">02431971-v</a></small></small><br>",<small><small>categoria:&ensp;relação social</small></small><br>,"<small><small>lexemas:</small></small>&ensp;administrar, gerenciar, gerir<br>",<small><small>conceito:</small>&ensp;trabalhar em uma capacidade administrativa; supervisionar ou ser responsável por</small><br>,"<small><small>valências:&ensp;[ACT,PAT]</small></small><br>"
scio,declare to be true or admit the existence or reality or truth of,lilaLemma:123732,"<small><small>synset_id:&ensp;<a href=""https://www.openwordnet-pt.org/synset?id=00817311-v"" target=""_blank"">00817311-v</a></small></small><br>",<small><small>categoria:&ensp;comunicação</small></small><br>,"<small><small>lexemas:</small></small>&ensp;admitir, confessar, reconhecer<br>",<small><small>conceito:</small>&ensp;Declarar ser verdade ou admitir a existência ou a realidade ou a verdade de</small><br>,"<small><small>valências:&ensp;[ACT,PAT] ou [ACT,PAT,EFF]</small></small><br>"
audio,"choose and follow; as of theories, ideas, policies, strategies or plans",lilaLemma:90641,"<small><small>synset_id:&ensp;<a href=""https://www.openwordnet-pt.org/synset?id=02346895-v"" target=""_blank"">02346895-v</a></small></small><br>",<small><small>categoria:&ensp;posse</small></small><br>,"<small><small>lexemas:</small></small>&ensp;adoptar, adotar, esposar<br>",,"<small><small>valências:&ensp;[ACT,PAT]</small></small><br>"
sequor,"choose and follow; as of theories, ideas, policies, strategies or plans",lilaLemma:124461,"<small><small>synset_id:&ensp;<a href=""https://www.openwordnet-pt.org/synset?id=02346895-v"" target=""_blank"">02346895-v</a></small></small><br>",<small><small>categoria:&ensp;posse</small></small><br>,"<small><small>lexemas:</small></small>&ensp;adoptar, adotar, esposar<br>",,"<small><small>valências:&ensp;[ACT,PAT]</small></small><br>"
capio,"take on a certain form, attribute, or aspect",lilaLemma:92686,"<small><small>synset_id:&ensp;<a href=""https://www.openwordnet-pt.org/synset?id=00524682-v"" target=""_blank"">00524682-v</a></small></small><br>",<small><small>categoria:&ensp;mudança</small></small><br>,"<small><small>lexemas:</small></small>&ensp;adotar, assumir<br>",,"<small><small>valências:&ensp;[ACT,PAT]</small></small><br>"
accipio,gain knowledge or skills,lilaLemma:87119,"<small><small>synset_id:&ensp;<a href=""https://www.openwordnet-pt.org/synset?id=00597915-v"" target=""_blank"">00597915-v</a></small></small><br>",<small><small>categoria:&ensp;cognição</small></small><br>,"<small><small>lexemas:</small></small>&ensp;adquirir, aprender<br>",,"<small><small>valências:&ensp;[ACT,PAT]</small></small><br>"
cognosco,gain knowledge or skills,lilaLemma:94738,"<small><small>synset_id:&ensp;<a href=""https://www.openwordnet-pt.org/synset?id=00597915-v"" target=""_blank"">00597915-v</a></small></small><br>",<small><small>categoria:&ensp;cognição</small></small><br>,"<small><small>lexemas:</small></small>&ensp;adquirir, aprender<br>",,"<small><small>valências:&ensp;[ACT,PAT]</small></small><br>"
accipio,come into the possession of something concrete or abstract,lilaLemma:87119,"<small><small>synset_id:&ensp;<a href=""https://www.openwordnet-pt.org/synset?id=02210855-v"" target=""_blank"">02210855-v</a></small></small><br>",<small><small>categoria:&ensp;posse</small></small><br>,"<small><small>lexemas:</small></small>&ensp;adquirir, comprar, obter, receber<br>",,"<small><small>valências:&ensp;[ACT,PAT] ou [ACT,PAT,DIR1,DIR3] ou [ACT,DIR3,PAT]</small></small><br>"
fero,come into the possession of something concrete or abstract,lilaLemma:103126,"<small><small>synset_id:&ensp;<a href=""https://www.openwordnet-pt.org/synset?id=02210855-v"" target=""_blank"">02210855-v</a></small></small><br>",<small><small>categoria:&ensp;posse</small></small><br>,"<small><small>lexemas:</small></small>&ensp;adquirir, comprar, obter, receber<br>",,"<small><small>valências:&ensp;[ACT,PAT] ou [ACT,PAT,DIR1,DIR3] ou [ACT,DIR3,PAT]</small></small><br>"
cognosco,gain through experience,lilaLemma:94738,"<small><small>synset_id:&ensp;<a href=""https://www.openwordnet-pt.org/synset?id=00545557-v"" target=""_blank"">00545557-v</a></small></small><br>",<small><small>categoria:&ensp;mudança</small></small><br>,"<small><small>lexemas:</small></small>&ensp;adquirir, desenvolver<br>",<small><small>conceito:</small>&ensp;ganho através da experiência</small><br>,"<small><small>valências:&ensp;[ACT,PAT]</small></small><br>"
do,advance evidence for,lilaLemma:99970,"<small><small>synset_id:&ensp;<a href=""https://www.openwordnet-pt.org/synset?id=01015866-v"" target=""_blank"">01015866-v</a></small></small><br>",<small><small>categoria:&ensp;comunicação</small></small><br>,"<small><small>lexemas:</small></small>&ensp;aduzir, alegar, citar<br>",,"<small><small>valências:&ensp;[ACT,PAT,ADDR] ou [ACT,PAT] ou [ACT,ADDR,PAT]</small></small><br>"
ago,"enter a plea, as in courts of law",lilaLemma:88140,"<small><small>synset_id:&ensp;<a href=""https://www.openwordnet-pt.org/synset?id=00760576-v"" target=""_blank"">00760576-v</a></small></small><br>",<small><small>categoria:&ensp;comunicação</small></small><br>,"<small><small>lexemas:</small></small>&ensp;advogar, pleitear<br>",,"<small><small>valências:&ensp;[ACT] ou [ACT,PAT]</small></small><br>"
refero,pull back or move away or backward,lilaLemma:122494,"<small><small>synset_id:&ensp;<a href=""https://www.openwordnet-pt.org/synset?id=01994442-v"" target=""_blank"">01994442-v</a></small></small><br>",<small><small>categoria:&ensp;movimento</small></small><br>,"<small><small>lexemas:</small></small>&ensp;afastar se, recuar, retroceder, voltar atrás<br>",<small><small>conceito:</small>&ensp;andar para trás ou se distanciar ou retroceder</small><br>,"<small><small>valências:&ensp;[ACT,DIR1] ou [ACT,DIR1,PAT] ou [ACT,ORIG,PAT] ou [ACT,PAT] ou [ACT,DIR3] ou [ACT,PAT,DIR1]</small></small><br>"
ago,force to go away; used both with concrete and metaphoric meanings,lilaLemma:88140,"<small><small>synset_id:&ensp;<a href=""https://www.openwordnet-pt.org/synset?id=02002720-v"" target=""_blank"">02002720-v</a></small></small><br>",<small><small>categoria:&ensp;movimento</small></small><br>,"<small><small>lexemas:</small></small>&ensp;afastar, afugentar, desvanecer, rechaçar, tocar<br>",,"<small><small>valências:&ensp;[ACT,DIR1,PAT] ou [ACT,ORIG,PAT] ou [ACT,PAT] ou [ACT,DIR3,PAT] ou [ACT,PAT,DIR1,DIR3] ou [ACT,ADDR,PAT] ou [ACT,DIR1] ou [ACT,PAT,DIR3]</small></small><br>"
animus,a positive feeling of liking,lilaLemma:89094,"<small><small>synset_id:&ensp;<a href=""https://www.openwordnet-pt.org/synset?id=07544647-n"" target=""_blank"">07544647-n</a></small></small><br>",<small><small>categoria:&ensp;sentimento</small></small><br>,"<small><small>lexemas:</small></small>&ensp;afecção, afeição, afetividade, afeto, amor, apego, carinho<br>",,"<small><small>valências:&ensp;[ACT,PAT] ou [ACT] ou [ACT,PAT,BEN]</small></small><br>"
habeo,have an effect upon,lilaLemma:105044,"<small><small>synset_id:&ensp;<a href=""https://www.openwordnet-pt.org/synset?id=00137313-v"" target=""_blank"">00137313-v</a></small></small><br>",<small><small>categoria:&ensp;mudança</small></small><br>,"<small><small>lexemas:</small></small>&ensp;afetar, impactar<br>",<small><small>conceito:</small>&ensp;ter um efeito sobre</small><br>,"<small><small>valências:&ensp;[ACT,ADDR,PAT] ou [ACT,PAT]</small></small><br>"
uideo,imagine; conceive of; see in one's mind,lilaLemma:130163,"<small><small>synset_id:&ensp;<a href=""https://www.openwordnet-pt.org/synset?id=01635432-v"" target=""_blank"">01635432-v</a></small></small><br>",<small><small>categoria:&ensp;criação</small></small><br>,"<small><small>lexemas:</small></small>&ensp;afigurar, envisionar, figurar, ver, visualizar<br>",<small><small>conceito:</small>&ensp;imaginar; conceber; ver na imaginacao</small><br>,"<small><small>valências:&ensp;[ACT,PAT]</small></small><br>"
dico,report or maintain,lilaLemma:99302,"<small><small>synset_id:&ensp;<a href=""https://www.openwordnet-pt.org/synset?id=01016002-v"" target=""_blank"">01016002-v</a></small></small><br>",<small><small>categoria:&ensp;comunicação</small></small><br>,"<small><small>lexemas:</small></small>&ensp;afirmar, alegar, declarar<br>",,"<small><small>valências:&ensp;[ACT,PAT]</small></small><br>"
fero,report or maintain,lilaLemma:103126,"<small><small>synset_id:&ensp;<a href=""https://www.openwordnet-pt.org/synset?id=01016002-v"" target=""_blank"">01016002-v</a></small></small><br>",<small><small>categoria:&ensp;comunicação</small></small><br>,"<small><small>lexemas:</small></small>&ensp;afirmar, alegar, declarar<br>",,"<small><small>valências:&ensp;[ACT,PAT]</small></small><br>"
dico,to declare or affirm solemnly and formally as true,lilaLemma:99302,"<small><small>synset_id:&ensp;<a href=""https://www.openwordnet-pt.org/synset?id=01011031-v"" target=""_blank"">01011031-v</a></small></small><br>",<small><small>categoria:&ensp;comunicação</small></small><br>,"<small><small>lexemas:</small></small>&ensp;afirmar, asseverar, jurar<br>",<small><small>conceito:</small>&ensp;declarar ou afirmar solenemente e formalmente como verdade</small><br>,"<small><small>valências:&ensp;[ACT,PAT] ou [ACT,ADDR,PAT]</small></small><br>"
bonus,possessing or displaying courage; able to face and deal with danger or fear without flinching,lilaLemma:91782,"<small><small>synset_id:&ensp;<a href=""https://www.openwordnet-pt.org/synset?id=00262792-a"" target=""_blank"">00262792-a</a></small></small><br>",,"<small><small>lexemas:</small></small>&ensp;afoito, arrojado, brava, bravo, corajoso, valente, valoroso<br>",,<small><small>valências:&ensp;[PAT]</small></small><br>
mitto,grant freedom to; free from confinement,lilaLemma:112499,"<small><small>synset_id:&ensp;<a href=""https://www.openwordnet-pt.org/synset?id=02421374-v"" target=""_blank"">02421374-v</a></small></small><br>",<small><small>categoria:&ensp;relação social</small></small><br>,"<small><small>lexemas:</small></small>&ensp;aforrar, alforriar, liberar, libertar, soltar<br>",,"<small><small>valências:&ensp;[ACT,ORIG,PAT] ou [ACT,PAT] ou [ACT,DIR1,PAT] ou [PAT]</small></small><br>"
fero,resist or confront with resistance,lilaLemma:103126,"<small><small>synset_id:&ensp;<a href=""https://www.openwordnet-pt.org/synset?id=02706816-v"" target=""_blank"">02706816-v</a></small></small><br>",<small><small>categoria:&ensp;estado</small></small><br>,"<small><small>lexemas:</small></small>&ensp;afrontar, aguentar, arrostar, desafiar, fazer frente a, relutar, resistir<br>",<small><small>conceito:</small>&ensp;resistir ou confrontar com resistência</small><br>,"<small><small>valências:&ensp;[ACT,PAT] ou [ACT,ADDR]</small></small><br>"
capio,hold firmly,lilaLemma:92686,"<small><small>synset_id:&ensp;<a href=""https://www.openwordnet-pt.org/synset?id=01216004-v"" target=""_blank"">01216004-v</a></small></small><br>",<small><small>categoria:&ensp;contato</small></small><br>,"<small><small>lexemas:</small></small>&ensp;agarrar, pegar de súbito, segurar<br>",,"<small><small>valências:&ensp;[ACT,PAT]</small></small><br>"
capio,"get into one's hands, take physically",lilaLemma:92686,"<small><small>synset_id:&ensp;<a href=""https://www.openwordnet-pt.org/synset?id=01214265-v"" target=""_blank"">01214265-v</a></small></small><br>",<small><small>categoria:&ensp;contato</small></small><br>,"<small><small>lexemas:</small></small>&ensp;agarrar, pegar, tomar<br>","<small><small>conceito:</small>&ensp;pegar com as mãos, tomar (fisicamente)</small><br>","<small><small>valências:&ensp;[ACT,PAT]</small></small><br>"
capio,take hold of so as to seize or restrain or stop the motion of,lilaLemma:92686,"<small><small>synset_id:&ensp;<a href=""https://www.openwordnet-pt.org/synset?id=01439190-v"" target=""_blank"">01439190-v</a></small></small><br>",<small><small>categoria:&ensp;contato</small></small><br>,"<small><small>lexemas:</small></small>&ensp;agarrar, segurar<br>","<small><small>conceito:</small>&ensp;segurar de forma a prender, restringir, interromper o movimento de algo</small><br>","<small><small>valências:&ensp;[ACT,PAT]</small></small><br>"
ago,function as or act like,lilaLemma:88140,"<small><small>synset_id:&ensp;<a href=""https://www.openwordnet-pt.org/synset?id=02671613-v"" target=""_blank"">02671613-v</a></small></small><br>",<small><small>categoria:&ensp;estado</small></small><br>,<small><small>lexemas:</small></small>&ensp;agir como<br>,,"<small><small>valências:&ensp;[ACT,PAT]</small></small><br>"
ago,pretend to have certain qualities or state of mind,lilaLemma:88140,"<small><small>synset_id:&ensp;<a href=""https://www.openwordnet-pt.org/synset?id=00013615-v"" target=""_blank"">00013615-v</a></small></small><br>",<small><small>categoria:&ensp;corpo</small></small><br>,"<small><small>lexemas:</small></small>&ensp;agir como, fazer se de, fingir, simular<br>",<small><small>conceito:</small>&ensp;fingir ter certas qualidades ou certos estados de espírito</small><br>,"<small><small>valências:&ensp;[ACT,PAT] ou [ACT,ADDR,PAT]</small></small><br>"
ago,behave in a certain manner; show a certain behavior; conduct or comport oneself,lilaLemma:88140,"<small><small>synset_id:&ensp;<a href=""https://www.openwordnet-pt.org/synset?id=00010435-v"" target=""_blank"">00010435-v</a></small></small><br>",<small><small>categoria:&ensp;corpo</small></small><br>,"<small><small>lexemas:</small></small>&ensp;agir, atuar, comportar-se, parecer<br>",<small><small>conceito:</small>&ensp;agir de uma certa forma; comportar-se ou conduzir-se;</small><br>,"<small><small>valências:&ensp;[ACT,PAT] ou [ACT,MANN] ou [ACT,EFF,PAT] ou [ACT]</small></small><br>"
facio,behave in a certain manner; show a certain behavior; conduct or comport oneself,lilaLemma:102758,"<small><small>synset_id:&ensp;<a href=""https://www.openwordnet-pt.org/synset?id=00010435-v"" target=""_blank"">00010435-v</a></small></small><br>",<small><small>categoria:&ensp;corpo</small></small><br>,"<small><small>lexemas:</small></small>&ensp;agir, atuar, comportar-se, parecer<br>",<small><small>conceito:</small>&ensp;agir de uma certa forma; comportar-se ou conduzir-se;</small><br>,"<small><small>valências:&ensp;[ACT,PAT] ou [ACT,MANN] ou [ACT,EFF,PAT] ou [ACT]</small></small><br>"
gero,behave in a certain manner; show a certain behavior; conduct or comport oneself,lilaLemma:104536,"<small><small>synset_id:&ensp;<a href=""https://www.openwordnet-pt.org/synset?id=00010435-v"" target=""_blank"">00010435-v</a></small></small><br>",<small><small>categoria:&ensp;corpo</small></small><br>,"<small><small>lexemas:</small></small>&ensp;agir, atuar, comportar-se, parecer<br>",<small><small>conceito:</small>&ensp;agir de uma certa forma; comportar-se ou conduzir-se;</small><br>,"<small><small>valências:&ensp;[ACT,PAT] ou [ACT,MANN] ou [ACT,EFF,PAT] ou [ACT]</small></small><br>"
ago,"perform an action, or work out or perform (an action)",lilaLemma:88140,"<small><small>synset_id:&ensp;<a href=""https://www.openwordnet-pt.org/synset?id=02367363-v"" target=""_blank"">02367363-v</a></small></small><br>",<small><small>categoria:&ensp;relação social</small></small><br>,"<small><small>lexemas:</small></small>&ensp;agir, atuar, fazer<br>",<small><small>conceito:</small>&ensp;fazer uma ação</small><br>,"<small><small>valências:&ensp;[ACT,PAT]</small></small><br>"
bonus,affording pleasure; being in harmony with your taste or likings,lilaLemma:91782,"<small><small>synset_id:&ensp;<a href=""https://www.openwordnet-pt.org/synset?id=01800349-a"" target=""_blank"">01800349-a</a></small></small><br>",,"<small><small>lexemas:</small></small>&ensp;agradável, simpático<br>",,<small><small>valências:&ensp;[ACT]</small></small><br>
ago,express gratitude or show appreciation to,lilaLemma:88140,"<small><small>synset_id:&ensp;<a href=""https://www.openwordnet-pt.org/synset?id=00892315-v"" target=""_blank"">00892315-v</a></small></small><br>",<small><small>categoria:&ensp;comunicação</small></small><br>,"<small><small>lexemas:</small></small>&ensp;agradecer, apreciar<br>",<small><small>conceito:</small>&ensp;expressar gratidão ou mostrar apreciação</small><br>,"<small><small>valências:&ensp;[ACT,ADDR]</small></small><br>"
peto,attack someone physically or emotionally,lilaLemma:117549,"<small><small>synset_id:&ensp;<a href=""https://www.openwordnet-pt.org/synset?id=01120069-v"" target=""_blank"">01120069-v</a></small></small><br>",<small><small>categoria:&ensp;competição</small></small><br>,"<small><small>lexemas:</small></small>&ensp;agredir, assaltar, atacar<br>",,"<small><small>valências:&ensp;[ACT,PAT] ou [ACT,DIR3] ou [ACT,MEANS,PAT] ou [ACT,PAT,ACMP]</small></small><br>"
corpus,the act of gathering something together,lilaLemma:96667,"<small><small>synset_id:&ensp;<a href=""https://www.openwordnet-pt.org/synset?id=01014066-n"" target=""_blank"">01014066-n</a></small></small><br>",<small><small>categoria:&ensp;ação</small></small><br>,"<small><small>lexemas:</small></small>&ensp;agregação, coleção, reunião<br>",<small><small>conceito:</small>&ensp;o ato de reunir coisas</small><br>,"<small><small>valências:&ensp;[ACT,PAT] ou [ACT]</small></small><br>"
fero,put up with something or somebody unpleasant,lilaLemma:103126,"<small><small>synset_id:&ensp;<a href=""https://www.openwordnet-pt.org/synset?id=00668099-v"" target=""_blank"">00668099-v</a></small></small><br>",<small><small>categoria:&ensp;cognição</small></small><br>,"<small><small>lexemas:</small></small>&ensp;aguentar, aturar, suportar, tolerar<br>",<small><small>conceito:</small>&ensp;aturar algo ou alguém desagradável</small><br>,"<small><small>valências:&ensp;[ACT] ou [ACT,PAT]</small></small><br>"
gero,put up with something or somebody unpleasant,lilaLemma:104536,"<small><small>synset_id:&ensp;<a href=""https://www.openwordnet-pt.org/synset?id=00668099-v"" target=""_blank"">00668099-v</a></small></small><br>",<small><small>categoria:&ensp;cognição</small></small><br>,"<small><small>lexemas:</small></small>&ensp;aguentar, aturar, suportar, tolerar<br>",<small><small>conceito:</small>&ensp;aturar algo ou alguém desagradável</small><br>,"<small><small>valências:&ensp;[ACT] ou [ACT,PAT]</small></small><br>"
amicus,a person who contributes to the fulfillment of a need or furtherance of an effort or purpose,lilaLemma:88684,"<small><small>synset_id:&ensp;<a href=""https://www.openwordnet-pt.org/synset?id=09815790-n"" target=""_blank"">09815790-n</a></small></small><br>",<small><small>categoria:&ensp;pessoa</small></small><br>,"<small><small>lexemas:</small></small>&ensp;ajudante, assistente, criado, servidor<br>",,<small><small>valências:&ensp;[ACT] ou [PAT]</small></small><br>
sequor,"give moral or psychological support, aid, or courage to",lilaLemma:124461,"<small><small>synset_id:&ensp;<a href=""https://www.openwordnet-pt.org/synset?id=02556126-v"" target=""_blank"">02556126-v</a></small></small><br>",<small><small>categoria:&ensp;relação social</small></small><br>,"<small><small>lexemas:</small></small>&ensp;ajudar, apoiar, suportar<br>","<small><small>conceito:</small>&ensp;dar apoio moral ou psicológico, auxílio ou coragem para alguem</small><br>","<small><small>valências:&ensp;[ACT,PAT]</small></small><br>"
teneo,"give moral or psychological support, aid, or courage to",lilaLemma:127822,"<small><small>synset_id:&ensp;<a href=""https://www.openwordnet-pt.org/synset?id=02556126-v"" target=""_blank"">02556126-v</a></small></small><br>",<small><small>categoria:&ensp;relação social</small></small><br>,"<small><small>lexemas:</small></small>&ensp;ajudar, apoiar, suportar<br>","<small><small>conceito:</small>&ensp;dar apoio moral ou psicológico, auxílio ou coragem para alguem</small><br>","<small><small>valências:&ensp;[ACT,PAT]</small></small><br>"
facio,to gain with effort,lilaLemma:102758,"<small><small>synset_id:&ensp;<a href=""https://www.openwordnet-pt.org/synset?id=02526085-v"" target=""_blank"">02526085-v</a></small></small><br>",<small><small>categoria:&ensp;relação social</small></small><br>,"<small><small>lexemas:</small></small>&ensp;alcançar, atingir, chegar a, efectuar, efetuar, obter, realizar<br>",<small><small>conceito:</small>&ensp;obter com esforço</small><br>,"<small><small>valências:&ensp;[ACT,PAT] ou [ACT,DIR3] ou [ACT]</small></small><br>"
sequor,to gain with effort,lilaLemma:124461,"<small><small>synset_id:&ensp;<a href=""https://www.openwordnet-pt.org/synset?id=02526085-v"" target=""_blank"">02526085-v</a></small></small><br>",<small><small>categoria:&ensp;relação social</small></small><br>,"<small><small>lexemas:</small></small>&ensp;alcançar, atingir, chegar a, efectuar, efetuar, obter, realizar<br>",<small><small>conceito:</small>&ensp;obter com esforço</small><br>,"<small><small>valências:&ensp;[ACT,PAT] ou [ACT,DIR3] ou [ACT]</small></small><br>"
capio,"reach a destination, either real or abstract",lilaLemma:92686,"<small><small>synset_id:&ensp;<a href=""https://www.openwordnet-pt.org/synset?id=02020590-v"" target=""_blank"">02020590-v</a></small></small><br>",<small><small>categoria:&ensp;movimento</small></small><br>,"<small><small>lexemas:</small></small>&ensp;alcançar, chegar<br>",,"<small><small>valências:&ensp;[ACT,DIR3] ou [ACT,PAT]</small></small><br>"
teneo,"reach a destination, either real or abstract",lilaLemma:127822,"<small><small>synset_id:&ensp;<a href=""https://www.openwordnet-pt.org/synset?id=02020590-v"" target=""_blank"">02020590-v</a></small></small><br>",<small><small>categoria:&ensp;movimento</small></small><br>,"<small><small>lexemas:</small></small>&ensp;alcançar, chegar<br>",,"<small><small>valências:&ensp;[ACT,DIR3] ou [ACT,PAT]</small></small><br>"
modus,the point or degree to which something extends,lilaLemma:112553,"<small><small>synset_id:&ensp;<a href=""https://www.openwordnet-pt.org/synset?id=13941125-n"" target=""_blank"">13941125-n</a></small></small><br>",<small><small>categoria:&ensp;estado</small></small><br>,<small><small>lexemas:</small></small>&ensp;alcance<br>,,"<small><small>valências:&ensp;[ACT,PAT] ou [ACT]</small></small><br>"
modus,the distance or area or volume over which something extends,lilaLemma:112553,"<small><small>synset_id:&ensp;<a href=""https://www.openwordnet-pt.org/synset?id=05123416-n"" target=""_blank"">05123416-n</a></small></small><br>",<small><small>categoria:&ensp;atributo</small></small><br>,"<small><small>lexemas:</small></small>&ensp;alcance, extensão<br>",,<small><small>valências:&ensp;[ACT] ou [MAT]</small></small><br>
fero,raise from a lower to a higher position,lilaLemma:103126,"<small><small>synset_id:&ensp;<a href=""https://www.openwordnet-pt.org/synset?id=01974062-v"" target=""_blank"">01974062-v</a></small></small><br>",<small><small>categoria:&ensp;movimento</small></small><br>,"<small><small>lexemas:</small></small>&ensp;alçar, elevar, erguer, levantar<br>",,"<small><small>valências:&ensp;[ACT,PAT] ou [ACT,DIR3,PAT] ou [ACT,PAT,DIR3] ou [ACT,DIR3] ou [ACT] ou [ACT,ORIG]</small></small><br>"
ciuitas,an urban area with a fixed boundary that is smaller than a city,lilaLemma:94400,"<small><small>synset_id:&ensp;<a href=""https://www.openwordnet-pt.org/synset?id=08665504-n"" target=""_blank"">08665504-n</a></small></small><br>",<small><small>categoria:&ensp;lugar</small></small><br>,"<small><small>lexemas:</small></small>&ensp;aldeia, arraial, burgo, distrito, povoado, vila<br>",,
corpus,a human being,lilaLemma:96667,"<small><small>synset_id:&ensp;<a href=""https://www.openwordnet-pt.org/synset?id=00007846-n"" target=""_blank"">00007846-n</a></small></small><br>",,"<small><small>lexemas:</small></small>&ensp;alguém, alma, indivíduo, pessoa, ser humano<br>",<small><small>conceito:</small>&ensp;ser humano</small><br>,<small><small>valências:&ensp;[PAT]</small></small><br>
homo,a human being,lilaLemma:105624,"<small><small>synset_id:&ensp;<a href=""https://www.openwordnet-pt.org/synset?id=00007846-n"" target=""_blank"">00007846-n</a></small></small><br>",,"<small><small>lexemas:</small></small>&ensp;alguém, alma, indivíduo, pessoa, ser humano<br>",<small><small>conceito:</small>&ensp;ser humano</small><br>,<small><small>valências:&ensp;[PAT]</small></small><br>
nomen,a human being,lilaLemma:113797,"<small><small>synset_id:&ensp;<a href=""https://www.openwordnet-pt.org/synset?id=00007846-n"" target=""_blank"">00007846-n</a></small></small><br>",,"<small><small>lexemas:</small></small>&ensp;alguém, alma, indivíduo, pessoa, ser humano<br>",<small><small>conceito:</small>&ensp;ser humano</small><br>,<small><small>valências:&ensp;[PAT]</small></small><br>
amicus,an associate who provides cooperation or assistance,lilaLemma:88684,"<small><small>synset_id:&ensp;<a href=""https://www.openwordnet-pt.org/synset?id=09785042-n"" target=""_blank"">09785042-n</a></small></small><br>",<small><small>categoria:&ensp;pessoa</small></small><br>,"<small><small>lexemas:</small></small>&ensp;aliada, aliado<br>",,
pono,use as a basis for; found on,lilaLemma:118414,"<small><small>synset_id:&ensp;<a href=""https://www.openwordnet-pt.org/synset?id=00636888-v"" target=""_blank"">00636888-v</a></small></small><br>",<small><small>categoria:&ensp;cognição</small></small><br>,"<small><small>lexemas:</small></small>&ensp;alicerçar, basear, fundamentar<br>",,"<small><small>valências:&ensp;[ACT,PAT] ou [ACT,PAT,LOC]</small></small><br>"
animus,the immaterial part of a person; the actuating cause of an individual life,lilaLemma:89094,"<small><small>synset_id:&ensp;<a href=""https://www.openwordnet-pt.org/synset?id=10627082-n"" target=""_blank"">10627082-n</a></small></small><br>",<small><small>categoria:&ensp;pessoa</small></small><br>,"<small><small>lexemas:</small></small>&ensp;alma, psiquê<br>",,
animus,animation and energy in action or expression,lilaLemma:89094,"<small><small>synset_id:&ensp;<a href=""https://www.openwordnet-pt.org/synset?id=04632157-n"" target=""_blank"">04632157-n</a></small></small><br>",<small><small>categoria:&ensp;atributo</small></small><br>,"<small><small>lexemas:</small></small>&ensp;alma, vida<br>",,<small><small>valências:&ensp;[ACT]</small></small><br>
uita,animation and energy in action or expression,lilaLemma:130393,"<small><small>synset_id:&ensp;<a href=""https://www.openwordnet-pt.org/synset?id=04632157-n"" target=""_blank"">04632157-n</a></small></small><br>",<small><small>categoria:&ensp;atributo</small></small><br>,"<small><small>lexemas:</small></small>&ensp;alma, vida<br>",,<small><small>valências:&ensp;[ACT]</small></small><br>
fero,make reference to,lilaLemma:103126,"<small><small>synset_id:&ensp;<a href=""https://www.openwordnet-pt.org/synset?id=01024190-v"" target=""_blank"">01024190-v</a></small></small><br>",<small><small>categoria:&ensp;comunicação</small></small><br>,"<small><small>lexemas:</small></small>&ensp;aludir, citar, mencionar<br>",,"<small><small>valências:&ensp;[ACT,PAT] ou [ACT,PAT,ADDR]</small></small><br>"
amicus,a person who loves someone or is loved by someone,lilaLemma:88684,"<small><small>synset_id:&ensp;<a href=""https://www.openwordnet-pt.org/synset?id=09622302-n"" target=""_blank"">09622302-n</a></small></small><br>",<small><small>categoria:&ensp;pessoa</small></small><br>,"<small><small>lexemas:</small></small>&ensp;amado, amante<br>",,<small><small>valências:&ensp;[ACT]</small></small><br>
bonus,having or showing a tender and considerate and helpful nature; used especially of persons and their behavior,lilaLemma:91782,"<small><small>synset_id:&ensp;<a href=""https://www.openwordnet-pt.org/synset?id=01372049-a"" target=""_blank"">01372049-a</a></small></small><br>",,<small><small>lexemas:</small></small>&ensp;amável<br>,,<small><small>valências:&ensp;[PAT]</small></small><br>
locus,a particular geographical region of indefinite boundary (usually serving some special purpose or distinguished by its people or culture or geography),lilaLemma:110019,"<small><small>synset_id:&ensp;<a href=""https://www.openwordnet-pt.org/synset?id=08497294-n"" target=""_blank"">08497294-n</a></small></small><br>",<small><small>categoria:&ensp;lugar</small></small><br>,"<small><small>lexemas:</small></small>&ensp;ambiente, região, território, área<br>",,
periculum,a source of danger; a possibility of incurring loss or misfortune,lilaLemma:116930,"<small><small>synset_id:&ensp;<a href=""https://www.openwordnet-pt.org/synset?id=14541852-n"" target=""_blank"">14541852-n</a></small></small><br>",<small><small>categoria:&ensp;estado</small></small><br>,"<small><small>lexemas:</small></small>&ensp;ameaça, perigo, risco<br>",,
amicus,a person you know well and regard with affection and trust,lilaLemma:88684,"<small><small>synset_id:&ensp;<a href=""https://www.openwordnet-pt.org/synset?id=10112591-n"" target=""_blank"">10112591-n</a></small></small><br>",<small><small>categoria:&ensp;pessoa</small></small><br>,"<small><small>lexemas:</small></small>&ensp;amiga, amigo, amizade, camarada, conhecido<br>",,<small><small>valências:&ensp;[ACT]</small></small><br>
dominus,a person who owns something,lilaLemma:98084,"<small><small>synset_id:&ensp;<a href=""https://www.openwordnet-pt.org/synset?id=10389398-n"" target=""_blank"">10389398-n</a></small></small><br>",<small><small>categoria:&ensp;pessoa</small></small><br>,"<small><small>lexemas:</small></small>&ensp;amo, dono, possuidor, proprietário<br>",,<small><small>valências:&ensp;[PAT]</small></small><br>
uita,the activity of providing for or maintaining by supplying with money or necessities,lilaLemma:130393,"<small><small>synset_id:&ensp;<a href=""https://www.openwordnet-pt.org/synset?id=01215902-n"" target=""_blank"">01215902-n</a></small></small><br>",<small><small>categoria:&ensp;ação</small></small><br>,"<small><small>lexemas:</small></small>&ensp;amparo, suporte<br>","<small><small>conceito:</small>&ensp;a atividade de prover ou manter, fornecendo com dinheiro ou necessidades</small><br>","<small><small>valências:&ensp;[ACT,PAT]</small></small><br>"
eo,use one's feet to advance; advance by steps,lilaLemma:101183,"<small><small>synset_id:&ensp;<a href=""https://www.openwordnet-pt.org/synset?id=01904930-v"" target=""_blank"">01904930-v</a></small></small><br>",<small><small>categoria:&ensp;movimento</small></small><br>,"<small><small>lexemas:</small></small>&ensp;andar, caminhar, ir<br>",,"<small><small>valências:&ensp;[ACT] ou [ACT,DIR3]</small></small><br>"
eo,"change location; move, travel, or proceed, also metaphorically",lilaLemma:101183,"<small><small>synset_id:&ensp;<a href=""https://www.openwordnet-pt.org/synset?id=01835496-v"" target=""_blank"">01835496-v</a></small></small><br>",<small><small>categoria:&ensp;movimento</small></small><br>,"<small><small>lexemas:</small></small>&ensp;andar, caminhar, ir, viajar<br>",,"<small><small>valências:&ensp;[ACT,DIR3,PAT] ou [ACT,DIR3] ou [ACT,PAT,DIR3] ou [ACT,DIR1,DIR3] ou [ACT,DIR2]</small></small><br>"
locus,a surrounding or nearby region,lilaLemma:110019,"<small><small>synset_id:&ensp;<a href=""https://www.openwordnet-pt.org/synset?id=08641113-n"" target=""_blank"">08641113-n</a></small></small><br>",<small><small>categoria:&ensp;lugar</small></small><br>,"<small><small>lexemas:</small></small>&ensp;anexo, bairro, cercania, proximidade, vizinhança, vizinho<br>",,<small><small>valências:&ensp;[ACT]</small></small><br>
uita,the condition of living or the state of being alive,lilaLemma:130393,"<small><small>synset_id:&ensp;<a href=""https://www.openwordnet-pt.org/synset?id=13961642-n"" target=""_blank"">13961642-n</a></small></small><br>",<small><small>categoria:&ensp;estado</small></small><br>,"<small><small>lexemas:</small></small>&ensp;animação, vida<br>",,
mors,total destruction,lilaLemma:112807,"<small><small>synset_id:&ensp;<a href=""https://www.openwordnet-pt.org/synset?id=07330828-n"" target=""_blank"">07330828-n</a></small></small><br>",<small><small>categoria:&ensp;evento</small></small><br>,"<small><small>lexemas:</small></small>&ensp;aniquilamento, aniquilação, desintegração<br>",,"<small><small>valências:&ensp;[ACT,PAT]</small></small><br>"
annus,"the period of time that it takes for a planet (as, e.g., Earth or Mars) to make a complete revolution around the sun",lilaLemma:89129,"<small><small>synset_id:&ensp;<a href=""https://www.openwordnet-pt.org/synset?id=15201505-n"" target=""_blank"">15201505-n</a></small></small><br>",<small><small>categoria:&ensp;tempo</small></small><br>,<small><small>lexemas:</small></small>&ensp;ano<br>,,
annus,a period of time occupying a regular part of a calendar year that is used for some particular activity,lilaLemma:89129,"<small><small>synset_id:&ensp;<a href=""https://www.openwordnet-pt.org/synset?id=15204297-n"" target=""_blank"">15204297-n</a></small></small><br>",<small><small>categoria:&ensp;tempo</small></small><br>,<small><small>lexemas:</small></small>&ensp;ano<br>,,
uolo,feel or have a desire for; want strongly,lilaLemma:130745,"<small><small>synset_id:&ensp;<a href=""https://www.openwordnet-pt.org/synset?id=01825237-v"" target=""_blank"">01825237-v</a></small></small><br>",<small><small>categoria:&ensp;emoção</small></small><br>,"<small><small>lexemas:</small></small>&ensp;ansiar, desejar, querer<br>",<small><small>conceito:</small>&ensp;sentir ou ter desejo por; querer fortemente;</small><br>,"<small><small>valências:&ensp;[ACT,PAT]</small></small><br>"
peto,feel or have a desire for; want strongly,lilaLemma:117549,"<small><small>synset_id:&ensp;<a href=""https://www.openwordnet-pt.org/synset?id=01825237-v"" target=""_blank"">01825237-v</a></small></small><br>",<small><small>categoria:&ensp;emoção</small></small><br>,"<small><small>lexemas:</small></small>&ensp;ansiar, desejar, querer<br>",<small><small>conceito:</small>&ensp;sentir ou ter desejo por; querer fortemente;</small><br>,"<small><small>valências:&ensp;[ACT,PAT]</small></small><br>"
nomen,identifying word or words by which someone or something is called and classified or distinguished from others,lilaLemma:113797,"<small><small>synset_id:&ensp;<a href=""https://www.openwordnet-pt.org/synset?id=06338908-n"" target=""_blank"">06338908-n</a></small></small><br>",<small><small>categoria:&ensp;comunicação</small></small><br>,"<small><small>lexemas:</small></small>&ensp;antenome, denominação, nome, nome de batismo, nome próprio, prenome, primeiro nome, título<br>",,"<small><small>valências:&ensp;[ACT,PAT]</small></small><br>"
nomen,a language unit by which a person or thing is known,lilaLemma:113797,"<small><small>synset_id:&ensp;<a href=""https://www.openwordnet-pt.org/synset?id=06333653-n"" target=""_blank"">06333653-n</a></small></small><br>",<small><small>categoria:&ensp;comunicação</small></small><br>,"<small><small>lexemas:</small></small>&ensp;antenome, nome, nome de batismo, nome próprio, prenome, primeiro nome<br>",,"<small><small>valências:&ensp;[ACT,PAT]</small></small><br>"
pater,the founder of a family,lilaLemma:116203,"<small><small>synset_id:&ensp;<a href=""https://www.openwordnet-pt.org/synset?id=10102800-n"" target=""_blank"">10102800-n</a></small></small><br>",<small><small>categoria:&ensp;pessoa</small></small><br>,<small><small>lexemas:</small></small>&ensp;antepassado<br>,,<small><small>valências:&ensp;[PAT] ou [APP]</small></small><br>
primus,(comparative and superlative of `early') more early than; most early,lilaLemma:119498,"<small><small>synset_id:&ensp;<a href=""https://www.openwordnet-pt.org/synset?id=00814611-s"" target=""_blank"">00814611-s</a></small></small><br>",,"<small><small>lexemas:</small></small>&ensp;anterior, mais cedo, o mais cedo<br>",,
uideo,realize beforehand,lilaLemma:130163,"<small><small>synset_id:&ensp;<a href=""https://www.openwordnet-pt.org/synset?id=00720808-v"" target=""_blank"">00720808-v</a></small></small><br>",<small><small>categoria:&ensp;cognição</small></small><br>,"<small><small>lexemas:</small></small>&ensp;antever, antecipar, prever<br>",,"<small><small>valências:&ensp;[ACT,PAT]</small></small><br>"
capio,"capture as if by hunting, snaring, or trapping",lilaLemma:92686,"<small><small>synset_id:&ensp;<a href=""https://www.openwordnet-pt.org/synset?id=01480149-v"" target=""_blank"">01480149-v</a></small></small><br>",<small><small>categoria:&ensp;contato</small></small><br>,"<small><small>lexemas:</small></small>&ensp;apanhar, capturar<br>","<small><small>conceito:</small>&ensp;capturar caçando, ou prendendo</small><br>","<small><small>valências:&ensp;[ACT,PAT]</small></small><br>"
facio,make believe with the intent to deceive,lilaLemma:102758,"<small><small>synset_id:&ensp;<a href=""https://www.openwordnet-pt.org/synset?id=00838043-v"" target=""_blank"">00838043-v</a></small></small><br>",<small><small>categoria:&ensp;comunicação</small></small><br>,"<small><small>lexemas:</small></small>&ensp;aparentar, fingir, pretextar, simular<br>",<small><small>conceito:</small>&ensp;fazer crer com a intenção de enganar</small><br>,"<small><small>valências:&ensp;[ACT,ADDR,PAT] ou [ACT] ou [ACT,PAT]</small></small><br>"
locus,housing available for people to live in,lilaLemma:110019,"<small><small>synset_id:&ensp;<a href=""https://www.openwordnet-pt.org/synset?id=03679384-n"" target=""_blank"">03679384-n</a></small></small><br>",<small><small>categoria:&ensp;artefato</small></small><br>,"<small><small>lexemas:</small></small>&ensp;apartamento, habitação, moradia, quartos<br>",,
nomen,the name used to identify the members of a family (as distinguished from each member's given name),lilaLemma:113797,"<small><small>synset_id:&ensp;<a href=""https://www.openwordnet-pt.org/synset?id=06336904-n"" target=""_blank"">06336904-n</a></small></small><br>",<small><small>categoria:&ensp;comunicação</small></small><br>,"<small><small>lexemas:</small></small>&ensp;apelido, cognome, nome de família, sobrenome<br>",<small><small>conceito:</small>&ensp;o nome usado para identificar os membros de uma família</small><br>,
teneo,argue or speak in defense of,lilaLemma:127822,"<small><small>synset_id:&ensp;<a href=""https://www.openwordnet-pt.org/synset?id=00895304-v"" target=""_blank"">00895304-v</a></small></small><br>",<small><small>categoria:&ensp;comunicação</small></small><br>,"<small><small>lexemas:</small></small>&ensp;apoiar, defender, suportar<br>",,"<small><small>valências:&ensp;[ACT,PAT]</small></small><br>"
scribo,"indicate a place, direction, person, or thing; either spatially or figuratively",lilaLemma:123840,"<small><small>synset_id:&ensp;<a href=""https://www.openwordnet-pt.org/synset?id=00923793-v"" target=""_blank"">00923793-v</a></small></small><br>",<small><small>categoria:&ensp;comunicação</small></small><br>,"<small><small>lexemas:</small></small>&ensp;apontar, indicar, mostrar<br>","<small><small>conceito:</small>&ensp;indicar um lugar, direção, pessoa ou coisa; tanto espacialmente quanto figurativamente</small><br>","<small><small>valências:&ensp;[ACT,PAT] ou [ACT,ADDR,PAT] ou [ACT,PAT,ADDR] ou [PAT]</small></small><br>"
domus,housing that someone is living in,lilaLemma:100071,"<small><small>synset_id:&ensp;<a href=""https://www.openwordnet-pt.org/synset?id=03259505-n"" target=""_blank"">03259505-n</a></small></small><br>",<small><small>categoria:&ensp;artefato</small></small><br>,"<small><small>lexemas:</small></small>&ensp;aposento, casa, domicílio, habitação, lar, morada, moradia, residência<br>",,
locus,housing that someone is living in,lilaLemma:110019,"<small><small>synset_id:&ensp;<a href=""https://www.openwordnet-pt.org/synset?id=03259505-n"" target=""_blank"">03259505-n</a></small></small><br>",<small><small>categoria:&ensp;artefato</small></small><br>,"<small><small>lexemas:</small></small>&ensp;aposento, casa, domicílio, habitação, lar, morada, moradia, residência<br>",,
capio,take into custody,lilaLemma:92686,"<small><small>synset_id:&ensp;<a href=""https://www.openwordnet-pt.org/synset?id=01215137-v"" target=""_blank"">01215137-v</a></small></small><br>",<small><small>categoria:&ensp;contato</small></small><br>,"<small><small>lexemas:</small></small>&ensp;apreender, prender<br>",<small><small>conceito:</small>&ensp;pegar em custódia</small><br>,"<small><small>valências:&ensp;[ACT,PAT]</small></small><br>"
uideo,"find out, learn, or determine with certainty, usually by making an inquiry or other effort",lilaLemma:130163,"<small><small>synset_id:&ensp;<a href=""https://www.openwordnet-pt.org/synset?id=00920336-v"" target=""_blank"">00920336-v</a></small></small><br>",<small><small>categoria:&ensp;comunicação</small></small><br>,"<small><small>lexemas:</small></small>&ensp;aprender, averiguar, constatar, descobrir, ver, verificar<br>","<small><small>conceito:</small>&ensp;Descobrir, aprender, ou determinar com certeza, geralmente, depois de fazer um inquérito ou outro esforço</small><br>","<small><small>valências:&ensp;[ACT,PAT] ou [ACT,PAT,EFF]</small></small><br>"
cognosco,be a student of a certain subject,lilaLemma:94738,"<small><small>synset_id:&ensp;<a href=""https://www.openwordnet-pt.org/synset?id=00599992-v"" target=""_blank"">00599992-v</a></small></small><br>",<small><small>categoria:&ensp;cognição</small></small><br>,"<small><small>lexemas:</small></small>&ensp;aprender, cursar, estudar<br>",<small><small>conceito:</small>&ensp;ser um estudante de um determinado assunto</small><br>,"<small><small>valências:&ensp;[ACT,PAT]</small></small><br>"
habeo,have as a feature,lilaLemma:105044,"<small><small>synset_id:&ensp;<a href=""https://www.openwordnet-pt.org/synset?id=02630189-v"" target=""_blank"">02630189-v</a></small></small><br>",<small><small>categoria:&ensp;estado</small></small><br>,"<small><small>lexemas:</small></small>&ensp;apresenta, dispõe<br>",<small><small>conceito:</small>&ensp;ter como uma característica</small><br>,"<small><small>valências:&ensp;[ACT,PAT]</small></small><br>"
gero,make visible or noticeable,lilaLemma:104536,"<small><small>synset_id:&ensp;<a href=""https://www.openwordnet-pt.org/synset?id=02137132-v"" target=""_blank"">02137132-v</a></small></small><br>",<small><small>categoria:&ensp;percepção</small></small><br>,"<small><small>lexemas:</small></small>&ensp;apresentar, mostrar<br>",,"<small><small>valências:&ensp;[ACT,PAT] ou [ACT,PAT,EFF] ou [ACT,ADDR,PAT]</small></small><br>"
pono,introduce,lilaLemma:118414,"<small><small>synset_id:&ensp;<a href=""https://www.openwordnet-pt.org/synset?id=02722663-v"" target=""_blank"">02722663-v</a></small></small><br>",<small><small>categoria:&ensp;estado</small></small><br>,"<small><small>lexemas:</small></small>&ensp;apresentar, propor<br>",<small><small>conceito:</small>&ensp;introduzir</small><br>,"<small><small>valências:&ensp;[ACT,PAT]</small></small><br>"
facio,"make ready or suitable or equip in advance for a particular purpose or for some use, event, etc",lilaLemma:102758,"<small><small>synset_id:&ensp;<a href=""https://www.openwordnet-pt.org/synset?id=00406243-v"" target=""_blank"">00406243-v</a></small></small><br>",<small><small>categoria:&ensp;mudança</small></small><br>,"<small><small>lexemas:</small></small>&ensp;aprontar, preparar<br>","<small><small>conceito:</small>&ensp;ficar pronto ou adequado, ou equipar tendo um propósito particular ou para algum uso, evento, etc</small><br>","<small><small>valências:&ensp;[ACT,EFF,PAT] ou [ACT] ou [ACT,PAT] ou [ACT,ADDR,PAT] ou [ACT,LOC,PAT]</small></small><br>"
capio,"take possession of by force, as after an invasion",lilaLemma:92686,"<small><small>synset_id:&ensp;<a href=""https://www.openwordnet-pt.org/synset?id=02272549-v"" target=""_blank"">02272549-v</a></small></small><br>",<small><small>categoria:&ensp;posse</small></small><br>,"<small><small>lexemas:</small></small>&ensp;apropriar-se, capturar, conquistar<br>",,"<small><small>valências:&ensp;[ACT,ORIG,PAT] ou [ACT,PAT] ou [ACT,PAT,ORIG]</small></small><br>"
audio,give sanction to,lilaLemma:90641,"<small><small>synset_id:&ensp;<a href=""https://www.openwordnet-pt.org/synset?id=00806502-v"" target=""_blank"">00806502-v</a></small></small><br>",<small><small>categoria:&ensp;comunicação</small></small><br>,"<small><small>lexemas:</small></small>&ensp;aprovar, dar OK, deferir, sancionar<br>",<small><small>conceito:</small>&ensp;dar sanção a</small><br>,"<small><small>valências:&ensp;[ACT,ADDR] ou [ACT,PAT] ou [ACT,PAT,ADDR]</small></small><br>"
quaero,conduct an inquiry or investigation of,lilaLemma:121047,"<small><small>synset_id:&ensp;<a href=""https://www.openwordnet-pt.org/synset?id=00785962-v"" target=""_blank"">00785962-v</a></small></small><br>",<small><small>categoria:&ensp;comunicação</small></small><br>,"<small><small>lexemas:</small></small>&ensp;apurar, averiguar, investigar<br>",<small><small>conceito:</small>&ensp;Realizar um inquérito ou investigação sobre</small><br>,"<small><small>valências:&ensp;[ACT,PAT] ou [ACT,PAT,REG]</small></small><br>"
hinc,to this place (especially toward the speaker),lilaLemma:105454,"<small><small>synset_id:&ensp;<a href=""https://www.openwordnet-pt.org/synset?id=00108647-r"" target=""_blank"">00108647-r</a></small></small><br>",,"<small><small>lexemas:</small></small>&ensp;aqui, cá<br>",,
capio,catch in or as if in a trap,lilaLemma:92686,"<small><small>synset_id:&ensp;<a href=""https://www.openwordnet-pt.org/synset?id=01480770-v"" target=""_blank"">01480770-v</a></small></small><br>",<small><small>categoria:&ensp;contato</small></small><br>,"<small><small>lexemas:</small></small>&ensp;arapucar, armadilhar<br>",<small><small>conceito:</small>&ensp;pegar ou como se estivesse em uma armadilha</small><br>,"<small><small>valências:&ensp;[ACT,PAT]</small></small><br>"
locus,an area of knowledge or interest,lilaLemma:110019,"<small><small>synset_id:&ensp;<a href=""https://www.openwordnet-pt.org/synset?id=05999134-n"" target=""_blank"">05999134-n</a></small></small><br>",<small><small>categoria:&ensp;cognição</small></small><br>,<small><small>lexemas:</small></small>&ensp;área<br>,,
modus,a succession of notes forming a distinctive sequence,lilaLemma:112553,"<small><small>synset_id:&ensp;<a href=""https://www.openwordnet-pt.org/synset?id=07028373-n"" target=""_blank"">07028373-n</a></small></small><br>",<small><small>categoria:&ensp;comunicação</small></small><br>,"<small><small>lexemas:</small></small>&ensp;aria, melodia, toada<br>",,
pono,erect and fasten,lilaLemma:118414,"<small><small>synset_id:&ensp;<a href=""https://www.openwordnet-pt.org/synset?id=01514126-v"" target=""_blank"">01514126-v</a></small></small><br>",<small><small>categoria:&ensp;contato</small></small><br>,<small><small>lexemas:</small></small>&ensp;armar<br>,,"<small><small>valências:&ensp;[ACT,PAT,LOC]</small></small><br>"
puto,put into a proper or systematic order,lilaLemma:120610,"<small><small>synset_id:&ensp;<a href=""https://www.openwordnet-pt.org/synset?id=01463963-v"" target=""_blank"">01463963-v</a></small></small><br>",<small><small>categoria:&ensp;contato</small></small><br>,"<small><small>lexemas:</small></small>&ensp;arranjar, dispor<br>",<small><small>conceito:</small>&ensp;colocar em uma ordem adequada ou sistemática</small><br>,"<small><small>valências:&ensp;[ACT,PAT] ou [ACT,PAT,LOC] ou [ACT,LOC,PAT] ou [ACT,EFF,PAT]</small></small><br>"
facio,"plan, organize, and carry out (an event)",lilaLemma:102758,"<small><small>synset_id:&ensp;<a href=""https://www.openwordnet-pt.org/synset?id=01648126-v"" target=""_blank"">01648126-v</a></small></small><br>",<small><small>categoria:&ensp;criação</small></small><br>,"<small><small>lexemas:</small></small>&ensp;arranjar, realizar<br>","<small><small>conceito:</small>&ensp;planejar, organizar e realizar (um evento)</small><br>","<small><small>valências:&ensp;[ACT,PAT]</small></small><br>"
mitto,throw forcefully,lilaLemma:112499,"<small><small>synset_id:&ensp;<a href=""https://www.openwordnet-pt.org/synset?id=01507143-v"" target=""_blank"">01507143-v</a></small></small><br>",<small><small>categoria:&ensp;contato</small></small><br>,"<small><small>lexemas:</small></small>&ensp;arremessar, atirar, lançar<br>",,"<small><small>valências:&ensp;[ACT,ADDR,PAT] ou [ACT,PAT] ou [ACT,DIR3,PAT] ou [ACT,PAT,DIR3]</small></small><br>"
animus,overbearing pride evidenced by a superior manner toward inferiors,lilaLemma:89094,"<small><small>synset_id:&ensp;<a href=""https://www.openwordnet-pt.org/synset?id=04887912-n"" target=""_blank"">04887912-n</a></small></small><br>",<small><small>categoria:&ensp;atributo</small></small><br>,"<small><small>lexemas:</small></small>&ensp;arrogância, elevado-high-handedness, orgulho<br>",,"<small><small>valências:&ensp;[ACT] ou [ACT,PAT]</small></small><br>"
puto,arrange or fix in the desired order,lilaLemma:120610,"<small><small>synset_id:&ensp;<a href=""https://www.openwordnet-pt.org/synset?id=01465921-v"" target=""_blank"">01465921-v</a></small></small><br>",<small><small>categoria:&ensp;contato</small></small><br>,<small><small>lexemas:</small></small>&ensp;arrumar<br>,,"<small><small>valências:&ensp;[ACT,PAT] ou [ACT,LOC]</small></small><br>"
manus,skill in an occupation or trade,lilaLemma:111585,"<small><small>synset_id:&ensp;<a href=""https://www.openwordnet-pt.org/synset?id=05638063-n"" target=""_blank"">05638063-n</a></small></small><br>",<small><small>categoria:&ensp;cognição</small></small><br>,"<small><small>lexemas:</small></small>&ensp;arte, habilidade<br>",,
uox,expressing in coherent verbal form,lilaLemma:130806,"<small><small>synset_id:&ensp;<a href=""https://www.openwordnet-pt.org/synset?id=07073208-n"" target=""_blank"">07073208-n</a></small></small><br>",<small><small>categoria:&ensp;comunicação</small></small><br>,<small><small>lexemas:</small></small>&ensp;articulação<br>,,
dico,"speak, pronounce, or utter in a certain way",lilaLemma:99302,"<small><small>synset_id:&ensp;<a href=""https://www.openwordnet-pt.org/synset?id=00978549-v"" target=""_blank"">00978549-v</a></small></small><br>",<small><small>categoria:&ensp;comunicação</small></small><br>,"<small><small>lexemas:</small></small>&ensp;articular, dizer, enunciar, falar, pronunciar<br>","<small><small>conceito:</small>&ensp;falar, pronunciar, ou proferiri de uma certa maneira</small><br>","<small><small>valências:&ensp;[ACT,PAT] ou [ACT,MANN,PAT] ou [ACT]</small></small><br>"
peto,launch an attack or assault on; begin hostilities or start warfare with,lilaLemma:117549,"<small><small>synset_id:&ensp;<a href=""https://www.openwordnet-pt.org/synset?id=01119169-v"" target=""_blank"">01119169-v</a></small></small><br>",<small><small>categoria:&ensp;competição</small></small><br>,"<small><small>lexemas:</small></small>&ensp;assaltar, atacar<br>",<small><small>conceito:</small>&ensp;lançar um ataque ou assalto a; começar hostilidades ou iniciar uma guerra com</small><br>,"<small><small>valências:&ensp;[ACT,DIR3] ou [ACT,PAT] ou [ACT,MEANS,PAT]</small></small><br>"
puto,"make clean by removing dirt, filth, or unwanted substances from",lilaLemma:120610,"<small><small>synset_id:&ensp;<a href=""https://www.openwordnet-pt.org/synset?id=01532589-v"" target=""_blank"">01532589-v</a></small></small><br>",<small><small>categoria:&ensp;contato</small></small><br>,"<small><small>lexemas:</small></small>&ensp;assear, limpar, purgar<br>",,"<small><small>valências:&ensp;[ACT,PAT] ou [ACT,ORIG,PAT]</small></small><br>"
locus,furniture that is designed for sitting on,lilaLemma:110019,"<small><small>synset_id:&ensp;<a href=""https://www.openwordnet-pt.org/synset?id=04161981-n"" target=""_blank"">04161981-n</a></small></small><br>",<small><small>categoria:&ensp;artefato</small></small><br>,"<small><small>lexemas:</small></small>&ensp;assento, cadeira<br>",,
locus,any support where you can sit (especially the part of a chair or bench etc. on which you sit),lilaLemma:110019,"<small><small>synset_id:&ensp;<a href=""https://www.openwordnet-pt.org/synset?id=04161358-n"" target=""_blank"">04161358-n</a></small></small><br>",<small><small>categoria:&ensp;artefato</small></small><br>,"<small><small>lexemas:</small></small>&ensp;assento, cadeira<br>",,
locus,a space reserved for sitting (as in a theater or on a train or airplane),lilaLemma:110019,"<small><small>synset_id:&ensp;<a href=""https://www.openwordnet-pt.org/synset?id=08647616-n"" target=""_blank"">08647616-n</a></small></small><br>",<small><small>categoria:&ensp;lugar</small></small><br>,"<small><small>lexemas:</small></small>&ensp;assento, cadeira, lugar<br>",,
consilium,an expert who gives advice,lilaLemma:96060,"<small><small>synset_id:&ensp;<a href=""https://www.openwordnet-pt.org/synset?id=09774266-n"" target=""_blank"">09774266-n</a></small></small><br>",<small><small>categoria:&ensp;pessoa</small></small><br>,"<small><small>lexemas:</small></small>&ensp;assessor, conselheiro, consultor, orientador<br>",<small><small>conceito:</small>&ensp;um especialista que dá conselhos</small><br>,"<small><small>valências:&ensp;[PAT] ou [ACT,PAT] ou [ACT,ADDR]</small></small><br>"
consilium,a proposal for an appropriate course of action,lilaLemma:96060,"<small><small>synset_id:&ensp;<a href=""https://www.openwordnet-pt.org/synset?id=06671484-n"" target=""_blank"">06671484-n</a></small></small><br>",<small><small>categoria:&ensp;comunicação</small></small><br>,"<small><small>lexemas:</small></small>&ensp;assessoramento, conselho, recomendação<br>",,"<small><small>valências:&ensp;[ACT,PAT] ou [ACT] ou [ACT,ADDR,PAT]</small></small><br>"
ita,in the way indicated,lilaLemma:109126,"<small><small>synset_id:&ensp;<a href=""https://www.openwordnet-pt.org/synset?id=00121135-r"" target=""_blank"">00121135-r</a></small></small><br>",,<small><small>lexemas:</small></small>&ensp;assim<br>,,
capio,make use of or accept for some purpose,lilaLemma:92686,"<small><small>synset_id:&ensp;<a href=""https://www.openwordnet-pt.org/synset?id=02209936-v"" target=""_blank"">02209936-v</a></small></small><br>",<small><small>categoria:&ensp;posse</small></small><br>,<small><small>lexemas:</small></small>&ensp;assumir<br>,,"<small><small>valências:&ensp;[ACT,PAT]</small></small><br>"
causa,some situation or event that is thought about,lilaLemma:93253,"<small><small>synset_id:&ensp;<a href=""https://www.openwordnet-pt.org/synset?id=05814291-n"" target=""_blank"">05814291-n</a></small></small><br>",<small><small>categoria:&ensp;cognição</small></small><br>,"<small><small>lexemas:</small></small>&ensp;assunto, matéria, tema, tópico<br>",,<small><small>valências:&ensp;[PAT]</small></small><br>
causa,the subject matter of a conversation or discussion,lilaLemma:93253,"<small><small>synset_id:&ensp;<a href=""https://www.openwordnet-pt.org/synset?id=06599788-n"" target=""_blank"">06599788-n</a></small></small><br>",<small><small>categoria:&ensp;comunicação</small></small><br>,"<small><small>lexemas:</small></small>&ensp;assunto, matéria, tema, tópico<br>",,<small><small>valências:&ensp;[PAT]</small></small><br>
locus,some situation or event that is thought about,lilaLemma:110019,"<small><small>synset_id:&ensp;<a href=""https://www.openwordnet-pt.org/synset?id=05814291-n"" target=""_blank"">05814291-n</a></small></small><br>",<small><small>categoria:&ensp;cognição</small></small><br>,"<small><small>lexemas:</small></small>&ensp;assunto, matéria, tema, tópico<br>",,<small><small>valências:&ensp;[PAT]</small></small><br>
locus,the subject matter of a conversation or discussion,lilaLemma:110019,"<small><small>synset_id:&ensp;<a href=""https://www.openwordnet-pt.org/synset?id=06599788-n"" target=""_blank"">06599788-n</a></small></small><br>",<small><small>categoria:&ensp;comunicação</small></small><br>,"<small><small>lexemas:</small></small>&ensp;assunto, matéria, tema, tópico<br>",,<small><small>valências:&ensp;[PAT]</small></small><br>
facio,put in effect,lilaLemma:102758,"<small><small>synset_id:&ensp;<a href=""https://www.openwordnet-pt.org/synset?id=01640855-v"" target=""_blank"">01640855-v</a></small></small><br>",<small><small>categoria:&ensp;criação</small></small><br>,"<small><small>lexemas:</small></small>&ensp;atingir, cumprir, efetuar, executar, levar a cabo, realizar<br>",,"<small><small>valências:&ensp;[ACT,PAT]</small></small><br>"
mitto,cause to go off,lilaLemma:112499,"<small><small>synset_id:&ensp;<a href=""https://www.openwordnet-pt.org/synset?id=01133825-v"" target=""_blank"">01133825-v</a></small></small><br>",<small><small>categoria:&ensp;competição</small></small><br>,<small><small>lexemas:</small></small>&ensp;atirar<br>,<small><small>conceito:</small>&ensp;fazer disparar uma arma</small><br>,"<small><small>valências:&ensp;[ACT,PAT] ou [ACT,DIR3,PAT]</small></small><br>"
mitto,propel through the air,lilaLemma:112499,"<small><small>synset_id:&ensp;<a href=""https://www.openwordnet-pt.org/synset?id=01508368-v"" target=""_blank"">01508368-v</a></small></small><br>",<small><small>categoria:&ensp;contato</small></small><br>,"<small><small>lexemas:</small></small>&ensp;atirar, jogar, lançar<br>",<small><small>conceito:</small>&ensp;impulsionar através do ar</small><br>,"<small><small>valências:&ensp;[ACT,ADDR,PAT] ou [ACT,DIR3,PAT] ou [ACT,PAT] ou [ACT,PAT,ADDR]</small></small><br>"
capio,cause to be interested or curious,lilaLemma:92686,"<small><small>synset_id:&ensp;<a href=""https://www.openwordnet-pt.org/synset?id=02678839-v"" target=""_blank"">02678839-v</a></small></small><br>",<small><small>categoria:&ensp;estado</small></small><br>,"<small><small>lexemas:</small></small>&ensp;atrair, intrigar<br>",,"<small><small>valências:&ensp;[ACT,PAT]</small></small><br>"
sequor,travel across or pass over,lilaLemma:124461,"<small><small>synset_id:&ensp;<a href=""https://www.openwordnet-pt.org/synset?id=01912159-v"" target=""_blank"">01912159-v</a></small></small><br>",<small><small>categoria:&ensp;movimento</small></small><br>,<small><small>lexemas:</small></small>&ensp;atravessar<br>,,"<small><small>valências:&ensp;[ACT,PAT] ou [ACT,DIR2] ou [ACT]</small></small><br>"
eo,make a passage or journey from one place to another,lilaLemma:101183,"<small><small>synset_id:&ensp;<a href=""https://www.openwordnet-pt.org/synset?id=01915365-v"" target=""_blank"">01915365-v</a></small></small><br>",<small><small>categoria:&ensp;movimento</small></small><br>,"<small><small>lexemas:</small></small>&ensp;atravessar, transitar<br>",,"<small><small>valências:&ensp;[ACT,DIR2]</small></small><br>"
do,attribute or credit to,lilaLemma:99970,"<small><small>synset_id:&ensp;<a href=""https://www.openwordnet-pt.org/synset?id=00726300-v"" target=""_blank"">00726300-v</a></small></small><br>",<small><small>categoria:&ensp;cognição</small></small><br>,"<small><small>lexemas:</small></small>&ensp;atribuir, imputar<br>",<small><small>conceito:</small>&ensp;atribuir ou creditar algo</small><br>,"<small><small>valências:&ensp;[ACT,PAT,ADDR] ou [ACT,ADDR,PAT] ou [ACT,PAT,BEN] ou [ACT,PAT]</small></small><br>"
refero,attribute or credit to,lilaLemma:122494,"<small><small>synset_id:&ensp;<a href=""https://www.openwordnet-pt.org/synset?id=00726300-v"" target=""_blank"">00726300-v</a></small></small><br>",<small><small>categoria:&ensp;cognição</small></small><br>,"<small><small>lexemas:</small></small>&ensp;atribuir, imputar<br>",<small><small>conceito:</small>&ensp;atribuir ou creditar algo</small><br>,"<small><small>valências:&ensp;[ACT,PAT,ADDR] ou [ACT,ADDR,PAT] ou [ACT,PAT,BEN] ou [ACT,PAT]</small></small><br>"
fero,play a role or part,lilaLemma:103126,"<small><small>synset_id:&ensp;<a href=""https://www.openwordnet-pt.org/synset?id=01719302-v"" target=""_blank"">01719302-v</a></small></small><br>",<small><small>categoria:&ensp;criação</small></small><br>,"<small><small>lexemas:</small></small>&ensp;atuar, fazer, representar<br>",<small><small>conceito:</small>&ensp;desempenhar um papel ou parte</small><br>,"<small><small>valências:&ensp;[ACT,PAT] ou [ACT,EFF,PAT]</small></small><br>"
gero,play a role or part,lilaLemma:104536,"<small><small>synset_id:&ensp;<a href=""https://www.openwordnet-pt.org/synset?id=01719302-v"" target=""_blank"">01719302-v</a></small></small><br>",<small><small>categoria:&ensp;criação</small></small><br>,"<small><small>lexemas:</small></small>&ensp;atuar, fazer, representar<br>",<small><small>conceito:</small>&ensp;desempenhar um papel ou parte</small><br>,"<small><small>valências:&ensp;[ACT,PAT] ou [ACT,EFF,PAT]</small></small><br>"
capio,obtain,lilaLemma:92686,"<small><small>synset_id:&ensp;<a href=""https://www.openwordnet-pt.org/synset?id=02292125-v"" target=""_blank"">02292125-v</a></small></small><br>",<small><small>categoria:&ensp;posse</small></small><br>,<small><small>lexemas:</small></small>&ensp;auferir<br>,,"<small><small>valências:&ensp;[ACT,PAT] ou [ACT,PAT,DIR1,DIR3] ou [ACT,ORIG,PAT]</small></small><br>"
fero,obtain,lilaLemma:103126,"<small><small>synset_id:&ensp;<a href=""https://www.openwordnet-pt.org/synset?id=02292125-v"" target=""_blank"">02292125-v</a></small></small><br>",<small><small>categoria:&ensp;posse</small></small><br>,<small><small>lexemas:</small></small>&ensp;auferir<br>,,"<small><small>valências:&ensp;[ACT,PAT] ou [ACT,PAT,DIR1,DIR3] ou [ACT,ORIG,PAT]</small></small><br>"
fero,win something through one's efforts,lilaLemma:103126,"<small><small>synset_id:&ensp;<a href=""https://www.openwordnet-pt.org/synset?id=02288295-v"" target=""_blank"">02288295-v</a></small></small><br>",<small><small>categoria:&ensp;posse</small></small><br>,"<small><small>lexemas:</small></small>&ensp;auferir, lucrar, receber, comprar, obter, adquirir, atingir, ganhar, vencer<br>",<small><small>conceito:</small>&ensp;ganhar algo através de seus esforços</small><br>,"<small><small>valências:&ensp;[ACT,ORIG,PAT] ou [ACT,PAT]</small></small><br>"
quaero,win something through one's efforts,lilaLemma:121047,"<small><small>synset_id:&ensp;<a href=""https://www.openwordnet-pt.org/synset?id=02288295-v"" target=""_blank"">02288295-v</a></small></small><br>",<small><small>categoria:&ensp;posse</small></small><br>,"<small><small>lexemas:</small></small>&ensp;auferir, lucrar, receber, comprar, obter, adquirir, atingir, ganhar, vencer<br>",<small><small>conceito:</small>&ensp;ganhar algo através de seus esforços</small><br>,"<small><small>valências:&ensp;[ACT,ORIG,PAT] ou [ACT,PAT]</small></small><br>"
modus,exhibiting restraint imposed on the self,lilaLemma:112553,"<small><small>synset_id:&ensp;<a href=""https://www.openwordnet-pt.org/synset?id=04883243-n"" target=""_blank"">04883243-n</a></small></small><br>",<small><small>categoria:&ensp;atributo</small></small><br>,<small><small>lexemas:</small></small>&ensp;autodomínio<br>,,<small><small>valências:&ensp;[PAT] ou [ACT]</small></small><br>
imperium,an expert whose views are taken as definitive,lilaLemma:106532,"<small><small>synset_id:&ensp;<a href=""https://www.openwordnet-pt.org/synset?id=09824361-n"" target=""_blank"">09824361-n</a></small></small><br>",<small><small>categoria:&ensp;pessoa</small></small><br>,<small><small>lexemas:</small></small>&ensp;autoridade<br>,<small><small>conceito:</small>&ensp;um perito cujas opiniões são tomadas como definitivas</small><br>,<small><small>valências:&ensp;[PAT] ou [ACT]</small></small><br>
imperium,(usually plural) persons who exercise (administrative) control over others,lilaLemma:106532,"<small><small>synset_id:&ensp;<a href=""https://www.openwordnet-pt.org/synset?id=09824609-n"" target=""_blank"">09824609-n</a></small></small><br>",<small><small>categoria:&ensp;pessoa</small></small><br>,<small><small>lexemas:</small></small>&ensp;autoridade<br>,,<small><small>valências:&ensp;[ACT]</small></small><br>
imperium,the power or right to give orders or make decisions,lilaLemma:106532,"<small><small>synset_id:&ensp;<a href=""https://www.openwordnet-pt.org/synset?id=05196582-n"" target=""_blank"">05196582-n</a></small></small><br>",<small><small>categoria:&ensp;atributo</small></small><br>,"<small><small>lexemas:</small></small>&ensp;autoridade, autorização, poder<br>",<small><small>conceito:</small>&ensp;o poder ou direito de dar ordens ou tomar decisões</small><br>,"<small><small>valências:&ensp;[ACT,PAT] ou [ACT]</small></small><br>"
imperium,the organization that is the governing authority of a political unit,lilaLemma:106532,"<small><small>synset_id:&ensp;<a href=""https://www.openwordnet-pt.org/synset?id=08050678-n"" target=""_blank"">08050678-n</a></small></small><br>",<small><small>categoria:&ensp;grupo</small></small><br>,"<small><small>lexemas:</small></small>&ensp;autoridades, governo, regime<br>",,
refero,form a critical opinion of,lilaLemma:122494,"<small><small>synset_id:&ensp;<a href=""https://www.openwordnet-pt.org/synset?id=00670261-v"" target=""_blank"">00670261-v</a></small></small><br>",<small><small>categoria:&ensp;cognição</small></small><br>,"<small><small>lexemas:</small></small>&ensp;avaliar, balizar, julgar<br>",<small><small>conceito:</small>&ensp;formar uma opinião crítica sobre</small><br>,"<small><small>valências:&ensp;[ACT,PAT,CPR] ou [ACT,PAT] ou [ACT,REG]</small></small><br>"
puto,"evaluate or estimate the nature, quality, ability, extent, or significance of",lilaLemma:120610,"<small><small>synset_id:&ensp;<a href=""https://www.openwordnet-pt.org/synset?id=00681429-v"" target=""_blank"">00681429-v</a></small></small><br>",<small><small>categoria:&ensp;cognição</small></small><br>,"<small><small>lexemas:</small></small>&ensp;avaliar, estimar, medir<br>","<small><small>conceito:</small>&ensp;avaliar ou estimar a natureza, qualidade, capacidade, medida ou a importância de</small><br>","<small><small>valências:&ensp;[ACT,PAT] ou [ACT,PAT,EFF] ou [ACT,EFF,PAT]</small></small><br>"
puto,estimate the value of,lilaLemma:120610,"<small><small>synset_id:&ensp;<a href=""https://www.openwordnet-pt.org/synset?id=00660971-v"" target=""_blank"">00660971-v</a></small></small><br>",<small><small>categoria:&ensp;cognição</small></small><br>,"<small><small>lexemas:</small></small>&ensp;avaliar, valorizar<br>",,"<small><small>valências:&ensp;[ACT,PAT] ou [ACT,EFF,PAT]</small></small><br>"
eo,move ahead; travel onward in time or space,lilaLemma:101183,"<small><small>synset_id:&ensp;<a href=""https://www.openwordnet-pt.org/synset?id=01995549-v"" target=""_blank"">01995549-v</a></small></small><br>",<small><small>categoria:&ensp;movimento</small></small><br>,"<small><small>lexemas:</small></small>&ensp;avançar, continuar, ir, progredir, prosseguir, seguir<br>",<small><small>conceito:</small>&ensp;Seguir em frente; viajar para a frente no tempo ou no espaço</small><br>,"<small><small>valências:&ensp;[ACT,DIR3] ou [ACT,DIR1] ou [ACT,PAT] ou [ACT,PAT,DIR3] ou [ACT,DIR1,DIR3]</small></small><br>"
capio,"obtain advantages, such as points, etc.",lilaLemma:92686,"<small><small>synset_id:&ensp;<a href=""https://www.openwordnet-pt.org/synset?id=01111028-v"" target=""_blank"">01111028-v</a></small></small><br>",<small><small>categoria:&ensp;competição</small></small><br>,"<small><small>lexemas:</small></small>&ensp;avançar, ganhar<br>",,"<small><small>valências:&ensp;[ACT,PAT]</small></small><br>"
uinco,"obtain advantages, such as points, etc.",lilaLemma:130232,"<small><small>synset_id:&ensp;<a href=""https://www.openwordnet-pt.org/synset?id=01111028-v"" target=""_blank"">01111028-v</a></small></small><br>",<small><small>categoria:&ensp;competição</small></small><br>,"<small><small>lexemas:</small></small>&ensp;avançar, ganhar<br>",,"<small><small>valências:&ensp;[ACT,PAT]</small></small><br>"
do,send away towards a designated goal,lilaLemma:99970,"<small><small>synset_id:&ensp;<a href=""https://www.openwordnet-pt.org/synset?id=01955127-v"" target=""_blank"">01955127-v</a></small></small><br>",<small><small>categoria:&ensp;movimento</small></small><br>,"<small><small>lexemas:</small></small>&ensp;aviar, despachar, enviar, noticiar por despacho<br>",,"<small><small>valências:&ensp;[ACT,DIR3,PAT] ou [ACT,PAT] ou [ACT,PAT,ADDR] ou [ACT,INTT,PAT] ou [ACT,PAT,DIR1,DIR3] ou [ACT,DIR1,DIR3,PAT] ou [ACT,PAT,DIR3] ou [ACT,ADDR,PAT]</small></small><br>"
mitto,send away towards a designated goal,lilaLemma:112499,"<small><small>synset_id:&ensp;<a href=""https://www.openwordnet-pt.org/synset?id=01955127-v"" target=""_blank"">01955127-v</a></small></small><br>",<small><small>categoria:&ensp;movimento</small></small><br>,"<small><small>lexemas:</small></small>&ensp;aviar, despachar, enviar, noticiar por despacho<br>",,"<small><small>valências:&ensp;[ACT,DIR3,PAT] ou [ACT,PAT] ou [ACT,PAT,ADDR] ou [ACT,INTT,PAT] ou [ACT,PAT,DIR1,DIR3] ou [ACT,DIR1,DIR3,PAT] ou [ACT,PAT,DIR3] ou [ACT,ADDR,PAT]</small></small><br>"
fortuna,an unknown and unpredictable phenomenon that causes an event to result one way rather than another,lilaLemma:103696,"<small><small>synset_id:&ensp;<a href=""https://www.openwordnet-pt.org/synset?id=11418138-n"" target=""_blank"">11418138-n</a></small></small><br>",<small><small>categoria:&ensp;fenômeno</small></small><br>,"<small><small>lexemas:</small></small>&ensp;azar, ensejo, sorte<br>",,
primus,serving as an essential component,lilaLemma:119498,"<small><small>synset_id:&ensp;<a href=""https://www.openwordnet-pt.org/synset?id=01277097-s"" target=""_blank"">01277097-s</a></small></small><br>",,"<small><small>lexemas:</small></small>&ensp;básico, central, fundamental<br>",,
eo,pass from physical life and lose all bodily attributes and functions necessary to sustain life,lilaLemma:101183,"<small><small>synset_id:&ensp;<a href=""https://www.openwordnet-pt.org/synset?id=00358431-v"" target=""_blank"">00358431-v</a></small></small><br>",<small><small>categoria:&ensp;mudança</small></small><br>,"<small><small>lexemas:</small></small>&ensp;bater as botas, comer capim pela raiz, expirar, falecer, morrer, perecer<br>","<small><small>conceito:</small>&ensp;passar da vida física, perder todos os atributos corporais e funções necessárias para sustentar a vida</small><br>","<small><small>valências:&ensp;[ACT] ou [ACT,DIR1]</small></small><br>"
bene,thoroughly or completely; fully; often used as a combining form,lilaLemma:91473,"<small><small>synset_id:&ensp;<a href=""https://www.openwordnet-pt.org/synset?id=00012779-r"" target=""_blank"">00012779-r</a></small></small><br>",,<small><small>lexemas:</small></small>&ensp;bem<br>,,
bonum,that which is pleasing or valuable or useful,lilaLemma:91351,"<small><small>synset_id:&ensp;<a href=""https://www.openwordnet-pt.org/synset?id=05142180-n"" target=""_blank"">05142180-n</a></small></small><br>",<small><small>categoria:&ensp;atributo</small></small><br>,<small><small>lexemas:</small></small>&ensp;bem<br>,,<small><small>valências:&ensp;[ACT]</small></small><br>
bonum,everything you own; all of your assets (whether real property or personal property) and liabilities,lilaLemma:91351,"<small><small>synset_id:&ensp;<a href=""https://www.openwordnet-pt.org/synset?id=13250930-n"" target=""_blank"">13250930-n</a></small></small><br>",<small><small>categoria:&ensp;posse</small></small><br>,"<small><small>lexemas:</small></small>&ensp;bem, bens de raiz, fazenda, herança, património, patrimônio, propriedade<br>",<small><small>conceito:</small>&ensp;tudo que você possui; todos os seus bens (sejam bens imóveis ou bens pessoais) e passivos</small><br>,
pecunia,property that has economic utility: a monetary value or an exchange value,lilaLemma:116369,"<small><small>synset_id:&ensp;<a href=""https://www.openwordnet-pt.org/synset?id=13250398-n"" target=""_blank"">13250398-n</a></small></small><br>",<small><small>categoria:&ensp;posse</small></small><br>,"<small><small>lexemas:</small></small>&ensp;bem, possessão, riqueza<br>",,
bonum,a desirable state,lilaLemma:91351,"<small><small>synset_id:&ensp;<a href=""https://www.openwordnet-pt.org/synset?id=14474264-n"" target=""_blank"">14474264-n</a></small></small><br>",<small><small>categoria:&ensp;estado</small></small><br>,"<small><small>lexemas:</small></small>&ensp;benção, bênção<br>",,
bonum,the quality of having a superior or more favorable position,lilaLemma:91351,"<small><small>synset_id:&ensp;<a href=""https://www.openwordnet-pt.org/synset?id=05155821-n"" target=""_blank"">05155821-n</a></small></small><br>",<small><small>categoria:&ensp;atributo</small></small><br>,"<small><small>lexemas:</small></small>&ensp;benefício, predominância, vantagem<br>",,"<small><small>valências:&ensp;[ACT,ACMP] ou [ACT]</small></small><br>"
uox,a loud utterance of emotion (especially when inarticulate),lilaLemma:130806,"<small><small>synset_id:&ensp;<a href=""https://www.openwordnet-pt.org/synset?id=07121157-n"" target=""_blank"">07121157-n</a></small></small><br>",<small><small>categoria:&ensp;comunicação</small></small><br>,"<small><small>lexemas:</small></small>&ensp;berro, grito<br>",,
locus,a row or line of people (especially soldiers or police) standing abreast of one another,lilaLemma:110019,"<small><small>synset_id:&ensp;<a href=""https://www.openwordnet-pt.org/synset?id=08431942-n"" target=""_blank"">08431942-n</a></small></small><br>",<small><small>categoria:&ensp;grupo</small></small><br>,<small><small>lexemas:</small></small>&ensp;bicha<br>,,
uita,an account of the series of events making up a person's life,lilaLemma:130393,"<small><small>synset_id:&ensp;<a href=""https://www.openwordnet-pt.org/synset?id=06515827-n"" target=""_blank"">06515827-n</a></small></small><br>",<small><small>categoria:&ensp;comunicação</small></small><br>,<small><small>lexemas:</small></small>&ensp;biografia<br>,,
fortuna,an auspicious state resulting from favorable outcomes,lilaLemma:103696,"<small><small>synset_id:&ensp;<a href=""https://www.openwordnet-pt.org/synset?id=14473655-n"" target=""_blank"">14473655-n</a></small></small><br>",<small><small>categoria:&ensp;estado</small></small><br>,"<small><small>lexemas:</small></small>&ensp;boa sorte, sorte<br>",,<small><small>valências:&ensp;[ACT]</small></small><br>
bonus,morally admirable,lilaLemma:91782,"<small><small>synset_id:&ensp;<a href=""https://www.openwordnet-pt.org/synset?id=01129977-a"" target=""_blank"">01129977-a</a></small></small><br>",,"<small><small>lexemas:</small></small>&ensp;boa, bom<br>",,
bonus,correct in opinion or judgment,lilaLemma:91782,"<small><small>synset_id:&ensp;<a href=""https://www.openwordnet-pt.org/synset?id=00633410-a"" target=""_blank"">00633410-a</a></small></small><br>",,<small><small>lexemas:</small></small>&ensp;bom<br>,,
bonus,having desirable or positive qualities especially those suitable for a thing specified,lilaLemma:91782,"<small><small>synset_id:&ensp;<a href=""https://www.openwordnet-pt.org/synset?id=01123148-a"" target=""_blank"">01123148-a</a></small></small><br>",,<small><small>lexemas:</small></small>&ensp;bom<br>,,
bonus,of moral excellence,lilaLemma:91782,"<small><small>synset_id:&ensp;<a href=""https://www.openwordnet-pt.org/synset?id=02036934-s"" target=""_blank"">02036934-s</a></small></small><br>",,"<small><small>lexemas:</small></small>&ensp;bom, direito, justo<br>",,
bonum,moral excellence or admirableness,lilaLemma:91351,"<small><small>synset_id:&ensp;<a href=""https://www.openwordnet-pt.org/synset?id=04849241-n"" target=""_blank"">04849241-n</a></small></small><br>",<small><small>categoria:&ensp;atributo</small></small><br>,"<small><small>lexemas:</small></small>&ensp;bondade, virtude<br>",,<small><small>valências:&ensp;[ACT]</small></small><br>
uirtus,moral excellence or admirableness,lilaLemma:130356,"<small><small>synset_id:&ensp;<a href=""https://www.openwordnet-pt.org/synset?id=04849241-n"" target=""_blank"">04849241-n</a></small></small><br>",<small><small>categoria:&ensp;atributo</small></small><br>,"<small><small>lexemas:</small></small>&ensp;bondade, virtude<br>",,<small><small>valências:&ensp;[ACT]</small></small><br>
modus,a line determining the limits of an area,lilaLemma:112553,"<small><small>synset_id:&ensp;<a href=""https://www.openwordnet-pt.org/synset?id=13903079-n"" target=""_blank"">13903079-n</a></small></small><br>",<small><small>categoria:&ensp;forma</small></small><br>,"<small><small>lexemas:</small></small>&ensp;borda, fronteira, limite, margem interior<br>",,"<small><small>valências:&ensp;[ACT,PAT]</small></small><br>"
pono,put into a certain place or abstract location,lilaLemma:118414,"<small><small>synset_id:&ensp;<a href=""https://www.openwordnet-pt.org/synset?id=01494310-v"" target=""_blank"">01494310-v</a></small></small><br>",<small><small>categoria:&ensp;contato</small></small><br>,"<small><small>lexemas:</small></small>&ensp;botar, carregar, colocar, pôr<br>",<small><small>conceito:</small>&ensp;colocar em um determinado lugar ou num lugar abstrato</small><br>,"<small><small>valências:&ensp;[ACMP,ACT,PAT] ou [ACT,ADDR,PAT] ou [ACT,PAT,TWHEN] ou [ACT,PAT] ou [ACT,LOC,PAT] ou [ACT,PAT,ADDR] ou [ACT,PAT,LOC] ou [ACT,PAT,DIR2]</small></small><br>"
manus,any projection that is thought to resemble a human arm,lilaLemma:111585,"<small><small>synset_id:&ensp;<a href=""https://www.openwordnet-pt.org/synset?id=02737833-n"" target=""_blank"">02737833-n</a></small></small><br>",<small><small>categoria:&ensp;artefato</small></small><br>,<small><small>lexemas:</small></small>&ensp;braço<br>,,
uox,a loud utterance; often in protest or opposition,lilaLemma:130806,"<small><small>synset_id:&ensp;<a href=""https://www.openwordnet-pt.org/synset?id=07120524-n"" target=""_blank"">07120524-n</a></small></small><br>",<small><small>categoria:&ensp;comunicação</small></small><br>,"<small><small>lexemas:</small></small>&ensp;brado, chamada, grito<br>",,"<small><small>valências:&ensp;[PAT] ou [ACT] ou [ACT,PAT]</small></small><br>"
uirtus,feeling no fear,lilaLemma:130356,"<small><small>synset_id:&ensp;<a href=""https://www.openwordnet-pt.org/synset?id=07526182-n"" target=""_blank"">07526182-n</a></small></small><br>",<small><small>categoria:&ensp;sentimento</small></small><br>,"<small><small>lexemas:</small></small>&ensp;bravura, valentia<br>",,
teneo,fight against or resist strongly,lilaLemma:127822,"<small><small>synset_id:&ensp;<a href=""https://www.openwordnet-pt.org/synset?id=01091427-v"" target=""_blank"">01091427-v</a></small></small><br>",<small><small>categoria:&ensp;competição</small></small><br>,"<small><small>lexemas:</small></small>&ensp;brigar, defender, lutar, opor se, resistir<br>",<small><small>conceito:</small>&ensp;combater ou resistir fortemente</small><br>,"<small><small>valências:&ensp;[ACT,PAT] ou [ACT,ADDR,PAT] ou [ACT] ou [ACT,ORIG] ou [ACT,EFF,PAT]</small></small><br>"
peto,"try to locate or discover, or try to establish the existence of",lilaLemma:117549,"<small><small>synset_id:&ensp;<a href=""https://www.openwordnet-pt.org/synset?id=01315613-v"" target=""_blank"">01315613-v</a></small></small><br>",<small><small>categoria:&ensp;contato</small></small><br>,"<small><small>lexemas:</small></small>&ensp;buscar, procurar<br>","<small><small>conceito:</small>&ensp;tentar localizar ou descobrir, ou tentar estabelecer a existência de algo</small><br>","<small><small>valências:&ensp;[ACT,PAT]</small></small><br>"
quaero,"try to locate or discover, or try to establish the existence of",lilaLemma:121047,"<small><small>synset_id:&ensp;<a href=""https://www.openwordnet-pt.org/synset?id=01315613-v"" target=""_blank"">01315613-v</a></small></small><br>",<small><small>categoria:&ensp;contato</small></small><br>,"<small><small>lexemas:</small></small>&ensp;buscar, procurar<br>","<small><small>conceito:</small>&ensp;tentar localizar ou descobrir, ou tentar estabelecer a existência de algo</small><br>","<small><small>valências:&ensp;[ACT,PAT]</small></small><br>"
imperium,a person who is in charge,lilaLemma:106532,"<small><small>synset_id:&ensp;<a href=""https://www.openwordnet-pt.org/synset?id=10162991-n"" target=""_blank"">10162991-n</a></small></small><br>",<small><small>categoria:&ensp;pessoa</small></small><br>,"<small><small>lexemas:</small></small>&ensp;cabeça, chefe, liderança, líder, responsável<br>",,
animus,that which is responsible for one's thoughts and feelings; the seat of the faculty of reason,lilaLemma:89094,"<small><small>synset_id:&ensp;<a href=""https://www.openwordnet-pt.org/synset?id=05611302-n"" target=""_blank"">05611302-n</a></small></small><br>",<small><small>categoria:&ensp;cognição</small></small><br>,"<small><small>lexemas:</small></small>&ensp;cabeça, mente, psique<br>",,
capio,put clothing on one's body,lilaLemma:92686,"<small><small>synset_id:&ensp;<a href=""https://www.openwordnet-pt.org/synset?id=00050652-v"" target=""_blank"">00050652-v</a></small></small><br>",<small><small>categoria:&ensp;corpo</small></small><br>,"<small><small>lexemas:</small></small>&ensp;caber, colocar, pôr, usar, vestir<br>",<small><small>conceito:</small>&ensp;colocar roupas no corpo</small><br>,"<small><small>valências:&ensp;[ACT,PAT] ou [ACT,PAT,ADDR]</small></small><br>"
gero,put clothing on one's body,lilaLemma:104536,"<small><small>synset_id:&ensp;<a href=""https://www.openwordnet-pt.org/synset?id=00050652-v"" target=""_blank"">00050652-v</a></small></small><br>",<small><small>categoria:&ensp;corpo</small></small><br>,"<small><small>lexemas:</small></small>&ensp;caber, colocar, pôr, usar, vestir<br>",<small><small>conceito:</small>&ensp;colocar roupas no corpo</small><br>,"<small><small>valências:&ensp;[ACT,PAT] ou [ACT,PAT,ADDR]</small></small><br>"
sequor,go after with the intent to catch,lilaLemma:124461,"<small><small>synset_id:&ensp;<a href=""https://www.openwordnet-pt.org/synset?id=02001858-v"" target=""_blank"">02001858-v</a></small></small><br>",<small><small>categoria:&ensp;movimento</small></small><br>,"<small><small>lexemas:</small></small>&ensp;caçar, ir à caça, perseguir, seguir<br>",<small><small>conceito:</small>&ensp;ir atrás com a intenção de pegar</small><br>,"<small><small>valências:&ensp;[ACT,PAT]</small></small><br>"
corpus,a natural object consisting of a dead animal or person,lilaLemma:96667,"<small><small>synset_id:&ensp;<a href=""https://www.openwordnet-pt.org/synset?id=05217859-n"" target=""_blank"">05217859-n</a></small></small><br>",<small><small>categoria:&ensp;corpo</small></small><br>,"<small><small>lexemas:</small></small>&ensp;cadáver, corpo, defunto, morto, restos mortais<br>",,
corpus,the dead body of a human being,lilaLemma:96667,"<small><small>synset_id:&ensp;<a href=""https://www.openwordnet-pt.org/synset?id=05218119-n"" target=""_blank"">05218119-n</a></small></small><br>",<small><small>categoria:&ensp;corpo</small></small><br>,"<small><small>lexemas:</small></small>&ensp;cadáver, corpo, defunto, restos mortais<br>",,
mors,the dead body of a human being,lilaLemma:112807,"<small><small>synset_id:&ensp;<a href=""https://www.openwordnet-pt.org/synset?id=05218119-n"" target=""_blank"">05218119-n</a></small></small><br>",<small><small>categoria:&ensp;corpo</small></small><br>,"<small><small>lexemas:</small></small>&ensp;cadáver, corpo, defunto, restos mortais<br>",,
locus,the legal right to sit as a member in a legislative or similar body,lilaLemma:110019,"<small><small>synset_id:&ensp;<a href=""https://www.openwordnet-pt.org/synset?id=05189946-n"" target=""_blank"">05189946-n</a></small></small><br>",<small><small>categoria:&ensp;atributo</small></small><br>,<small><small>lexemas:</small></small>&ensp;cadeira<br>,<small><small>conceito:</small>&ensp;o direito de sentar-se como um membro em um corpo legislativo ou similar</small><br>,
manus,something written by hand,lilaLemma:111585,"<small><small>synset_id:&ensp;<a href=""https://www.openwordnet-pt.org/synset?id=06403393-n"" target=""_blank"">06403393-n</a></small></small><br>",<small><small>categoria:&ensp;comunicação</small></small><br>,<small><small>lexemas:</small></small>&ensp;caligrafia<br>,,
animus,steadiness of mind under stress,lilaLemma:89094,"<small><small>synset_id:&ensp;<a href=""https://www.openwordnet-pt.org/synset?id=04903813-n"" target=""_blank"">04903813-n</a></small></small><br>",<small><small>categoria:&ensp;atributo</small></small><br>,"<small><small>lexemas:</small></small>&ensp;calma, equanimidade<br>",,<small><small>valências:&ensp;[ACT]</small></small><br>
natura,a mode of action,lilaLemma:113421,"<small><small>synset_id:&ensp;<a href=""https://www.openwordnet-pt.org/synset?id=00038262-n"" target=""_blank"">00038262-n</a></small></small><br>",<small><small>categoria:&ensp;ação</small></small><br>,"<small><small>lexemas:</small></small>&ensp;caminho, conduta, corrente, curso, curso de ação, trâmite<br>",<small><small>conceito:</small>&ensp;curso de ação</small><br>,"<small><small>valências:&ensp;[ACT] ou [ACT,DIR3]</small></small><br>"
natura,a line or route along which something travels or moves,lilaLemma:113421,"<small><small>synset_id:&ensp;<a href=""https://www.openwordnet-pt.org/synset?id=09387222-n"" target=""_blank"">09387222-n</a></small></small><br>",<small><small>categoria:&ensp;objeto</small></small><br>,"<small><small>lexemas:</small></small>&ensp;caminho, curso<br>",,
genus,how a result is obtained or an end is achieved,lilaLemma:104504,"<small><small>synset_id:&ensp;<a href=""https://www.openwordnet-pt.org/synset?id=00172710-n"" target=""_blank"">00172710-n</a></small></small><br>",<small><small>categoria:&ensp;ação</small></small><br>,"<small><small>lexemas:</small></small>&ensp;caminho, ferramenta, jeito, maneira, meio, modo<br>",<small><small>conceito:</small>&ensp;como um resultado é obtido ou um fim é alcançado</small><br>,
modus,how a result is obtained or an end is achieved,lilaLemma:112553,"<small><small>synset_id:&ensp;<a href=""https://www.openwordnet-pt.org/synset?id=00172710-n"" target=""_blank"">00172710-n</a></small></small><br>",<small><small>categoria:&ensp;ação</small></small><br>,"<small><small>lexemas:</small></small>&ensp;caminho, ferramenta, jeito, maneira, meio, modo<br>",<small><small>conceito:</small>&ensp;como um resultado é obtido ou um fim é alcançado</small><br>,
uirtus,possession of the qualities (especially mental qualities) required to do something or get something done,lilaLemma:130356,"<small><small>synset_id:&ensp;<a href=""https://www.openwordnet-pt.org/synset?id=05616246-n"" target=""_blank"">05616246-n</a></small></small><br>",<small><small>categoria:&ensp;cognição</small></small><br>,"<small><small>lexemas:</small></small>&ensp;capacidade, habilidade, poder, talento<br>",<small><small>conceito:</small>&ensp;posse das qualidades (qualidades mentais especialmente) necessárias para fazer algo ou fazer alguma coisa</small><br>,"<small><small>valências:&ensp;[ACT,PAT] ou [ACT] ou [ACT,ADDR]</small></small><br>"
urbs,the capital city of a nation,lilaLemma:130822,"<small><small>synset_id:&ensp;<a href=""https://www.openwordnet-pt.org/synset?id=08691669-n"" target=""_blank"">08691669-n</a></small></small><br>",<small><small>categoria:&ensp;lugar</small></small><br>,<small><small>lexemas:</small></small>&ensp;capital nacional<br>,<small><small>conceito:</small>&ensp;a capital de uma nação</small><br>,
mos,a sudden desire,lilaLemma:112831,"<small><small>synset_id:&ensp;<a href=""https://www.openwordnet-pt.org/synset?id=07490579-n"" target=""_blank"">07490579-n</a></small></small><br>",<small><small>categoria:&ensp;sentimento</small></small><br>,"<small><small>lexemas:</small></small>&ensp;capricho, caprichoso, desejo, fantasia, impertinência<br>",,"<small><small>valências:&ensp;[ACT,PAT]</small></small><br>"
accipio,register (perceptual input),lilaLemma:87119,"<small><small>synset_id:&ensp;<a href=""https://www.openwordnet-pt.org/synset?id=02107248-v"" target=""_blank"">02107248-v</a></small></small><br>",<small><small>categoria:&ensp;percepção</small></small><br>,"<small><small>lexemas:</small></small>&ensp;captar, pegar<br>",,"<small><small>valências:&ensp;[ACT,PAT]</small></small><br>"
fero,register (perceptual input),lilaLemma:103126,"<small><small>synset_id:&ensp;<a href=""https://www.openwordnet-pt.org/synset?id=02107248-v"" target=""_blank"">02107248-v</a></small></small><br>",<small><small>categoria:&ensp;percepção</small></small><br>,"<small><small>lexemas:</small></small>&ensp;captar, pegar<br>",,"<small><small>valências:&ensp;[ACT,PAT]</small></small><br>"
capio,"succeed in catching or seizing, especially after a chase",lilaLemma:92686,"<small><small>synset_id:&ensp;<a href=""https://www.openwordnet-pt.org/synset?id=01215421-v"" target=""_blank"">01215421-v</a></small></small><br>",<small><small>categoria:&ensp;contato</small></small><br>,"<small><small>lexemas:</small></small>&ensp;capturar, pegar<br>","<small><small>conceito:</small>&ensp;sucesso na captura ou apreensão, especialmente depois de uma perseguição</small><br>","<small><small>valências:&ensp;[ACT,PAT]</small></small><br>"
capio,capture the attention or imagination of,lilaLemma:92686,"<small><small>synset_id:&ensp;<a href=""https://www.openwordnet-pt.org/synset?id=00737476-v"" target=""_blank"">00737476-v</a></small></small><br>",<small><small>categoria:&ensp;cognição</small></small><br>,"<small><small>lexemas:</small></small>&ensp;capturar, prender<br>",,"<small><small>valências:&ensp;[ACT,PAT]</small></small><br>"
animus,the inherent complex of attributes that determines a persons moral and ethical actions and reactions,lilaLemma:89094,"<small><small>synset_id:&ensp;<a href=""https://www.openwordnet-pt.org/synset?id=04620216-n"" target=""_blank"">04620216-n</a></small></small><br>",<small><small>categoria:&ensp;atributo</small></small><br>,"<small><small>lexemas:</small></small>&ensp;caráter, personalidade<br>",,"<small><small>valências:&ensp;[ACT,PAT]</small></small><br>"
mos,the inherent complex of attributes that determines a persons moral and ethical actions and reactions,lilaLemma:112831,"<small><small>synset_id:&ensp;<a href=""https://www.openwordnet-pt.org/synset?id=04620216-n"" target=""_blank"">04620216-n</a></small></small><br>",<small><small>categoria:&ensp;atributo</small></small><br>,"<small><small>lexemas:</small></small>&ensp;caráter, personalidade<br>",,"<small><small>valências:&ensp;[ACT,PAT]</small></small><br>"
natura,the inherent complex of attributes that determines a persons moral and ethical actions and reactions,lilaLemma:113421,"<small><small>synset_id:&ensp;<a href=""https://www.openwordnet-pt.org/synset?id=04620216-n"" target=""_blank"">04620216-n</a></small></small><br>",<small><small>categoria:&ensp;atributo</small></small><br>,"<small><small>lexemas:</small></small>&ensp;caráter, personalidade<br>",,"<small><small>valências:&ensp;[ACT,PAT]</small></small><br>"
imperium,(of a government or government official) holding an office means being in power,lilaLemma:106532,"<small><small>synset_id:&ensp;<a href=""https://www.openwordnet-pt.org/synset?id=13945102-n"" target=""_blank"">13945102-n</a></small></small><br>",<small><small>categoria:&ensp;estado</small></small><br>,"<small><small>lexemas:</small></small>&ensp;cargo, ofício, poder<br>",<small><small>conceito:</small>&ensp;ter um cargo significa estar no poder</small><br>,"<small><small>valências:&ensp;[ACT,PAT]</small></small><br>"
locus,a job in an organization,lilaLemma:110019,"<small><small>synset_id:&ensp;<a href=""https://www.openwordnet-pt.org/synset?id=00586262-n"" target=""_blank"">00586262-n</a></small></small><br>",<small><small>categoria:&ensp;ação</small></small><br>,"<small><small>lexemas:</small></small>&ensp;cargo, posição, posto<br>",<small><small>conceito:</small>&ensp;um trabalho em uma organização</small><br>,<small><small>valências:&ensp;[MAT]</small></small><br>
pars,a job in an organization,lilaLemma:116084,"<small><small>synset_id:&ensp;<a href=""https://www.openwordnet-pt.org/synset?id=00586262-n"" target=""_blank"">00586262-n</a></small></small><br>",<small><small>categoria:&ensp;ação</small></small><br>,"<small><small>lexemas:</small></small>&ensp;cargo, posição, posto<br>",<small><small>conceito:</small>&ensp;um trabalho em uma organização</small><br>,<small><small>valências:&ensp;[MAT]</small></small><br>
corpus,the soft tissue of the body of a vertebrate: mainly muscle tissue and fat,lilaLemma:96667,"<small><small>synset_id:&ensp;<a href=""https://www.openwordnet-pt.org/synset?id=05268112-n"" target=""_blank"">05268112-n</a></small></small><br>",<small><small>categoria:&ensp;corpo</small></small><br>,<small><small>lexemas:</small></small>&ensp;carne<br>,,
gero,move while holding up or supporting,lilaLemma:104536,"<small><small>synset_id:&ensp;<a href=""https://www.openwordnet-pt.org/synset?id=01432601-v"" target=""_blank"">01432601-v</a></small></small><br>",<small><small>categoria:&ensp;contato</small></small><br>,<small><small>lexemas:</small></small>&ensp;carregar<br>,<small><small>conceito:</small>&ensp;mover-se enquanto segura ou apoia algo</small><br>,"<small><small>valências:&ensp;[ACT,DIR3,PAT] ou [ACT,PAT] ou [ACT,DIR1,DIR3,PAT]</small></small><br>"
ago,take somebody somewhere,lilaLemma:88140,"<small><small>synset_id:&ensp;<a href=""https://www.openwordnet-pt.org/synset?id=01999798-v"" target=""_blank"">01999798-v</a></small></small><br>",<small><small>categoria:&ensp;movimento</small></small><br>,"<small><small>lexemas:</small></small>&ensp;carregar, conduzir, dirigir, guiar, levar<br>",<small><small>conceito:</small>&ensp;levar alguém a algum lugar</small><br>,"<small><small>valências:&ensp;[ACT,PAT] ou [ACT,DIR3,PAT] ou [ACT,PAT,DIR3] ou [ACT,PAT,DIR1,DIR3] ou [ACT,DIR2,PAT]</small></small><br>"
fero,take somebody somewhere,lilaLemma:103126,"<small><small>synset_id:&ensp;<a href=""https://www.openwordnet-pt.org/synset?id=01999798-v"" target=""_blank"">01999798-v</a></small></small><br>",<small><small>categoria:&ensp;movimento</small></small><br>,"<small><small>lexemas:</small></small>&ensp;carregar, conduzir, dirigir, guiar, levar<br>",<small><small>conceito:</small>&ensp;levar alguém a algum lugar</small><br>,"<small><small>valências:&ensp;[ACT,PAT] ou [ACT,DIR3,PAT] ou [ACT,PAT,DIR3] ou [ACT,PAT,DIR1,DIR3] ou [ACT,DIR2,PAT]</small></small><br>"
fero,be pregnant with,lilaLemma:103126,"<small><small>synset_id:&ensp;<a href=""https://www.openwordnet-pt.org/synset?id=00059019-v"" target=""_blank"">00059019-v</a></small></small><br>",<small><small>categoria:&ensp;corpo</small></small><br>,"<small><small>lexemas:</small></small>&ensp;carregar, esperar<br>",,<small><small>valências:&ensp;[ACT]</small></small><br>
fero,"move while supporting, either in a vehicle or in one's hands or on one's body",lilaLemma:103126,"<small><small>synset_id:&ensp;<a href=""https://www.openwordnet-pt.org/synset?id=01449974-v"" target=""_blank"">01449974-v</a></small></small><br>",<small><small>categoria:&ensp;contato</small></small><br>,"<small><small>lexemas:</small></small>&ensp;carregar, levar, transportar<br>","<small><small>conceito:</small>&ensp;movimentar-se segurando algo, tanto em um veículo quanto com as mãos ou em um corpo</small><br>","<small><small>valências:&ensp;[ACT,DIR3,PAT] ou [ACT,LOC,PAT] ou [ACT,PAT] ou [ACT,ADDR,PAT] ou [ACT,PAT,DIR1,DIR3] ou [ACT,DIR1,DIR3,PAT]</small></small><br>"
gero,"move while supporting, either in a vehicle or in one's hands or on one's body",lilaLemma:104536,"<small><small>synset_id:&ensp;<a href=""https://www.openwordnet-pt.org/synset?id=01449974-v"" target=""_blank"">01449974-v</a></small></small><br>",<small><small>categoria:&ensp;contato</small></small><br>,"<small><small>lexemas:</small></small>&ensp;carregar, levar, transportar<br>","<small><small>conceito:</small>&ensp;movimentar-se segurando algo, tanto em um veículo quanto com as mãos ou em um corpo</small><br>","<small><small>valências:&ensp;[ACT,DIR3,PAT] ou [ACT,LOC,PAT] ou [ACT,PAT] ou [ACT,ADDR,PAT] ou [ACT,PAT,DIR1,DIR3] ou [ACT,DIR1,DIR3,PAT]</small></small><br>"
uita,the general progression of your working or professional life,lilaLemma:130393,"<small><small>synset_id:&ensp;<a href=""https://www.openwordnet-pt.org/synset?id=00282613-n"" target=""_blank"">00282613-n</a></small></small><br>",<small><small>categoria:&ensp;ação</small></small><br>,<small><small>lexemas:</small></small>&ensp;carriera<br>,,<small><small>valências:&ensp;[ACT]</small></small><br>
corpus,the external structure of a vehicle,lilaLemma:96667,"<small><small>synset_id:&ensp;<a href=""https://www.openwordnet-pt.org/synset?id=02861886-n"" target=""_blank"">02861886-n</a></small></small><br>",<small><small>categoria:&ensp;artefato</small></small><br>,"<small><small>lexemas:</small></small>&ensp;carroçaria, carroceria<br>",,
locus,any address at which you dwell more than temporarily,lilaLemma:110019,"<small><small>synset_id:&ensp;<a href=""https://www.openwordnet-pt.org/synset?id=08558963-n"" target=""_blank"">08558963-n</a></small></small><br>",<small><small>categoria:&ensp;lugar</small></small><br>,"<small><small>lexemas:</small></small>&ensp;casa, domicílio, residência<br>",,
domus,a dwelling that serves as living quarters for one or more families,lilaLemma:100071,"<small><small>synset_id:&ensp;<a href=""https://www.openwordnet-pt.org/synset?id=03544360-n"" target=""_blank"">03544360-n</a></small></small><br>",<small><small>categoria:&ensp;artefato</small></small><br>,"<small><small>lexemas:</small></small>&ensp;casa, edifício residencial, habitação, vivenda<br>",,
domus,a social unit living together,lilaLemma:100071,"<small><small>synset_id:&ensp;<a href=""https://www.openwordnet-pt.org/synset?id=08078020-n"" target=""_blank"">08078020-n</a></small></small><br>",<small><small>categoria:&ensp;grupo</small></small><br>,"<small><small>lexemas:</small></small>&ensp;casa, família, lar<br>",,
nomen,a social unit living together,lilaLemma:113797,"<small><small>synset_id:&ensp;<a href=""https://www.openwordnet-pt.org/synset?id=08078020-n"" target=""_blank"">08078020-n</a></small></small><br>",<small><small>categoria:&ensp;grupo</small></small><br>,"<small><small>lexemas:</small></small>&ensp;casa, família, lar<br>",,
domus,the country or state or city where you live,lilaLemma:100071,"<small><small>synset_id:&ensp;<a href=""https://www.openwordnet-pt.org/synset?id=08490199-n"" target=""_blank"">08490199-n</a></small></small><br>",<small><small>categoria:&ensp;lugar</small></small><br>,"<small><small>lexemas:</small></small>&ensp;casa, lar<br>",,
dominus,a person who has general authority over others,lilaLemma:98084,"<small><small>synset_id:&ensp;<a href=""https://www.openwordnet-pt.org/synset?id=10388440-n"" target=""_blank"">10388440-n</a></small></small><br>",<small><small>categoria:&ensp;pessoa</small></small><br>,"<small><small>lexemas:</small></small>&ensp;castelão, senhor<br>",,<small><small>valências:&ensp;[PAT]</small></small><br>
castra,a large building formerly occupied by a ruler and fortified against attack,lilaLemma:138599,"<small><small>synset_id:&ensp;<a href=""https://www.openwordnet-pt.org/synset?id=02980441-n"" target=""_blank"">02980441-n</a></small></small><br>",<small><small>categoria:&ensp;artefato</small></small><br>,<small><small>lexemas:</small></small>&ensp;castelo<br>,,
uirtus,morality with respect to sexual relations,lilaLemma:130356,"<small><small>synset_id:&ensp;<a href=""https://www.openwordnet-pt.org/synset?id=04849759-n"" target=""_blank"">04849759-n</a></small></small><br>",<small><small>categoria:&ensp;atributo</small></small><br>,"<small><small>lexemas:</small></small>&ensp;castidade, pureza, virtude<br>",,<small><small>valências:&ensp;[ACT]</small></small><br>
genus,a category of things distinguished by some common characteristic or quality,lilaLemma:104504,"<small><small>synset_id:&ensp;<a href=""https://www.openwordnet-pt.org/synset?id=05839024-n"" target=""_blank"">05839024-n</a></small></small><br>",<small><small>categoria:&ensp;cognição</small></small><br>,"<small><small>lexemas:</small></small>&ensp;categoria, classe, espécies, género, raça, tipo<br>",,
modus,a category of things distinguished by some common characteristic or quality,lilaLemma:112553,"<small><small>synset_id:&ensp;<a href=""https://www.openwordnet-pt.org/synset?id=05839024-n"" target=""_blank"">05839024-n</a></small></small><br>",<small><small>categoria:&ensp;cognição</small></small><br>,"<small><small>lexemas:</small></small>&ensp;categoria, classe, espécies, género, raça, tipo<br>",,
nomen,a general concept that marks divisions or coordinations in a conceptual scheme,lilaLemma:113797,"<small><small>synset_id:&ensp;<a href=""https://www.openwordnet-pt.org/synset?id=05838765-n"" target=""_blank"">05838765-n</a></small></small><br>",<small><small>categoria:&ensp;cognição</small></small><br>,"<small><small>lexemas:</small></small>&ensp;categoria, classe, família<br>",,
genus,a collection of things sharing a common attribute,lilaLemma:104504,"<small><small>synset_id:&ensp;<a href=""https://www.openwordnet-pt.org/synset?id=07997703-n"" target=""_blank"">07997703-n</a></small></small><br>",<small><small>categoria:&ensp;grupo</small></small><br>,"<small><small>lexemas:</small></small>&ensp;categoria, classe, família, grupo<br>",,<small><small>valências:&ensp;[MAT]</small></small><br>
natura,a collection of things sharing a common attribute,lilaLemma:113421,"<small><small>synset_id:&ensp;<a href=""https://www.openwordnet-pt.org/synset?id=07997703-n"" target=""_blank"">07997703-n</a></small></small><br>",<small><small>categoria:&ensp;grupo</small></small><br>,"<small><small>lexemas:</small></small>&ensp;categoria, classe, família, grupo<br>",,<small><small>valências:&ensp;[MAT]</small></small><br>
nomen,a collection of things sharing a common attribute,lilaLemma:113797,"<small><small>synset_id:&ensp;<a href=""https://www.openwordnet-pt.org/synset?id=07997703-n"" target=""_blank"">07997703-n</a></small></small><br>",<small><small>categoria:&ensp;grupo</small></small><br>,"<small><small>lexemas:</small></small>&ensp;categoria, classe, família, grupo<br>",,<small><small>valências:&ensp;[MAT]</small></small><br>
pars,something determined in relation to something that includes it,lilaLemma:116084,"<small><small>synset_id:&ensp;<a href=""https://www.openwordnet-pt.org/synset?id=13809207-n"" target=""_blank"">13809207-n</a></small></small><br>",<small><small>categoria:&ensp;relação</small></small><br>,"<small><small>lexemas:</small></small>&ensp;categoria, componente, parte, porção<br>",,<small><small>valências:&ensp;[MAT]</small></small><br>
capio,attract; cause to be enamored,lilaLemma:92686,"<small><small>synset_id:&ensp;<a href=""https://www.openwordnet-pt.org/synset?id=01806505-v"" target=""_blank"">01806505-v</a></small></small><br>",<small><small>categoria:&ensp;emoção</small></small><br>,"<small><small>lexemas:</small></small>&ensp;cativar, deleitar, deliciar, encantar, fascinar<br>",<small><small>conceito:</small>&ensp;atrair; impressionar para enamorar-se</small><br>,"<small><small>valências:&ensp;[ACT,PAT]</small></small><br>"
causa,events that provide the generative force that is the origin of something,lilaLemma:93253,"<small><small>synset_id:&ensp;<a href=""https://www.openwordnet-pt.org/synset?id=07326557-n"" target=""_blank"">07326557-n</a></small></small><br>",<small><small>categoria:&ensp;evento</small></small><br>,<small><small>lexemas:</small></small>&ensp;causa<br>,,<small><small>valências:&ensp;[PAT]</small></small><br>
causa,any entity that produces an effect or is responsible for events or results,lilaLemma:93253,"<small><small>synset_id:&ensp;<a href=""https://www.openwordnet-pt.org/synset?id=00007347-n"" target=""_blank"">00007347-n</a></small></small><br>",,"<small><small>lexemas:</small></small>&ensp;causa, causador<br>",<small><small>conceito:</small>&ensp;qualquer entidade que produz um efeito ou é responsável por eventos ou resultados</small><br>,<small><small>valências:&ensp;[PAT]</small></small><br>
causa,a rational motive for a belief or action,lilaLemma:93253,"<small><small>synset_id:&ensp;<a href=""https://www.openwordnet-pt.org/synset?id=09178999-n"" target=""_blank"">09178999-n</a></small></small><br>",<small><small>categoria:&ensp;motivo</small></small><br>,"<small><small>lexemas:</small></small>&ensp;causa, motivo, razão<br>",,<small><small>valências:&ensp;[PAT]</small></small><br>
facio,make or cause to be or to become,lilaLemma:102758,"<small><small>synset_id:&ensp;<a href=""https://www.openwordnet-pt.org/synset?id=01617192-v"" target=""_blank"">01617192-v</a></small></small><br>",<small><small>categoria:&ensp;criação</small></small><br>,"<small><small>lexemas:</small></small>&ensp;causar, criar, fazer, provocar<br>",,"<small><small>valências:&ensp;[ACT,EFF,PAT] ou [ACT,PAT]</small></small><br>"
do,"cause to have, in the abstract sense or physical sense",lilaLemma:99970,"<small><small>synset_id:&ensp;<a href=""https://www.openwordnet-pt.org/synset?id=02316868-v"" target=""_blank"">02316868-v</a></small></small><br>",<small><small>categoria:&ensp;posse</small></small><br>,"<small><small>lexemas:</small></small>&ensp;causar, dar, provocar<br>",,"<small><small>valências:&ensp;[ACT,PAT,ADDR] ou [ACT,PAT] ou [ACT,ADDR,PAT]</small></small><br>"
fero,cause to come into a particular state or condition,lilaLemma:103126,"<small><small>synset_id:&ensp;<a href=""https://www.openwordnet-pt.org/synset?id=01438902-v"" target=""_blank"">01438902-v</a></small></small><br>",<small><small>categoria:&ensp;contato</small></small><br>,"<small><small>lexemas:</small></small>&ensp;causar, fazer, levar, produzir, provocar<br>",<small><small>conceito:</small>&ensp;causar a entrar em um estado ou condição especial</small><br>,"<small><small>valências:&ensp;[ACT,PAT] ou [ACT,EFF,PAT] ou [ACT,LOC,PAT] ou [ACT,PAT,DIR1,DIR3]</small></small><br>"
do,"cause to happen, occur or exist",lilaLemma:99970,"<small><small>synset_id:&ensp;<a href=""https://www.openwordnet-pt.org/synset?id=01752884-v"" target=""_blank"">01752884-v</a></small></small><br>",<small><small>categoria:&ensp;criação</small></small><br>,"<small><small>lexemas:</small></small>&ensp;causar, fazer, produzir, provocar<br>",,"<small><small>valências:&ensp;[ACT,PAT] ou [ACT,EFF,PAT]</small></small><br>"
facio,"cause to happen, occur or exist",lilaLemma:102758,"<small><small>synset_id:&ensp;<a href=""https://www.openwordnet-pt.org/synset?id=01752884-v"" target=""_blank"">01752884-v</a></small></small><br>",<small><small>categoria:&ensp;criação</small></small><br>,"<small><small>lexemas:</small></small>&ensp;causar, fazer, produzir, provocar<br>",,"<small><small>valências:&ensp;[ACT,PAT] ou [ACT,EFF,PAT]</small></small><br>"
fero,"cause to happen, occur or exist",lilaLemma:103126,"<small><small>synset_id:&ensp;<a href=""https://www.openwordnet-pt.org/synset?id=01752884-v"" target=""_blank"">01752884-v</a></small></small><br>",<small><small>categoria:&ensp;criação</small></small><br>,"<small><small>lexemas:</small></small>&ensp;causar, fazer, produzir, provocar<br>",,"<small><small>valências:&ensp;[ACT,PAT] ou [ACT,EFF,PAT]</small></small><br>"
ago,"give rise to; cause to happen or occur, not always intentionally",lilaLemma:88140,"<small><small>synset_id:&ensp;<a href=""https://www.openwordnet-pt.org/synset?id=01645601-v"" target=""_blank"">01645601-v</a></small></small><br>",<small><small>categoria:&ensp;criação</small></small><br>,"<small><small>lexemas:</small></small>&ensp;causar, fazer, provocar<br>",<small><small>conceito:</small>&ensp;dar origem a</small><br>,"<small><small>valências:&ensp;[ACT,PAT] ou [ACT,PAT,ADDR] ou [ACT,ADDR,PAT] ou [ACT,EFF,PAT]</small></small><br>"
do,"give rise to; cause to happen or occur, not always intentionally",lilaLemma:99970,"<small><small>synset_id:&ensp;<a href=""https://www.openwordnet-pt.org/synset?id=01645601-v"" target=""_blank"">01645601-v</a></small></small><br>",<small><small>categoria:&ensp;criação</small></small><br>,"<small><small>lexemas:</small></small>&ensp;causar, fazer, provocar<br>",<small><small>conceito:</small>&ensp;dar origem a</small><br>,"<small><small>valências:&ensp;[ACT,PAT] ou [ACT,PAT,ADDR] ou [ACT,ADDR,PAT] ou [ACT,EFF,PAT]</small></small><br>"
facio,"give rise to; cause to happen or occur, not always intentionally",lilaLemma:102758,"<small><small>synset_id:&ensp;<a href=""https://www.openwordnet-pt.org/synset?id=01645601-v"" target=""_blank"">01645601-v</a></small></small><br>",<small><small>categoria:&ensp;criação</small></small><br>,"<small><small>lexemas:</small></small>&ensp;causar, fazer, provocar<br>",<small><small>conceito:</small>&ensp;dar origem a</small><br>,"<small><small>valências:&ensp;[ACT,PAT] ou [ACT,PAT,ADDR] ou [ACT,ADDR,PAT] ou [ACT,EFF,PAT]</small></small><br>"
do,give over; surrender or relinquish to the physical control of another,lilaLemma:99970,"<small><small>synset_id:&ensp;<a href=""https://www.openwordnet-pt.org/synset?id=02316649-v"" target=""_blank"">02316649-v</a></small></small><br>",<small><small>categoria:&ensp;posse</small></small><br>,"<small><small>lexemas:</small></small>&ensp;ceder, conceder, entregar, submeter-se, sucumbir<br>",<small><small>conceito:</small>&ensp;Entregar-se; render-se ou renunciar seu controle físico a outro</small><br>,"<small><small>valências:&ensp;[ACT,ADDR] ou [ACT,PAT,ADDR] ou [ACT,ADDR,PAT]</small></small><br>"
do,place into the hands or custody of,lilaLemma:99970,"<small><small>synset_id:&ensp;<a href=""https://www.openwordnet-pt.org/synset?id=02230772-v"" target=""_blank"">02230772-v</a></small></small><br>",<small><small>categoria:&ensp;posse</small></small><br>,"<small><small>lexemas:</small></small>&ensp;ceder, dar, entregar, passar<br>",,"<small><small>valências:&ensp;[ACT,BEN] ou [ACT,PAT,ADDR] ou [ACT,PAT] ou [ACT,LOC,PAT] ou [ACT,ADDR,PAT]</small></small><br>"
ciuitas,a large and densely populated urban area; may include several independent administrative districts,lilaLemma:94400,"<small><small>synset_id:&ensp;<a href=""https://www.openwordnet-pt.org/synset?id=08524735-n"" target=""_blank"">08524735-n</a></small></small><br>",<small><small>categoria:&ensp;lugar</small></small><br>,"<small><small>lexemas:</small></small>&ensp;centro urbano, cidade, metrópole, urbe<br>",<small><small>conceito:</small>&ensp;uma grande e populosa área urbana; pode incluir vários distritos administrativos independentes</small><br>,
urbs,a large and densely populated urban area; may include several independent administrative districts,lilaLemma:130822,"<small><small>synset_id:&ensp;<a href=""https://www.openwordnet-pt.org/synset?id=08524735-n"" target=""_blank"">08524735-n</a></small></small><br>",<small><small>categoria:&ensp;lugar</small></small><br>,"<small><small>lexemas:</small></small>&ensp;centro urbano, cidade, metrópole, urbe<br>",<small><small>conceito:</small>&ensp;uma grande e populosa área urbana; pode incluir vários distritos administrativos independentes</small><br>,
bonus,free from error; especially conforming to fact or truth,lilaLemma:91782,"<small><small>synset_id:&ensp;<a href=""https://www.openwordnet-pt.org/synset?id=00631391-a"" target=""_blank"">00631391-a</a></small></small><br>",,"<small><small>lexemas:</small></small>&ensp;certo, correto, justo<br>",,
dico,utter in a loud voice or announce,lilaLemma:99302,"<small><small>synset_id:&ensp;<a href=""https://www.openwordnet-pt.org/synset?id=00738747-v"" target=""_blank"">00738747-v</a></small></small><br>",<small><small>categoria:&ensp;cognição</small></small><br>,<small><small>lexemas:</small></small>&ensp;chamar<br>,<small><small>conceito:</small>&ensp;anunciar ou proferir em voz alta</small><br>,"<small><small>valências:&ensp;[ACT,PAT]</small></small><br>"
dico,"order, summon, or request for a specific duty or activity, work, role",lilaLemma:99302,"<small><small>synset_id:&ensp;<a href=""https://www.openwordnet-pt.org/synset?id=00753881-v"" target=""_blank"">00753881-v</a></small></small><br>",<small><small>categoria:&ensp;comunicação</small></small><br>,<small><small>lexemas:</small></small>&ensp;chamar<br>,,"<small><small>valências:&ensp;[ACT,PAT] ou [ACT,PAT,EFF]</small></small><br>"
uoco,"order, summon, or request for a specific duty or activity, work, role",lilaLemma:130729,"<small><small>synset_id:&ensp;<a href=""https://www.openwordnet-pt.org/synset?id=00753881-v"" target=""_blank"">00753881-v</a></small></small><br>",<small><small>categoria:&ensp;comunicação</small></small><br>,<small><small>lexemas:</small></small>&ensp;chamar<br>,,"<small><small>valências:&ensp;[ACT,PAT] ou [ACT,PAT,EFF]</small></small><br>"
uoco,utter in a loud voice or announce,lilaLemma:130729,"<small><small>synset_id:&ensp;<a href=""https://www.openwordnet-pt.org/synset?id=00738747-v"" target=""_blank"">00738747-v</a></small></small><br>",<small><small>categoria:&ensp;cognição</small></small><br>,<small><small>lexemas:</small></small>&ensp;chamar<br>,<small><small>conceito:</small>&ensp;anunciar ou proferir em voz alta</small><br>,"<small><small>valências:&ensp;[ACT,PAT]</small></small><br>"
dico,"order, request, or command to come",lilaLemma:99302,"<small><small>synset_id:&ensp;<a href=""https://www.openwordnet-pt.org/synset?id=00792471-v"" target=""_blank"">00792471-v</a></small></small><br>",<small><small>categoria:&ensp;comunicação</small></small><br>,"<small><small>lexemas:</small></small>&ensp;chamar, convocar<br>","<small><small>conceito:</small>&ensp;solicitar, requerer, comandar algo</small><br>","<small><small>valências:&ensp;[ACT,PAT] ou [ACT,PAT,EFF] ou [ACT,INTT,PAT]</small></small><br>"
uoco,"order, request, or command to come",lilaLemma:130729,"<small><small>synset_id:&ensp;<a href=""https://www.openwordnet-pt.org/synset?id=00792471-v"" target=""_blank"">00792471-v</a></small></small><br>",<small><small>categoria:&ensp;comunicação</small></small><br>,"<small><small>lexemas:</small></small>&ensp;chamar, convocar<br>","<small><small>conceito:</small>&ensp;solicitar, requerer, comandar algo</small><br>","<small><small>valências:&ensp;[ACT,PAT] ou [ACT,PAT,EFF] ou [ACT,INTT,PAT]</small></small><br>"
dico,assign a specified (usually proper) proper name to,lilaLemma:99302,"<small><small>synset_id:&ensp;<a href=""https://www.openwordnet-pt.org/synset?id=01028748-v"" target=""_blank"">01028748-v</a></small></small><br>",<small><small>categoria:&ensp;comunicação</small></small><br>,"<small><small>lexemas:</small></small>&ensp;chamar, denominar, nomear<br>",<small><small>conceito:</small>&ensp;atribuir um nome específico (geralmente adequado)</small><br>,"<small><small>valências:&ensp;[ACT,EFF,PAT] ou [ACT,PAT]</small></small><br>"
uoco,assign a specified (usually proper) proper name to,lilaLemma:130729,"<small><small>synset_id:&ensp;<a href=""https://www.openwordnet-pt.org/synset?id=01028748-v"" target=""_blank"">01028748-v</a></small></small><br>",<small><small>categoria:&ensp;comunicação</small></small><br>,"<small><small>lexemas:</small></small>&ensp;chamar, denominar, nomear<br>",<small><small>conceito:</small>&ensp;atribuir um nome específico (geralmente adequado)</small><br>,"<small><small>valências:&ensp;[ACT,EFF,PAT] ou [ACT,PAT]</small></small><br>"
tempus,an opportunity to do something,lilaLemma:127522,"<small><small>synset_id:&ensp;<a href=""https://www.openwordnet-pt.org/synset?id=14485064-n"" target=""_blank"">14485064-n</a></small></small><br>",<small><small>categoria:&ensp;estado</small></small><br>,"<small><small>lexemas:</small></small>&ensp;chance, ocasião, vez<br>",,
fortuna,a possibility due to a favorable combination of circumstances,lilaLemma:103696,"<small><small>synset_id:&ensp;<a href=""https://www.openwordnet-pt.org/synset?id=14483917-n"" target=""_blank"">14483917-n</a></small></small><br>",<small><small>categoria:&ensp;estado</small></small><br>,"<small><small>lexemas:</small></small>&ensp;chance, oportunidade<br>",,"<small><small>valências:&ensp;[ACT] ou [ACT,PAT] ou [ACT,ADDR]</small></small><br>"
locus,a possibility due to a favorable combination of circumstances,lilaLemma:110019,"<small><small>synset_id:&ensp;<a href=""https://www.openwordnet-pt.org/synset?id=14483917-n"" target=""_blank"">14483917-n</a></small></small><br>",<small><small>categoria:&ensp;estado</small></small><br>,"<small><small>lexemas:</small></small>&ensp;chance, oportunidade<br>",,"<small><small>valências:&ensp;[ACT] ou [ACT,PAT] ou [ACT,ADDR]</small></small><br>"
tempus,a possibility due to a favorable combination of circumstances,lilaLemma:127522,"<small><small>synset_id:&ensp;<a href=""https://www.openwordnet-pt.org/synset?id=14483917-n"" target=""_blank"">14483917-n</a></small></small><br>",<small><small>categoria:&ensp;estado</small></small><br>,"<small><small>lexemas:</small></small>&ensp;chance, oportunidade<br>",,"<small><small>valências:&ensp;[ACT] ou [ACT,PAT] ou [ACT,ADDR]</small></small><br>"
pars,an organization to gain political power,lilaLemma:116084,"<small><small>synset_id:&ensp;<a href=""https://www.openwordnet-pt.org/synset?id=08256968-n"" target=""_blank"">08256968-n</a></small></small><br>",<small><small>categoria:&ensp;grupo</small></small><br>,"<small><small>lexemas:</small></small>&ensp;chapa, legenda, partido, partido político<br>",,<small><small>valências:&ensp;[MAT]</small></small><br>
dominus,directs the work of others,lilaLemma:98084,"<small><small>synset_id:&ensp;<a href=""https://www.openwordnet-pt.org/synset?id=10298647-n"" target=""_blank"">10298647-n</a></small></small><br>",<small><small>categoria:&ensp;pessoa</small></small><br>,"<small><small>lexemas:</small></small>&ensp;chefe, mestre, patrão<br>",,<small><small>valências:&ensp;[PAT]</small></small><br>
sum,reach a destination; arrive by movement or progress,lilaLemma:126689,"<small><small>synset_id:&ensp;<a href=""https://www.openwordnet-pt.org/synset?id=02005948-v"" target=""_blank"">02005948-v</a></small></small><br>",<small><small>categoria:&ensp;movimento</small></small><br>,"<small><small>lexemas:</small></small>&ensp;chegar, vir<br>",<small><small>conceito:</small>&ensp;chegar ao destino; chegar por movimento ou por progresso</small><br>,"<small><small>valências:&ensp;[ACT,DIR3] ou [ACT,DIR3,PAT] ou [ACT,PAT] ou [ACT,LOC] ou [ACT,DIR1,DIR3]</small></small><br>"
uenio,reach a destination; arrive by movement or progress,lilaLemma:129790,"<small><small>synset_id:&ensp;<a href=""https://www.openwordnet-pt.org/synset?id=02005948-v"" target=""_blank"">02005948-v</a></small></small><br>",<small><small>categoria:&ensp;movimento</small></small><br>,"<small><small>lexemas:</small></small>&ensp;chegar, vir<br>",<small><small>conceito:</small>&ensp;chegar ao destino; chegar por movimento ou por progresso</small><br>,"<small><small>valências:&ensp;[ACT,DIR3] ou [ACT,DIR3,PAT] ou [ACT,PAT] ou [ACT,LOC] ou [ACT,DIR1,DIR3]</small></small><br>"
ciuis,a native or naturalized member of a state or other political community,lilaLemma:94399,"<small><small>synset_id:&ensp;<a href=""https://www.openwordnet-pt.org/synset?id=09923673-n"" target=""_blank"">09923673-n</a></small></small><br>",<small><small>categoria:&ensp;pessoa</small></small><br>,"<small><small>lexemas:</small></small>&ensp;cidadã, cidadão<br>","<small><small>conceito:</small>&ensp;membro, nativo ou naturalizado, de um estado ou de uma outra comunidade política</small><br>",
ciuitas,a native or naturalized member of a state or other political community,lilaLemma:94400,"<small><small>synset_id:&ensp;<a href=""https://www.openwordnet-pt.org/synset?id=09923673-n"" target=""_blank"">09923673-n</a></small></small><br>",<small><small>categoria:&ensp;pessoa</small></small><br>,"<small><small>lexemas:</small></small>&ensp;cidadã, cidadão<br>","<small><small>conceito:</small>&ensp;membro, nativo ou naturalizado, de um estado ou de uma outra comunidade política</small><br>",
ciuitas,the status of a citizen with rights and duties,lilaLemma:94400,"<small><small>synset_id:&ensp;<a href=""https://www.openwordnet-pt.org/synset?id=13953467-n"" target=""_blank"">13953467-n</a></small></small><br>",<small><small>categoria:&ensp;estado</small></small><br>,<small><small>lexemas:</small></small>&ensp;cidadania<br>,,
lex,the collection of rules imposed by authority,lilaLemma:110351,"<small><small>synset_id:&ensp;<a href=""https://www.openwordnet-pt.org/synset?id=08441203-n"" target=""_blank"">08441203-n</a></small></small><br>",<small><small>categoria:&ensp;grupo</small></small><br>,"<small><small>lexemas:</small></small>&ensp;ciências jurídicas, jurisprudência, lei<br>",,
eo,become widely known and passed on,lilaLemma:101183,"<small><small>synset_id:&ensp;<a href=""https://www.openwordnet-pt.org/synset?id=00969873-v"" target=""_blank"">00969873-v</a></small></small><br>",<small><small>categoria:&ensp;comunicação</small></small><br>,"<small><small>lexemas:</small></small>&ensp;circular, espalhar<br>",<small><small>conceito:</small>&ensp;tornar amplamente conhecido e repassados</small><br>,<small><small>valências:&ensp;[ACT]</small></small><br>
lex,information that should be kept in mind when making a decision,lilaLemma:110351,"<small><small>synset_id:&ensp;<a href=""https://www.openwordnet-pt.org/synset?id=05822746-n"" target=""_blank"">05822746-n</a></small></small><br>",<small><small>categoria:&ensp;cognição</small></small><br>,"<small><small>lexemas:</small></small>&ensp;circunstância, consideração<br>",,
fortuna,your overall circumstances or condition in life (including everything that happens to you),lilaLemma:103696,"<small><small>synset_id:&ensp;<a href=""https://www.openwordnet-pt.org/synset?id=14473222-n"" target=""_blank"">14473222-n</a></small></small><br>",<small><small>categoria:&ensp;estado</small></small><br>,"<small><small>lexemas:</small></small>&ensp;circunstâncias, destino, sina, sorte<br>",,<small><small>valências:&ensp;[ACT] ou [MAT]</small></small><br>
locus,your overall circumstances or condition in life (including everything that happens to you),lilaLemma:110019,"<small><small>synset_id:&ensp;<a href=""https://www.openwordnet-pt.org/synset?id=14473222-n"" target=""_blank"">14473222-n</a></small></small><br>",<small><small>categoria:&ensp;estado</small></small><br>,"<small><small>lexemas:</small></small>&ensp;circunstâncias, destino, sina, sorte<br>",,<small><small>valências:&ensp;[ACT] ou [MAT]</small></small><br>
pars,your overall circumstances or condition in life (including everything that happens to you),lilaLemma:116084,"<small><small>synset_id:&ensp;<a href=""https://www.openwordnet-pt.org/synset?id=14473222-n"" target=""_blank"">14473222-n</a></small></small><br>",<small><small>categoria:&ensp;estado</small></small><br>,"<small><small>lexemas:</small></small>&ensp;circunstâncias, destino, sina, sorte<br>",,<small><small>valências:&ensp;[ACT] ou [MAT]</small></small><br>
tempus,your overall circumstances or condition in life (including everything that happens to you),lilaLemma:127522,"<small><small>synset_id:&ensp;<a href=""https://www.openwordnet-pt.org/synset?id=14473222-n"" target=""_blank"">14473222-n</a></small></small><br>",<small><small>categoria:&ensp;estado</small></small><br>,"<small><small>lexemas:</small></small>&ensp;circunstâncias, destino, sina, sorte<br>",,<small><small>valências:&ensp;[ACT] ou [MAT]</small></small><br>
uoco,"call in an official matter, such as to attend court",lilaLemma:130729,"<small><small>synset_id:&ensp;<a href=""https://www.openwordnet-pt.org/synset?id=00791134-v"" target=""_blank"">00791134-v</a></small></small><br>",<small><small>categoria:&ensp;comunicação</small></small><br>,"<small><small>lexemas:</small></small>&ensp;citar, convocar<br>",,"<small><small>valências:&ensp;[ACT,DIR3,PAT] ou [ACT,PAT] ou [ACT,EFF,PAT]</small></small><br>"
genus,"people having the same social, economic, or educational status",lilaLemma:104504,"<small><small>synset_id:&ensp;<a href=""https://www.openwordnet-pt.org/synset?id=07974025-n"" target=""_blank"">07974025-n</a></small></small><br>",<small><small>categoria:&ensp;grupo</small></small><br>,"<small><small>lexemas:</small></small>&ensp;classe, classe social, estrato<br>",,<small><small>valências:&ensp;[MAT]</small></small><br>
locus,the relative position or standing of things or especially persons in a society,lilaLemma:110019,"<small><small>synset_id:&ensp;<a href=""https://www.openwordnet-pt.org/synset?id=13945919-n"" target=""_blank"">13945919-n</a></small></small><br>",<small><small>categoria:&ensp;estado</small></small><br>,"<small><small>lexemas:</small></small>&ensp;classe, condição, estado, posição, status<br>",,"<small><small>valências:&ensp;[ACT,PAT] ou [ACT]</small></small><br>"
natura,the relative position or standing of things or especially persons in a society,lilaLemma:113421,"<small><small>synset_id:&ensp;<a href=""https://www.openwordnet-pt.org/synset?id=13945919-n"" target=""_blank"">13945919-n</a></small></small><br>",<small><small>categoria:&ensp;estado</small></small><br>,"<small><small>lexemas:</small></small>&ensp;classe, condição, estado, posição, status<br>",,"<small><small>valências:&ensp;[ACT,PAT] ou [ACT]</small></small><br>"
genus,a specific kind of something,lilaLemma:104504,"<small><small>synset_id:&ensp;<a href=""https://www.openwordnet-pt.org/synset?id=05844881-n"" target=""_blank"">05844881-n</a></small></small><br>",<small><small>categoria:&ensp;cognição</small></small><br>,"<small><small>lexemas:</small></small>&ensp;classe, espécie, espécies, género, tipo, variedade<br>",,
modus,a subdivision of a particular kind of thing,lilaLemma:112553,"<small><small>synset_id:&ensp;<a href=""https://www.openwordnet-pt.org/synset?id=05840188-n"" target=""_blank"">05840188-n</a></small></small><br>",<small><small>categoria:&ensp;cognição</small></small><br>,"<small><small>lexemas:</small></small>&ensp;classe, espécie, género, tipo, variedade<br>",,
genus,(biology) a taxonomic group containing one or more orders,lilaLemma:104504,"<small><small>synset_id:&ensp;<a href=""https://www.openwordnet-pt.org/synset?id=08103777-n"" target=""_blank"">08103777-n</a></small></small><br>",<small><small>categoria:&ensp;grupo</small></small><br>,"<small><small>lexemas:</small></small>&ensp;classe, espécies<br>",,<small><small>valências:&ensp;[MAT]</small></small><br>
genus,(biology) a taxonomic group containing one or more genera,lilaLemma:104504,"<small><small>synset_id:&ensp;<a href=""https://www.openwordnet-pt.org/synset?id=08107499-n"" target=""_blank"">08107499-n</a></small></small><br>",<small><small>categoria:&ensp;grupo</small></small><br>,"<small><small>lexemas:</small></small>&ensp;classe, família<br>",,
locus,relative status,lilaLemma:110019,"<small><small>synset_id:&ensp;<a href=""https://www.openwordnet-pt.org/synset?id=14429985-n"" target=""_blank"">14429985-n</a></small></small><br>",<small><small>categoria:&ensp;estado</small></small><br>,"<small><small>lexemas:</small></small>&ensp;classe, hierarquia, posição, posto<br>",,"<small><small>valências:&ensp;[ACT,PAT] ou [ACT]</small></small><br>"
facio,arrange or order by classes or categories,lilaLemma:102758,"<small><small>synset_id:&ensp;<a href=""https://www.openwordnet-pt.org/synset?id=00654625-v"" target=""_blank"">00654625-v</a></small></small><br>",<small><small>categoria:&ensp;cognição</small></small><br>,<small><small>lexemas:</small></small>&ensp;classificar<br>,<small><small>conceito:</small>&ensp;organizar ou ordenar por classes ou categorias</small><br>,"<small><small>valências:&ensp;[ACT,PAT]</small></small><br>"
pono,assign to a class or kind,lilaLemma:118414,"<small><small>synset_id:&ensp;<a href=""https://www.openwordnet-pt.org/synset?id=00739662-v"" target=""_blank"">00739662-v</a></small></small><br>",<small><small>categoria:&ensp;cognição</small></small><br>,<small><small>lexemas:</small></small>&ensp;classificar<br>,<small><small>conceito:</small>&ensp;atribuir a uma classe ou tipo</small><br>,"<small><small>valências:&ensp;[ACT,PAT] ou [ACT,EFF,PAT]</small></small><br>"
dies,the atmospheric conditions that comprise the state of the atmosphere in terms of temperature and wind and clouds and precipitation,lilaLemma:99334,"<small><small>synset_id:&ensp;<a href=""https://www.openwordnet-pt.org/synset?id=11524662-n"" target=""_blank"">11524662-n</a></small></small><br>",<small><small>categoria:&ensp;fenômeno</small></small><br>,"<small><small>lexemas:</small></small>&ensp;clima, condições meteorológicas, fenômeno meteorológico, tempo<br>",,
puto,reflect deeply on a subject,lilaLemma:120610,"<small><small>synset_id:&ensp;<a href=""https://www.openwordnet-pt.org/synset?id=00630380-v"" target=""_blank"">00630380-v</a></small></small><br>",<small><small>categoria:&ensp;cognição</small></small><br>,"<small><small>lexemas:</small></small>&ensp;cogitar, contemplar, especular, ponderar, refletir, ruminar<br>",<small><small>conceito:</small>&ensp;refletir profundamente sobre um assunto</small><br>,"<small><small>valências:&ensp;[ACT,REG] ou [ACT,PAT] ou [ACT,PAT,DIR1,DIR3]</small></small><br>"
puto,"use or exercise the mind or one's power of reason in order to make inferences, decisions, or arrive at a solution or judgments",lilaLemma:120610,"<small><small>synset_id:&ensp;<a href=""https://www.openwordnet-pt.org/synset?id=00628491-v"" target=""_blank"">00628491-v</a></small></small><br>",<small><small>categoria:&ensp;cognição</small></small><br>,"<small><small>lexemas:</small></small>&ensp;cogitar, pensar, raciocinar, refletir<br>","<small><small>conceito:</small>&ensp;usar ou exercitar a mente ou o poder do raciocínio, a fim de fazer inferência, tomar decisões ou chegar a soluções ou julgamentos</small><br>","<small><small>valências:&ensp;[ACT,PAT] ou [ACT,PAT,EFF] ou [ACT]</small></small><br>"
teneo,keep under control; keep in check,lilaLemma:127822,"<small><small>synset_id:&ensp;<a href=""https://www.openwordnet-pt.org/synset?id=02422663-v"" target=""_blank"">02422663-v</a></small></small><br>",<small><small>categoria:&ensp;relação social</small></small><br>,"<small><small>lexemas:</small></small>&ensp;coibir, conter, deter, entravar, moderar, serenar<br>",,"<small><small>valências:&ensp;[ACT,DIR1,PAT] ou [ACT,PAT]</small></small><br>"
corpus,a publication containing a variety of works,lilaLemma:96667,"<small><small>synset_id:&ensp;<a href=""https://www.openwordnet-pt.org/synset?id=06591442-n"" target=""_blank"">06591442-n</a></small></small><br>",<small><small>categoria:&ensp;comunicação</small></small><br>,"<small><small>lexemas:</small></small>&ensp;coletânea, coleção, compêndio<br>",,
annus,the yield from plants in a single growing season,lilaLemma:89129,"<small><small>synset_id:&ensp;<a href=""https://www.openwordnet-pt.org/synset?id=13085864-n"" target=""_blank"">13085864-n</a></small></small><br>",<small><small>categoria:&ensp;planta</small></small><br>,"<small><small>lexemas:</small></small>&ensp;colheita, safra<br>",,
capio,"gather, as of natural products",lilaLemma:92686,"<small><small>synset_id:&ensp;<a href=""https://www.openwordnet-pt.org/synset?id=01320009-v"" target=""_blank"">01320009-v</a></small></small><br>",<small><small>categoria:&ensp;contato</small></small><br>,"<small><small>lexemas:</small></small>&ensp;colher, respigar<br>","<small><small>conceito:</small>&ensp;coletar, a partir de produtos naturais</small><br>","<small><small>valências:&ensp;[ACT,PAT]</small></small><br>"
pono,"put or set (seeds, seedlings, or plants) into the ground",lilaLemma:118414,"<small><small>synset_id:&ensp;<a href=""https://www.openwordnet-pt.org/synset?id=01567275-v"" target=""_blank"">01567275-v</a></small></small><br>",<small><small>categoria:&ensp;contato</small></small><br>,"<small><small>lexemas:</small></small>&ensp;colocar, plantar, pôr<br>",,"<small><small>valências:&ensp;[ACT,PAT] ou [ACT,LOC,PAT] ou [ACT,PAT,LOC] ou [ACT,PAT,MEANS] ou [ACMP,ACT,PAT]</small></small><br>"
dico,issue commands or orders for,lilaLemma:99302,"<small><small>synset_id:&ensp;<a href=""https://www.openwordnet-pt.org/synset?id=00747135-v"" target=""_blank"">00747135-v</a></small></small><br>",<small><small>categoria:&ensp;comunicação</small></small><br>,"<small><small>lexemas:</small></small>&ensp;comandar, ditar, ordenar, prescrever, receitar<br>",,"<small><small>valências:&ensp;[ACT,PAT] ou [ACT,PAT,ADDR] ou [ACT,PAT,EFF] ou [ACT,ADDR,PAT]</small></small><br>"
iubeo,issue commands or orders for,lilaLemma:109152,"<small><small>synset_id:&ensp;<a href=""https://www.openwordnet-pt.org/synset?id=00747135-v"" target=""_blank"">00747135-v</a></small></small><br>",<small><small>categoria:&ensp;comunicação</small></small><br>,"<small><small>lexemas:</small></small>&ensp;comandar, ditar, ordenar, prescrever, receitar<br>",,"<small><small>valências:&ensp;[ACT,PAT] ou [ACT,PAT,ADDR] ou [ACT,PAT,EFF] ou [ACT,ADDR,PAT]</small></small><br>"
imperium,an authoritative direction or instruction to do something,lilaLemma:106532,"<small><small>synset_id:&ensp;<a href=""https://www.openwordnet-pt.org/synset?id=07168131-n"" target=""_blank"">07168131-n</a></small></small><br>",<small><small>categoria:&ensp;comunicação</small></small><br>,"<small><small>lexemas:</small></small>&ensp;Comando, ordem<br>",,"<small><small>valências:&ensp;[ACT,PAT] ou [ACT]</small></small><br>"
uenio,"reach or enter a state, relation, condition, use, or position",lilaLemma:129790,"<small><small>synset_id:&ensp;<a href=""https://www.openwordnet-pt.org/synset?id=00542120-v"" target=""_blank"">00542120-v</a></small></small><br>",<small><small>categoria:&ensp;mudança</small></small><br>,"<small><small>lexemas:</small></small>&ensp;começar, ficar<br>","<small><small>conceito:</small>&ensp;atingir ou entrar em um estado, relação, estado de conservação, utilização, ou posição</small><br>","<small><small>valências:&ensp;[ACT,DIR1,DIR3]</small></small><br>"
mitto,"set in motion, cause to start",lilaLemma:112499,"<small><small>synset_id:&ensp;<a href=""https://www.openwordnet-pt.org/synset?id=00348746-v"" target=""_blank"">00348746-v</a></small></small><br>",<small><small>categoria:&ensp;mudança</small></small><br>,"<small><small>lexemas:</small></small>&ensp;começar, iniciar<br>",,"<small><small>valências:&ensp;[ACT,PAT]</small></small><br>"
causa,an event that is a beginning; a first part or stage of subsequent events,lilaLemma:93253,"<small><small>synset_id:&ensp;<a href=""https://www.openwordnet-pt.org/synset?id=07323922-n"" target=""_blank"">07323922-n</a></small></small><br>",<small><small>categoria:&ensp;evento</small></small><br>,"<small><small>lexemas:</small></small>&ensp;começo, gênese, iniciação, origem<br>",,<small><small>valências:&ensp;[PAT] ou [ACT]</small></small><br>
genus,an event that is a beginning; a first part or stage of subsequent events,lilaLemma:104504,"<small><small>synset_id:&ensp;<a href=""https://www.openwordnet-pt.org/synset?id=07323922-n"" target=""_blank"">07323922-n</a></small></small><br>",<small><small>categoria:&ensp;evento</small></small><br>,"<small><small>lexemas:</small></small>&ensp;começo, gênese, iniciação, origem<br>",,<small><small>valências:&ensp;[PAT] ou [ACT]</small></small><br>
do,make mention of,lilaLemma:99970,"<small><small>synset_id:&ensp;<a href=""https://www.openwordnet-pt.org/synset?id=01020005-v"" target=""_blank"">01020005-v</a></small></small><br>",<small><small>categoria:&ensp;comunicação</small></small><br>,"<small><small>lexemas:</small></small>&ensp;comentar, mencionar, notar, remarcar, reparar<br>",,"<small><small>valências:&ensp;[ACT,PAT]</small></small><br>"
scio,have sexual intercourse with,lilaLemma:123732,"<small><small>synset_id:&ensp;<a href=""https://www.openwordnet-pt.org/synset?id=01426397-v"" target=""_blank"">01426397-v</a></small></small><br>",<small><small>categoria:&ensp;contato</small></small><br>,"<small><small>lexemas:</small></small>&ensp;comer, copular, foder, meter, montar, pinar, transar, trepar<br>",<small><small>conceito:</small>&ensp;ter relações sexuais com</small><br>,"<small><small>valências:&ensp;[ACT,PAT] ou [ACMP,ACT] ou [ACT,ADDR,PAT] ou [ACT,ACMP]</small></small><br>"
credo,confer a trust upon,lilaLemma:96881,"<small><small>synset_id:&ensp;<a href=""https://www.openwordnet-pt.org/synset?id=02349212-v"" target=""_blank"">02349212-v</a></small></small><br>",<small><small>categoria:&ensp;posse</small></small><br>,"<small><small>lexemas:</small></small>&ensp;comissionar, confiar, confidenciar, entregar, incumbir<br>",<small><small>conceito:</small>&ensp;confiar algo a alguém</small><br>,"<small><small>valências:&ensp;[ACT,ADDR,PAT] ou [ACT,BEN] ou [ACT,PAT] ou [ACT,PAT,ADDR]</small></small><br>"
genus,an association of people who share common beliefs or activities,lilaLemma:104504,"<small><small>synset_id:&ensp;<a href=""https://www.openwordnet-pt.org/synset?id=08227916-n"" target=""_blank"">08227916-n</a></small></small><br>",<small><small>categoria:&ensp;grupo</small></small><br>,<small><small>lexemas:</small></small>&ensp;compania<br>,,<small><small>valências:&ensp;[ACT]</small></small><br>
ciuis,a man from your own country,lilaLemma:94399,"<small><small>synset_id:&ensp;<a href=""https://www.openwordnet-pt.org/synset?id=09970963-n"" target=""_blank"">09970963-n</a></small></small><br>",<small><small>categoria:&ensp;pessoa</small></small><br>,<small><small>lexemas:</small></small>&ensp;compatriota<br>,,
do,do or give something to somebody in return,lilaLemma:99970,"<small><small>synset_id:&ensp;<a href=""https://www.openwordnet-pt.org/synset?id=02253456-v"" target=""_blank"">02253456-v</a></small></small><br>",<small><small>categoria:&ensp;posse</small></small><br>,"<small><small>lexemas:</small></small>&ensp;compensar, pagar<br>",,"<small><small>valências:&ensp;[ACT,PAT] ou [ACT,PAT,ADDR] ou [ACT,ADDR,PAT]</small></small><br>"
scribo,put together out of existing material,lilaLemma:123840,"<small><small>synset_id:&ensp;<a href=""https://www.openwordnet-pt.org/synset?id=01626138-v"" target=""_blank"">01626138-v</a></small></small><br>",<small><small>categoria:&ensp;criação</small></small><br>,"<small><small>lexemas:</small></small>&ensp;compilar, compor<br>",<small><small>conceito:</small>&ensp;colocar juntos extraindo de material existente</small><br>,"<small><small>valências:&ensp;[ACT,PAT] ou [ACT,ORIG,PAT] ou [ACT,PAT,REG] ou [ACT,MEANS,PAT]</small></small><br>"
consilium,a secret scheme to do something (especially something underhand or illegal),lilaLemma:96060,"<small><small>synset_id:&ensp;<a href=""https://www.openwordnet-pt.org/synset?id=05907682-n"" target=""_blank"">05907682-n</a></small></small><br>",<small><small>categoria:&ensp;cognição</small></small><br>,"<small><small>lexemas:</small></small>&ensp;complô, conspiração<br>",,<small><small>valências:&ensp;[ACT]</small></small><br>
facio,to compose or represent:,lilaLemma:102758,"<small><small>synset_id:&ensp;<a href=""https://www.openwordnet-pt.org/synset?id=02621395-v"" target=""_blank"">02621395-v</a></small></small><br>",<small><small>categoria:&ensp;estado</small></small><br>,"<small><small>lexemas:</small></small>&ensp;compor, constituir, enquadrar, estabelecer<br>",<small><small>conceito:</small>&ensp;compor ou representar</small><br>,"<small><small>valências:&ensp;[ACT] ou [ACT,PAT]</small></small><br>"
facio,produce a literary work,lilaLemma:102758,"<small><small>synset_id:&ensp;<a href=""https://www.openwordnet-pt.org/synset?id=01698271-v"" target=""_blank"">01698271-v</a></small></small><br>",<small><small>categoria:&ensp;criação</small></small><br>,"<small><small>lexemas:</small></small>&ensp;compor, escrever<br>",<small><small>conceito:</small>&ensp;produzir uma obra literária</small><br>,"<small><small>valências:&ensp;[ACT,PAT] ou [ACT,PAT,REG]</small></small><br>"
scribo,produce a literary work,lilaLemma:123840,"<small><small>synset_id:&ensp;<a href=""https://www.openwordnet-pt.org/synset?id=01698271-v"" target=""_blank"">01698271-v</a></small></small><br>",<small><small>categoria:&ensp;criação</small></small><br>,"<small><small>lexemas:</small></small>&ensp;compor, escrever<br>",<small><small>conceito:</small>&ensp;produzir uma obra literária</small><br>,"<small><small>valências:&ensp;[ACT,PAT] ou [ACT,PAT,REG]</small></small><br>"
mos,manner of acting or controlling yourself,lilaLemma:112831,"<small><small>synset_id:&ensp;<a href=""https://www.openwordnet-pt.org/synset?id=01220984-n"" target=""_blank"">01220984-n</a></small></small><br>",<small><small>categoria:&ensp;ação</small></small><br>,"<small><small>lexemas:</small></small>&ensp;comportamento, conduta<br>",<small><small>conceito:</small>&ensp;maneira de agir ou controlar a si mesmo</small><br>,"<small><small>valências:&ensp;[ACT,ACMP] ou [ACT,MEANS] ou [ACT,PAT]</small></small><br>"
mos,(behavioral attributes) the way a person behaves toward other people,lilaLemma:112831,"<small><small>synset_id:&ensp;<a href=""https://www.openwordnet-pt.org/synset?id=04897762-n"" target=""_blank"">04897762-n</a></small></small><br>",<small><small>categoria:&ensp;atributo</small></small><br>,"<small><small>lexemas:</small></small>&ensp;comportamento, conduta, maneira, procedimento<br>",,"<small><small>valências:&ensp;[ACT,ACMP] ou [ACT] ou [ACT,ADDR] ou [ACT,PAT]</small></small><br>"
audio,know and comprehend the nature or meaning of,lilaLemma:90641,"<small><small>synset_id:&ensp;<a href=""https://www.openwordnet-pt.org/synset?id=00588888-v"" target=""_blank"">00588888-v</a></small></small><br>",<small><small>categoria:&ensp;cognição</small></small><br>,"<small><small>lexemas:</small></small>&ensp;compreender, comprender, entender<br>",,"<small><small>valências:&ensp;[ACT,PAT]</small></small><br>"
scio,know and comprehend the nature or meaning of,lilaLemma:123732,"<small><small>synset_id:&ensp;<a href=""https://www.openwordnet-pt.org/synset?id=00588888-v"" target=""_blank"">00588888-v</a></small></small><br>",<small><small>categoria:&ensp;cognição</small></small><br>,"<small><small>lexemas:</small></small>&ensp;compreender, comprender, entender<br>",,"<small><small>valências:&ensp;[ACT,PAT]</small></small><br>"
capio,contain or hold; have within,lilaLemma:92686,"<small><small>synset_id:&ensp;<a href=""https://www.openwordnet-pt.org/synset?id=02700867-v"" target=""_blank"">02700867-v</a></small></small><br>",<small><small>categoria:&ensp;estado</small></small><br>,"<small><small>lexemas:</small></small>&ensp;compreender, conter, incluir, ter<br>",<small><small>conceito:</small>&ensp;conter ou deter; ter dentro</small><br>,"<small><small>valências:&ensp;[ACT,PAT]</small></small><br>"
fero,contain or hold; have within,lilaLemma:103126,"<small><small>synset_id:&ensp;<a href=""https://www.openwordnet-pt.org/synset?id=02700867-v"" target=""_blank"">02700867-v</a></small></small><br>",<small><small>categoria:&ensp;estado</small></small><br>,"<small><small>lexemas:</small></small>&ensp;compreender, conter, incluir, ter<br>",<small><small>conceito:</small>&ensp;conter ou deter; ter dentro</small><br>,"<small><small>valências:&ensp;[ACT,PAT]</small></small><br>"
gero,contain or hold; have within,lilaLemma:104536,"<small><small>synset_id:&ensp;<a href=""https://www.openwordnet-pt.org/synset?id=02700867-v"" target=""_blank"">02700867-v</a></small></small><br>",<small><small>categoria:&ensp;estado</small></small><br>,"<small><small>lexemas:</small></small>&ensp;compreender, conter, incluir, ter<br>",<small><small>conceito:</small>&ensp;conter ou deter; ter dentro</small><br>,"<small><small>valências:&ensp;[ACT,PAT]</small></small><br>"
habeo,contain or hold; have within,lilaLemma:105044,"<small><small>synset_id:&ensp;<a href=""https://www.openwordnet-pt.org/synset?id=02700867-v"" target=""_blank"">02700867-v</a></small></small><br>",<small><small>categoria:&ensp;estado</small></small><br>,"<small><small>lexemas:</small></small>&ensp;compreender, conter, incluir, ter<br>",<small><small>conceito:</small>&ensp;conter ou deter; ter dentro</small><br>,"<small><small>valências:&ensp;[ACT,PAT]</small></small><br>"
teneo,contain or hold; have within,lilaLemma:127822,"<small><small>synset_id:&ensp;<a href=""https://www.openwordnet-pt.org/synset?id=02700867-v"" target=""_blank"">02700867-v</a></small></small><br>",<small><small>categoria:&ensp;estado</small></small><br>,"<small><small>lexemas:</small></small>&ensp;compreender, conter, incluir, ter<br>",<small><small>conceito:</small>&ensp;conter ou deter; ter dentro</small><br>,"<small><small>valências:&ensp;[ACT,PAT]</small></small><br>"
accipio,get the meaning of something,lilaLemma:87119,"<small><small>synset_id:&ensp;<a href=""https://www.openwordnet-pt.org/synset?id=00588221-v"" target=""_blank"">00588221-v</a></small></small><br>",<small><small>categoria:&ensp;cognição</small></small><br>,"<small><small>lexemas:</small></small>&ensp;compreender, entender<br>",<small><small>conceito:</small>&ensp;pegar o sentido de algo</small><br>,"<small><small>valências:&ensp;[ACT,ORIG,PAT] ou [ACT,PAT]</small></small><br>"
accipio,make sense of; assign a meaning to,lilaLemma:87119,"<small><small>synset_id:&ensp;<a href=""https://www.openwordnet-pt.org/synset?id=00623151-v"" target=""_blank"">00623151-v</a></small></small><br>",<small><small>categoria:&ensp;cognição</small></small><br>,"<small><small>lexemas:</small></small>&ensp;compreender, entender<br>",<small><small>conceito:</small>&ensp;fazer sentido; atribuir um significado à</small><br>,"<small><small>valências:&ensp;[ACT,EFF,PAT] ou [ACT,PAT] ou [ACT,PAT,EFF] ou [ACT,ADDR,PAT]</small></small><br>"
audio,make sense of; assign a meaning to,lilaLemma:90641,"<small><small>synset_id:&ensp;<a href=""https://www.openwordnet-pt.org/synset?id=00623151-v"" target=""_blank"">00623151-v</a></small></small><br>",<small><small>categoria:&ensp;cognição</small></small><br>,"<small><small>lexemas:</small></small>&ensp;compreender, entender<br>",<small><small>conceito:</small>&ensp;fazer sentido; atribuir um significado à</small><br>,"<small><small>valências:&ensp;[ACT,EFF,PAT] ou [ACT,PAT] ou [ACT,PAT,EFF] ou [ACT,ADDR,PAT]</small></small><br>"
capio,get the meaning of something,lilaLemma:92686,"<small><small>synset_id:&ensp;<a href=""https://www.openwordnet-pt.org/synset?id=00588221-v"" target=""_blank"">00588221-v</a></small></small><br>",<small><small>categoria:&ensp;cognição</small></small><br>,"<small><small>lexemas:</small></small>&ensp;compreender, entender<br>",<small><small>conceito:</small>&ensp;pegar o sentido de algo</small><br>,"<small><small>valências:&ensp;[ACT,ORIG,PAT] ou [ACT,PAT]</small></small><br>"
teneo,get the meaning of something,lilaLemma:127822,"<small><small>synset_id:&ensp;<a href=""https://www.openwordnet-pt.org/synset?id=00588221-v"" target=""_blank"">00588221-v</a></small></small><br>",<small><small>categoria:&ensp;cognição</small></small><br>,"<small><small>lexemas:</small></small>&ensp;compreender, entender<br>",<small><small>conceito:</small>&ensp;pegar o sentido de algo</small><br>,"<small><small>valências:&ensp;[ACT,ORIG,PAT] ou [ACT,PAT]</small></small><br>"
uideo,make sense of; assign a meaning to,lilaLemma:130163,"<small><small>synset_id:&ensp;<a href=""https://www.openwordnet-pt.org/synset?id=00623151-v"" target=""_blank"">00623151-v</a></small></small><br>",<small><small>categoria:&ensp;cognição</small></small><br>,"<small><small>lexemas:</small></small>&ensp;compreender, entender<br>",<small><small>conceito:</small>&ensp;fazer sentido; atribuir um significado à</small><br>,"<small><small>valências:&ensp;[ACT,EFF,PAT] ou [ACT,PAT] ou [ACT,PAT,EFF] ou [ACT,ADDR,PAT]</small></small><br>"
audio,perceive (an idea or situation) mentally,lilaLemma:90641,"<small><small>synset_id:&ensp;<a href=""https://www.openwordnet-pt.org/synset?id=00591115-v"" target=""_blank"">00591115-v</a></small></small><br>",<small><small>categoria:&ensp;cognição</small></small><br>,"<small><small>lexemas:</small></small>&ensp;compreender, entender, perceber, realizar<br>",<small><small>conceito:</small>&ensp;perceber (uma idéia ou situação) mentalmente</small><br>,"<small><small>valências:&ensp;[ACT,PAT]</small></small><br>"
cognosco,be fully aware or cognizant of,lilaLemma:94738,"<small><small>synset_id:&ensp;<a href=""https://www.openwordnet-pt.org/synset?id=00728617-v"" target=""_blank"">00728617-v</a></small></small><br>",<small><small>categoria:&ensp;cognição</small></small><br>,"<small><small>lexemas:</small></small>&ensp;compreender, entender, realizar<br>",<small><small>conceito:</small>&ensp;estar plenamente consciente ou ciente de</small><br>,"<small><small>valências:&ensp;[ACT,PAT]</small></small><br>"
modus,the size of something as given by the distance around it,lilaLemma:112553,"<small><small>synset_id:&ensp;<a href=""https://www.openwordnet-pt.org/synset?id=05101261-n"" target=""_blank"">05101261-n</a></small></small><br>",<small><small>categoria:&ensp;atributo</small></small><br>,"<small><small>lexemas:</small></small>&ensp;comprimento da circunferência, perímetro, circunferência<br>",,"<small><small>valências:&ensp;[ACT,PAT] ou [ACT] ou [MAT]</small></small><br>"
do,"give entirely to a specific person, activity, or cause",lilaLemma:99970,"<small><small>synset_id:&ensp;<a href=""https://www.openwordnet-pt.org/synset?id=00887463-v"" target=""_blank"">00887463-v</a></small></small><br>",<small><small>categoria:&ensp;comunicação</small></small><br>,"<small><small>lexemas:</small></small>&ensp;comprometer, consagrar, dedicar, devotar<br>",<small><small>conceito:</small>&ensp;Ela se comprometeu com o trabalho do Senhor.</small><br>,"<small><small>valências:&ensp;[ACT,PAT] ou [ACT,ADDR,PAT] ou [ACT,PAT,ADDR] ou [ACT,ADDR]</small></small><br>"
do,transmit information,lilaLemma:99970,"<small><small>synset_id:&ensp;<a href=""https://www.openwordnet-pt.org/synset?id=00742320-v"" target=""_blank"">00742320-v</a></small></small><br>",<small><small>categoria:&ensp;comunicação</small></small><br>,"<small><small>lexemas:</small></small>&ensp;comunicar, transmitir<br>",<small><small>conceito:</small>&ensp;transmitir informação</small><br>,"<small><small>valências:&ensp;[ACT,PAT,ADDR] ou [ACT,PAT]</small></small><br>"
populus,a group of people living in a particular local area,lilaLemma:118463,"<small><small>synset_id:&ensp;<a href=""https://www.openwordnet-pt.org/synset?id=08223802-n"" target=""_blank"">08223802-n</a></small></small><br>",<small><small>categoria:&ensp;grupo</small></small><br>,<small><small>lexemas:</small></small>&ensp;comunidade<br>,,<small><small>valências:&ensp;[MAT]</small></small><br>
fero,make children,lilaLemma:103126,"<small><small>synset_id:&ensp;<a href=""https://www.openwordnet-pt.org/synset?id=00054628-v"" target=""_blank"">00054628-v</a></small></small><br>",<small><small>categoria:&ensp;corpo</small></small><br>,"<small><small>lexemas:</small></small>&ensp;conceber, gerar, procriar, ter filho<br>",<small><small>conceito:</small>&ensp;fazer crianças</small><br>,"<small><small>valências:&ensp;[ACT,PAT]</small></small><br>"
do,be willing to concede,lilaLemma:99970,"<small><small>synset_id:&ensp;<a href=""https://www.openwordnet-pt.org/synset?id=00806049-v"" target=""_blank"">00806049-v</a></small></small><br>",<small><small>categoria:&ensp;comunicação</small></small><br>,<small><small>lexemas:</small></small>&ensp;conceder<br>,<small><small>conceito:</small>&ensp;estar dispostos a concessão</small><br>,"<small><small>valências:&ensp;[ACT,PAT] ou [ACT,PAT,ADDR] ou [ACT,ADDR] ou [ACT,EFF,PAT] ou [ACT,ADDR,PAT]</small></small><br>"
do,present,lilaLemma:99970,"<small><small>synset_id:&ensp;<a href=""https://www.openwordnet-pt.org/synset?id=02263346-v"" target=""_blank"">02263346-v</a></small></small><br>",<small><small>categoria:&ensp;posse</small></small><br>,"<small><small>lexemas:</small></small>&ensp;conceder, conferir, outorgar<br>",,"<small><small>valências:&ensp;[ACT,ADDR,PAT,REG] ou [ACT,ADDR,PAT] ou [ACT,PAT] ou [ACT,PAT,ADDR]</small></small><br>"
do,let have,lilaLemma:99970,"<small><small>synset_id:&ensp;<a href=""https://www.openwordnet-pt.org/synset?id=02255462-v"" target=""_blank"">02255462-v</a></small></small><br>",<small><small>categoria:&ensp;posse</small></small><br>,"<small><small>lexemas:</small></small>&ensp;conceder, dar, outorgar, permitir<br>",<small><small>conceito:</small>&ensp;deixar ter</small><br>,"<small><small>valências:&ensp;[ACT,PAT,ADDR] ou [ACT,ADDR,PAT] ou [ACT,PAT] ou [ACT,ADDR]</small></small><br>"
habeo,let have,lilaLemma:105044,"<small><small>synset_id:&ensp;<a href=""https://www.openwordnet-pt.org/synset?id=02255462-v"" target=""_blank"">02255462-v</a></small></small><br>",<small><small>categoria:&ensp;posse</small></small><br>,"<small><small>lexemas:</small></small>&ensp;conceder, dar, outorgar, permitir<br>",<small><small>conceito:</small>&ensp;deixar ter</small><br>,"<small><small>valências:&ensp;[ACT,PAT,ADDR] ou [ACT,ADDR,PAT] ou [ACT,PAT] ou [ACT,ADDR]</small></small><br>"
do,"administer or bestow, as in small portions",lilaLemma:99970,"<small><small>synset_id:&ensp;<a href=""https://www.openwordnet-pt.org/synset?id=02294436-v"" target=""_blank"">02294436-v</a></small></small><br>",<small><small>categoria:&ensp;posse</small></small><br>,"<small><small>lexemas:</small></small>&ensp;conceder, entregar, lidar<br>",,"<small><small>valências:&ensp;[ACT,ADDR,PAT] ou [ACT,PAT] ou [ACT,PAT,ADDR]</small></small><br>"
do,give as a gift,lilaLemma:99970,"<small><small>synset_id:&ensp;<a href=""https://www.openwordnet-pt.org/synset?id=02263692-v"" target=""_blank"">02263692-v</a></small></small><br>",<small><small>categoria:&ensp;posse</small></small><br>,"<small><small>lexemas:</small></small>&ensp;conceder, entregar, outorgar<br>",,"<small><small>valências:&ensp;[ACT,ADDR,PAT] ou [ACT,PAT,ADDR] ou [ACT,PAT]</small></small><br>"
do,allow to have,lilaLemma:99970,"<small><small>synset_id:&ensp;<a href=""https://www.openwordnet-pt.org/synset?id=02255268-v"" target=""_blank"">02255268-v</a></small></small><br>",<small><small>categoria:&ensp;posse</small></small><br>,"<small><small>lexemas:</small></small>&ensp;conceder, entregar, outorgar<br>",,"<small><small>valências:&ensp;[ACT,ADDR,PAT] ou [ACT,PAT,ADDR] ou [ACT,PAT]</small></small><br>"
fero,give as a gift,lilaLemma:103126,"<small><small>synset_id:&ensp;<a href=""https://www.openwordnet-pt.org/synset?id=02263692-v"" target=""_blank"">02263692-v</a></small></small><br>",<small><small>categoria:&ensp;posse</small></small><br>,"<small><small>lexemas:</small></small>&ensp;conceder, entregar, outorgar<br>",,"<small><small>valências:&ensp;[ACT,ADDR,PAT] ou [ACT,PAT,ADDR] ou [ACT,PAT]</small></small><br>"
consilium,a body serving in an administrative capacity,lilaLemma:96060,"<small><small>synset_id:&ensp;<a href=""https://www.openwordnet-pt.org/synset?id=08310949-n"" target=""_blank"">08310949-n</a></small></small><br>",<small><small>categoria:&ensp;grupo</small></small><br>,"<small><small>lexemas:</small></small>&ensp;concelho, conselho<br>",,
corpus,the spatial property of being crowded together,lilaLemma:96667,"<small><small>synset_id:&ensp;<a href=""https://www.openwordnet-pt.org/synset?id=05088804-n"" target=""_blank"">05088804-n</a></small></small><br>",<small><small>categoria:&ensp;atributo</small></small><br>,"<small><small>lexemas:</small></small>&ensp;concentração, densidade<br>",,<small><small>valências:&ensp;[ACT] ou [MAT]</small></small><br>
consilium,a meeting of people for consultation,lilaLemma:96060,"<small><small>synset_id:&ensp;<a href=""https://www.openwordnet-pt.org/synset?id=08309409-n"" target=""_blank"">08309409-n</a></small></small><br>",<small><small>categoria:&ensp;grupo</small></small><br>,<small><small>lexemas:</small></small>&ensp;concílio<br>,,
senatus,a meeting of people for consultation,lilaLemma:124309,"<small><small>synset_id:&ensp;<a href=""https://www.openwordnet-pt.org/synset?id=08309409-n"" target=""_blank"">08309409-n</a></small></small><br>",<small><small>categoria:&ensp;grupo</small></small><br>,<small><small>lexemas:</small></small>&ensp;concílio<br>,,
accipio,reason by deduction; establish by deduction,lilaLemma:87119,"<small><small>synset_id:&ensp;<a href=""https://www.openwordnet-pt.org/synset?id=00636574-v"" target=""_blank"">00636574-v</a></small></small><br>",<small><small>categoria:&ensp;cognição</small></small><br>,"<small><small>lexemas:</small></small>&ensp;concluir, deduzir, depreender, inferir<br>",,"<small><small>valências:&ensp;[ACT,ORIG,PAT] ou [ACT,PAT] ou [ACT]</small></small><br>"
lex,a signed written agreement between two or more parties (nations) to perform some action,lilaLemma:110351,"<small><small>synset_id:&ensp;<a href=""https://www.openwordnet-pt.org/synset?id=06772260-n"" target=""_blank"">06772260-n</a></small></small><br>",<small><small>categoria:&ensp;comunicação</small></small><br>,"<small><small>lexemas:</small></small>&ensp;concordata, pacto, tratado<br>",,"<small><small>valências:&ensp;[ACT,PAT]</small></small><br>"
iudicium,(criminal law) a final judgment of guilty in a criminal case and the punishment that is imposed,lilaLemma:109170,"<small><small>synset_id:&ensp;<a href=""https://www.openwordnet-pt.org/synset?id=01189282-n"" target=""_blank"">01189282-n</a></small></small><br>",<small><small>categoria:&ensp;ação</small></small><br>,<small><small>lexemas:</small></small>&ensp;condenação<br>,<small><small>conceito:</small>&ensp;(direito penal) um julgamento final de culpa em um caso criminal e a punição que é imposta</small><br>,"<small><small>valências:&ensp;[ACT,PAT]</small></small><br>"
lex,(usually plural) a statement of what is required as part of an agreement,lilaLemma:110351,"<small><small>synset_id:&ensp;<a href=""https://www.openwordnet-pt.org/synset?id=06770875-n"" target=""_blank"">06770875-n</a></small></small><br>",<small><small>categoria:&ensp;comunicação</small></small><br>,"<small><small>lexemas:</small></small>&ensp;condição, termo<br>",<small><small>conceito:</small>&ensp;(geralmente plural) uma declaração do que é necessário como parte de um acordo</small><br>,
ago,operate or control a vehicle,lilaLemma:88140,"<small><small>synset_id:&ensp;<a href=""https://www.openwordnet-pt.org/synset?id=01930874-v"" target=""_blank"">01930874-v</a></small></small><br>",<small><small>categoria:&ensp;movimento</small></small><br>,"<small><small>lexemas:</small></small>&ensp;conduzir, dirigir<br>",,"<small><small>valências:&ensp;[ACT,PAT]</small></small><br>"
ago,urge forward,lilaLemma:88140,"<small><small>synset_id:&ensp;<a href=""https://www.openwordnet-pt.org/synset?id=01939553-v"" target=""_blank"">01939553-v</a></small></small><br>",<small><small>categoria:&ensp;movimento</small></small><br>,"<small><small>lexemas:</small></small>&ensp;conduzir, dirigir, guiar<br>",<small><small>conceito:</small>&ensp;impulsionar para a frente</small><br>,"<small><small>valências:&ensp;[ACT,DIR3,PAT] ou [ACT,EFF,PAT] ou [ACT,PAT,DIR3] ou [ACT,PAT]</small></small><br>"
ago,be a guiding or motivating force or drive,lilaLemma:88140,"<small><small>synset_id:&ensp;<a href=""https://www.openwordnet-pt.org/synset?id=02439732-v"" target=""_blank"">02439732-v</a></small></small><br>",<small><small>categoria:&ensp;relação social</small></small><br>,"<small><small>lexemas:</small></small>&ensp;conduzir, encaminhar, gerir, guiar<br>",<small><small>conceito:</small>&ensp;ser uma força motivadora ou orientadora</small><br>,"<small><small>valências:&ensp;[ACT,PAT] ou [ACT,PAT,DIR3] ou [ACT,EFF,PAT]</small></small><br>"
gero,direct the course of; manage or control,lilaLemma:104536,"<small><small>synset_id:&ensp;<a href=""https://www.openwordnet-pt.org/synset?id=02445509-v"" target=""_blank"">02445509-v</a></small></small><br>",<small><small>categoria:&ensp;relação social</small></small><br>,"<small><small>lexemas:</small></small>&ensp;conduzir, lidar<br>",<small><small>conceito:</small>&ensp;dirigir o curso de; gerenciar ou controlar</small><br>,"<small><small>valências:&ensp;[ACT,PAT]</small></small><br>"
habeo,direct the course of; manage or control,lilaLemma:105044,"<small><small>synset_id:&ensp;<a href=""https://www.openwordnet-pt.org/synset?id=02445509-v"" target=""_blank"">02445509-v</a></small></small><br>",<small><small>categoria:&ensp;relação social</small></small><br>,"<small><small>lexemas:</small></small>&ensp;conduzir, lidar<br>",<small><small>conceito:</small>&ensp;dirigir o curso de; gerenciar ou controlar</small><br>,"<small><small>valências:&ensp;[ACT,PAT]</small></small><br>"
ago,"lead, as in the performance of a composition",lilaLemma:88140,"<small><small>synset_id:&ensp;<a href=""https://www.openwordnet-pt.org/synset?id=01732921-v"" target=""_blank"">01732921-v</a></small></small><br>",<small><small>categoria:&ensp;criação</small></small><br>,"<small><small>lexemas:</small></small>&ensp;conduzir, reger<br>","<small><small>conceito:</small>&ensp;conduzir, como no desempenho de uma composição</small><br>","<small><small>valências:&ensp;[ACT,PAT]</small></small><br>"
ago,transmit or serve as the medium for transmission,lilaLemma:88140,"<small><small>synset_id:&ensp;<a href=""https://www.openwordnet-pt.org/synset?id=02079933-v"" target=""_blank"">02079933-v</a></small></small><br>",<small><small>categoria:&ensp;movimento</small></small><br>,"<small><small>lexemas:</small></small>&ensp;conduzir, transmitir, trazer<br>",<small><small>conceito:</small>&ensp;transmitir ou servir como meio de transmissão</small><br>,"<small><small>valências:&ensp;[ACT,ADDR,PAT] ou [ACT,DIR3,PAT] ou [ACT,PAT,ADDR] ou [ACT,PAT] ou [ACT,PAT,DIR1,DIR3] ou [ACT,PAT,DIR3]</small></small><br>"
do,transmit or serve as the medium for transmission,lilaLemma:99970,"<small><small>synset_id:&ensp;<a href=""https://www.openwordnet-pt.org/synset?id=02079933-v"" target=""_blank"">02079933-v</a></small></small><br>",<small><small>categoria:&ensp;movimento</small></small><br>,"<small><small>lexemas:</small></small>&ensp;conduzir, transmitir, trazer<br>",<small><small>conceito:</small>&ensp;transmitir ou servir como meio de transmissão</small><br>,"<small><small>valências:&ensp;[ACT,ADDR,PAT] ou [ACT,DIR3,PAT] ou [ACT,PAT,ADDR] ou [ACT,PAT] ou [ACT,PAT,DIR1,DIR3] ou [ACT,PAT,DIR3]</small></small><br>"
gero,transmit or serve as the medium for transmission,lilaLemma:104536,"<small><small>synset_id:&ensp;<a href=""https://www.openwordnet-pt.org/synset?id=02079933-v"" target=""_blank"">02079933-v</a></small></small><br>",<small><small>categoria:&ensp;movimento</small></small><br>,"<small><small>lexemas:</small></small>&ensp;conduzir, transmitir, trazer<br>",<small><small>conceito:</small>&ensp;transmitir ou servir como meio de transmissão</small><br>,"<small><small>valências:&ensp;[ACT,ADDR,PAT] ou [ACT,DIR3,PAT] ou [ACT,PAT,ADDR] ou [ACT,PAT] ou [ACT,PAT,DIR1,DIR3] ou [ACT,PAT,DIR3]</small></small><br>"
fides,a feeling of trust (in someone or something),lilaLemma:103260,"<small><small>synset_id:&ensp;<a href=""https://www.openwordnet-pt.org/synset?id=07526505-n"" target=""_blank"">07526505-n</a></small></small><br>",<small><small>categoria:&ensp;sentimento</small></small><br>,<small><small>lexemas:</small></small>&ensp;confiança<br>,<small><small>conceito:</small>&ensp;um sentimento de confiança (em alguém ou alguma coisa)</small><br>,"<small><small>valências:&ensp;[ACT] ou [ACT,PAT]</small></small><br>"
fides,a state of confident hopefulness that events will be favorable,lilaLemma:103260,"<small><small>synset_id:&ensp;<a href=""https://www.openwordnet-pt.org/synset?id=14483744-n"" target=""_blank"">14483744-n</a></small></small><br>",<small><small>categoria:&ensp;estado</small></small><br>,<small><small>lexemas:</small></small>&ensp;confiança<br>,,"<small><small>valências:&ensp;[ACT] ou [ACT,PAT]</small></small><br>"
fides,complete confidence in a person or plan etc,lilaLemma:103260,"<small><small>synset_id:&ensp;<a href=""https://www.openwordnet-pt.org/synset?id=05943066-n"" target=""_blank"">05943066-n</a></small></small><br>",<small><small>categoria:&ensp;cognição</small></small><br>,"<small><small>lexemas:</small></small>&ensp;confiança, fé<br>",,"<small><small>valências:&ensp;[ACT] ou [ACT,PAT] ou [PAT]</small></small><br>"
credo,reveal in private; tell confidentially,lilaLemma:96881,"<small><small>synset_id:&ensp;<a href=""https://www.openwordnet-pt.org/synset?id=00936465-v"" target=""_blank"">00936465-v</a></small></small><br>",<small><small>categoria:&ensp;comunicação</small></small><br>,<small><small>lexemas:</small></small>&ensp;confidenciar<br>,<small><small>conceito:</small>&ensp;revelar em privado; dizer confidencialmente</small><br>,"<small><small>valências:&ensp;[ACT,PAT]</small></small><br>"
sequor,establish or strengthen as with new evidence or facts,lilaLemma:124461,"<small><small>synset_id:&ensp;<a href=""https://www.openwordnet-pt.org/synset?id=00665886-v"" target=""_blank"">00665886-v</a></small></small><br>",<small><small>categoria:&ensp;cognição</small></small><br>,"<small><small>lexemas:</small></small>&ensp;confirmar, corroborar, provar, revalidar, substanciar, suportar, sustentar<br>",<small><small>conceito:</small>&ensp;estabelecer ou fortalecer com novas provas ou fatos</small><br>,"<small><small>valências:&ensp;[ACT,PAT] ou [ACT,PAT,EFF]</small></small><br>"
itaque,(sentence connectors) because of the reason given,lilaLemma:109129,"<small><small>synset_id:&ensp;<a href=""https://www.openwordnet-pt.org/synset?id=00062857-r"" target=""_blank"">00062857-r</a></small></small><br>",,"<small><small>lexemas:</small></small>&ensp;conformemente, correspondentemente, consequentemente<br>",,
cognosco,get to know; get acquainted with,lilaLemma:94738,"<small><small>synset_id:&ensp;<a href=""https://www.openwordnet-pt.org/synset?id=02596113-v"" target=""_blank"">02596113-v</a></small></small><br>",<small><small>categoria:&ensp;relação social</small></small><br>,<small><small>lexemas:</small></small>&ensp;conhecer<br>,,"<small><small>valências:&ensp;[ACT,PAT]</small></small><br>"
cognosco,be familiar or acquainted with a person or an object,lilaLemma:94738,"<small><small>synset_id:&ensp;<a href=""https://www.openwordnet-pt.org/synset?id=00594337-v"" target=""_blank"">00594337-v</a></small></small><br>",<small><small>categoria:&ensp;cognição</small></small><br>,<small><small>lexemas:</small></small>&ensp;conhecer<br>,,"<small><small>valências:&ensp;[ACT,PAT]</small></small><br>"
scio,be familiar or acquainted with a person or an object,lilaLemma:123732,"<small><small>synset_id:&ensp;<a href=""https://www.openwordnet-pt.org/synset?id=00594337-v"" target=""_blank"">00594337-v</a></small></small><br>",<small><small>categoria:&ensp;cognição</small></small><br>,<small><small>lexemas:</small></small>&ensp;conhecer<br>,,"<small><small>valências:&ensp;[ACT,PAT]</small></small><br>"
cognosco,be cognizant or aware of a fact or a specific piece of information; possess knowledge or information about,lilaLemma:94738,"<small><small>synset_id:&ensp;<a href=""https://www.openwordnet-pt.org/synset?id=00594621-v"" target=""_blank"">00594621-v</a></small></small><br>",<small><small>categoria:&ensp;cognição</small></small><br>,"<small><small>lexemas:</small></small>&ensp;conhecer, entender, saber<br>",<small><small>conceito:</small>&ensp;estar cientes ou conhecer um fato ou uma parte específica de informação</small><br>,"<small><small>valências:&ensp;[ACT,PAT]</small></small><br>"
habeo,be cognizant or aware of a fact or a specific piece of information; possess knowledge or information about,lilaLemma:105044,"<small><small>synset_id:&ensp;<a href=""https://www.openwordnet-pt.org/synset?id=00594621-v"" target=""_blank"">00594621-v</a></small></small><br>",<small><small>categoria:&ensp;cognição</small></small><br>,"<small><small>lexemas:</small></small>&ensp;conhecer, entender, saber<br>",<small><small>conceito:</small>&ensp;estar cientes ou conhecer um fato ou uma parte específica de informação</small><br>,"<small><small>valências:&ensp;[ACT,PAT]</small></small><br>"
scio,be cognizant or aware of a fact or a specific piece of information; possess knowledge or information about,lilaLemma:123732,"<small><small>synset_id:&ensp;<a href=""https://www.openwordnet-pt.org/synset?id=00594621-v"" target=""_blank"">00594621-v</a></small></small><br>",<small><small>categoria:&ensp;cognição</small></small><br>,"<small><small>lexemas:</small></small>&ensp;conhecer, entender, saber<br>",<small><small>conceito:</small>&ensp;estar cientes ou conhecer um fato ou uma parte específica de informação</small><br>,"<small><small>valências:&ensp;[ACT,PAT]</small></small><br>"
scio,"have firsthand knowledge of states, situations, emotions, or sensations",lilaLemma:123732,"<small><small>synset_id:&ensp;<a href=""https://www.openwordnet-pt.org/synset?id=00596644-v"" target=""_blank"">00596644-v</a></small></small><br>",<small><small>categoria:&ensp;cognição</small></small><br>,"<small><small>lexemas:</small></small>&ensp;conhecer, experimentar, saber, sentir, viver<br>",,"<small><small>valências:&ensp;[ACT,PAT]</small></small><br>"
do,"consent to, give permission",lilaLemma:99970,"<small><small>synset_id:&ensp;<a href=""https://www.openwordnet-pt.org/synset?id=00802318-v"" target=""_blank"">00802318-v</a></small></small><br>",<small><small>categoria:&ensp;comunicação</small></small><br>,"<small><small>lexemas:</small></small>&ensp;consentir, deixar, permitir<br>","<small><small>conceito:</small>&ensp;consentir vom, dar permissão</small><br>","<small><small>valências:&ensp;[ACT,ADDR,PAT] ou [ACT,PAT,ADDR] ou [ACT,PAT]</small></small><br>"
itaque,as a consequence,lilaLemma:109129,"<small><small>synset_id:&ensp;<a href=""https://www.openwordnet-pt.org/synset?id=00294459-r"" target=""_blank"">00294459-r</a></small></small><br>",,<small><small>lexemas:</small></small>&ensp;conseqüentemente<br>,,
teneo,"keep in a certain state, position, or activity; e.g.,",lilaLemma:127822,"<small><small>synset_id:&ensp;<a href=""https://www.openwordnet-pt.org/synset?id=02681795-v"" target=""_blank"">02681795-v</a></small></small><br>",<small><small>categoria:&ensp;estado</small></small><br>,"<small><small>lexemas:</small></small>&ensp;conservar, manter, reter<br>","<small><small>conceito:</small>&ensp;manter em um determinado estado, posição ou atividade;</small><br>","<small><small>valências:&ensp;[ACT,PAT] ou [ACT,PAT,TOWH] ou [ACT,EFF,PAT]</small></small><br>"
capio,"maintain (a theory, thoughts, or feelings)",lilaLemma:92686,"<small><small>synset_id:&ensp;<a href=""https://www.openwordnet-pt.org/synset?id=01773130-v"" target=""_blank"">01773130-v</a></small></small><br>",<small><small>categoria:&ensp;emoção</small></small><br>,"<small><small>lexemas:</small></small>&ensp;considerar, entreter, guardar, manter, sustentar<br>",,"<small><small>valências:&ensp;[ACT,PAT]</small></small><br>"
gero,"maintain (a theory, thoughts, or feelings)",lilaLemma:104536,"<small><small>synset_id:&ensp;<a href=""https://www.openwordnet-pt.org/synset?id=01773130-v"" target=""_blank"">01773130-v</a></small></small><br>",<small><small>categoria:&ensp;emoção</small></small><br>,"<small><small>lexemas:</small></small>&ensp;considerar, entreter, guardar, manter, sustentar<br>",,"<small><small>valências:&ensp;[ACT,PAT]</small></small><br>"
uideo,keep in mind or convey as a conviction or view,lilaLemma:130163,"<small><small>synset_id:&ensp;<a href=""https://www.openwordnet-pt.org/synset?id=00693780-v"" target=""_blank"">00693780-v</a></small></small><br>",<small><small>categoria:&ensp;cognição</small></small><br>,"<small><small>lexemas:</small></small>&ensp;considerar, julgar, manter<br>","<small><small>conceito:</small>&ensp;Ter em mente ou transmitir, como convicção ou opinião</small><br>","<small><small>valências:&ensp;[ACT,PAT,EFF]</small></small><br>"
credo,give careful consideration to,lilaLemma:96881,"<small><small>synset_id:&ensp;<a href=""https://www.openwordnet-pt.org/synset?id=02166460-v"" target=""_blank"">02166460-v</a></small></small><br>",<small><small>categoria:&ensp;percepção</small></small><br>,"<small><small>lexemas:</small></small>&ensp;considerar, julgar, pensar<br>",,"<small><small>valências:&ensp;[ACT,PAT]</small></small><br>"
habeo,look on as or consider,lilaLemma:105044,"<small><small>synset_id:&ensp;<a href=""https://www.openwordnet-pt.org/synset?id=00689950-v"" target=""_blank"">00689950-v</a></small></small><br>",<small><small>categoria:&ensp;cognição</small></small><br>,"<small><small>lexemas:</small></small>&ensp;considerar, reputar<br>",<small><small>conceito:</small>&ensp;observar ou considerar</small><br>,"<small><small>valências:&ensp;[ACT,PAT] ou [ACT,EFF,PAT] ou [ACT,PAT,EFF]</small></small><br>"
uideo,look on as or consider,lilaLemma:130163,"<small><small>synset_id:&ensp;<a href=""https://www.openwordnet-pt.org/synset?id=00689950-v"" target=""_blank"">00689950-v</a></small></small><br>",<small><small>categoria:&ensp;cognição</small></small><br>,"<small><small>lexemas:</small></small>&ensp;considerar, reputar<br>",<small><small>conceito:</small>&ensp;observar ou considerar</small><br>,"<small><small>valências:&ensp;[ACT,PAT] ou [ACT,EFF,PAT] ou [ACT,PAT,EFF]</small></small><br>"
bonus,large or relatively large in number or amount or extent or degree,lilaLemma:91782,"<small><small>synset_id:&ensp;<a href=""https://www.openwordnet-pt.org/synset?id=00624026-a"" target=""_blank"">00624026-a</a></small></small><br>",,<small><small>lexemas:</small></small>&ensp;considerável<br>,,
do,give over to another for care or safekeeping,lilaLemma:99970,"<small><small>synset_id:&ensp;<a href=""https://www.openwordnet-pt.org/synset?id=02347637-v"" target=""_blank"">02347637-v</a></small></small><br>",<small><small>categoria:&ensp;posse</small></small><br>,<small><small>lexemas:</small></small>&ensp;consignar<br>,<small><small>conceito:</small>&ensp;dar para outro cuidar</small><br>,"<small><small>valências:&ensp;[ACT,PAT,ADDR]</small></small><br>"
lex,law determining the fundamental political principles of a government,lilaLemma:110351,"<small><small>synset_id:&ensp;<a href=""https://www.openwordnet-pt.org/synset?id=06533648-n"" target=""_blank"">06533648-n</a></small></small><br>",<small><small>categoria:&ensp;comunicação</small></small><br>,<small><small>lexemas:</small></small>&ensp;constituição<br>,,
facio,set up or lay the groundwork for,lilaLemma:102758,"<small><small>synset_id:&ensp;<a href=""https://www.openwordnet-pt.org/synset?id=01647229-v"" target=""_blank"">01647229-v</a></small></small><br>",<small><small>categoria:&ensp;criação</small></small><br>,"<small><small>lexemas:</small></small>&ensp;constituir, estabelecer, fundar<br>",<small><small>conceito:</small>&ensp;criar ou estabelecer as bases</small><br>,"<small><small>valências:&ensp;[ACT,PAT] ou [ACT,PAT,LOC]</small></small><br>"
pono,set up or lay the groundwork for,lilaLemma:118414,"<small><small>synset_id:&ensp;<a href=""https://www.openwordnet-pt.org/synset?id=01647229-v"" target=""_blank"">01647229-v</a></small></small><br>",<small><small>categoria:&ensp;criação</small></small><br>,"<small><small>lexemas:</small></small>&ensp;constituir, estabelecer, fundar<br>",<small><small>conceito:</small>&ensp;criar ou estabelecer as bases</small><br>,"<small><small>valências:&ensp;[ACT,PAT] ou [ACT,PAT,LOC]</small></small><br>"
pono,found or ground,lilaLemma:118414,"<small><small>synset_id:&ensp;<a href=""https://www.openwordnet-pt.org/synset?id=00637115-v"" target=""_blank"">00637115-v</a></small></small><br>",<small><small>categoria:&ensp;cognição</small></small><br>,<small><small>lexemas:</small></small>&ensp;construir<br>,,"<small><small>valências:&ensp;[ACT,LOC,PAT] ou [ACT,PAT]</small></small><br>"
do,create or manufacture a man-made product,lilaLemma:99970,"<small><small>synset_id:&ensp;<a href=""https://www.openwordnet-pt.org/synset?id=01621555-v"" target=""_blank"">01621555-v</a></small></small><br>",<small><small>categoria:&ensp;criação</small></small><br>,"<small><small>lexemas:</small></small>&ensp;construir, criar, fazer, produzir<br>",,"<small><small>valências:&ensp;[ACT,PAT] ou [ACT,EFF,PAT]</small></small><br>"
facio,create or manufacture a man-made product,lilaLemma:102758,"<small><small>synset_id:&ensp;<a href=""https://www.openwordnet-pt.org/synset?id=01621555-v"" target=""_blank"">01621555-v</a></small></small><br>",<small><small>categoria:&ensp;criação</small></small><br>,"<small><small>lexemas:</small></small>&ensp;construir, criar, fazer, produzir<br>",,"<small><small>valências:&ensp;[ACT,PAT] ou [ACT,EFF,PAT]</small></small><br>"
fero,create or manufacture a man-made product,lilaLemma:103126,"<small><small>synset_id:&ensp;<a href=""https://www.openwordnet-pt.org/synset?id=01621555-v"" target=""_blank"">01621555-v</a></small></small><br>",<small><small>categoria:&ensp;criação</small></small><br>,"<small><small>lexemas:</small></small>&ensp;construir, criar, fazer, produzir<br>",,"<small><small>valências:&ensp;[ACT,PAT] ou [ACT,EFF,PAT]</small></small><br>"
facio,make by combining materials and parts,lilaLemma:102758,"<small><small>synset_id:&ensp;<a href=""https://www.openwordnet-pt.org/synset?id=01654628-v"" target=""_blank"">01654628-v</a></small></small><br>",<small><small>categoria:&ensp;criação</small></small><br>,"<small><small>lexemas:</small></small>&ensp;construir, edificar<br>",,"<small><small>valências:&ensp;[ACT,PAT] ou [ACT,PAT,MEANS] ou [ACT,ADDR,PAT] ou [ACT,MEANS,PAT]</small></small><br>"
pono,"construct, build, or erect",lilaLemma:118414,"<small><small>synset_id:&ensp;<a href=""https://www.openwordnet-pt.org/synset?id=01661243-v"" target=""_blank"">01661243-v</a></small></small><br>",<small><small>categoria:&ensp;criação</small></small><br>,"<small><small>lexemas:</small></small>&ensp;construir, erigir<br>",,"<small><small>valências:&ensp;[ACT,PAT] ou [ACT,PAT,LOC]</small></small><br>"
senatus,a conference between two or more people to consider a particular question,lilaLemma:124309,"<small><small>synset_id:&ensp;<a href=""https://www.openwordnet-pt.org/synset?id=07143137-n"" target=""_blank"">07143137-n</a></small></small><br>",<small><small>categoria:&ensp;comunicação</small></small><br>,<small><small>lexemas:</small></small>&ensp;consulta<br>,,
dico,express in words,lilaLemma:99302,"<small><small>synset_id:&ensp;<a href=""https://www.openwordnet-pt.org/synset?id=01009240-v"" target=""_blank"">01009240-v</a></small></small><br>",<small><small>categoria:&ensp;comunicação</small></small><br>,"<small><small>lexemas:</small></small>&ensp;contar, dizer, falar<br>",<small><small>conceito:</small>&ensp;expressar em palavras</small><br>,"<small><small>valências:&ensp;[ACT,PAT] ou [ACT,ADDR,PAT] ou [ACT]</small></small><br>"
inquam,express in words,lilaLemma:108033,"<small><small>synset_id:&ensp;<a href=""https://www.openwordnet-pt.org/synset?id=01009240-v"" target=""_blank"">01009240-v</a></small></small><br>",<small><small>categoria:&ensp;comunicação</small></small><br>,"<small><small>lexemas:</small></small>&ensp;contar, dizer, falar<br>",<small><small>conceito:</small>&ensp;expressar em palavras</small><br>,"<small><small>valências:&ensp;[ACT,PAT] ou [ACT,ADDR,PAT] ou [ACT]</small></small><br>"
dico,let something be known,lilaLemma:99302,"<small><small>synset_id:&ensp;<a href=""https://www.openwordnet-pt.org/synset?id=00952524-v"" target=""_blank"">00952524-v</a></small></small><br>",<small><small>categoria:&ensp;comunicação</small></small><br>,"<small><small>lexemas:</small></small>&ensp;contar, informar<br>",<small><small>conceito:</small>&ensp;fazer com que algo seja conhecido</small><br>,"<small><small>valências:&ensp;[ACT,PAT] ou [ACT,PAT,ADDR]</small></small><br>"
fero,let something be known,lilaLemma:103126,"<small><small>synset_id:&ensp;<a href=""https://www.openwordnet-pt.org/synset?id=00952524-v"" target=""_blank"">00952524-v</a></small></small><br>",<small><small>categoria:&ensp;comunicação</small></small><br>,"<small><small>lexemas:</small></small>&ensp;contar, informar<br>",<small><small>conceito:</small>&ensp;fazer com que algo seja conhecido</small><br>,"<small><small>valências:&ensp;[ACT,PAT] ou [ACT,PAT,ADDR]</small></small><br>"
dico,narrate or give a detailed account of,lilaLemma:99302,"<small><small>synset_id:&ensp;<a href=""https://www.openwordnet-pt.org/synset?id=00953216-v"" target=""_blank"">00953216-v</a></small></small><br>",<small><small>categoria:&ensp;comunicação</small></small><br>,"<small><small>lexemas:</small></small>&ensp;contar, narrar, recontar<br>",<small><small>conceito:</small>&ensp;narrar ou dar um relato detalhado sobre</small><br>,"<small><small>valências:&ensp;[ACT,PAT] ou [ACT,ADDR,PAT]</small></small><br>"
animus,the state of being contented with your situation in life,lilaLemma:89094,"<small><small>synset_id:&ensp;<a href=""https://www.openwordnet-pt.org/synset?id=14412882-n"" target=""_blank"">14412882-n</a></small></small><br>",<small><small>categoria:&ensp;estado</small></small><br>,<small><small>lexemas:</small></small>&ensp;contentamento<br>,,
capio,be capable of holding or containing,lilaLemma:92686,"<small><small>synset_id:&ensp;<a href=""https://www.openwordnet-pt.org/synset?id=02701210-v"" target=""_blank"">02701210-v</a></small></small><br>",<small><small>categoria:&ensp;estado</small></small><br>,"<small><small>lexemas:</small></small>&ensp;conter, caber<br>",<small><small>conceito:</small>&ensp;ser capaz de manter ou conter</small><br>,"<small><small>valências:&ensp;[ACT,PAT]</small></small><br>"
capio,"hold back, as of a danger or an enemy; check the expansion or influence of",lilaLemma:92686,"<small><small>synset_id:&ensp;<a href=""https://www.openwordnet-pt.org/synset?id=01131473-v"" target=""_blank"">01131473-v</a></small></small><br>",<small><small>categoria:&ensp;competição</small></small><br>,"<small><small>lexemas:</small></small>&ensp;conter, resistir<br>",,"<small><small>valências:&ensp;[ACT,PAT]</small></small><br>"
teneo,conform one's action or practice to,lilaLemma:127822,"<small><small>synset_id:&ensp;<a href=""https://www.openwordnet-pt.org/synset?id=02578872-v"" target=""_blank"">02578872-v</a></small></small><br>",<small><small>categoria:&ensp;relação social</small></small><br>,"<small><small>lexemas:</small></small>&ensp;continuar, cumprir, manter, seguir<br>",<small><small>conceito:</small>&ensp;Manter sua ação ou prática de acordo com o combinado</small><br>,"<small><small>valências:&ensp;[ACT,PAT]</small></small><br>"
teneo,keep or maintain in unaltered condition; cause to remain or last,lilaLemma:127822,"<small><small>synset_id:&ensp;<a href=""https://www.openwordnet-pt.org/synset?id=02679899-v"" target=""_blank"">02679899-v</a></small></small><br>",<small><small>categoria:&ensp;estado</small></small><br>,"<small><small>lexemas:</small></small>&ensp;continuar, manter, preservar<br>",<small><small>conceito:</small>&ensp;fazer permanecer ou durar</small><br>,"<small><small>valências:&ensp;[ACT,PAT]</small></small><br>"
teneo,"continue a certain state, condition, or activity",lilaLemma:127822,"<small><small>synset_id:&ensp;<a href=""https://www.openwordnet-pt.org/synset?id=02684924-v"" target=""_blank"">02684924-v</a></small></small><br>",<small><small>categoria:&ensp;estado</small></small><br>,"<small><small>lexemas:</small></small>&ensp;continuar, permanecer, prosseguir, seguir<br>","<small><small>conceito:</small>&ensp;Continuar um determinado estado, condição, ou atividade</small><br>","<small><small>valências:&ensp;[ACT,DIR2] ou [ACT,PAT] ou [ACT] ou [ACT,TFHL] ou [ACT,DIR3] ou [ACT,EFF]</small></small><br>"
accipio,undergo (as of injuries and illnesses),lilaLemma:87119,"<small><small>synset_id:&ensp;<a href=""https://www.openwordnet-pt.org/synset?id=00065639-v"" target=""_blank"">00065639-v</a></small></small><br>",<small><small>categoria:&ensp;corpo</small></small><br>,"<small><small>lexemas:</small></small>&ensp;contrair, sofrer, ter<br>",<small><small>conceito:</small>&ensp;ser acometido de lesões e doenças</small><br>,"<small><small>valências:&ensp;[ACT,PAT] ou [ACT,CAUS]</small></small><br>"
capio,undergo (as of injuries and illnesses),lilaLemma:92686,"<small><small>synset_id:&ensp;<a href=""https://www.openwordnet-pt.org/synset?id=00065639-v"" target=""_blank"">00065639-v</a></small></small><br>",<small><small>categoria:&ensp;corpo</small></small><br>,"<small><small>lexemas:</small></small>&ensp;contrair, sofrer, ter<br>",<small><small>conceito:</small>&ensp;ser acometido de lesões e doenças</small><br>,"<small><small>valências:&ensp;[ACT,PAT] ou [ACT,CAUS]</small></small><br>"
facio,undergo (as of injuries and illnesses),lilaLemma:102758,"<small><small>synset_id:&ensp;<a href=""https://www.openwordnet-pt.org/synset?id=00065639-v"" target=""_blank"">00065639-v</a></small></small><br>",<small><small>categoria:&ensp;corpo</small></small><br>,"<small><small>lexemas:</small></small>&ensp;contrair, sofrer, ter<br>",<small><small>conceito:</small>&ensp;ser acometido de lesões e doenças</small><br>,"<small><small>valências:&ensp;[ACT,PAT] ou [ACT,CAUS]</small></small><br>"
fero,undergo (as of injuries and illnesses),lilaLemma:103126,"<small><small>synset_id:&ensp;<a href=""https://www.openwordnet-pt.org/synset?id=00065639-v"" target=""_blank"">00065639-v</a></small></small><br>",<small><small>categoria:&ensp;corpo</small></small><br>,"<small><small>lexemas:</small></small>&ensp;contrair, sofrer, ter<br>",<small><small>conceito:</small>&ensp;ser acometido de lesões e doenças</small><br>,"<small><small>valências:&ensp;[ACT,PAT] ou [ACT,CAUS]</small></small><br>"
habeo,undergo (as of injuries and illnesses),lilaLemma:105044,"<small><small>synset_id:&ensp;<a href=""https://www.openwordnet-pt.org/synset?id=00065639-v"" target=""_blank"">00065639-v</a></small></small><br>",<small><small>categoria:&ensp;corpo</small></small><br>,"<small><small>lexemas:</small></small>&ensp;contrair, sofrer, ter<br>",<small><small>conceito:</small>&ensp;ser acometido de lesões e doenças</small><br>,"<small><small>valências:&ensp;[ACT,PAT] ou [ACT,CAUS]</small></small><br>"
pars,the part played by a person in bringing about a result,lilaLemma:116084,"<small><small>synset_id:&ensp;<a href=""https://www.openwordnet-pt.org/synset?id=00787465-n"" target=""_blank"">00787465-n</a></small></small><br>",<small><small>categoria:&ensp;ação</small></small><br>,<small><small>lexemas:</small></small>&ensp;contribuição<br>,,<small><small>valências:&ensp;[MAT]</small></small><br>
capio,lessen the intensity of; temper; hold in restraint; hold or keep within limits,lilaLemma:92686,"<small><small>synset_id:&ensp;<a href=""https://www.openwordnet-pt.org/synset?id=02510337-v"" target=""_blank"">02510337-v</a></small></small><br>",<small><small>categoria:&ensp;relação social</small></small><br>,"<small><small>lexemas:</small></small>&ensp;controlar, limitar, refrear<br>",,"<small><small>valências:&ensp;[ACT,PAT] ou [ACT,ADDR,PAT] ou [ACT,EFF,PAT]</small></small><br>"
facio,handle and cause to function,lilaLemma:102758,"<small><small>synset_id:&ensp;<a href=""https://www.openwordnet-pt.org/synset?id=01224744-v"" target=""_blank"">01224744-v</a></small></small><br>",<small><small>categoria:&ensp;contato</small></small><br>,"<small><small>lexemas:</small></small>&ensp;controlar, operar<br>",<small><small>conceito:</small>&ensp;controlar e causar o funcionamento</small><br>,"<small><small>valências:&ensp;[ACT,PAT]</small></small><br>"
modus,discipline in personal and social activities,lilaLemma:112553,"<small><small>synset_id:&ensp;<a href=""https://www.openwordnet-pt.org/synset?id=04882968-n"" target=""_blank"">04882968-n</a></small></small><br>",<small><small>categoria:&ensp;atributo</small></small><br>,<small><small>lexemas:</small></small>&ensp;controle<br>,,<small><small>valências:&ensp;[PAT] ou [ACT]</small></small><br>
imperium,the activity of managing or exerting control over something,lilaLemma:106532,"<small><small>synset_id:&ensp;<a href=""https://www.openwordnet-pt.org/synset?id=00803617-n"" target=""_blank"">00803617-n</a></small></small><br>",<small><small>categoria:&ensp;ação</small></small><br>,"<small><small>lexemas:</small></small>&ensp;controle, controlo<br>",<small><small>conceito:</small>&ensp;a atividade de manejar ou exercer controle sobre algo</small><br>,"<small><small>valências:&ensp;[ACT,PAT]</small></small><br>"
capio,"make (someone) agree, understand, or realize the truth or validity of something",lilaLemma:92686,"<small><small>synset_id:&ensp;<a href=""https://www.openwordnet-pt.org/synset?id=00769553-v"" target=""_blank"">00769553-v</a></small></small><br>",<small><small>categoria:&ensp;comunicação</small></small><br>,"<small><small>lexemas:</small></small>&ensp;convencer, persuadir<br>","<small><small>conceito:</small>&ensp;fazer (alguém) concordar, entender ou perceber a verdade ou validade de algo</small><br>","<small><small>valências:&ensp;[ACT,PAT] ou [ACT,PAT,ADDR] ou [ACT,PAT,DIR1,DIR3] ou [ACT,EFF,PAT]</small></small><br>"
dico,express in speech,lilaLemma:99302,"<small><small>synset_id:&ensp;<a href=""https://www.openwordnet-pt.org/synset?id=00941990-v"" target=""_blank"">00941990-v</a></small></small><br>",<small><small>categoria:&ensp;comunicação</small></small><br>,"<small><small>lexemas:</small></small>&ensp;conversar, dizer, falar, proferir, verbalizar<br>",<small><small>conceito:</small>&ensp;expressar com a fala;</small><br>,"<small><small>valências:&ensp;[ACT,PAT] ou [ACT]</small></small><br>"
fides,any cognitive content held as true,lilaLemma:103260,"<small><small>synset_id:&ensp;<a href=""https://www.openwordnet-pt.org/synset?id=05941423-n"" target=""_blank"">05941423-n</a></small></small><br>",<small><small>categoria:&ensp;cognição</small></small><br>,"<small><small>lexemas:</small></small>&ensp;convicção, crença, fé, opinião<br>",,<small><small>valências:&ensp;[ACT]</small></small><br>
iudicium,any cognitive content held as true,lilaLemma:109170,"<small><small>synset_id:&ensp;<a href=""https://www.openwordnet-pt.org/synset?id=05941423-n"" target=""_blank"">05941423-n</a></small></small><br>",<small><small>categoria:&ensp;cognição</small></small><br>,"<small><small>lexemas:</small></small>&ensp;convicção, crença, fé, opinião<br>",,<small><small>valências:&ensp;[ACT]</small></small><br>
uoco,ask to enter,lilaLemma:130729,"<small><small>synset_id:&ensp;<a href=""https://www.openwordnet-pt.org/synset?id=01469770-v"" target=""_blank"">01469770-v</a></small></small><br>",<small><small>categoria:&ensp;contato</small></small><br>,<small><small>lexemas:</small></small>&ensp;convidar<br>,,"<small><small>valências:&ensp;[ACT,PAT]</small></small><br>"
iubeo,ask someone in a friendly way to do something,lilaLemma:109152,"<small><small>synset_id:&ensp;<a href=""https://www.openwordnet-pt.org/synset?id=00793580-v"" target=""_blank"">00793580-v</a></small></small><br>",<small><small>categoria:&ensp;comunicação</small></small><br>,"<small><small>lexemas:</small></small>&ensp;convidar, pedir<br>",<small><small>conceito:</small>&ensp;pedir a alguém de uma forma amigável para fazer algo</small><br>,"<small><small>valências:&ensp;[ACT,PAT,ADDR]</small></small><br>"
uoco,ask to come,lilaLemma:130729,"<small><small>synset_id:&ensp;<a href=""https://www.openwordnet-pt.org/synset?id=01041762-v"" target=""_blank"">01041762-v</a></small></small><br>",<small><small>categoria:&ensp;comunicação</small></small><br>,<small><small>lexemas:</small></small>&ensp;convocar<br>,,"<small><small>valências:&ensp;[ACT,DIR3,PAT] ou [ACT,PAT] ou [ACT,LOC,PAT]</small></small><br>"
animus,the locus of feelings and intuitions,lilaLemma:89094,"<small><small>synset_id:&ensp;<a href=""https://www.openwordnet-pt.org/synset?id=05919263-n"" target=""_blank"">05919263-n</a></small></small><br>",<small><small>categoria:&ensp;cognição</small></small><br>,<small><small>lexemas:</small></small>&ensp;coração<br>,,
animus,a quality of spirit that enables you to face danger or pain without showing fear,lilaLemma:89094,"<small><small>synset_id:&ensp;<a href=""https://www.openwordnet-pt.org/synset?id=04857083-n"" target=""_blank"">04857083-n</a></small></small><br>",<small><small>categoria:&ensp;atributo</small></small><br>,"<small><small>lexemas:</small></small>&ensp;coragem, denodo, ânimo<br>",,<small><small>valências:&ensp;[ACT]</small></small><br>
manus,a quality of spirit that enables you to face danger or pain without showing fear,lilaLemma:111585,"<small><small>synset_id:&ensp;<a href=""https://www.openwordnet-pt.org/synset?id=04857083-n"" target=""_blank"">04857083-n</a></small></small><br>",<small><small>categoria:&ensp;atributo</small></small><br>,"<small><small>lexemas:</small></small>&ensp;coragem, denodo, ânimo<br>",,<small><small>valências:&ensp;[ACT]</small></small><br>
uirtus,a quality of spirit that enables you to face danger or pain without showing fear,lilaLemma:130356,"<small><small>synset_id:&ensp;<a href=""https://www.openwordnet-pt.org/synset?id=04857083-n"" target=""_blank"">04857083-n</a></small></small><br>",<small><small>categoria:&ensp;atributo</small></small><br>,"<small><small>lexemas:</small></small>&ensp;coragem, denodo, ânimo<br>",,<small><small>valências:&ensp;[ACT]</small></small><br>
animus,the courage to carry on,lilaLemma:89094,"<small><small>synset_id:&ensp;<a href=""https://www.openwordnet-pt.org/synset?id=04857490-n"" target=""_blank"">04857490-n</a></small></small><br>",<small><small>categoria:&ensp;atributo</small></small><br>,"<small><small>lexemas:</small></small>&ensp;coragem, nervo<br>",,
corpus,an individual 3-dimensional object that has mass and that is distinguishable from other objects,lilaLemma:96667,"<small><small>synset_id:&ensp;<a href=""https://www.openwordnet-pt.org/synset?id=09224911-n"" target=""_blank"">09224911-n</a></small></small><br>",<small><small>categoria:&ensp;objeto</small></small><br>,<small><small>lexemas:</small></small>&ensp;corpo<br>,,
manus,an army unit usually consisting of two or more divisions and their support,lilaLemma:111585,"<small><small>synset_id:&ensp;<a href=""https://www.openwordnet-pt.org/synset?id=08212527-n"" target=""_blank"">08212527-n</a></small></small><br>",<small><small>categoria:&ensp;grupo</small></small><br>,<small><small>lexemas:</small></small>&ensp;corpo<br>,,
corpus,the body excluding the head and neck and limbs,lilaLemma:96667,"<small><small>synset_id:&ensp;<a href=""https://www.openwordnet-pt.org/synset?id=05549830-n"" target=""_blank"">05549830-n</a></small></small><br>",<small><small>categoria:&ensp;corpo</small></small><br>,"<small><small>lexemas:</small></small>&ensp;corpo, torso, tronco<br>",,
eo,"move along, of liquids",lilaLemma:101183,"<small><small>synset_id:&ensp;<a href=""https://www.openwordnet-pt.org/synset?id=02066939-v"" target=""_blank"">02066939-v</a></small></small><br>",<small><small>categoria:&ensp;movimento</small></small><br>,"<small><small>lexemas:</small></small>&ensp;correr, fluir, manar<br>",,"<small><small>valências:&ensp;[ACT,DIR3] ou [ACT,LOC] ou [ACT] ou [ACT,DIR1,DIR3,PAT] ou [ACT,PAT]</small></small><br>"
iudicium,an assembly (including one or more judges) to conduct judicial business,lilaLemma:109170,"<small><small>synset_id:&ensp;<a href=""https://www.openwordnet-pt.org/synset?id=08329453-n"" target=""_blank"">08329453-n</a></small></small><br>",<small><small>categoria:&ensp;grupo</small></small><br>,"<small><small>lexemas:</small></small>&ensp;corte, juizado, tribunal, tribunal de justiça<br>","<small><small>conceito:</small>&ensp;um conjunto de um ou mais juízes, que conduzem situacoes judiciais</small><br>",
iudicium,a room in which a lawcourt sits,lilaLemma:109170,"<small><small>synset_id:&ensp;<a href=""https://www.openwordnet-pt.org/synset?id=03120778-n"" target=""_blank"">03120778-n</a></small></small><br>",<small><small>categoria:&ensp;artefato</small></small><br>,"<small><small>lexemas:</small></small>&ensp;corte, tribunal<br>",<small><small>conceito:</small>&ensp;uma sala em que uma corte de justiça se reune</small><br>,
mos,an established custom,lilaLemma:112831,"<small><small>synset_id:&ensp;<a href=""https://www.openwordnet-pt.org/synset?id=05669034-n"" target=""_blank"">05669034-n</a></small></small><br>",<small><small>categoria:&ensp;cognição</small></small><br>,"<small><small>lexemas:</small></small>&ensp;costume, costumes, hábito, tradição<br>",,"<small><small>valências:&ensp;[ACT,ADDR] ou [ACT,ADDR,PAT] ou [ACT]</small></small><br>"
mos,accepted or habitual practice,lilaLemma:112831,"<small><small>synset_id:&ensp;<a href=""https://www.openwordnet-pt.org/synset?id=00413239-n"" target=""_blank"">00413239-n</a></small></small><br>",<small><small>categoria:&ensp;ação</small></small><br>,"<small><small>lexemas:</small></small>&ensp;costume, emprego, hábito<br>",<small><small>conceito:</small>&ensp;prática comum ou habitual</small><br>,"<small><small>valências:&ensp;[ACT,ADDR] ou [ACT,ADDR,PAT] ou [ACT,PAT] ou [ACT]</small></small><br>"
mos,a customary way of operation or behavior,lilaLemma:112831,"<small><small>synset_id:&ensp;<a href=""https://www.openwordnet-pt.org/synset?id=00410247-n"" target=""_blank"">00410247-n</a></small></small><br>",<small><small>categoria:&ensp;ação</small></small><br>,"<small><small>lexemas:</small></small>&ensp;costume, hábito<br>",<small><small>conceito:</small>&ensp;uma forma habitual de funcionamento ou comportamento</small><br>,"<small><small>valências:&ensp;[ACT,PAT]</small></small><br>"
fides,the quality of being believable or trustworthy,lilaLemma:103260,"<small><small>synset_id:&ensp;<a href=""https://www.openwordnet-pt.org/synset?id=04782878-n"" target=""_blank"">04782878-n</a></small></small><br>",<small><small>categoria:&ensp;atributo</small></small><br>,<small><small>lexemas:</small></small>&ensp;credibilidade<br>,,<small><small>valências:&ensp;[ACT]</small></small><br>
nomen,the temporary provision of money (usually at interest),lilaLemma:113797,"<small><small>synset_id:&ensp;<a href=""https://www.openwordnet-pt.org/synset?id=13398953-n"" target=""_blank"">13398953-n</a></small></small><br>",<small><small>categoria:&ensp;posse</small></small><br>,"<small><small>lexemas:</small></small>&ensp;crédito, empréstimo<br>",,
fides,a strong belief in a supernatural power or powers that control human destiny,lilaLemma:103260,"<small><small>synset_id:&ensp;<a href=""https://www.openwordnet-pt.org/synset?id=05946687-n"" target=""_blank"">05946687-n</a></small></small><br>",<small><small>categoria:&ensp;cognição</small></small><br>,"<small><small>lexemas:</small></small>&ensp;Crença religiosa, fé, religião<br>",,<small><small>valências:&ensp;[ACT]</small></small><br>
iudicium,a vague idea in which some confidence is placed,lilaLemma:109170,"<small><small>synset_id:&ensp;<a href=""https://www.openwordnet-pt.org/synset?id=05916739-n"" target=""_blank"">05916739-n</a></small></small><br>",<small><small>categoria:&ensp;cognição</small></small><br>,"<small><small>lexemas:</small></small>&ensp;crença, ideia, idéia, impressão, opinião<br>",,<small><small>valências:&ensp;[ACT]</small></small><br>
filius,a human offspring (son or daughter) of any age,lilaLemma:103307,"<small><small>synset_id:&ensp;<a href=""https://www.openwordnet-pt.org/synset?id=09918248-n"" target=""_blank"">09918248-n</a></small></small><br>",<small><small>categoria:&ensp;pessoa</small></small><br>,"<small><small>lexemas:</small></small>&ensp;criança, filho, menino<br>",<small><small>conceito:</small>&ensp;um filho ou filha de qualquer idade</small><br>,
genus,a human offspring (son or daughter) of any age,lilaLemma:104504,"<small><small>synset_id:&ensp;<a href=""https://www.openwordnet-pt.org/synset?id=09918248-n"" target=""_blank"">09918248-n</a></small></small><br>",<small><small>categoria:&ensp;pessoa</small></small><br>,"<small><small>lexemas:</small></small>&ensp;criança, filho, menino<br>",<small><small>conceito:</small>&ensp;um filho ou filha de qualquer idade</small><br>,
facio,bring into existence,lilaLemma:102758,"<small><small>synset_id:&ensp;<a href=""https://www.openwordnet-pt.org/synset?id=01753788-v"" target=""_blank"">01753788-v</a></small></small><br>",<small><small>categoria:&ensp;criação</small></small><br>,<small><small>lexemas:</small></small>&ensp;criar<br>,,"<small><small>valências:&ensp;[ACT,PAT]</small></small><br>"
modus,a basis for comparison; a reference point against which other things can be evaluated,lilaLemma:112553,"<small><small>synset_id:&ensp;<a href=""https://www.openwordnet-pt.org/synset?id=07260623-n"" target=""_blank"">07260623-n</a></small></small><br>",<small><small>categoria:&ensp;comunicação</small></small><br>,"<small><small>lexemas:</small></small>&ensp;critério, padrões<br>",,"<small><small>valências:&ensp;[ACT,PAT] ou [ACT] ou [MAT]</small></small><br>"
iudicium,the act of judging or assessing a person or situation or event,lilaLemma:109170,"<small><small>synset_id:&ensp;<a href=""https://www.openwordnet-pt.org/synset?id=00874067-n"" target=""_blank"">00874067-n</a></small></small><br>",<small><small>categoria:&ensp;ação</small></small><br>,"<small><small>lexemas:</small></small>&ensp;critica, julgamento, juízo<br>","<small><small>conceito:</small>&ensp;o ato de julgar ou avaliar uma pessoa, situação ou acontecimento</small><br>","<small><small>valências:&ensp;[ACT,PAT] ou [ACT]</small></small><br>"
accipio,"be in charge of, act on, or dispose of",lilaLemma:87119,"<small><small>synset_id:&ensp;<a href=""https://www.openwordnet-pt.org/synset?id=02436349-v"" target=""_blank"">02436349-v</a></small></small><br>",<small><small>categoria:&ensp;relação social</small></small><br>,"<small><small>lexemas:</small></small>&ensp;cuidar, guiar, lidar<br>",,"<small><small>valências:&ensp;[ACT,PAT]</small></small><br>"
do,get (something) done,lilaLemma:99970,"<small><small>synset_id:&ensp;<a href=""https://www.openwordnet-pt.org/synset?id=02561995-v"" target=""_blank"">02561995-v</a></small></small><br>",<small><small>categoria:&ensp;relação social</small></small><br>,"<small><small>lexemas:</small></small>&ensp;cumprir, desempenhar, realizar<br>",,"<small><small>valências:&ensp;[ACT,PAT] ou [ACT,PAT,BEN]</small></small><br>"
facio,get (something) done,lilaLemma:102758,"<small><small>synset_id:&ensp;<a href=""https://www.openwordnet-pt.org/synset?id=02561995-v"" target=""_blank"">02561995-v</a></small></small><br>",<small><small>categoria:&ensp;relação social</small></small><br>,"<small><small>lexemas:</small></small>&ensp;cumprir, desempenhar, realizar<br>",,"<small><small>valências:&ensp;[ACT,PAT] ou [ACT,PAT,BEN]</small></small><br>"
pecunia,a quantity of money,lilaLemma:116369,"<small><small>synset_id:&ensp;<a href=""https://www.openwordnet-pt.org/synset?id=13331198-n"" target=""_blank"">13331198-n</a></small></small><br>",<small><small>categoria:&ensp;posse</small></small><br>,<small><small>lexemas:</small></small>&ensp;custo<br>,,
audio,hear with intention,lilaLemma:90641,"<small><small>synset_id:&ensp;<a href=""https://www.openwordnet-pt.org/synset?id=02169891-v"" target=""_blank"">02169891-v</a></small></small><br>",<small><small>categoria:&ensp;percepção</small></small><br>,"<small><small>lexemas:</small></small>&ensp;dar atenção a, escutar, ouvir<br>",,"<small><small>valências:&ensp;[ACT,PAT]</small></small><br>"
credo,extend credit to,lilaLemma:96881,"<small><small>synset_id:&ensp;<a href=""https://www.openwordnet-pt.org/synset?id=02265726-v"" target=""_blank"">02265726-v</a></small></small><br>",<small><small>categoria:&ensp;posse</small></small><br>,<small><small>lexemas:</small></small>&ensp;dar credito<br>,,"<small><small>valências:&ensp;[ACT,ADDR,PAT]</small></small><br>"
do,give as a present; make a gift of,lilaLemma:99970,"<small><small>synset_id:&ensp;<a href=""https://www.openwordnet-pt.org/synset?id=02200686-v"" target=""_blank"">02200686-v</a></small></small><br>",<small><small>categoria:&ensp;posse</small></small><br>,"<small><small>lexemas:</small></small>&ensp;dar, dar de presente, entregar, oferecer, regalar<br>",,"<small><small>valências:&ensp;[ACT,ADDR,PAT] ou [ACT,PAT,ADDR]</small></small><br>"
do,transfer possession of something concrete or abstract to somebody,lilaLemma:99970,"<small><small>synset_id:&ensp;<a href=""https://www.openwordnet-pt.org/synset?id=02199590-v"" target=""_blank"">02199590-v</a></small></small><br>",<small><small>categoria:&ensp;posse</small></small><br>,"<small><small>lexemas:</small></small>&ensp;dar, entregar<br>",,"<small><small>valências:&ensp;[ACT,PAT,ADDR] ou [ACT,ADDR,PAT]</small></small><br>"
refero,give back,lilaLemma:122494,"<small><small>synset_id:&ensp;<a href=""https://www.openwordnet-pt.org/synset?id=02310007-v"" target=""_blank"">02310007-v</a></small></small><br>",<small><small>categoria:&ensp;posse</small></small><br>,"<small><small>lexemas:</small></small>&ensp;dar, entregar, retornar<br>",<small><small>conceito:</small>&ensp;dar de volta</small><br>,"<small><small>valências:&ensp;[ACT,PAT] ou [ACT,PAT,ADDR] ou [ACT,ADDR]</small></small><br>"
facio,organize or be responsible for,lilaLemma:102758,"<small><small>synset_id:&ensp;<a href=""https://www.openwordnet-pt.org/synset?id=01733477-v"" target=""_blank"">01733477-v</a></small></small><br>",<small><small>categoria:&ensp;criação</small></small><br>,"<small><small>lexemas:</small></small>&ensp;dar, fazer<br>",,"<small><small>valências:&ensp;[ACT,PAT]</small></small><br>"
do,"bestow, especially officially",lilaLemma:99970,"<small><small>synset_id:&ensp;<a href=""https://www.openwordnet-pt.org/synset?id=02317094-v"" target=""_blank"">02317094-v</a></small></small><br>",<small><small>categoria:&ensp;posse</small></small><br>,"<small><small>lexemas:</small></small>&ensp;dar, garantir, outorgar<br>","<small><small>conceito:</small>&ensp;conceder, especialmente oficialmente</small><br>","<small><small>valências:&ensp;[ACT,PAT,ADDR] ou [ACT,ADDR,PAT] ou [ACT,ADDR]</small></small><br>"
facio,be the cause or source of,lilaLemma:102758,"<small><small>synset_id:&ensp;<a href=""https://www.openwordnet-pt.org/synset?id=02339171-v"" target=""_blank"">02339171-v</a></small></small><br>",<small><small>categoria:&ensp;posse</small></small><br>,"<small><small>lexemas:</small></small>&ensp;dar, prover<br>",<small><small>conceito:</small>&ensp;ser a causa ou fonte de</small><br>,"<small><small>valências:&ensp;[ACT,EFF,PAT] ou [ACT,PAT,ADDR]</small></small><br>"
do,convey or reveal information,lilaLemma:99970,"<small><small>synset_id:&ensp;<a href=""https://www.openwordnet-pt.org/synset?id=02235842-v"" target=""_blank"">02235842-v</a></small></small><br>",<small><small>categoria:&ensp;posse</small></small><br>,"<small><small>lexemas:</small></small>&ensp;dar, revelar<br>",<small><small>conceito:</small>&ensp;transmitir ou revelar informações</small><br>,"<small><small>valências:&ensp;[ACT,PAT,ADDR]</small></small><br>"
do,transmit (knowledge or skills),lilaLemma:99970,"<small><small>synset_id:&ensp;<a href=""https://www.openwordnet-pt.org/synset?id=02296153-v"" target=""_blank"">02296153-v</a></small></small><br>",<small><small>categoria:&ensp;posse</small></small><br>,"<small><small>lexemas:</small></small>&ensp;dar, transmitir<br>",<small><small>conceito:</small>&ensp;transmitir (conhecimento ou habilidades)</small><br>,"<small><small>valências:&ensp;[ACT,PAT] ou [ACT,PAT,ADDR] ou [ACT,ADDR,PAT]</small></small><br>"
annus,a particular day specified as the time something happens,lilaLemma:89129,"<small><small>synset_id:&ensp;<a href=""https://www.openwordnet-pt.org/synset?id=15159819-n"" target=""_blank"">15159819-n</a></small></small><br>",<small><small>categoria:&ensp;tempo</small></small><br>,<small><small>lexemas:</small></small>&ensp;data<br>,,
bene,in an enjoyable manner,lilaLemma:91473,"<small><small>synset_id:&ensp;<a href=""https://www.openwordnet-pt.org/synset?id=00219110-r"" target=""_blank"">00219110-r</a></small></small><br>",,"<small><small>lexemas:</small></small>&ensp;de maneira agradável, agradavelmente<br>",,
magis,more readily or willingly,lilaLemma:111271,"<small><small>synset_id:&ensp;<a href=""https://www.openwordnet-pt.org/synset?id=00115554-r"" target=""_blank"">00115554-r</a></small></small><br>",,"<small><small>lexemas:</small></small>&ensp;de preferência, preferivelmente, preferencialmente<br>",,
consilium,an exchange of views on some topic,lilaLemma:96060,"<small><small>synset_id:&ensp;<a href=""https://www.openwordnet-pt.org/synset?id=07140659-n"" target=""_blank"">07140659-n</a></small></small><br>",<small><small>categoria:&ensp;comunicação</small></small><br>,"<small><small>lexemas:</small></small>&ensp;debate, discussão<br>",,"<small><small>valências:&ensp;[ACT] ou [ACT,PAT]</small></small><br>"
consilium,a discussion in which reasons are advanced for and against some proposition or proposal,lilaLemma:96060,"<small><small>synset_id:&ensp;<a href=""https://www.openwordnet-pt.org/synset?id=07140978-n"" target=""_blank"">07140978-n</a></small></small><br>",<small><small>categoria:&ensp;comunicação</small></small><br>,"<small><small>lexemas:</small></small>&ensp;debate, discussão<br>",,"<small><small>valências:&ensp;[ACT,PAT] ou [ACT] ou [ACMP,ACT,PAT] ou [ACT,ADDR,PAT]</small></small><br>"
consilium,the formal presentation of a stated proposition and the opposition to it (usually followed by a vote),lilaLemma:96060,"<small><small>synset_id:&ensp;<a href=""https://www.openwordnet-pt.org/synset?id=07242104-n"" target=""_blank"">07242104-n</a></small></small><br>",<small><small>categoria:&ensp;comunicação</small></small><br>,"<small><small>lexemas:</small></small>&ensp;debate, disputa<br>",,<small><small>valências:&ensp;[ACT]</small></small><br>
consilium,the trait of resoluteness as evidenced by firmness of character or purpose,lilaLemma:96060,"<small><small>synset_id:&ensp;<a href=""https://www.openwordnet-pt.org/synset?id=04863969-n"" target=""_blank"">04863969-n</a></small></small><br>",<small><small>categoria:&ensp;atributo</small></small><br>,<small><small>lexemas:</small></small>&ensp;decisão<br>,,<small><small>valências:&ensp;[ACT]</small></small><br>
consilium,a position or opinion or judgment reached after consideration,lilaLemma:96060,"<small><small>synset_id:&ensp;<a href=""https://www.openwordnet-pt.org/synset?id=05838176-n"" target=""_blank"">05838176-n</a></small></small><br>",<small><small>categoria:&ensp;cognição</small></small><br>,"<small><small>lexemas:</small></small>&ensp;decisão, determinação, resolução<br>",<small><small>conceito:</small>&ensp;Uma posição ou opinião ou decisão chegada após consideração</small><br>,<small><small>valências:&ensp;[ACT]</small></small><br>
iudicium,a position or opinion or judgment reached after consideration,lilaLemma:109170,"<small><small>synset_id:&ensp;<a href=""https://www.openwordnet-pt.org/synset?id=05838176-n"" target=""_blank"">05838176-n</a></small></small><br>",<small><small>categoria:&ensp;cognição</small></small><br>,"<small><small>lexemas:</small></small>&ensp;decisão, determinação, resolução<br>",<small><small>conceito:</small>&ensp;Uma posição ou opinião ou decisão chegada após consideração</small><br>,<small><small>valências:&ensp;[ACT]</small></small><br>
consilium,the act of making up your mind about something,lilaLemma:96060,"<small><small>synset_id:&ensp;<a href=""https://www.openwordnet-pt.org/synset?id=00162632-n"" target=""_blank"">00162632-n</a></small></small><br>",<small><small>categoria:&ensp;ação</small></small><br>,"<small><small>lexemas:</small></small>&ensp;decisão, resolução<br>",<small><small>conceito:</small>&ensp;o ato de se decidir sobre alguma coisa</small><br>,"<small><small>valências:&ensp;[ACT] ou [ACT,PAT]</small></small><br>"
dico,state firmly,lilaLemma:99302,"<small><small>synset_id:&ensp;<a href=""https://www.openwordnet-pt.org/synset?id=00820801-v"" target=""_blank"">00820801-v</a></small></small><br>",<small><small>categoria:&ensp;comunicação</small></small><br>,<small><small>lexemas:</small></small>&ensp;declarar<br>,,"<small><small>valências:&ensp;[ACT,PAT] ou [ACT,ADDR,PAT]</small></small><br>"
iubeo,decide with authority,lilaLemma:109152,"<small><small>synset_id:&ensp;<a href=""https://www.openwordnet-pt.org/synset?id=00715868-v"" target=""_blank"">00715868-v</a></small></small><br>",<small><small>categoria:&ensp;cognição</small></small><br>,<small><small>lexemas:</small></small>&ensp;decretar<br>,<small><small>conceito:</small>&ensp;decidir com autoridade</small><br>,"<small><small>valências:&ensp;[ACT,PAT]</small></small><br>"
dico,reveal information,lilaLemma:99302,"<small><small>synset_id:&ensp;<a href=""https://www.openwordnet-pt.org/synset?id=00952841-v"" target=""_blank"">00952841-v</a></small></small><br>",<small><small>categoria:&ensp;comunicação</small></small><br>,"<small><small>lexemas:</small></small>&ensp;dedurar, falar demais<br>",<small><small>conceito:</small>&ensp;revelar informações</small><br>,"<small><small>valências:&ensp;[ACT,PAT]</small></small><br>"
teneo,"maintain in safety from injury, harm, or danger",lilaLemma:127822,"<small><small>synset_id:&ensp;<a href=""https://www.openwordnet-pt.org/synset?id=02733122-v"" target=""_blank"">02733122-v</a></small></small><br>",<small><small>categoria:&ensp;estado</small></small><br>,"<small><small>lexemas:</small></small>&ensp;defender, manter, preservar, protejer<br>","<small><small>conceito:</small>&ensp;Manter em segurança de injuria, dano, ou perigo</small><br>","<small><small>valências:&ensp;[ACT,PAT] ou [ACT,PAT,ADDR] ou [ACT,EFF,PAT]</small></small><br>"
iudicium,an attitude of admiration or esteem,lilaLemma:109170,"<small><small>synset_id:&ensp;<a href=""https://www.openwordnet-pt.org/synset?id=06206800-n"" target=""_blank"">06206800-n</a></small></small><br>",<small><small>categoria:&ensp;cognição</small></small><br>,"<small><small>lexemas:</small></small>&ensp;deferência, respeito<br>",,"<small><small>valências:&ensp;[ACT,PAT] ou [ACT]</small></small><br>"
deus,any supernatural being worshipped as controlling some part of the world or some aspect of life or who is the personification of a force,lilaLemma:99132,"<small><small>synset_id:&ensp;<a href=""https://www.openwordnet-pt.org/synset?id=09505418-n"" target=""_blank"">09505418-n</a></small></small><br>",<small><small>categoria:&ensp;pessoa</small></small><br>,"<small><small>lexemas:</small></small>&ensp;Deidades, Deus, deidade, deus, deusa, divindade, divinidade<br>",,
relinquo,be survived by after one's death,lilaLemma:122569,"<small><small>synset_id:&ensp;<a href=""https://www.openwordnet-pt.org/synset?id=00360092-v"" target=""_blank"">00360092-v</a></small></small><br>",<small><small>categoria:&ensp;mudança</small></small><br>,<small><small>lexemas:</small></small>&ensp;deixar<br>,,"<small><small>valências:&ensp;[ACT,PAT]</small></small><br>"
mitto,let fall to the ground,lilaLemma:112499,"<small><small>synset_id:&ensp;<a href=""https://www.openwordnet-pt.org/synset?id=01977701-v"" target=""_blank"">01977701-v</a></small></small><br>",<small><small>categoria:&ensp;movimento</small></small><br>,"<small><small>lexemas:</small></small>&ensp;deixar cair, largar, soltar<br>",,"<small><small>valências:&ensp;[ACT,PAT] ou [ACT,DIR3,PAT]</small></small><br>"
relinquo,go away or leave,lilaLemma:122569,"<small><small>synset_id:&ensp;<a href=""https://www.openwordnet-pt.org/synset?id=02008396-v"" target=""_blank"">02008396-v</a></small></small><br>",<small><small>categoria:&ensp;movimento</small></small><br>,"<small><small>lexemas:</small></small>&ensp;deixar, departir, partir, sair<br>",<small><small>conceito:</small>&ensp;ir embora ou partir</small><br>,"<small><small>valências:&ensp;[ACT,DIR1] ou [ACT,ORIG] ou [ACT,PAT] ou [ACT]</small></small><br>"
facio,give certain properties to something,lilaLemma:102758,"<small><small>synset_id:&ensp;<a href=""https://www.openwordnet-pt.org/synset?id=00120316-v"" target=""_blank"">00120316-v</a></small></small><br>",<small><small>categoria:&ensp;mudança</small></small><br>,"<small><small>lexemas:</small></small>&ensp;deixar, fazer<br>",<small><small>conceito:</small>&ensp;dar certa propriedades a algo</small><br>,"<small><small>valências:&ensp;[ACT,PAT] ou [ACT,EFF,PAT]</small></small><br>"
do,make it possible through a specific action or lack of action for something to happen,lilaLemma:99970,"<small><small>synset_id:&ensp;<a href=""https://www.openwordnet-pt.org/synset?id=02423183-v"" target=""_blank"">02423183-v</a></small></small><br>",<small><small>categoria:&ensp;relação social</small></small><br>,"<small><small>lexemas:</small></small>&ensp;deixar, permitir, possibilitar<br>",,"<small><small>valências:&ensp;[ACT,PAT] ou [ACT,PAT,ADDR] ou [ACT,EFF,PAT] ou [ACT]</small></small><br>"
fero,make it possible through a specific action or lack of action for something to happen,lilaLemma:103126,"<small><small>synset_id:&ensp;<a href=""https://www.openwordnet-pt.org/synset?id=02423183-v"" target=""_blank"">02423183-v</a></small></small><br>",<small><small>categoria:&ensp;relação social</small></small><br>,"<small><small>lexemas:</small></small>&ensp;deixar, permitir, possibilitar<br>",,"<small><small>valências:&ensp;[ACT,PAT] ou [ACT,PAT,ADDR] ou [ACT,EFF,PAT] ou [ACT]</small></small><br>"
scribo,make a mark or lines on a surface,lilaLemma:123840,"<small><small>synset_id:&ensp;<a href=""https://www.openwordnet-pt.org/synset?id=01582645-v"" target=""_blank"">01582645-v</a></small></small><br>",<small><small>categoria:&ensp;contato</small></small><br>,"<small><small>lexemas:</small></small>&ensp;delinear, traçar<br>",,"<small><small>valências:&ensp;[ACT,PAT]</small></small><br>"
capio,claim as due or just,lilaLemma:92686,"<small><small>synset_id:&ensp;<a href=""https://www.openwordnet-pt.org/synset?id=01017826-v"" target=""_blank"">01017826-v</a></small></small><br>",<small><small>categoria:&ensp;comunicação</small></small><br>,"<small><small>lexemas:</small></small>&ensp;demandar, exigir<br>",,"<small><small>valências:&ensp;[ACT,PAT] ou [ACT,ADDR,PAT]</small></small><br>"
iubeo,request urgently and forcefully,lilaLemma:109152,"<small><small>synset_id:&ensp;<a href=""https://www.openwordnet-pt.org/synset?id=00754942-v"" target=""_blank"">00754942-v</a></small></small><br>",<small><small>categoria:&ensp;comunicação</small></small><br>,"<small><small>lexemas:</small></small>&ensp;demandar, exigir<br>",<small><small>conceito:</small>&ensp;pedido com urgência e força</small><br>,"<small><small>valências:&ensp;[ACT,PAT] ou [ACT,PAT,ADDR] ou [ACT,ADDR,PAT]</small></small><br>"
quaero,request urgently and forcefully,lilaLemma:121047,"<small><small>synset_id:&ensp;<a href=""https://www.openwordnet-pt.org/synset?id=00754942-v"" target=""_blank"">00754942-v</a></small></small><br>",<small><small>categoria:&ensp;comunicação</small></small><br>,"<small><small>lexemas:</small></small>&ensp;demandar, exigir<br>",<small><small>conceito:</small>&ensp;pedido com urgência e força</small><br>,"<small><small>valências:&ensp;[ACT,PAT] ou [ACT,PAT,ADDR] ou [ACT,ADDR,PAT]</small></small><br>"
quaero,claim as due or just,lilaLemma:121047,"<small><small>synset_id:&ensp;<a href=""https://www.openwordnet-pt.org/synset?id=01017826-v"" target=""_blank"">01017826-v</a></small></small><br>",<small><small>categoria:&ensp;comunicação</small></small><br>,"<small><small>lexemas:</small></small>&ensp;demandar, exigir<br>",,"<small><small>valências:&ensp;[ACT,PAT] ou [ACT,ADDR,PAT]</small></small><br>"
peto,"require as useful, just, or proper",lilaLemma:117549,"<small><small>synset_id:&ensp;<a href=""https://www.openwordnet-pt.org/synset?id=02627934-v"" target=""_blank"">02627934-v</a></small></small><br>",<small><small>categoria:&ensp;estado</small></small><br>,"<small><small>lexemas:</small></small>&ensp;demandar, exigir, precisar, requerer, requisitar<br>","<small><small>conceito:</small>&ensp;requerer como util, correto ou apropriado.</small><br>","<small><small>valências:&ensp;[ACT,PAT] ou [ACT] ou [ACT,ADDR,PAT]</small></small><br>"
quaero,"require as useful, just, or proper",lilaLemma:121047,"<small><small>synset_id:&ensp;<a href=""https://www.openwordnet-pt.org/synset?id=02627934-v"" target=""_blank"">02627934-v</a></small></small><br>",<small><small>categoria:&ensp;estado</small></small><br>,"<small><small>lexemas:</small></small>&ensp;demandar, exigir, precisar, requerer, requisitar<br>","<small><small>conceito:</small>&ensp;requerer como util, correto ou apropriado.</small><br>","<small><small>valências:&ensp;[ACT,PAT] ou [ACT] ou [ACT,ADDR,PAT]</small></small><br>"
mitto,terminate the employment of; discharge from an office or position,lilaLemma:112499,"<small><small>synset_id:&ensp;<a href=""https://www.openwordnet-pt.org/synset?id=02402825-v"" target=""_blank"">02402825-v</a></small></small><br>",<small><small>categoria:&ensp;relação social</small></small><br>,"<small><small>lexemas:</small></small>&ensp;demitir, desempregar, despedir, destituir<br>",<small><small>conceito:</small>&ensp;terminar o emprego de; demitir de um cargo ou posição</small><br>,"<small><small>valências:&ensp;[ACT,PAT,DIR1] ou [ACT,PAT] ou [ACT,DIR1,PAT]</small></small><br>"
periculum,a formal series of statements showing that if one thing is true something else necessarily follows from it,lilaLemma:116930,"<small><small>synset_id:&ensp;<a href=""https://www.openwordnet-pt.org/synset?id=06647614-n"" target=""_blank"">06647614-n</a></small></small><br>",<small><small>categoria:&ensp;comunicação</small></small><br>,"<small><small>lexemas:</small></small>&ensp;demonstração, evidência, prova<br>",,"<small><small>valências:&ensp;[PAT] ou [ACT,PAT]</small></small><br>"
eo,leave,lilaLemma:101183,"<small><small>synset_id:&ensp;<a href=""https://www.openwordnet-pt.org/synset?id=02014165-v"" target=""_blank"">02014165-v</a></small></small><br>",<small><small>categoria:&ensp;movimento</small></small><br>,"<small><small>lexemas:</small></small>&ensp;departir, partir, sair<br>",,"<small><small>valências:&ensp;[ACT,DIR1] ou [ACT,PAT] ou [ACT]</small></small><br>"
credo,put trust in with confidence,lilaLemma:96881,"<small><small>synset_id:&ensp;<a href=""https://www.openwordnet-pt.org/synset?id=02664017-v"" target=""_blank"">02664017-v</a></small></small><br>",<small><small>categoria:&ensp;estado</small></small><br>,<small><small>lexemas:</small></small>&ensp;depender<br>,,"<small><small>valências:&ensp;[ACT,PAT] ou [ACT,BEN]</small></small><br>"
deinde,at the time or occasion immediately following,lilaLemma:98386,"<small><small>synset_id:&ensp;<a href=""https://www.openwordnet-pt.org/synset?id=00054212-r"" target=""_blank"">00054212-r</a></small></small><br>",,"<small><small>lexemas:</small></small>&ensp;depois, a seguir, próximo, seguinte<br>",,
pono,put into a bank account,lilaLemma:118414,"<small><small>synset_id:&ensp;<a href=""https://www.openwordnet-pt.org/synset?id=02310855-v"" target=""_blank"">02310855-v</a></small></small><br>",<small><small>categoria:&ensp;posse</small></small><br>,<small><small>lexemas:</small></small>&ensp;depositar<br>,,"<small><small>valências:&ensp;[ACT,PAT]</small></small><br>"
causa,(descriptive linguistics) the process whereby new words are formed from existing words or bases by affixation,lilaLemma:93253,"<small><small>synset_id:&ensp;<a href=""https://www.openwordnet-pt.org/synset?id=13462387-n"" target=""_blank"">13462387-n</a></small></small><br>",<small><small>categoria:&ensp;processo</small></small><br>,<small><small>lexemas:</small></small>&ensp;derivação<br>,,"<small><small>valências:&ensp;[PAT] ou [ACT,PAT,DIR1]</small></small><br>"
mitto,pour forth or release,lilaLemma:112499,"<small><small>synset_id:&ensp;<a href=""https://www.openwordnet-pt.org/synset?id=01377032-v"" target=""_blank"">01377032-v</a></small></small><br>",<small><small>categoria:&ensp;contato</small></small><br>,"<small><small>lexemas:</small></small>&ensp;derramar, desaguar<br>",,"<small><small>valências:&ensp;[ACT,PAT] ou [ACT,DIR3,PAT] ou [ACT,LOC,PAT] ou [ACT,PAT,LOC]</small></small><br>"
teneo,get on top of; deal with successfully,lilaLemma:127822,"<small><small>synset_id:&ensp;<a href=""https://www.openwordnet-pt.org/synset?id=01108627-v"" target=""_blank"">01108627-v</a></small></small><br>",<small><small>categoria:&ensp;competição</small></small><br>,"<small><small>lexemas:</small></small>&ensp;derrotar, subjugar, superar, ultrapassar, vencer<br>",,"<small><small>valências:&ensp;[ACT,PAT]</small></small><br>"
uinco,get on top of; deal with successfully,lilaLemma:130232,"<small><small>synset_id:&ensp;<a href=""https://www.openwordnet-pt.org/synset?id=01108627-v"" target=""_blank"">01108627-v</a></small></small><br>",<small><small>categoria:&ensp;competição</small></small><br>,"<small><small>lexemas:</small></small>&ensp;derrotar, subjugar, superar, ultrapassar, vencer<br>",,"<small><small>valências:&ensp;[ACT,PAT]</small></small><br>"
capio,"overcome, usually through no fault or weakness of the person that is overcome",lilaLemma:92686,"<small><small>synset_id:&ensp;<a href=""https://www.openwordnet-pt.org/synset?id=01104018-v"" target=""_blank"">01104018-v</a></small></small><br>",<small><small>categoria:&ensp;competição</small></small><br>,"<small><small>lexemas:</small></small>&ensp;derrotar, superar, ultrapassar, vencer<br>",,"<small><small>valências:&ensp;[ACT,PAT]</small></small><br>"
uinco,win a victory over,lilaLemma:130232,"<small><small>synset_id:&ensp;<a href=""https://www.openwordnet-pt.org/synset?id=01108148-v"" target=""_blank"">01108148-v</a></small></small><br>",<small><small>categoria:&ensp;competição</small></small><br>,"<small><small>lexemas:</small></small>&ensp;derrotar, superar, vencer<br>",,"<small><small>valências:&ensp;[ACT,PAT]</small></small><br>"
mitto,cause to fall off,lilaLemma:112499,"<small><small>synset_id:&ensp;<a href=""https://www.openwordnet-pt.org/synset?id=01527754-v"" target=""_blank"">01527754-v</a></small></small><br>",<small><small>categoria:&ensp;contato</small></small><br>,"<small><small>lexemas:</small></small>&ensp;derrubar, desmontar<br>",<small><small>conceito:</small>&ensp;fazer cair</small><br>,"<small><small>valências:&ensp;[ACT,DIR3,PAT] ou [ACT,PAT,LOC]</small></small><br>"
eo,"break down, literally or metaphorically",lilaLemma:101183,"<small><small>synset_id:&ensp;<a href=""https://www.openwordnet-pt.org/synset?id=01989053-v"" target=""_blank"">01989053-v</a></small></small><br>",<small><small>categoria:&ensp;movimento</small></small><br>,"<small><small>lexemas:</small></small>&ensp;desabar, ruir, desmoronar, colapsar, quebrar<br>","<small><small>conceito:</small>&ensp;quebrar, literalmente ou metaforicamente</small><br>","<small><small>valências:&ensp;[ACT] ou [ACT,LOC] ou [ACT,PAT] ou [ACT,DIR3]</small></small><br>"
causa,the descendants of one individual,lilaLemma:93253,"<small><small>synset_id:&ensp;<a href=""https://www.openwordnet-pt.org/synset?id=08101937-n"" target=""_blank"">08101937-n</a></small></small><br>",<small><small>categoria:&ensp;grupo</small></small><br>,"<small><small>lexemas:</small></small>&ensp;descendência, família, linhagem, sangue<br>",,<small><small>valências:&ensp;[PAT]</small></small><br>
genus,the descendants of one individual,lilaLemma:104504,"<small><small>synset_id:&ensp;<a href=""https://www.openwordnet-pt.org/synset?id=08101937-n"" target=""_blank"">08101937-n</a></small></small><br>",<small><small>categoria:&ensp;grupo</small></small><br>,"<small><small>lexemas:</small></small>&ensp;descendência, família, linhagem, sangue<br>",,<small><small>valências:&ensp;[PAT]</small></small><br>
nomen,the descendants of one individual,lilaLemma:113797,"<small><small>synset_id:&ensp;<a href=""https://www.openwordnet-pt.org/synset?id=08101937-n"" target=""_blank"">08101937-n</a></small></small><br>",<small><small>categoria:&ensp;grupo</small></small><br>,"<small><small>lexemas:</small></small>&ensp;descendência, família, linhagem, sangue<br>",,<small><small>valências:&ensp;[PAT]</small></small><br>
genus,the kinship relation between an individual and the individual's progenitors,lilaLemma:104504,"<small><small>synset_id:&ensp;<a href=""https://www.openwordnet-pt.org/synset?id=13813042-n"" target=""_blank"">13813042-n</a></small></small><br>",<small><small>categoria:&ensp;relação</small></small><br>,"<small><small>lexemas:</small></small>&ensp;descendência, linhagem<br>",,<small><small>valências:&ensp;[PAT]</small></small><br>
genus,the immediate descendants of a person,lilaLemma:104504,"<small><small>synset_id:&ensp;<a href=""https://www.openwordnet-pt.org/synset?id=10373998-n"" target=""_blank"">10373998-n</a></small></small><br>",<small><small>categoria:&ensp;pessoa</small></small><br>,"<small><small>lexemas:</small></small>&ensp;descendente, descendência, filho<br>",,<small><small>valências:&ensp;[ACT]</small></small><br>
teneo,trap; especially in an error or in a reprehensible act,lilaLemma:127822,"<small><small>synset_id:&ensp;<a href=""https://www.openwordnet-pt.org/synset?id=00731574-v"" target=""_blank"">00731574-v</a></small></small><br>",<small><small>categoria:&ensp;cognição</small></small><br>,<small><small>lexemas:</small></small>&ensp;descobrir<br>,,"<small><small>valências:&ensp;[ACT,PAT]</small></small><br>"
fero,to give an account or representation of in words,lilaLemma:103126,"<small><small>synset_id:&ensp;<a href=""https://www.openwordnet-pt.org/synset?id=00965035-v"" target=""_blank"">00965035-v</a></small></small><br>",<small><small>categoria:&ensp;comunicação</small></small><br>,"<small><small>lexemas:</small></small>&ensp;descrever, relatar<br>",<small><small>conceito:</small>&ensp;dar um relato ou representar em palavras</small><br>,"<small><small>valências:&ensp;[ACT,PAT] ou [ACT,ADDR,PAT] ou [ACT,PAT,ADDR]</small></small><br>"
refero,to give an account or representation of in words,lilaLemma:122494,"<small><small>synset_id:&ensp;<a href=""https://www.openwordnet-pt.org/synset?id=00965035-v"" target=""_blank"">00965035-v</a></small></small><br>",<small><small>categoria:&ensp;comunicação</small></small><br>,"<small><small>lexemas:</small></small>&ensp;descrever, relatar<br>",<small><small>conceito:</small>&ensp;dar um relato ou representar em palavras</small><br>,"<small><small>valências:&ensp;[ACT,PAT] ou [ACT,ADDR,PAT] ou [ACT,PAT,ADDR]</small></small><br>"
peto,express a desire for,lilaLemma:117549,"<small><small>synset_id:&ensp;<a href=""https://www.openwordnet-pt.org/synset?id=01826378-v"" target=""_blank"">01826378-v</a></small></small><br>",<small><small>categoria:&ensp;emoção</small></small><br>,<small><small>lexemas:</small></small>&ensp;desejar<br>,,"<small><small>valências:&ensp;[ACT,PAT]</small></small><br>"
quaero,express a desire for,lilaLemma:121047,"<small><small>synset_id:&ensp;<a href=""https://www.openwordnet-pt.org/synset?id=01826378-v"" target=""_blank"">01826378-v</a></small></small><br>",<small><small>categoria:&ensp;emoção</small></small><br>,<small><small>lexemas:</small></small>&ensp;desejar<br>,,"<small><small>valências:&ensp;[ACT,PAT]</small></small><br>"
uolo,prefer or wish to do something,lilaLemma:130745,"<small><small>synset_id:&ensp;<a href=""https://www.openwordnet-pt.org/synset?id=01824736-v"" target=""_blank"">01824736-v</a></small></small><br>",<small><small>categoria:&ensp;emoção</small></small><br>,"<small><small>lexemas:</small></small>&ensp;desejar, esperar, querer<br>",,"<small><small>valências:&ensp;[ACT,PAT]</small></small><br>"
uolo,wish or demand the presence of,lilaLemma:130745,"<small><small>synset_id:&ensp;<a href=""https://www.openwordnet-pt.org/synset?id=00709205-v"" target=""_blank"">00709205-v</a></small></small><br>",<small><small>categoria:&ensp;cognição</small></small><br>,"<small><small>lexemas:</small></small>&ensp;desejar, querer<br>",,"<small><small>valências:&ensp;[ACT,PAT]</small></small><br>"
uolo,hope for; have a wish,lilaLemma:130745,"<small><small>synset_id:&ensp;<a href=""https://www.openwordnet-pt.org/synset?id=01824339-v"" target=""_blank"">01824339-v</a></small></small><br>",<small><small>categoria:&ensp;emoção</small></small><br>,"<small><small>lexemas:</small></small>&ensp;desejar, querer<br>",<small><small>conceito:</small>&ensp;esperar por; ter um desejo</small><br>,"<small><small>valências:&ensp;[ACT,PAT]</small></small><br>"
facio,carry out or perform an action,lilaLemma:102758,"<small><small>synset_id:&ensp;<a href=""https://www.openwordnet-pt.org/synset?id=01712704-v"" target=""_blank"">01712704-v</a></small></small><br>",<small><small>categoria:&ensp;criação</small></small><br>,"<small><small>lexemas:</small></small>&ensp;desempenhar, executar, fazer<br>",<small><small>conceito:</small>&ensp;realizar ou executar uma ação</small><br>,"<small><small>valências:&ensp;[ACT,PAT] ou [ACT]</small></small><br>"
relinquo,leave behind,lilaLemma:122569,"<small><small>synset_id:&ensp;<a href=""https://www.openwordnet-pt.org/synset?id=01842367-v"" target=""_blank"">01842367-v</a></small></small><br>",<small><small>categoria:&ensp;movimento</small></small><br>,"<small><small>lexemas:</small></small>&ensp;desertar, abandonar<br>",,"<small><small>valências:&ensp;[ACT,PAT]</small></small><br>"
alius,marked by dissimilarity,lilaLemma:88481,"<small><small>synset_id:&ensp;<a href=""https://www.openwordnet-pt.org/synset?id=01410363-a"" target=""_blank"">01410363-a</a></small></small><br>",,"<small><small>lexemas:</small></small>&ensp;desigual, diferente<br>",,<small><small>valências:&ensp;[PAT] ou [CPR]</small></small><br>
mitto,"to cause or order to be taken, directed, or transmitted to another place",lilaLemma:112499,"<small><small>synset_id:&ensp;<a href=""https://www.openwordnet-pt.org/synset?id=01437254-v"" target=""_blank"">01437254-v</a></small></small><br>",<small><small>categoria:&ensp;contato</small></small><br>,"<small><small>lexemas:</small></small>&ensp;despachar, enviar, remeter<br>",<small><small>conceito:</small>&ensp;causar ou fazer com que algo seja dirigido ou transmitido para outro lugar;</small><br>,"<small><small>valências:&ensp;[ACT,DIR3,PAT] ou [ACT,PAT] ou [ACT,PAT,DIR3]</small></small><br>"
pono,"use up, consume fully",lilaLemma:118414,"<small><small>synset_id:&ensp;<a href=""https://www.openwordnet-pt.org/synset?id=01158572-v"" target=""_blank"">01158572-v</a></small></small><br>",<small><small>categoria:&ensp;consumo</small></small><br>,"<small><small>lexemas:</small></small>&ensp;despender, esgotar, gastar<br>","<small><small>conceito:</small>&ensp;esgotar, consumir totalmente</small><br>","<small><small>valências:&ensp;[ACT,PAT]</small></small><br>"
uoco,design or destine,lilaLemma:130729,"<small><small>synset_id:&ensp;<a href=""https://www.openwordnet-pt.org/synset?id=00709379-v"" target=""_blank"">00709379-v</a></small></small><br>",<small><small>categoria:&ensp;cognição</small></small><br>,<small><small>lexemas:</small></small>&ensp;destinar<br>,<small><small>conceito:</small>&ensp;designar ou destinar</small><br>,"<small><small>valências:&ensp;[ACT,ADDR,PAT] ou [ACT,PAT] ou [ACT,EFF,PAT]</small></small><br>"
fortuna,an event (or a course of events) that will inevitably happen in the future,lilaLemma:103696,"<small><small>synset_id:&ensp;<a href=""https://www.openwordnet-pt.org/synset?id=07330007-n"" target=""_blank"">07330007-n</a></small></small><br>",<small><small>categoria:&ensp;evento</small></small><br>,"<small><small>lexemas:</small></small>&ensp;destino, fado, sorte<br>",,
mors,a final state,lilaLemma:112807,"<small><small>synset_id:&ensp;<a href=""https://www.openwordnet-pt.org/synset?id=14562960-n"" target=""_blank"">14562960-n</a></small></small><br>",<small><small>categoria:&ensp;estado</small></small><br>,"<small><small>lexemas:</small></small>&ensp;destruição, morte<br>",,"<small><small>valências:&ensp;[ACT] ou [ACT,PAT]</small></small><br>"
habeo,secure and keep for possible future use or application,lilaLemma:105044,"<small><small>synset_id:&ensp;<a href=""https://www.openwordnet-pt.org/synset?id=02283324-v"" target=""_blank"">02283324-v</a></small></small><br>",<small><small>categoria:&ensp;posse</small></small><br>,"<small><small>lexemas:</small></small>&ensp;deter, reter<br>",<small><small>conceito:</small>&ensp;reter e manter para possível uso futuro ou aplicação</small><br>,"<small><small>valências:&ensp;[ACT,PAT]</small></small><br>"
teneo,secure and keep for possible future use or application,lilaLemma:127822,"<small><small>synset_id:&ensp;<a href=""https://www.openwordnet-pt.org/synset?id=02283324-v"" target=""_blank"">02283324-v</a></small></small><br>",<small><small>categoria:&ensp;posse</small></small><br>,"<small><small>lexemas:</small></small>&ensp;deter, reter<br>",<small><small>conceito:</small>&ensp;reter e manter para possível uso futuro ou aplicação</small><br>,"<small><small>valências:&ensp;[ACT,PAT]</small></small><br>"
deus,a man of such superior qualities that he seems like a deity to other people,lilaLemma:99132,"<small><small>synset_id:&ensp;<a href=""https://www.openwordnet-pt.org/synset?id=10133307-n"" target=""_blank"">10133307-n</a></small></small><br>",<small><small>categoria:&ensp;pessoa</small></small><br>,<small><small>lexemas:</small></small>&ensp;deus<br>,,
debeo,be in debt,lilaLemma:97963,"<small><small>synset_id:&ensp;<a href=""https://www.openwordnet-pt.org/synset?id=02253956-v"" target=""_blank"">02253956-v</a></small></small><br>",<small><small>categoria:&ensp;posse</small></small><br>,<small><small>lexemas:</small></small>&ensp;dever<br>,,"<small><small>valências:&ensp;[ACT,PAT,ADDR]</small></small><br>"
debeo,"be indebted to, in an abstract or intellectual sense",lilaLemma:97963,"<small><small>synset_id:&ensp;<a href=""https://www.openwordnet-pt.org/synset?id=02731814-v"" target=""_blank"">02731814-v</a></small></small><br>",<small><small>categoria:&ensp;estado</small></small><br>,<small><small>lexemas:</small></small>&ensp;dever<br>,,"<small><small>valências:&ensp;[ACT,PAT,ADDR]</small></small><br>"
debeo,be obliged to pay or repay,lilaLemma:97963,"<small><small>synset_id:&ensp;<a href=""https://www.openwordnet-pt.org/synset?id=02254155-v"" target=""_blank"">02254155-v</a></small></small><br>",<small><small>categoria:&ensp;posse</small></small><br>,<small><small>lexemas:</small></small>&ensp;dever<br>,,"<small><small>valências:&ensp;[ACT,PAT,ADDR]</small></small><br>"
refero,"go or come back to place, condition, or activity where one has been before",lilaLemma:122494,"<small><small>synset_id:&ensp;<a href=""https://www.openwordnet-pt.org/synset?id=02004874-v"" target=""_blank"">02004874-v</a></small></small><br>",<small><small>categoria:&ensp;movimento</small></small><br>,"<small><small>lexemas:</small></small>&ensp;devolver, regressar, retornar<br>",,"<small><small>valências:&ensp;[ACT] ou [ACT,PAT,ADDR] ou [ACT,DIR3] ou [ACT,PAT] ou [ACT,PAT,DIR3]</small></small><br>"
refero,bring back to the point of departure,lilaLemma:122494,"<small><small>synset_id:&ensp;<a href=""https://www.openwordnet-pt.org/synset?id=02078294-v"" target=""_blank"">02078294-v</a></small></small><br>",<small><small>categoria:&ensp;movimento</small></small><br>,"<small><small>lexemas:</small></small>&ensp;devolver, retornar, voltar<br>",,"<small><small>valências:&ensp;[ACT,PAT] ou [ACT,PAT,DIR3]</small></small><br>"
dies,a day assigned to a particular purpose or observance,lilaLemma:99334,"<small><small>synset_id:&ensp;<a href=""https://www.openwordnet-pt.org/synset?id=15157225-n"" target=""_blank"">15157225-n</a></small></small><br>",<small><small>categoria:&ensp;tempo</small></small><br>,<small><small>lexemas:</small></small>&ensp;dia<br>,,
dies,the recurring hours when you are not sleeping (especially those when you are working),lilaLemma:99334,"<small><small>synset_id:&ensp;<a href=""https://www.openwordnet-pt.org/synset?id=15136453-n"" target=""_blank"">15136453-n</a></small></small><br>",<small><small>categoria:&ensp;tempo</small></small><br>,<small><small>lexemas:</small></small>&ensp;dia<br>,,
dies,time for Earth to make a complete rotation on its axis,lilaLemma:99334,"<small><small>synset_id:&ensp;<a href=""https://www.openwordnet-pt.org/synset?id=15155220-n"" target=""_blank"">15155220-n</a></small></small><br>",<small><small>categoria:&ensp;tempo</small></small><br>,<small><small>lexemas:</small></small>&ensp;dia<br>,,
dies,some point or period in time,lilaLemma:99334,"<small><small>synset_id:&ensp;<a href=""https://www.openwordnet-pt.org/synset?id=15123115-n"" target=""_blank"">15123115-n</a></small></small><br>",<small><small>categoria:&ensp;tempo</small></small><br>,<small><small>lexemas:</small></small>&ensp;dia<br>,,
dies,the time after sunrise and before sunset while it is light outside,lilaLemma:99334,"<small><small>synset_id:&ensp;<a href=""https://www.openwordnet-pt.org/synset?id=15164957-n"" target=""_blank"">15164957-n</a></small></small><br>",<small><small>categoria:&ensp;tempo</small></small><br>,"<small><small>lexemas:</small></small>&ensp;dia, jornada<br>",,
dico,exchange thoughts; talk with,lilaLemma:99302,"<small><small>synset_id:&ensp;<a href=""https://www.openwordnet-pt.org/synset?id=00962447-v"" target=""_blank"">00962447-v</a></small></small><br>",<small><small>categoria:&ensp;comunicação</small></small><br>,"<small><small>lexemas:</small></small>&ensp;dialogar, falar<br>",<small><small>conceito:</small>&ensp;trocar idéia; falar com</small><br>,"<small><small>valências:&ensp;[ACT,PAT] ou [ACT] ou [ACT,ADDR] ou [ACMP,ACT]</small></small><br>"
pecunia,wealth reckoned in terms of money,lilaLemma:116369,"<small><small>synset_id:&ensp;<a href=""https://www.openwordnet-pt.org/synset?id=13250542-n"" target=""_blank"">13250542-n</a></small></small><br>",<small><small>categoria:&ensp;posse</small></small><br>,<small><small>lexemas:</small></small>&ensp;dinheiro<br>,,
pecunia,the most common medium of exchange; functions as legal tender,lilaLemma:116369,"<small><small>synset_id:&ensp;<a href=""https://www.openwordnet-pt.org/synset?id=13384557-n"" target=""_blank"">13384557-n</a></small></small><br>",<small><small>categoria:&ensp;posse</small></small><br>,"<small><small>lexemas:</small></small>&ensp;dinheiro, divisa, moeda<br>",,
pecunia,the official currency issued by a government or national bank,lilaLemma:116369,"<small><small>synset_id:&ensp;<a href=""https://www.openwordnet-pt.org/synset?id=13384877-n"" target=""_blank"">13384877-n</a></small></small><br>",<small><small>categoria:&ensp;posse</small></small><br>,"<small><small>lexemas:</small></small>&ensp;dinheiro, divisa, moeda<br>",<small><small>conceito:</small>&ensp;a moeda oficial emitida por um governo ou banco nacional</small><br>,
consilium,subtly skillful handling of a situation,lilaLemma:96060,"<small><small>synset_id:&ensp;<a href=""https://www.openwordnet-pt.org/synset?id=04842029-n"" target=""_blank"">04842029-n</a></small></small><br>",<small><small>categoria:&ensp;atributo</small></small><br>,<small><small>lexemas:</small></small>&ensp;diplomacia<br>,,<small><small>valências:&ensp;[ACT]</small></small><br>
lex,a rule or body of rules of conduct inherent in human nature and essential to or binding upon human society,lilaLemma:110351,"<small><small>synset_id:&ensp;<a href=""https://www.openwordnet-pt.org/synset?id=05870916-n"" target=""_blank"">05870916-n</a></small></small><br>",<small><small>categoria:&ensp;cognição</small></small><br>,"<small><small>lexemas:</small></small>&ensp;Direito Natural, direito natural, legislação sobre a natureza<br>",,
mos,a rule or body of rules of conduct inherent in human nature and essential to or binding upon human society,lilaLemma:112831,"<small><small>synset_id:&ensp;<a href=""https://www.openwordnet-pt.org/synset?id=05870916-n"" target=""_blank"">05870916-n</a></small></small><br>",<small><small>categoria:&ensp;cognição</small></small><br>,"<small><small>lexemas:</small></small>&ensp;Direito Natural, direito natural, legislação sobre a natureza<br>",,
iubeo,command with authority,lilaLemma:109152,"<small><small>synset_id:&ensp;<a href=""https://www.openwordnet-pt.org/synset?id=00749205-v"" target=""_blank"">00749205-v</a></small></small><br>",<small><small>categoria:&ensp;comunicação</small></small><br>,<small><small>lexemas:</small></small>&ensp;dirigir<br>,,"<small><small>valências:&ensp;[ACT,PAT] ou [ACT,PAT,ADDR]</small></small><br>"
teneo,have dominance or the power to defeat over,lilaLemma:127822,"<small><small>synset_id:&ensp;<a href=""https://www.openwordnet-pt.org/synset?id=02539334-v"" target=""_blank"">02539334-v</a></small></small><br>",<small><small>categoria:&ensp;relação social</small></small><br>,"<small><small>lexemas:</small></small>&ensp;dirigir, dominar<br>",,"<small><small>valências:&ensp;[ACT,PAT]</small></small><br>"
cognosco,detect with the senses,lilaLemma:94738,"<small><small>synset_id:&ensp;<a href=""https://www.openwordnet-pt.org/synset?id=02193194-v"" target=""_blank"">02193194-v</a></small></small><br>",<small><small>categoria:&ensp;percepção</small></small><br>,<small><small>lexemas:</small></small>&ensp;discernir<br>,,"<small><small>valências:&ensp;[ACT,PAT] ou [ACT,ORIG,PAT]</small></small><br>"
ago,to consider or examine in speech or writing,lilaLemma:88140,"<small><small>synset_id:&ensp;<a href=""https://www.openwordnet-pt.org/synset?id=01034312-v"" target=""_blank"">01034312-v</a></small></small><br>",<small><small>categoria:&ensp;comunicação</small></small><br>,"<small><small>lexemas:</small></small>&ensp;discursar, falar, discorrer, discutir<br>",,"<small><small>valências:&ensp;[ACT,PAT,REG] ou [ACT,PAT] ou [ACMP,ACT,PAT] ou [ACMP,ACT,REG]</small></small><br>"
uox,the mental faculty or power of vocal communication,lilaLemma:130806,"<small><small>synset_id:&ensp;<a href=""https://www.openwordnet-pt.org/synset?id=05650820-n"" target=""_blank"">05650820-n</a></small></small><br>",<small><small>categoria:&ensp;cognição</small></small><br>,"<small><small>lexemas:</small></small>&ensp;discurso, idioma, linguagem, língua<br>",,"<small><small>valências:&ensp;[ACT,PAT] ou [ACT]</small></small><br>"
uox,a systematic means of communicating by the use of sounds or conventional symbols,lilaLemma:130806,"<small><small>synset_id:&ensp;<a href=""https://www.openwordnet-pt.org/synset?id=06282651-n"" target=""_blank"">06282651-n</a></small></small><br>",<small><small>categoria:&ensp;comunicação</small></small><br>,"<small><small>lexemas:</small></small>&ensp;discurso, idioma, linguagem, língua<br>",,
ago,speak with others about (something); talk (something) over in detail; have a discussion,lilaLemma:88140,"<small><small>synset_id:&ensp;<a href=""https://www.openwordnet-pt.org/synset?id=00813978-v"" target=""_blank"">00813978-v</a></small></small><br>",<small><small>categoria:&ensp;comunicação</small></small><br>,<small><small>lexemas:</small></small>&ensp;discutir<br>,<small><small>conceito:</small>&ensp;falar com os outros sobre (algo); falar (algo) com mais em detalhe; ter uma discussão</small><br>,"<small><small>valências:&ensp;[ACT,PAT,REG] ou [ACMP,ACT,PAT] ou [ACT,PAT] ou [ACMP,ACT,REG] ou [ACT] ou [ACT,ADDR,PAT] ou [ACMP,ACT]</small></small><br>"
pono,give up what is not strictly needed,lilaLemma:118414,"<small><small>synset_id:&ensp;<a href=""https://www.openwordnet-pt.org/synset?id=02345647-v"" target=""_blank"">02345647-v</a></small></small><br>",<small><small>categoria:&ensp;posse</small></small><br>,"<small><small>lexemas:</small></small>&ensp;dispensar, doar<br>",<small><small>conceito:</small>&ensp;doar o que não é estritamente necessário</small><br>,"<small><small>valências:&ensp;[ACT,PAT]</small></small><br>"
fero,make receptive or willing towards an action or attitude or belief,lilaLemma:103126,"<small><small>synset_id:&ensp;<a href=""https://www.openwordnet-pt.org/synset?id=00680841-v"" target=""_blank"">00680841-v</a></small></small><br>",<small><small>categoria:&ensp;cognição</small></small><br>,"<small><small>lexemas:</small></small>&ensp;dispor, inclinar, predispor<br>",<small><small>conceito:</small>&ensp;fazer receptivo ou disposto no sentido de uma ação ou atitude ou crença</small><br>,"<small><small>valências:&ensp;[ACT,PAT] ou [ACT,EFF,PAT]</small></small><br>"
habeo,be able to spare or give up,lilaLemma:105044,"<small><small>synset_id:&ensp;<a href=""https://www.openwordnet-pt.org/synset?id=01192628-v"" target=""_blank"">01192628-v</a></small></small><br>",<small><small>categoria:&ensp;consumo</small></small><br>,"<small><small>lexemas:</small></small>&ensp;dispor, poder<br>",<small><small>conceito:</small>&ensp;ser capaz de ceder ou entregar</small><br>,"<small><small>valências:&ensp;[ACT,PAT]</small></small><br>"
natura,your usual mood,lilaLemma:113421,"<small><small>synset_id:&ensp;<a href=""https://www.openwordnet-pt.org/synset?id=04623612-n"" target=""_blank"">04623612-n</a></small></small><br>",<small><small>categoria:&ensp;atributo</small></small><br>,"<small><small>lexemas:</small></small>&ensp;disposição, temperamento<br>",,"<small><small>valências:&ensp;[ACT,PAT]</small></small><br>"
uox,a word or phrase that particular people use in particular situations,lilaLemma:130806,"<small><small>synset_id:&ensp;<a href=""https://www.openwordnet-pt.org/synset?id=07151380-n"" target=""_blank"">07151380-n</a></small></small><br>",<small><small>categoria:&ensp;comunicação</small></small><br>,"<small><small>lexemas:</small></small>&ensp;ditado, dizer, expressão, idioma, locução, provérbio<br>",,"<small><small>valências:&ensp;[ACT,PAT]</small></small><br>"
fero,impose something unpleasant,lilaLemma:103126,"<small><small>synset_id:&ensp;<a href=""https://www.openwordnet-pt.org/synset?id=00748282-v"" target=""_blank"">00748282-v</a></small></small><br>",<small><small>categoria:&ensp;comunicação</small></small><br>,"<small><small>lexemas:</small></small>&ensp;ditar, impor, infligir<br>",<small><small>conceito:</small>&ensp;impor algo desagradável</small><br>,"<small><small>valências:&ensp;[ACT,PAT] ou [ACT,PAT,ADDR] ou [ACT,ADDR,PAT] ou [ACT,PAT,BEN]</small></small><br>"
inquam,communicate or express nonverbally,lilaLemma:108033,"<small><small>synset_id:&ensp;<a href=""https://www.openwordnet-pt.org/synset?id=00928959-v"" target=""_blank"">00928959-v</a></small></small><br>",<small><small>categoria:&ensp;comunicação</small></small><br>,"<small><small>lexemas:</small></small>&ensp;dizer, expressar, falar<br>",<small><small>conceito:</small>&ensp;comunicar ou expressar de forma não verbal</small><br>,"<small><small>valências:&ensp;[ACT,PAT]</small></small><br>"
dico,utter aloud,lilaLemma:99302,"<small><small>synset_id:&ensp;<a href=""https://www.openwordnet-pt.org/synset?id=00979870-v"" target=""_blank"">00979870-v</a></small></small><br>",<small><small>categoria:&ensp;comunicação</small></small><br>,"<small><small>lexemas:</small></small>&ensp;dizer, falar<br>",<small><small>conceito:</small>&ensp;expressar em voz alta</small><br>,"<small><small>valências:&ensp;[ACT,PAT]</small></small><br>"
dico,use language,lilaLemma:99302,"<small><small>synset_id:&ensp;<a href=""https://www.openwordnet-pt.org/synset?id=00963570-v"" target=""_blank"">00963570-v</a></small></small><br>",<small><small>categoria:&ensp;comunicação</small></small><br>,"<small><small>lexemas:</small></small>&ensp;dizer, falar, usar a lingua<br>",<small><small>conceito:</small>&ensp;uso da linguagem</small><br>,"<small><small>valências:&ensp;[ACT] ou [ACT,PAT]</small></small><br>"
dico,recite or repeat a fixed text,lilaLemma:99302,"<small><small>synset_id:&ensp;<a href=""https://www.openwordnet-pt.org/synset?id=00945499-v"" target=""_blank"">00945499-v</a></small></small><br>",<small><small>categoria:&ensp;comunicação</small></small><br>,"<small><small>lexemas:</small></small>&ensp;dizer, recitar<br>",<small><small>conceito:</small>&ensp;Recitar ou repetir um texto fixo</small><br>,"<small><small>valências:&ensp;[ACT,PAT]</small></small><br>"
credo,express a supposition,lilaLemma:96881,"<small><small>synset_id:&ensp;<a href=""https://www.openwordnet-pt.org/synset?id=00917300-v"" target=""_blank"">00917300-v</a></small></small><br>",<small><small>categoria:&ensp;comunicação</small></small><br>,"<small><small>lexemas:</small></small>&ensp;dizer, supor<br>",,"<small><small>valências:&ensp;[ACT,PAT]</small></small><br>"
puto,express a supposition,lilaLemma:120610,"<small><small>synset_id:&ensp;<a href=""https://www.openwordnet-pt.org/synset?id=00917300-v"" target=""_blank"">00917300-v</a></small></small><br>",<small><small>categoria:&ensp;comunicação</small></small><br>,"<small><small>lexemas:</small></small>&ensp;dizer, supor<br>",,"<small><small>valências:&ensp;[ACT,PAT]</small></small><br>"
bonum,natural abilities or qualities,lilaLemma:91351,"<small><small>synset_id:&ensp;<a href=""https://www.openwordnet-pt.org/synset?id=05624042-n"" target=""_blank"">05624042-n</a></small></small><br>",<small><small>categoria:&ensp;cognição</small></small><br>,"<small><small>lexemas:</small></small>&ensp;dom, talento<br>",,"<small><small>valências:&ensp;[ACT,PAT]</small></small><br>"
natura,natural abilities or qualities,lilaLemma:113421,"<small><small>synset_id:&ensp;<a href=""https://www.openwordnet-pt.org/synset?id=05624042-n"" target=""_blank"">05624042-n</a></small></small><br>",<small><small>categoria:&ensp;cognição</small></small><br>,"<small><small>lexemas:</small></small>&ensp;dom, talento<br>",,"<small><small>valências:&ensp;[ACT,PAT]</small></small><br>"
cognosco,be or become completely proficient or skilled in,lilaLemma:94738,"<small><small>synset_id:&ensp;<a href=""https://www.openwordnet-pt.org/synset?id=00597634-v"" target=""_blank"">00597634-v</a></small></small><br>",<small><small>categoria:&ensp;cognição</small></small><br>,<small><small>lexemas:</small></small>&ensp;dominar<br>,<small><small>conceito:</small>&ensp;ser ou tornar-se completamente proficiente ou especialista em</small><br>,"<small><small>valências:&ensp;[ACT,PAT]</small></small><br>"
uinco,"make subordinate, dependent, or subservient",lilaLemma:130232,"<small><small>synset_id:&ensp;<a href=""https://www.openwordnet-pt.org/synset?id=00579712-v"" target=""_blank"">00579712-v</a></small></small><br>",<small><small>categoria:&ensp;mudança</small></small><br>,"<small><small>lexemas:</small></small>&ensp;dominar, subordinar, subjugar, submeter<br>",,"<small><small>valências:&ensp;[ACT,PAT] ou [ACT,ADDR,PAT]</small></small><br>"
imperium,a domain in which something is dominant,lilaLemma:106532,"<small><small>synset_id:&ensp;<a href=""https://www.openwordnet-pt.org/synset?id=14514805-n"" target=""_blank"">14514805-n</a></small></small><br>",<small><small>categoria:&ensp;estado</small></small><br>,<small><small>lexemas:</small></small>&ensp;domínio<br>,,
imperium,dominance or power through legal authority,lilaLemma:106532,"<small><small>synset_id:&ensp;<a href=""https://www.openwordnet-pt.org/synset?id=14442933-n"" target=""_blank"">14442933-n</a></small></small><br>",<small><small>categoria:&ensp;estado</small></small><br>,<small><small>lexemas:</small></small>&ensp;domínio<br>,,"<small><small>valências:&ensp;[ACT,PAT]</small></small><br>"
lex,dominance or power through legal authority,lilaLemma:110351,"<small><small>synset_id:&ensp;<a href=""https://www.openwordnet-pt.org/synset?id=14442933-n"" target=""_blank"">14442933-n</a></small></small><br>",<small><small>categoria:&ensp;estado</small></small><br>,<small><small>lexemas:</small></small>&ensp;domínio<br>,,"<small><small>valências:&ensp;[ACT,PAT]</small></small><br>"
dominus,(law) someone who owns (is legal possessor of) a business,lilaLemma:98084,"<small><small>synset_id:&ensp;<a href=""https://www.openwordnet-pt.org/synset?id=10388924-n"" target=""_blank"">10388924-n</a></small></small><br>",<small><small>categoria:&ensp;pessoa</small></small><br>,"<small><small>lexemas:</small></small>&ensp;dono, proprietário<br>",<small><small>conceito:</small>&ensp;(lei) alguém que é dono (é o proprietário legal) de um negócio</small><br>,<small><small>valências:&ensp;[PAT]</small></small><br>
deinde,from this time forth; from now on,lilaLemma:98386,"<small><small>synset_id:&ensp;<a href=""https://www.openwordnet-pt.org/synset?id=00032863-r"" target=""_blank"">00032863-r</a></small></small><br>",,"<small><small>lexemas:</small></small>&ensp;doravante, de agora em diante, a partir de agora<br>",,
uita,the period during which something is functional (as between birth and death),lilaLemma:130393,"<small><small>synset_id:&ensp;<a href=""https://www.openwordnet-pt.org/synset?id=15140405-n"" target=""_blank"">15140405-n</a></small></small><br>",<small><small>categoria:&ensp;tempo</small></small><br>,"<small><small>lexemas:</small></small>&ensp;duração de uma vida, vida<br>",,
dies,the period during which something is functional (as between birth and death),lilaLemma:99334,"<small><small>synset_id:&ensp;<a href=""https://www.openwordnet-pt.org/synset?id=15140405-n"" target=""_blank"">15140405-n</a></small></small><br>",<small><small>categoria:&ensp;tempo</small></small><br>,"<small><small>lexemas:</small></small>&ensp;duração de uma vida, vida<br>",,
teneo,allow to remain in a place or position or maintain a property or feature,lilaLemma:127822,"<small><small>synset_id:&ensp;<a href=""https://www.openwordnet-pt.org/synset?id=02410175-v"" target=""_blank"">02410175-v</a></small></small><br>",<small><small>categoria:&ensp;relação social</small></small><br>,"<small><small>lexemas:</small></small>&ensp;durar, prolongar-se<br>",,"<small><small>valências:&ensp;[ACT,PAT]</small></small><br>"
corpus,a thing constructed; a complex entity constructed of many parts,lilaLemma:96667,"<small><small>synset_id:&ensp;<a href=""https://www.openwordnet-pt.org/synset?id=04341686-n"" target=""_blank"">04341686-n</a></small></small><br>",<small><small>categoria:&ensp;artefato</small></small><br>,"<small><small>lexemas:</small></small>&ensp;edifício, estrutura, tecido<br>",,"<small><small>valências:&ensp;[ACT,MANN,PAT] ou [ACT,PAT]</small></small><br>"
domus,a structure that has a roof and walls and stands more or less permanently in one place,lilaLemma:100071,"<small><small>synset_id:&ensp;<a href=""https://www.openwordnet-pt.org/synset?id=02913152-n"" target=""_blank"">02913152-n</a></small></small><br>",<small><small>categoria:&ensp;artefato</small></small><br>,"<small><small>lexemas:</small></small>&ensp;edifício, prédio<br>",,
primus,of or being the essential or basic part,lilaLemma:119498,"<small><small>synset_id:&ensp;<a href=""https://www.openwordnet-pt.org/synset?id=01856238-s"" target=""_blank"">01856238-s</a></small></small><br>",,"<small><small>lexemas:</small></small>&ensp;elementar, rudimentar<br>",,
natura,any of the more than 100 known substances (of which 92 occur naturally) that cannot be separated into simpler substances and that singly or in combination constitute all matter,lilaLemma:113421,"<small><small>synset_id:&ensp;<a href=""https://www.openwordnet-pt.org/synset?id=14622893-n"" target=""_blank"">14622893-n</a></small></small><br>",<small><small>categoria:&ensp;substância</small></small><br>,<small><small>lexemas:</small></small>&ensp;elemento químico<br>,<small><small>conceito:</small>&ensp;qualquer uma das mais de 100 substâncias conhecidas (das quais 92 ocorrem naturalmente) que não podem ser separadas em substâncias mais simples e que constituem isoladamente ou em combinação toda a matéria</small><br>,
fero,raise in rank or condition,lilaLemma:103126,"<small><small>synset_id:&ensp;<a href=""https://www.openwordnet-pt.org/synset?id=00544549-v"" target=""_blank"">00544549-v</a></small></small><br>",<small><small>categoria:&ensp;mudança</small></small><br>,<small><small>lexemas:</small></small>&ensp;elevar<br>,,"<small><small>valências:&ensp;[ACT,PAT] ou [ACT,DIR3] ou [ACT]</small></small><br>"
facio,be in a state of action,lilaLemma:102758,"<small><small>synset_id:&ensp;<a href=""https://www.openwordnet-pt.org/synset?id=00014549-v"" target=""_blank"">00014549-v</a></small></small><br>",<small><small>categoria:&ensp;corpo</small></small><br>,"<small><small>lexemas:</small></small>&ensp;em atividade, se movimentando, mover<br>",<small><small>conceito:</small>&ensp;estar em um estado de ação</small><br>,<small><small>valências:&ensp;[ACT]</small></small><br>
ita,(used to introduce a logical conclusion) from that fact or reason or as a result,lilaLemma:109126,"<small><small>synset_id:&ensp;<a href=""https://www.openwordnet-pt.org/synset?id=00043003-r"" target=""_blank"">00043003-r</a></small></small><br>",,"<small><small>lexemas:</small></small>&ensp;em vista disso, por este motivo, consequentemente, dessa forma, por isto, de tal modo, desse jeito, portanto, assim sendo, assim, daqui<br>",,<small><small>valências:&ensp;[PAT]</small></small><br>
itaque,(used to introduce a logical conclusion) from that fact or reason or as a result,lilaLemma:109129,"<small><small>synset_id:&ensp;<a href=""https://www.openwordnet-pt.org/synset?id=00043003-r"" target=""_blank"">00043003-r</a></small></small><br>",,"<small><small>lexemas:</small></small>&ensp;em vista disso, por este motivo, consequentemente, dessa forma, por isto, de tal modo, desse jeito, portanto, assim sendo, assim, daqui<br>",,<small><small>valências:&ensp;[PAT]</small></small><br>
do,express audibly; utter sounds (not necessarily words),lilaLemma:99970,"<small><small>synset_id:&ensp;<a href=""https://www.openwordnet-pt.org/synset?id=00983824-v"" target=""_blank"">00983824-v</a></small></small><br>",<small><small>categoria:&ensp;comunicação</small></small><br>,"<small><small>lexemas:</small></small>&ensp;emitir, soltar<br>",<small><small>conceito:</small>&ensp;expressar de forma audível; emitir sons (não necessariamente palavras)</small><br>,"<small><small>valências:&ensp;[ACT,PAT]</small></small><br>"
facio,express audibly; utter sounds (not necessarily words),lilaLemma:102758,"<small><small>synset_id:&ensp;<a href=""https://www.openwordnet-pt.org/synset?id=00983824-v"" target=""_blank"">00983824-v</a></small></small><br>",<small><small>categoria:&ensp;comunicação</small></small><br>,"<small><small>lexemas:</small></small>&ensp;emitir, soltar<br>",<small><small>conceito:</small>&ensp;expressar de forma audível; emitir sons (não necessariamente palavras)</small><br>,"<small><small>valências:&ensp;[ACT,PAT]</small></small><br>"
mitto,express audibly; utter sounds (not necessarily words),lilaLemma:112499,"<small><small>synset_id:&ensp;<a href=""https://www.openwordnet-pt.org/synset?id=00983824-v"" target=""_blank"">00983824-v</a></small></small><br>",<small><small>categoria:&ensp;comunicação</small></small><br>,"<small><small>lexemas:</small></small>&ensp;emitir, soltar<br>",<small><small>conceito:</small>&ensp;expressar de forma audível; emitir sons (não necessariamente palavras)</small><br>,"<small><small>valências:&ensp;[ACT,PAT]</small></small><br>"
animus,the experiencing of affective and emotional states,lilaLemma:89094,"<small><small>synset_id:&ensp;<a href=""https://www.openwordnet-pt.org/synset?id=00026192-n"" target=""_blank"">00026192-n</a></small></small><br>",,"<small><small>lexemas:</small></small>&ensp;emoção, impressão, sentimento<br>",,"<small><small>valências:&ensp;[ACT,PAT]</small></small><br>"
capio,enter upon an activity or enterprise,lilaLemma:92686,"<small><small>synset_id:&ensp;<a href=""https://www.openwordnet-pt.org/synset?id=01651293-v"" target=""_blank"">01651293-v</a></small></small><br>",<small><small>categoria:&ensp;criação</small></small><br>,"<small><small>lexemas:</small></small>&ensp;empreender, tentar<br>",<small><small>conceito:</small>&ensp;Começar uma atividade ou projeto</small><br>,"<small><small>valências:&ensp;[ACT,PAT] ou [ACT]</small></small><br>"
do,give temporarily; let have for a limited time,lilaLemma:99970,"<small><small>synset_id:&ensp;<a href=""https://www.openwordnet-pt.org/synset?id=02324182-v"" target=""_blank"">02324182-v</a></small></small><br>",<small><small>categoria:&ensp;posse</small></small><br>,"<small><small>lexemas:</small></small>&ensp;emprestar, prestar<br>",,"<small><small>valências:&ensp;[ACT,ADDR,PAT] ou [ACT,PAT,ADDR] ou [ACT,PAT] ou [ACT,PAT,LOC]</small></small><br>"
nomen,a line of text serving to indicate what the passage below it is about,lilaLemma:113797,"<small><small>synset_id:&ensp;<a href=""https://www.openwordnet-pt.org/synset?id=06343971-n"" target=""_blank"">06343971-n</a></small></small><br>",<small><small>categoria:&ensp;comunicação</small></small><br>,<small><small>lexemas:</small></small>&ensp;encabeçamento<br>,,
capio,hold spellbound,lilaLemma:92686,"<small><small>synset_id:&ensp;<a href=""https://www.openwordnet-pt.org/synset?id=01817314-v"" target=""_blank"">01817314-v</a></small></small><br>",<small><small>categoria:&ensp;emoção</small></small><br>,<small><small>lexemas:</small></small>&ensp;encantar<br>,,"<small><small>valências:&ensp;[ACT,PAT]</small></small><br>"
uideo,perceive or be contemporaneous with,lilaLemma:130163,"<small><small>synset_id:&ensp;<a href=""https://www.openwordnet-pt.org/synset?id=02128873-v"" target=""_blank"">02128873-v</a></small></small><br>",<small><small>categoria:&ensp;percepção</small></small><br>,"<small><small>lexemas:</small></small>&ensp;encontrar, ver<br>",,"<small><small>valências:&ensp;[ACT,PAT]</small></small><br>"
pono,compel to behave in a certain way,lilaLemma:118414,"<small><small>synset_id:&ensp;<a href=""https://www.openwordnet-pt.org/synset?id=02560424-v"" target=""_blank"">02560424-v</a></small></small><br>",<small><small>categoria:&ensp;relação social</small></small><br>,"<small><small>lexemas:</small></small>&ensp;enforçar, impor, obrigar<br>",,"<small><small>valências:&ensp;[ACT,PAT] ou [ACT,PAT,ADDR] ou [ACT,EFF,PAT] ou [ACT,PAT,EFF]</small></small><br>"
scribo,join the military,lilaLemma:123840,"<small><small>synset_id:&ensp;<a href=""https://www.openwordnet-pt.org/synset?id=01097192-v"" target=""_blank"">01097192-v</a></small></small><br>",<small><small>categoria:&ensp;competição</small></small><br>,"<small><small>lexemas:</small></small>&ensp;engajar-se, alistar-se, alistar<br>",<small><small>conceito:</small>&ensp;juntar-se as forças armadas</small><br>,"<small><small>valências:&ensp;[ACT,PAT]</small></small><br>"
capio,be false to; be dishonest with,lilaLemma:92686,"<small><small>synset_id:&ensp;<a href=""https://www.openwordnet-pt.org/synset?id=02575082-v"" target=""_blank"">02575082-v</a></small></small><br>",<small><small>categoria:&ensp;relação social</small></small><br>,"<small><small>lexemas:</small></small>&ensp;enganar, iludir, lograr<br>",,"<small><small>valências:&ensp;[ACT,PAT] ou [ACT,PAT,ADDR] ou [ACT] ou [ACT,ADDR,PAT]</small></small><br>"
periculum,trying something to find out about it,lilaLemma:116930,"<small><small>synset_id:&ensp;<a href=""https://www.openwordnet-pt.org/synset?id=05799212-n"" target=""_blank"">05799212-n</a></small></small><br>",<small><small>categoria:&ensp;cognição</small></small><br>,"<small><small>lexemas:</small></small>&ensp;ensaio, experiência, prova<br>",,"<small><small>valências:&ensp;[ACT,PAT]</small></small><br>"
accipio,believe to be the case,lilaLemma:87119,"<small><small>synset_id:&ensp;<a href=""https://www.openwordnet-pt.org/synset?id=00593522-v"" target=""_blank"">00593522-v</a></small></small><br>",<small><small>categoria:&ensp;cognição</small></small><br>,"<small><small>lexemas:</small></small>&ensp;entender, inferir<br>",,"<small><small>valências:&ensp;[ACT,PAT] ou [ACT,ORIG,PAT]</small></small><br>"
audio,make sense of a language,lilaLemma:90641,"<small><small>synset_id:&ensp;<a href=""https://www.openwordnet-pt.org/synset?id=00593852-v"" target=""_blank"">00593852-v</a></small></small><br>",<small><small>categoria:&ensp;cognição</small></small><br>,"<small><small>lexemas:</small></small>&ensp;entender, interpretar, traduzir<br>",<small><small>conceito:</small>&ensp;entender uma lingua</small><br>,"<small><small>valências:&ensp;[ACT,PAT]</small></small><br>"
animus,the capacity for rational thought or inference or discrimination,lilaLemma:89094,"<small><small>synset_id:&ensp;<a href=""https://www.openwordnet-pt.org/synset?id=05651680-n"" target=""_blank"">05651680-n</a></small></small><br>",<small><small>categoria:&ensp;cognição</small></small><br>,"<small><small>lexemas:</small></small>&ensp;entendimento, inteligência, razão<br>",,"<small><small>valências:&ensp;[PAT] ou [ACT,PAT] ou [ACT]</small></small><br>"
causa,the capacity for rational thought or inference or discrimination,lilaLemma:93253,"<small><small>synset_id:&ensp;<a href=""https://www.openwordnet-pt.org/synset?id=05651680-n"" target=""_blank"">05651680-n</a></small></small><br>",<small><small>categoria:&ensp;cognição</small></small><br>,"<small><small>lexemas:</small></small>&ensp;entendimento, inteligência, razão<br>",,"<small><small>valências:&ensp;[PAT] ou [ACT,PAT] ou [ACT]</small></small><br>"
pono,place in a grave or tomb,lilaLemma:118414,"<small><small>synset_id:&ensp;<a href=""https://www.openwordnet-pt.org/synset?id=02456493-v"" target=""_blank"">02456493-v</a></small></small><br>",<small><small>categoria:&ensp;relação social</small></small><br>,"<small><small>lexemas:</small></small>&ensp;enterrar, sepultar, soterrar<br>",,"<small><small>valências:&ensp;[ACT,PAT]</small></small><br>"
eo,to come or go into,lilaLemma:101183,"<small><small>synset_id:&ensp;<a href=""https://www.openwordnet-pt.org/synset?id=02016523-v"" target=""_blank"">02016523-v</a></small></small><br>",<small><small>categoria:&ensp;movimento</small></small><br>,<small><small>lexemas:</small></small>&ensp;entrar<br>,,"<small><small>valências:&ensp;[ACT,LOC] ou [ACT,DIR3] ou [ACT,PAT]</small></small><br>"
credo,put into the care or protection of someone,lilaLemma:96881,"<small><small>synset_id:&ensp;<a href=""https://www.openwordnet-pt.org/synset?id=02356230-v"" target=""_blank"">02356230-v</a></small></small><br>",<small><small>categoria:&ensp;posse</small></small><br>,<small><small>lexemas:</small></small>&ensp;entregar<br>,,"<small><small>valências:&ensp;[ACT,ADDR,PAT] ou [ACT,PAT] ou [ACT,PAT,ADDR]</small></small><br>"
amicus,an ardent and enthusiastic supporter of some person or activity,lilaLemma:88684,"<small><small>synset_id:&ensp;<a href=""https://www.openwordnet-pt.org/synset?id=10059582-n"" target=""_blank"">10059582-n</a></small></small><br>",<small><small>categoria:&ensp;pessoa</small></small><br>,"<small><small>lexemas:</small></small>&ensp;entusiasta, partidário<br>",,<small><small>valências:&ensp;[PAT]</small></small><br>
uox,the use of uttered sounds for auditory communication,lilaLemma:130806,"<small><small>synset_id:&ensp;<a href=""https://www.openwordnet-pt.org/synset?id=07109847-n"" target=""_blank"">07109847-n</a></small></small><br>",<small><small>categoria:&ensp;comunicação</small></small><br>,"<small><small>lexemas:</small></small>&ensp;enunciado, expressão, vocalização<br>",<small><small>conceito:</small>&ensp;O uso de sons demitidos para comunicação auditiva</small><br>,"<small><small>valências:&ensp;[ACT,PAT]</small></small><br>"
mitto,transfer to another,lilaLemma:112499,"<small><small>synset_id:&ensp;<a href=""https://www.openwordnet-pt.org/synset?id=02231661-v"" target=""_blank"">02231661-v</a></small></small><br>",<small><small>categoria:&ensp;posse</small></small><br>,<small><small>lexemas:</small></small>&ensp;enviar<br>,,"<small><small>valências:&ensp;[ACT,PAT,ADDR] ou [ACT,ADDR,PAT] ou [ACT,PAT,DIR1,DIR3]</small></small><br>"
mitto,cause to go somewhere,lilaLemma:112499,"<small><small>synset_id:&ensp;<a href=""https://www.openwordnet-pt.org/synset?id=01951480-v"" target=""_blank"">01951480-v</a></small></small><br>",<small><small>categoria:&ensp;movimento</small></small><br>,"<small><small>lexemas:</small></small>&ensp;enviar, lançar<br>",,"<small><small>valências:&ensp;[ACT,DIR3,PAT] ou [ACT,PAT,ADDR] ou [ACT,PAT,DIR3]</small></small><br>"
mitto,cause to be directed or transmitted to another place,lilaLemma:112499,"<small><small>synset_id:&ensp;<a href=""https://www.openwordnet-pt.org/synset?id=01031256-v"" target=""_blank"">01031256-v</a></small></small><br>",<small><small>categoria:&ensp;comunicação</small></small><br>,"<small><small>lexemas:</small></small>&ensp;enviar, mandar<br>",<small><small>conceito:</small>&ensp;causa de ser dirigido ou transmitido para outro lugar</small><br>,"<small><small>valências:&ensp;[ACT,DIR3,PAT]</small></small><br>"
uideo,perceive by sight or have the power to perceive by sight,lilaLemma:130163,"<small><small>synset_id:&ensp;<a href=""https://www.openwordnet-pt.org/synset?id=02129289-v"" target=""_blank"">02129289-v</a></small></small><br>",<small><small>categoria:&ensp;percepção</small></small><br>,"<small><small>lexemas:</small></small>&ensp;enxergar, olhar, ver<br>",,"<small><small>valências:&ensp;[ACT,PAT]</small></small><br>"
bonum,conformity with rules or standards,lilaLemma:91351,"<small><small>synset_id:&ensp;<a href=""https://www.openwordnet-pt.org/synset?id=04839154-n"" target=""_blank"">04839154-n</a></small></small><br>",<small><small>categoria:&ensp;atributo</small></small><br>,"<small><small>lexemas:</small></small>&ensp;equanimidade, eqüidade, justiça<br>",,"<small><small>valências:&ensp;[ACT,PAT] ou [ACT]</small></small><br>"
sum,be identical or equivalent to,lilaLemma:126689,"<small><small>synset_id:&ensp;<a href=""https://www.openwordnet-pt.org/synset?id=02664769-v"" target=""_blank"">02664769-v</a></small></small><br>",<small><small>categoria:&ensp;estado</small></small><br>,"<small><small>lexemas:</small></small>&ensp;equivaler, igualar<br>",,"<small><small>valências:&ensp;[ACT,ADDR] ou [ACT]</small></small><br>"
dies,an indefinite period (usually marked by specific attributes or activities),lilaLemma:99334,"<small><small>synset_id:&ensp;<a href=""https://www.openwordnet-pt.org/synset?id=15122231-n"" target=""_blank"">15122231-n</a></small></small><br>",<small><small>categoria:&ensp;tempo</small></small><br>,"<small><small>lexemas:</small></small>&ensp;era, momento, período, tempo, época<br>",,
tempus,an indefinite period (usually marked by specific attributes or activities),lilaLemma:127522,"<small><small>synset_id:&ensp;<a href=""https://www.openwordnet-pt.org/synset?id=15122231-n"" target=""_blank"">15122231-n</a></small></small><br>",<small><small>categoria:&ensp;tempo</small></small><br>,"<small><small>lexemas:</small></small>&ensp;era, momento, período, tempo, época<br>",,
capio,see fit or proper to act in a certain way; decide to act in a certain way,lilaLemma:92686,"<small><small>synset_id:&ensp;<a href=""https://www.openwordnet-pt.org/synset?id=00679937-v"" target=""_blank"">00679937-v</a></small></small><br>",<small><small>categoria:&ensp;cognição</small></small><br>,<small><small>lexemas:</small></small>&ensp;escolher<br>,,"<small><small>valências:&ensp;[ACT,PAT]</small></small><br>"
capio,"pick out, select, or choose from a number of alternatives",lilaLemma:92686,"<small><small>synset_id:&ensp;<a href=""https://www.openwordnet-pt.org/synset?id=00674607-v"" target=""_blank"">00674607-v</a></small></small><br>",<small><small>categoria:&ensp;cognição</small></small><br>,"<small><small>lexemas:</small></small>&ensp;escolher, seleccionar, selecionar<br>","<small><small>conceito:</small>&ensp;escolher, selecionar de um numero de alternativas</small><br>","<small><small>valências:&ensp;[ACT,PAT] ou [ACT,ADDR,PAT] ou [ACT,DIR1,PAT]</small></small><br>"
eo,move or progress freely as if in a stream,lilaLemma:101183,"<small><small>synset_id:&ensp;<a href=""https://www.openwordnet-pt.org/synset?id=02066510-v"" target=""_blank"">02066510-v</a></small></small><br>",<small><small>categoria:&ensp;movimento</small></small><br>,"<small><small>lexemas:</small></small>&ensp;escorrer, fluir<br>",,"<small><small>valências:&ensp;[ACT,DIR3,PAT] ou [ACT] ou [ACT,DIR3] ou [ACT,DIR1,DIR3]</small></small><br>"
scribo,mark or trace on a surface,lilaLemma:123840,"<small><small>synset_id:&ensp;<a href=""https://www.openwordnet-pt.org/synset?id=01691057-v"" target=""_blank"">01691057-v</a></small></small><br>",<small><small>categoria:&ensp;criação</small></small><br>,<small><small>lexemas:</small></small>&ensp;escrever<br>,<small><small>conceito:</small>&ensp;marcra ou traçar sobre uma superfície</small><br>,"<small><small>valências:&ensp;[ACT,PAT]</small></small><br>"
scribo,communicate by letter,lilaLemma:123840,"<small><small>synset_id:&ensp;<a href=""https://www.openwordnet-pt.org/synset?id=01031966-v"" target=""_blank"">01031966-v</a></small></small><br>",<small><small>categoria:&ensp;comunicação</small></small><br>,<small><small>lexemas:</small></small>&ensp;escrever<br>,,"<small><small>valências:&ensp;[ACT,PAT]</small></small><br>"
scribo,communicate or express by writing,lilaLemma:123840,"<small><small>synset_id:&ensp;<a href=""https://www.openwordnet-pt.org/synset?id=00993014-v"" target=""_blank"">00993014-v</a></small></small><br>",<small><small>categoria:&ensp;comunicação</small></small><br>,"<small><small>lexemas:</small></small>&ensp;escrever, redigir<br>",<small><small>conceito:</small>&ensp;comunicar ou expressar através da escrita</small><br>,"<small><small>valências:&ensp;[ACT,PAT]</small></small><br>"
audio,listen and pay attention,lilaLemma:90641,"<small><small>synset_id:&ensp;<a href=""https://www.openwordnet-pt.org/synset?id=02171039-v"" target=""_blank"">02171039-v</a></small></small><br>",<small><small>categoria:&ensp;percepção</small></small><br>,<small><small>lexemas:</small></small>&ensp;escutar<br>,,"<small><small>valências:&ensp;[ACT,PAT]</small></small><br>"
audio,pay close attention to; give heed to,lilaLemma:90641,"<small><small>synset_id:&ensp;<a href=""https://www.openwordnet-pt.org/synset?id=02571901-v"" target=""_blank"">02571901-v</a></small></small><br>",<small><small>categoria:&ensp;relação social</small></small><br>,"<small><small>lexemas:</small></small>&ensp;escutar, obedecer<br>",<small><small>conceito:</small>&ensp;Prestar atenção; dar atenção a</small><br>,"<small><small>valências:&ensp;[ACT,PAT]</small></small><br>"
audio,perceive (sound) via the auditory sense,lilaLemma:90641,"<small><small>synset_id:&ensp;<a href=""https://www.openwordnet-pt.org/synset?id=02169702-v"" target=""_blank"">02169702-v</a></small></small><br>",<small><small>categoria:&ensp;percepção</small></small><br>,"<small><small>lexemas:</small></small>&ensp;escutar, ouvir, ouvir dizer, sentir<br>",,"<small><small>valências:&ensp;[ACT,PAT]</small></small><br>"
ago,strive and make an effort to reach a goal,lilaLemma:88140,"<small><small>synset_id:&ensp;<a href=""https://www.openwordnet-pt.org/synset?id=02406916-v"" target=""_blank"">02406916-v</a></small></small><br>",<small><small>categoria:&ensp;relação social</small></small><br>,"<small><small>lexemas:</small></small>&ensp;esforçar, esforçar-se, forçar, pressionar<br>",<small><small>conceito:</small>&ensp;fazer um esforço para alcançar um objetivo</small><br>,"<small><small>valências:&ensp;[ACT,PAT] ou [ACT,INTT] ou [ACT,ACMP]</small></small><br>"
periculum,earnest and conscientious activity intended to do or accomplish something,lilaLemma:116930,"<small><small>synset_id:&ensp;<a href=""https://www.openwordnet-pt.org/synset?id=00786195-n"" target=""_blank"">00786195-n</a></small></small><br>",<small><small>categoria:&ensp;ação</small></small><br>,"<small><small>lexemas:</small></small>&ensp;esforço, tentativa<br>",<small><small>conceito:</small>&ensp;atividade séria e consciente intencionada a fazer ou realizar algo</small><br>,"<small><small>valências:&ensp;[ACT,PAT]</small></small><br>"
periculum,the act of undergoing testing,lilaLemma:116930,"<small><small>synset_id:&ensp;<a href=""https://www.openwordnet-pt.org/synset?id=00794367-n"" target=""_blank"">00794367-n</a></small></small><br>",<small><small>categoria:&ensp;ação</small></small><br>,"<small><small>lexemas:</small></small>&ensp;esforço, tentativa, teste<br>",,"<small><small>valências:&ensp;[ACT,PAT]</small></small><br>"
uita,all of the living human inhabitants of the earth,lilaLemma:130393,"<small><small>synset_id:&ensp;<a href=""https://www.openwordnet-pt.org/synset?id=02472987-n"" target=""_blank"">02472987-n</a></small></small><br>",<small><small>categoria:&ensp;animal</small></small><br>,"<small><small>lexemas:</small></small>&ensp;espécie humana, homem, humanidade, mundo, povo<br>",<small><small>conceito:</small>&ensp;Todos os habitantes humanos vivos da Terra</small><br>,<small><small>valências:&ensp;[ACT]</small></small><br>
lex,a restriction that is insisted upon as a condition for an agreement,lilaLemma:110351,"<small><small>synset_id:&ensp;<a href=""https://www.openwordnet-pt.org/synset?id=01149303-n"" target=""_blank"">01149303-n</a></small></small><br>",<small><small>categoria:&ensp;ação</small></small><br>,"<small><small>lexemas:</small></small>&ensp;especificação, estipulação<br>",,"<small><small>valências:&ensp;[ACT,PAT]</small></small><br>"
pono,define clearly,lilaLemma:118414,"<small><small>synset_id:&ensp;<a href=""https://www.openwordnet-pt.org/synset?id=00715541-v"" target=""_blank"">00715541-v</a></small></small><br>",<small><small>categoria:&ensp;cognição</small></small><br>,<small><small>lexemas:</small></small>&ensp;especificar<br>,,"<small><small>valências:&ensp;[ACT,PAT]</small></small><br>"
do,bring about,lilaLemma:99970,"<small><small>synset_id:&ensp;<a href=""https://www.openwordnet-pt.org/synset?id=01647672-v"" target=""_blank"">01647672-v</a></small></small><br>",<small><small>categoria:&ensp;criação</small></small><br>,"<small><small>lexemas:</small></small>&ensp;estabelecer, produzir<br>",,"<small><small>valências:&ensp;[ACT,EFF,PAT] ou [ACT,PAT,ADDR] ou [ACT,ADDR,PAT]</small></small><br>"
tempus,one of the natural periods into which the year is divided by the equinoxes and solstices or atmospheric conditions,lilaLemma:127522,"<small><small>synset_id:&ensp;<a href=""https://www.openwordnet-pt.org/synset?id=15236475-n"" target=""_blank"">15236475-n</a></small></small><br>",<small><small>categoria:&ensp;tempo</small></small><br>,"<small><small>lexemas:</small></small>&ensp;estação, estação do ano, período, sazão, tempo<br>",,
tempus,a period of the year marked by special events or activities in some field,lilaLemma:127522,"<small><small>synset_id:&ensp;<a href=""https://www.openwordnet-pt.org/synset?id=15239579-n"" target=""_blank"">15239579-n</a></small></small><br>",<small><small>categoria:&ensp;tempo</small></small><br>,"<small><small>lexemas:</small></small>&ensp;estação, tempo, temporada<br>",,
locus,a mode of being or form of existence of a person or thing,lilaLemma:110019,"<small><small>synset_id:&ensp;<a href=""https://www.openwordnet-pt.org/synset?id=13920429-n"" target=""_blank"">13920429-n</a></small></small><br>",<small><small>categoria:&ensp;estado</small></small><br>,<small><small>lexemas:</small></small>&ensp;estado<br>,,"<small><small>valências:&ensp;[ACT] ou [ACT,EFF]</small></small><br>"
ciuitas,the group of people comprising the government of a sovereign state,lilaLemma:94400,"<small><small>synset_id:&ensp;<a href=""https://www.openwordnet-pt.org/synset?id=08178547-n"" target=""_blank"">08178547-n</a></small></small><br>",<small><small>categoria:&ensp;grupo</small></small><br>,<small><small>lexemas:</small></small>&ensp;Estado<br>,,
fortuna,a state at a particular time,lilaLemma:103696,"<small><small>synset_id:&ensp;<a href=""https://www.openwordnet-pt.org/synset?id=13920835-n"" target=""_blank"">13920835-n</a></small></small><br>",<small><small>categoria:&ensp;estado</small></small><br>,"<small><small>lexemas:</small></small>&ensp;Estado, condição, estado, situação<br>",,
lex,a state at a particular time,lilaLemma:110351,"<small><small>synset_id:&ensp;<a href=""https://www.openwordnet-pt.org/synset?id=13920835-n"" target=""_blank"">13920835-n</a></small></small><br>",<small><small>categoria:&ensp;estado</small></small><br>,"<small><small>lexemas:</small></small>&ensp;Estado, condição, estado, situação<br>",,
natura,a state at a particular time,lilaLemma:113421,"<small><small>synset_id:&ensp;<a href=""https://www.openwordnet-pt.org/synset?id=13920835-n"" target=""_blank"">13920835-n</a></small></small><br>",<small><small>categoria:&ensp;estado</small></small><br>,"<small><small>lexemas:</small></small>&ensp;Estado, condição, estado, situação<br>",,
tempus,a state at a particular time,lilaLemma:127522,"<small><small>synset_id:&ensp;<a href=""https://www.openwordnet-pt.org/synset?id=13920835-n"" target=""_blank"">13920835-n</a></small></small><br>",<small><small>categoria:&ensp;estado</small></small><br>,"<small><small>lexemas:</small></small>&ensp;Estado, condição, estado, situação<br>",,
tempus,any distinct time period in a sequence of events,lilaLemma:127522,"<small><small>synset_id:&ensp;<a href=""https://www.openwordnet-pt.org/synset?id=15290337-n"" target=""_blank"">15290337-n</a></small></small><br>",<small><small>categoria:&ensp;tempo</small></small><br>,"<small><small>lexemas:</small></small>&ensp;estágio, fase, período<br>",,
eo,have a tendency or disposition to do or be something; be inclined,lilaLemma:101183,"<small><small>synset_id:&ensp;<a href=""https://www.openwordnet-pt.org/synset?id=02719399-v"" target=""_blank"">02719399-v</a></small></small><br>",<small><small>categoria:&ensp;estado</small></small><br>,"<small><small>lexemas:</small></small>&ensp;estar inclinado a, inclinar se, tender<br>",,"<small><small>valências:&ensp;[ACT,PAT] ou [ACT,BEN] ou [ACT,EFF]</small></small><br>"
ago,"have life, be alive",lilaLemma:88140,"<small><small>synset_id:&ensp;<a href=""https://www.openwordnet-pt.org/synset?id=02614181-v"" target=""_blank"">02614181-v</a></small></small><br>",<small><small>categoria:&ensp;estado</small></small><br>,"<small><small>lexemas:</small></small>&ensp;estar vivo, viver<br>",,"<small><small>valências:&ensp;[ACT,PAT] ou [ACT]</small></small><br>"
sum,"have life, be alive",lilaLemma:126689,"<small><small>synset_id:&ensp;<a href=""https://www.openwordnet-pt.org/synset?id=02614181-v"" target=""_blank"">02614181-v</a></small></small><br>",<small><small>categoria:&ensp;estado</small></small><br>,"<small><small>lexemas:</small></small>&ensp;estar vivo, viver<br>",,"<small><small>valências:&ensp;[ACT,PAT] ou [ACT]</small></small><br>"
eo,enter or assume a certain state or condition,lilaLemma:101183,"<small><small>synset_id:&ensp;<a href=""https://www.openwordnet-pt.org/synset?id=00149583-v"" target=""_blank"">00149583-v</a></small></small><br>",<small><small>categoria:&ensp;mudança</small></small><br>,"<small><small>lexemas:</small></small>&ensp;estar, ficar, tornar<br>",<small><small>conceito:</small>&ensp;assumir um certo estado ou condiçã</small><br>,"<small><small>valências:&ensp;[ACT,EFF] ou [ACT,PAT]</small></small><br>"
fio,enter or assume a certain state or condition,lilaLemma:103328,"<small><small>synset_id:&ensp;<a href=""https://www.openwordnet-pt.org/synset?id=00149583-v"" target=""_blank"">00149583-v</a></small></small><br>",<small><small>categoria:&ensp;mudança</small></small><br>,"<small><small>lexemas:</small></small>&ensp;estar, ficar, tornar<br>",<small><small>conceito:</small>&ensp;assumir um certo estado ou condiçã</small><br>,"<small><small>valências:&ensp;[ACT,EFF] ou [ACT,PAT]</small></small><br>"
habeo,"have the quality of being; (copula, used with an adjective or a predicate noun)",lilaLemma:105044,"<small><small>synset_id:&ensp;<a href=""https://www.openwordnet-pt.org/synset?id=02604760-v"" target=""_blank"">02604760-v</a></small></small><br>",<small><small>categoria:&ensp;estado</small></small><br>,"<small><small>lexemas:</small></small>&ensp;estar, ser<br>","<small><small>conceito:</small>&ensp;(cópula, usada com um adjetivo ou um substantivo predicativo)</small><br>","<small><small>valências:&ensp;[ACT,MANN] ou [ACT,MANN,PAT] ou [ACT,LOC]</small></small><br>"
eo,continue or extend,lilaLemma:101183,"<small><small>synset_id:&ensp;<a href=""https://www.openwordnet-pt.org/synset?id=00235110-v"" target=""_blank"">00235110-v</a></small></small><br>",<small><small>categoria:&ensp;mudança</small></small><br>,<small><small>lexemas:</small></small>&ensp;estender<br>,,"<small><small>valências:&ensp;[ACT,TFHL] ou [ACT,PAT]</small></small><br>"
fero,thrust or extend out,lilaLemma:103126,"<small><small>synset_id:&ensp;<a href=""https://www.openwordnet-pt.org/synset?id=00027705-v"" target=""_blank"">00027705-v</a></small></small><br>",<small><small>categoria:&ensp;corpo</small></small><br>,"<small><small>lexemas:</small></small>&ensp;estender, esticar<br>",,"<small><small>valências:&ensp;[ACT,PAT,DIR3] ou [ACT,DIR1,PAT] ou [ACT,PAT] ou [ACT,DIR3,PAT] ou [ACT,EXT] ou [ACT]</small></small><br>"
mitto,thrust or extend out,lilaLemma:112499,"<small><small>synset_id:&ensp;<a href=""https://www.openwordnet-pt.org/synset?id=00027705-v"" target=""_blank"">00027705-v</a></small></small><br>",<small><small>categoria:&ensp;corpo</small></small><br>,"<small><small>lexemas:</small></small>&ensp;estender, esticar<br>",,"<small><small>valências:&ensp;[ACT,PAT,DIR3] ou [ACT,DIR1,PAT] ou [ACT,PAT] ou [ACT,DIR3,PAT] ou [ACT,EXT] ou [ACT]</small></small><br>"
eo,"stretch out over a distance, space, time, or scope; run or extend between two points or beyond a certain point",lilaLemma:101183,"<small><small>synset_id:&ensp;<a href=""https://www.openwordnet-pt.org/synset?id=02685951-v"" target=""_blank"">02685951-v</a></small></small><br>",<small><small>categoria:&ensp;estado</small></small><br>,"<small><small>lexemas:</small></small>&ensp;estender, ir, levar<br>",,"<small><small>valências:&ensp;[ACT,DIR1,DIR3,PAT] ou [ACT,LOC] ou [ACT] ou [ACT,PAT] ou [ACT,PAT,DIR3] ou [ACT,DIR3] ou [ACT,DIR1,DIR3] ou [ACT,PAT,DIR1,DIR3] ou [ACT,DIR3,PAT]</small></small><br>"
genus,how something is done or how it happens,lilaLemma:104504,"<small><small>synset_id:&ensp;<a href=""https://www.openwordnet-pt.org/synset?id=04928903-n"" target=""_blank"">04928903-n</a></small></small><br>",<small><small>categoria:&ensp;atributo</small></small><br>,"<small><small>lexemas:</small></small>&ensp;estilo, maneira<br>",,<small><small>valências:&ensp;[ACT]</small></small><br>
lex,how something is done or how it happens,lilaLemma:110351,"<small><small>synset_id:&ensp;<a href=""https://www.openwordnet-pt.org/synset?id=04928903-n"" target=""_blank"">04928903-n</a></small></small><br>",<small><small>categoria:&ensp;atributo</small></small><br>,"<small><small>lexemas:</small></small>&ensp;estilo, maneira<br>",,<small><small>valências:&ensp;[ACT]</small></small><br>
modus,how something is done or how it happens,lilaLemma:112553,"<small><small>synset_id:&ensp;<a href=""https://www.openwordnet-pt.org/synset?id=04928903-n"" target=""_blank"">04928903-n</a></small></small><br>",<small><small>categoria:&ensp;atributo</small></small><br>,"<small><small>lexemas:</small></small>&ensp;estilo, maneira<br>",,<small><small>valências:&ensp;[ACT]</small></small><br>
mos,how something is done or how it happens,lilaLemma:112831,"<small><small>synset_id:&ensp;<a href=""https://www.openwordnet-pt.org/synset?id=04928903-n"" target=""_blank"">04928903-n</a></small></small><br>",<small><small>categoria:&ensp;atributo</small></small><br>,"<small><small>lexemas:</small></small>&ensp;estilo, maneira<br>",,<small><small>valências:&ensp;[ACT]</small></small><br>
nomen,the condition of being honored (esteemed or respected or well regarded),lilaLemma:113797,"<small><small>synset_id:&ensp;<a href=""https://www.openwordnet-pt.org/synset?id=14437552-n"" target=""_blank"">14437552-n</a></small></small><br>",<small><small>categoria:&ensp;estado</small></small><br>,"<small><small>lexemas:</small></small>&ensp;estima, respeito<br>",,"<small><small>valências:&ensp;[ACT,PAT] ou [ACT]</small></small><br>"
fero,give an incentive for action,lilaLemma:103126,"<small><small>synset_id:&ensp;<a href=""https://www.openwordnet-pt.org/synset?id=01649999-v"" target=""_blank"">01649999-v</a></small></small><br>",<small><small>categoria:&ensp;criação</small></small><br>,"<small><small>lexemas:</small></small>&ensp;estimular, incentivar, motivar, propulsar, provocar<br>",,"<small><small>valências:&ensp;[ACT,PAT] ou [ACT,ADDR,PAT] ou [ACT,PAT,DIR3] ou [ACT,EFF,PAT]</small></small><br>"
scribo,give a guarantee or promise of,lilaLemma:123840,"<small><small>synset_id:&ensp;<a href=""https://www.openwordnet-pt.org/synset?id=01019472-v"" target=""_blank"">01019472-v</a></small></small><br>",<small><small>categoria:&ensp;comunicação</small></small><br>,"<small><small>lexemas:</small></small>&ensp;estipular, convencionar, estipule<br>",,"<small><small>valências:&ensp;[ACT,PAT]</small></small><br>"
hostis,a person who comes from a foreign country; someone who does not owe allegiance to your country,lilaLemma:105757,"<small><small>synset_id:&ensp;<a href=""https://www.openwordnet-pt.org/synset?id=10103485-n"" target=""_blank"">10103485-n</a></small></small><br>",<small><small>categoria:&ensp;pessoa</small></small><br>,"<small><small>lexemas:</small></small>&ensp;estrangeira, estrangeiro<br>",,
hostis,an individual that one is not acquainted with,lilaLemma:105757,"<small><small>synset_id:&ensp;<a href=""https://www.openwordnet-pt.org/synset?id=10661216-n"" target=""_blank"">10661216-n</a></small></small><br>",<small><small>categoria:&ensp;pessoa</small></small><br>,"<small><small>lexemas:</small></small>&ensp;estrangeiro, desconhecido<br>",<small><small>conceito:</small>&ensp;um indivíduo com quem não se está familiarizado</small><br>,<small><small>valências:&ensp;[LOC]</small></small><br>
hostis,anyone who does not belong in the environment in which they are found,lilaLemma:105757,"<small><small>synset_id:&ensp;<a href=""https://www.openwordnet-pt.org/synset?id=10661002-n"" target=""_blank"">10661002-n</a></small></small><br>",<small><small>categoria:&ensp;pessoa</small></small><br>,"<small><small>lexemas:</small></small>&ensp;estrangeiro, estranho<br>",,
corpus,the underlying structure,lilaLemma:96667,"<small><small>synset_id:&ensp;<a href=""https://www.openwordnet-pt.org/synset?id=04933363-n"" target=""_blank"">04933363-n</a></small></small><br>",<small><small>categoria:&ensp;atributo</small></small><br>,"<small><small>lexemas:</small></small>&ensp;estrutura, rede<br>",,"<small><small>valências:&ensp;[ACT,MANN,PAT]</small></small><br>"
animus,an alert cognitive state in which you are aware of yourself and your situation,lilaLemma:89094,"<small><small>synset_id:&ensp;<a href=""https://www.openwordnet-pt.org/synset?id=05675130-n"" target=""_blank"">05675130-n</a></small></small><br>",<small><small>categoria:&ensp;cognição</small></small><br>,"<small><small>lexemas:</small></small>&ensp;Estudos da consciência, consciência<br>",,"<small><small>valências:&ensp;[ACT,PAT]</small></small><br>"
annus,an amount of time,lilaLemma:89129,"<small><small>synset_id:&ensp;<a href=""https://www.openwordnet-pt.org/synset?id=15113229-n"" target=""_blank"">15113229-n</a></small></small><br>",<small><small>categoria:&ensp;tempo</small></small><br>,"<small><small>lexemas:</small></small>&ensp;etapa, período, tempo<br>",,
tempus,an amount of time,lilaLemma:127522,"<small><small>synset_id:&ensp;<a href=""https://www.openwordnet-pt.org/synset?id=15113229-n"" target=""_blank"">15113229-n</a></small></small><br>",<small><small>categoria:&ensp;tempo</small></small><br>,"<small><small>lexemas:</small></small>&ensp;etapa, período, tempo<br>",,
itaque,continuing in the same way,lilaLemma:109129,"<small><small>synset_id:&ensp;<a href=""https://www.openwordnet-pt.org/synset?id=00103664-r"" target=""_blank"">00103664-r</a></small></small><br>",,"<small><small>lexemas:</small></small>&ensp;etc, etc., etcetera, etcétera<br>",,
refero,call to mind,lilaLemma:122494,"<small><small>synset_id:&ensp;<a href=""https://www.openwordnet-pt.org/synset?id=00930368-v"" target=""_blank"">00930368-v</a></small></small><br>",<small><small>categoria:&ensp;comunicação</small></small><br>,"<small><small>lexemas:</small></small>&ensp;evocar, sugerir<br>",,"<small><small>valências:&ensp;[ACT,PAT] ou [ACT,ADDR,PAT]</small></small><br>"
uinco,be or do something to a greater degree,lilaLemma:130232,"<small><small>synset_id:&ensp;<a href=""https://www.openwordnet-pt.org/synset?id=01105639-v"" target=""_blank"">01105639-v</a></small></small><br>",<small><small>categoria:&ensp;competição</small></small><br>,"<small><small>lexemas:</small></small>&ensp;exceder, superar, ultrapassar<br>",<small><small>conceito:</small>&ensp;Ser ou fazer algo muito bem</small><br>,"<small><small>valências:&ensp;[ACT,DIFF,PAT] ou [ACT,PAT] ou [ACT,DIR2]</small></small><br>"
uirtus,an outstanding feature; something in which something or someone excels,lilaLemma:130356,"<small><small>synset_id:&ensp;<a href=""https://www.openwordnet-pt.org/synset?id=05851744-n"" target=""_blank"">05851744-n</a></small></small><br>",<small><small>categoria:&ensp;cognição</small></small><br>,<small><small>lexemas:</small></small>&ensp;excelência<br>,,<small><small>valências:&ensp;[ACT]</small></small><br>
uirtus,the quality of excelling; possessing good qualities in high degree,lilaLemma:130356,"<small><small>synset_id:&ensp;<a href=""https://www.openwordnet-pt.org/synset?id=04728786-n"" target=""_blank"">04728786-n</a></small></small><br>",<small><small>categoria:&ensp;atributo</small></small><br>,<small><small>lexemas:</small></small>&ensp;excelência<br>,,<small><small>valências:&ensp;[ACT]</small></small><br>
facio,carry out or practice; as of jobs and professions,lilaLemma:102758,"<small><small>synset_id:&ensp;<a href=""https://www.openwordnet-pt.org/synset?id=02568672-v"" target=""_blank"">02568672-v</a></small></small><br>",<small><small>categoria:&ensp;relação social</small></small><br>,"<small><small>lexemas:</small></small>&ensp;exercer, praticar<br>",,"<small><small>valências:&ensp;[ACT,PAT]</small></small><br>"
exercitus,the activity of exerting your muscles in various ways to keep fit,lilaLemma:101960,"<small><small>synset_id:&ensp;<a href=""https://www.openwordnet-pt.org/synset?id=00624738-n"" target=""_blank"">00624738-n</a></small></small><br>",<small><small>categoria:&ensp;ação</small></small><br>,"<small><small>lexemas:</small></small>&ensp;exercício fisico, exercício físico<br>",<small><small>conceito:</small>&ensp;a atividade de execitar seus músculos de várias maneiras para manter a forma</small><br>,"<small><small>valências:&ensp;[ACT,PAT]</small></small><br>"
exercitus,a permanent organization of the military land forces of a nation or state,lilaLemma:101960,"<small><small>synset_id:&ensp;<a href=""https://www.openwordnet-pt.org/synset?id=08191230-n"" target=""_blank"">08191230-n</a></small></small><br>",<small><small>categoria:&ensp;grupo</small></small><br>,"<small><small>lexemas:</small></small>&ensp;Exército, exército, forças armadas<br>",,<small><small>valências:&ensp;[MAT]</small></small><br>
legio,a permanent organization of the military land forces of a nation or state,lilaLemma:110166,"<small><small>synset_id:&ensp;<a href=""https://www.openwordnet-pt.org/synset?id=08191230-n"" target=""_blank"">08191230-n</a></small></small><br>",<small><small>categoria:&ensp;grupo</small></small><br>,"<small><small>lexemas:</small></small>&ensp;Exército, exército, forças armadas<br>",,<small><small>valências:&ensp;[MAT]</small></small><br>
miles,a permanent organization of the military land forces of a nation or state,lilaLemma:112318,"<small><small>synset_id:&ensp;<a href=""https://www.openwordnet-pt.org/synset?id=08191230-n"" target=""_blank"">08191230-n</a></small></small><br>",<small><small>categoria:&ensp;grupo</small></small><br>,"<small><small>lexemas:</small></small>&ensp;Exército, exército, forças armadas<br>",,<small><small>valências:&ensp;[MAT]</small></small><br>
legio,soldiers collectively,lilaLemma:110166,"<small><small>synset_id:&ensp;<a href=""https://www.openwordnet-pt.org/synset?id=08397255-n"" target=""_blank"">08397255-n</a></small></small><br>",<small><small>categoria:&ensp;grupo</small></small><br>,"<small><small>lexemas:</small></small>&ensp;exército, forças armadas, milícia, tropas<br>",,
miles,soldiers collectively,lilaLemma:112318,"<small><small>synset_id:&ensp;<a href=""https://www.openwordnet-pt.org/synset?id=08397255-n"" target=""_blank"">08397255-n</a></small></small><br>",<small><small>categoria:&ensp;grupo</small></small><br>,"<small><small>lexemas:</small></small>&ensp;exército, forças armadas, milícia, tropas<br>",,
castra,a large number of people united for some specific purpose,lilaLemma:138599,"<small><small>synset_id:&ensp;<a href=""https://www.openwordnet-pt.org/synset?id=08183290-n"" target=""_blank"">08183290-n</a></small></small><br>",<small><small>categoria:&ensp;grupo</small></small><br>,"<small><small>lexemas:</small></small>&ensp;exército, multidão<br>",,<small><small>valências:&ensp;[ACT] ou [MAT]</small></small><br>
exercitus,a large number of people united for some specific purpose,lilaLemma:101960,"<small><small>synset_id:&ensp;<a href=""https://www.openwordnet-pt.org/synset?id=08183290-n"" target=""_blank"">08183290-n</a></small></small><br>",<small><small>categoria:&ensp;grupo</small></small><br>,"<small><small>lexemas:</small></small>&ensp;exército, multidão<br>",,<small><small>valências:&ensp;[ACT] ou [MAT]</small></small><br>
legio,a large number of people united for some specific purpose,lilaLemma:110166,"<small><small>synset_id:&ensp;<a href=""https://www.openwordnet-pt.org/synset?id=08183290-n"" target=""_blank"">08183290-n</a></small></small><br>",<small><small>categoria:&ensp;grupo</small></small><br>,"<small><small>lexemas:</small></small>&ensp;exército, multidão<br>",,<small><small>valências:&ensp;[ACT] ou [MAT]</small></small><br>
miles,a large number of people united for some specific purpose,lilaLemma:112318,"<small><small>synset_id:&ensp;<a href=""https://www.openwordnet-pt.org/synset?id=08183290-n"" target=""_blank"">08183290-n</a></small></small><br>",<small><small>categoria:&ensp;grupo</small></small><br>,"<small><small>lexemas:</small></small>&ensp;exército, multidão<br>",,<small><small>valências:&ensp;[ACT] ou [MAT]</small></small><br>
peto,consider obligatory; request and expect,lilaLemma:117549,"<small><small>synset_id:&ensp;<a href=""https://www.openwordnet-pt.org/synset?id=00755745-v"" target=""_blank"">00755745-v</a></small></small><br>",<small><small>categoria:&ensp;comunicação</small></small><br>,"<small><small>lexemas:</small></small>&ensp;exigir, requerer<br>",<small><small>conceito:</small>&ensp;considerar obrigatória; pedir e esperar</small><br>,"<small><small>valências:&ensp;[ACT,PAT] ou [ACT,ADDR,PAT]</small></small><br>"
quaero,consider obligatory; request and expect,lilaLemma:121047,"<small><small>synset_id:&ensp;<a href=""https://www.openwordnet-pt.org/synset?id=00755745-v"" target=""_blank"">00755745-v</a></small></small><br>",<small><small>categoria:&ensp;comunicação</small></small><br>,"<small><small>lexemas:</small></small>&ensp;exigir, requerer<br>",<small><small>conceito:</small>&ensp;considerar obrigatória; pedir e esperar</small><br>,"<small><small>valências:&ensp;[ACT,PAT] ou [ACT,ADDR,PAT]</small></small><br>"
uoco,consider obligatory; request and expect,lilaLemma:130729,"<small><small>synset_id:&ensp;<a href=""https://www.openwordnet-pt.org/synset?id=00755745-v"" target=""_blank"">00755745-v</a></small></small><br>",<small><small>categoria:&ensp;comunicação</small></small><br>,"<small><small>lexemas:</small></small>&ensp;exigir, requerer<br>",<small><small>conceito:</small>&ensp;considerar obrigatória; pedir e esperar</small><br>,"<small><small>valências:&ensp;[ACT,PAT] ou [ACT,ADDR,PAT]</small></small><br>"
uita,the state or fact of existing,lilaLemma:130393,"<small><small>synset_id:&ensp;<a href=""https://www.openwordnet-pt.org/synset?id=13954253-n"" target=""_blank"">13954253-n</a></small></small><br>",<small><small>categoria:&ensp;estado</small></small><br>,"<small><small>lexemas:</small></small>&ensp;Existência, existência, forma de vida, ser<br>",,<small><small>valências:&ensp;[ACT]</small></small><br>
uita,the course of existence of an individual; the actions and events that occur in living,lilaLemma:130393,"<small><small>synset_id:&ensp;<a href=""https://www.openwordnet-pt.org/synset?id=13961399-n"" target=""_blank"">13961399-n</a></small></small><br>",<small><small>categoria:&ensp;estado</small></small><br>,"<small><small>lexemas:</small></small>&ensp;existência, vida<br>",,
sum,"have an existence, be extant",lilaLemma:126689,"<small><small>synset_id:&ensp;<a href=""https://www.openwordnet-pt.org/synset?id=02603699-v"" target=""_blank"">02603699-v</a></small></small><br>",<small><small>categoria:&ensp;estado</small></small><br>,"<small><small>lexemas:</small></small>&ensp;existir, ser<br>",,"<small><small>valências:&ensp;[ACT] ou [ACT,LOC]</small></small><br>"
ago,force or impel in an indicated direction,lilaLemma:88140,"<small><small>synset_id:&ensp;<a href=""https://www.openwordnet-pt.org/synset?id=00765649-v"" target=""_blank"">00765649-v</a></small></small><br>",<small><small>categoria:&ensp;comunicação</small></small><br>,"<small><small>lexemas:</small></small>&ensp;exortar, impelir, urgir<br>",<small><small>conceito:</small>&ensp;forçar ou empurrar na direção indicada</small><br>,"<small><small>valências:&ensp;[ACT,PAT] ou [ACT,ADDR,PAT] ou [ACT,DIR3,PAT] ou [ACT,PAT,DIR3] ou [ACT,EFF,PAT]</small></small><br>"
uoco,force or impel in an indicated direction,lilaLemma:130729,"<small><small>synset_id:&ensp;<a href=""https://www.openwordnet-pt.org/synset?id=00765649-v"" target=""_blank"">00765649-v</a></small></small><br>",<small><small>categoria:&ensp;comunicação</small></small><br>,"<small><small>lexemas:</small></small>&ensp;exortar, impelir, urgir<br>",<small><small>conceito:</small>&ensp;forçar ou empurrar na direção indicada</small><br>,"<small><small>valências:&ensp;[ACT,PAT] ou [ACT,ADDR,PAT] ou [ACT,DIR3,PAT] ou [ACT,PAT,DIR3] ou [ACT,EFF,PAT]</small></small><br>"
periculum,the act of conducting a controlled test or investigation,lilaLemma:116930,"<small><small>synset_id:&ensp;<a href=""https://www.openwordnet-pt.org/synset?id=00639556-n"" target=""_blank"">00639556-n</a></small></small><br>",<small><small>categoria:&ensp;ação</small></small><br>,"<small><small>lexemas:</small></small>&ensp;experimento, experiência<br>",<small><small>conceito:</small>&ensp;o ato de conduzir um teste ou investigação controlada</small><br>,
periculum,the testing of an idea,lilaLemma:116930,"<small><small>synset_id:&ensp;<a href=""https://www.openwordnet-pt.org/synset?id=05798043-n"" target=""_blank"">05798043-n</a></small></small><br>",<small><small>categoria:&ensp;cognição</small></small><br>,"<small><small>lexemas:</small></small>&ensp;experimento, experiência, experiência científica, teste<br>",,
periculum,a venture at something new or different,lilaLemma:116930,"<small><small>synset_id:&ensp;<a href=""https://www.openwordnet-pt.org/synset?id=00785959-n"" target=""_blank"">00785959-n</a></small></small><br>",<small><small>categoria:&ensp;ação</small></small><br>,"<small><small>lexemas:</small></small>&ensp;experimento, experiência, tentativa<br>",,
mitto,sell or transfer abroad,lilaLemma:112499,"<small><small>synset_id:&ensp;<a href=""https://www.openwordnet-pt.org/synset?id=02346409-v"" target=""_blank"">02346409-v</a></small></small><br>",<small><small>categoria:&ensp;posse</small></small><br>,<small><small>lexemas:</small></small>&ensp;exportar<br>,,"<small><small>valências:&ensp;[ACT,PAT] ou [ACT,DIR3,PAT]</small></small><br>"
uox,the communication (in speech or writing) of your beliefs or opinions,lilaLemma:130806,"<small><small>synset_id:&ensp;<a href=""https://www.openwordnet-pt.org/synset?id=07139873-n"" target=""_blank"">07139873-n</a></small></small><br>",<small><small>categoria:&ensp;comunicação</small></small><br>,<small><small>lexemas:</small></small>&ensp;expressão<br>,,"<small><small>valências:&ensp;[ACT,PAT]</small></small><br>"
eo,lengthen in time; cause to be or last longer,lilaLemma:101183,"<small><small>synset_id:&ensp;<a href=""https://www.openwordnet-pt.org/synset?id=00317888-v"" target=""_blank"">00317888-v</a></small></small><br>",<small><small>categoria:&ensp;mudança</small></small><br>,"<small><small>lexemas:</small></small>&ensp;extender, prolongar, prorrogar<br>",<small><small>conceito:</small>&ensp;prolongar no tempo; fazer com que seja ou dure mais tempo</small><br>,"<small><small>valências:&ensp;[ACT,PAT] ou [ACT,PAT,TOWH] ou [ACT,TFHL] ou [ACT,PAT,DIR3] ou [ACT,PAT,DIR1,DIR3]</small></small><br>"
capio,obtain by coercion or intimidation,lilaLemma:92686,"<small><small>synset_id:&ensp;<a href=""https://www.openwordnet-pt.org/synset?id=02241107-v"" target=""_blank"">02241107-v</a></small></small><br>",<small><small>categoria:&ensp;posse</small></small><br>,<small><small>lexemas:</small></small>&ensp;extorquir<br>,,"<small><small>valências:&ensp;[ACT,PAT] ou [ACT,EFF,PAT] ou [ACT,PAT,DIR1] ou [ACT,ADDR,PAT]</small></small><br>"
capio,obtain through intimidation,lilaLemma:92686,"<small><small>synset_id:&ensp;<a href=""https://www.openwordnet-pt.org/synset?id=02241621-v"" target=""_blank"">02241621-v</a></small></small><br>",<small><small>categoria:&ensp;posse</small></small><br>,<small><small>lexemas:</small></small>&ensp;extorquir<br>,,"<small><small>valências:&ensp;[ACT,PAT] ou [ACT,PAT,DIR1]</small></small><br>"
causa,properties attributable to your ancestry,lilaLemma:93253,"<small><small>synset_id:&ensp;<a href=""https://www.openwordnet-pt.org/synset?id=04923743-n"" target=""_blank"">04923743-n</a></small></small><br>",<small><small>categoria:&ensp;atributo</small></small><br>,"<small><small>lexemas:</small></small>&ensp;extração, origem<br>",,<small><small>valências:&ensp;[PAT]</small></small><br>
genus,properties attributable to your ancestry,lilaLemma:104504,"<small><small>synset_id:&ensp;<a href=""https://www.openwordnet-pt.org/synset?id=04923743-n"" target=""_blank"">04923743-n</a></small></small><br>",<small><small>categoria:&ensp;atributo</small></small><br>,"<small><small>lexemas:</small></small>&ensp;extração, origem<br>",,<small><small>valências:&ensp;[PAT]</small></small><br>
modus,the greatest amount of something that is possible or allowed,lilaLemma:112553,"<small><small>synset_id:&ensp;<a href=""https://www.openwordnet-pt.org/synset?id=13758296-n"" target=""_blank"">13758296-n</a></small></small><br>",<small><small>categoria:&ensp;quantidade</small></small><br>,"<small><small>lexemas:</small></small>&ensp;extremo, limitação, limite<br>",,
pars,a dissenting clique,lilaLemma:116084,"<small><small>synset_id:&ensp;<a href=""https://www.openwordnet-pt.org/synset?id=08251877-n"" target=""_blank"">08251877-n</a></small></small><br>",<small><small>categoria:&ensp;grupo</small></small><br>,"<small><small>lexemas:</small></small>&ensp;facção, seita<br>",,<small><small>valências:&ensp;[ACT] ou [MAT]</small></small><br>
mors,the event of dying or departure from life,lilaLemma:112807,"<small><small>synset_id:&ensp;<a href=""https://www.openwordnet-pt.org/synset?id=07355491-n"" target=""_blank"">07355491-n</a></small></small><br>",<small><small>categoria:&ensp;evento</small></small><br>,"<small><small>lexemas:</small></small>&ensp;falecimento, morte<br>",,"<small><small>valências:&ensp;[ACT] ou [ACT,DIR1]</small></small><br>"
genus,people descended from a common ancestor,lilaLemma:104504,"<small><small>synset_id:&ensp;<a href=""https://www.openwordnet-pt.org/synset?id=07970721-n"" target=""_blank"">07970721-n</a></small></small><br>",<small><small>categoria:&ensp;grupo</small></small><br>,<small><small>lexemas:</small></small>&ensp;família<br>,,
genus,primary social group; parents and children,lilaLemma:104504,"<small><small>synset_id:&ensp;<a href=""https://www.openwordnet-pt.org/synset?id=07970406-n"" target=""_blank"">07970406-n</a></small></small><br>",<small><small>categoria:&ensp;grupo</small></small><br>,<small><small>lexemas:</small></small>&ensp;família<br>,,
nomen,people descended from a common ancestor,lilaLemma:113797,"<small><small>synset_id:&ensp;<a href=""https://www.openwordnet-pt.org/synset?id=07970721-n"" target=""_blank"">07970721-n</a></small></small><br>",<small><small>categoria:&ensp;grupo</small></small><br>,<small><small>lexemas:</small></small>&ensp;família<br>,,
nomen,primary social group; parents and children,lilaLemma:113797,"<small><small>synset_id:&ensp;<a href=""https://www.openwordnet-pt.org/synset?id=07970406-n"" target=""_blank"">07970406-n</a></small></small><br>",<small><small>categoria:&ensp;grupo</small></small><br>,<small><small>lexemas:</small></small>&ensp;família<br>,,
locus,a specific identifiable position in a continuum or series or especially in a process,lilaLemma:110019,"<small><small>synset_id:&ensp;<a href=""https://www.openwordnet-pt.org/synset?id=13939892-n"" target=""_blank"">13939892-n</a></small></small><br>",<small><small>categoria:&ensp;estado</small></small><br>,"<small><small>lexemas:</small></small>&ensp;fase, grau, nível, ápice<br>",,
bonus,encouraging or approving or pleasing,lilaLemma:91782,"<small><small>synset_id:&ensp;<a href=""https://www.openwordnet-pt.org/synset?id=00995775-a"" target=""_blank"">00995775-a</a></small></small><br>",,<small><small>lexemas:</small></small>&ensp;favorável<br>,,
facio,cause to grow and differentiate in ways conforming to its natural development,lilaLemma:102758,"<small><small>synset_id:&ensp;<a href=""https://www.openwordnet-pt.org/synset?id=00253761-v"" target=""_blank"">00253761-v</a></small></small><br>",<small><small>categoria:&ensp;mudança</small></small><br>,<small><small>lexemas:</small></small>&ensp;fazer crescer<br>,,"<small><small>valências:&ensp;[ACT,PAT]</small></small><br>"
do,give or supply,lilaLemma:99970,"<small><small>synset_id:&ensp;<a href=""https://www.openwordnet-pt.org/synset?id=01629000-v"" target=""_blank"">01629000-v</a></small></small><br>",<small><small>categoria:&ensp;criação</small></small><br>,"<small><small>lexemas:</small></small>&ensp;fazer, gerar, trazer<br>",,"<small><small>valências:&ensp;[ACT,PAT,ADDR] ou [ACT,PAT] ou [ACT,ADDR,PAT] ou [ACT,ADDR]</small></small><br>"
fero,give or supply,lilaLemma:103126,"<small><small>synset_id:&ensp;<a href=""https://www.openwordnet-pt.org/synset?id=01629000-v"" target=""_blank"">01629000-v</a></small></small><br>",<small><small>categoria:&ensp;criação</small></small><br>,"<small><small>lexemas:</small></small>&ensp;fazer, gerar, trazer<br>",,"<small><small>valências:&ensp;[ACT,PAT,ADDR] ou [ACT,PAT] ou [ACT,ADDR,PAT] ou [ACT,ADDR]</small></small><br>"
refero,give or supply,lilaLemma:122494,"<small><small>synset_id:&ensp;<a href=""https://www.openwordnet-pt.org/synset?id=01629000-v"" target=""_blank"">01629000-v</a></small></small><br>",<small><small>categoria:&ensp;criação</small></small><br>,"<small><small>lexemas:</small></small>&ensp;fazer, gerar, trazer<br>",,"<small><small>valências:&ensp;[ACT,PAT,ADDR] ou [ACT,PAT] ou [ACT,ADDR,PAT] ou [ACT,ADDR]</small></small><br>"
do,bring forth or yield,lilaLemma:99970,"<small><small>synset_id:&ensp;<a href=""https://www.openwordnet-pt.org/synset?id=01752495-v"" target=""_blank"">01752495-v</a></small></small><br>",<small><small>categoria:&ensp;criação</small></small><br>,"<small><small>lexemas:</small></small>&ensp;fazer, produzir<br>",,"<small><small>valências:&ensp;[ACT,PAT] ou [ACT,ADDR,PAT]</small></small><br>"
tempus,the time of a particular event,lilaLemma:127522,"<small><small>synset_id:&ensp;<a href=""https://www.openwordnet-pt.org/synset?id=15245829-n"" target=""_blank"">15245829-n</a></small></small><br>",<small><small>categoria:&ensp;tempo</small></small><br>,<small><small>lexemas:</small></small>&ensp;feita<br>,,
natura,all phenomena that are not artificial,lilaLemma:113421,"<small><small>synset_id:&ensp;<a href=""https://www.openwordnet-pt.org/synset?id=11408559-n"" target=""_blank"">11408559-n</a></small></small><br>",<small><small>categoria:&ensp;fenômeno</small></small><br>,"<small><small>lexemas:</small></small>&ensp;Fenômeno natural, Fenómeno natural<br>",,
pars,a group of people gathered together for pleasure,lilaLemma:116084,"<small><small>synset_id:&ensp;<a href=""https://www.openwordnet-pt.org/synset?id=08252602-n"" target=""_blank"">08252602-n</a></small></small><br>",<small><small>categoria:&ensp;grupo</small></small><br>,<small><small>lexemas:</small></small>&ensp;festa<br>,,<small><small>valências:&ensp;[MAT]</small></small><br>
amicus,someone who supports or champions something,lilaLemma:88684,"<small><small>synset_id:&ensp;<a href=""https://www.openwordnet-pt.org/synset?id=10407954-n"" target=""_blank"">10407954-n</a></small></small><br>",<small><small>categoria:&ensp;pessoa</small></small><br>,"<small><small>lexemas:</small></small>&ensp;fiador, padrinho<br>",<small><small>conceito:</small>&ensp;alguém que apóia ou suporta algo</small><br>,<small><small>valências:&ensp;[PAT]</small></small><br>
nomen,a well-known or notable person,lilaLemma:113797,"<small><small>synset_id:&ensp;<a href=""https://www.openwordnet-pt.org/synset?id=10344443-n"" target=""_blank"">10344443-n</a></small></small><br>",<small><small>categoria:&ensp;pessoa</small></small><br>,"<small><small>lexemas:</small></small>&ensp;figura publica, nome, pessoa<br>",,
filius,a male human offspring,lilaLemma:103307,"<small><small>synset_id:&ensp;<a href=""https://www.openwordnet-pt.org/synset?id=10624074-n"" target=""_blank"">10624074-n</a></small></small><br>",<small><small>categoria:&ensp;pessoa</small></small><br>,"<small><small>lexemas:</small></small>&ensp;filho, garoto, menino<br>",<small><small>conceito:</small>&ensp;Um descendente humano masculino</small><br>,
mors,the time when something ends,lilaLemma:112807,"<small><small>synset_id:&ensp;<a href=""https://www.openwordnet-pt.org/synset?id=15143477-n"" target=""_blank"">15143477-n</a></small></small><br>",<small><small>categoria:&ensp;tempo</small></small><br>,"<small><small>lexemas:</small></small>&ensp;fim, morte, queda<br>",,<small><small>valências:&ensp;[ACT]</small></small><br>
animus,an anticipated outcome that is intended or that guides your planned actions,lilaLemma:89094,"<small><small>synset_id:&ensp;<a href=""https://www.openwordnet-pt.org/synset?id=05982152-n"" target=""_blank"">05982152-n</a></small></small><br>",<small><small>categoria:&ensp;cognição</small></small><br>,"<small><small>lexemas:</small></small>&ensp;finalidade, intento, intenção, objectivo, objetivo, propósito<br>",,"<small><small>valências:&ensp;[ACT,PAT] ou [ACT]</small></small><br>"
consilium,an anticipated outcome that is intended or that guides your planned actions,lilaLemma:96060,"<small><small>synset_id:&ensp;<a href=""https://www.openwordnet-pt.org/synset?id=05982152-n"" target=""_blank"">05982152-n</a></small></small><br>",<small><small>categoria:&ensp;cognição</small></small><br>,"<small><small>lexemas:</small></small>&ensp;finalidade, intento, intenção, objectivo, objetivo, propósito<br>",,"<small><small>valências:&ensp;[ACT,PAT] ou [ACT]</small></small><br>"
primus,of superior grade,lilaLemma:119498,"<small><small>synset_id:&ensp;<a href=""https://www.openwordnet-pt.org/synset?id=02342899-s"" target=""_blank"">02342899-s</a></small></small><br>",,"<small><small>lexemas:</small></small>&ensp;fino, primordial, seleto, superior<br>",,
corpus,constitution of the human body,lilaLemma:96667,"<small><small>synset_id:&ensp;<a href=""https://www.openwordnet-pt.org/synset?id=04998530-n"" target=""_blank"">04998530-n</a></small></small><br>",<small><small>categoria:&ensp;atributo</small></small><br>,<small><small>lexemas:</small></small>&ensp;físico<br>,,
uirtus,the property of being physically or mentally strong,lilaLemma:130356,"<small><small>synset_id:&ensp;<a href=""https://www.openwordnet-pt.org/synset?id=05029706-n"" target=""_blank"">05029706-n</a></small></small><br>",<small><small>categoria:&ensp;atributo</small></small><br>,<small><small>lexemas:</small></small>&ensp;força<br>,,"<small><small>valências:&ensp;[ACT,PAT] ou [ACT]</small></small><br>"
manus,one possessing or exercising power or influence or authority,lilaLemma:111585,"<small><small>synset_id:&ensp;<a href=""https://www.openwordnet-pt.org/synset?id=10461424-n"" target=""_blank"">10461424-n</a></small></small><br>",<small><small>categoria:&ensp;pessoa</small></small><br>,"<small><small>lexemas:</small></small>&ensp;força, poder<br>",<small><small>conceito:</small>&ensp;algo que possui poder ou influencia ou autoridade</small><br>,"<small><small>valências:&ensp;[ACT,PAT] ou [ACT,ADDR]</small></small><br>"
uirtus,active strength of body or mind,lilaLemma:130356,"<small><small>synset_id:&ensp;<a href=""https://www.openwordnet-pt.org/synset?id=05030806-n"" target=""_blank"">05030806-n</a></small></small><br>",<small><small>categoria:&ensp;atributo</small></small><br>,"<small><small>lexemas:</small></small>&ensp;força, vigor<br>",,<small><small>valências:&ensp;[ACT]</small></small><br>
manus,physical energy or intensity,lilaLemma:111585,"<small><small>synset_id:&ensp;<a href=""https://www.openwordnet-pt.org/synset?id=05035353-n"" target=""_blank"">05035353-n</a></small></small><br>",<small><small>categoria:&ensp;atributo</small></small><br>,"<small><small>lexemas:</small></small>&ensp;força, violência<br>",,"<small><small>valências:&ensp;[ACT,PAT] ou [ACT]</small></small><br>"
genus,a way of doing or being,lilaLemma:104504,"<small><small>synset_id:&ensp;<a href=""https://www.openwordnet-pt.org/synset?id=04931733-n"" target=""_blank"">04931733-n</a></small></small><br>",<small><small>categoria:&ensp;atributo</small></small><br>,"<small><small>lexemas:</small></small>&ensp;forma, jeito, maneira<br>",,
modus,a way of doing or being,lilaLemma:112553,"<small><small>synset_id:&ensp;<a href=""https://www.openwordnet-pt.org/synset?id=04931733-n"" target=""_blank"">04931733-n</a></small></small><br>",<small><small>categoria:&ensp;atributo</small></small><br>,"<small><small>lexemas:</small></small>&ensp;forma, jeito, maneira<br>",,
castra,a fortified defensive structure,lilaLemma:138599,"<small><small>synset_id:&ensp;<a href=""https://www.openwordnet-pt.org/synset?id=03386011-n"" target=""_blank"">03386011-n</a></small></small><br>",<small><small>categoria:&ensp;artefato</small></small><br>,"<small><small>lexemas:</small></small>&ensp;fortaleza, forte<br>",,
bonum,a large amount of wealth or prosperity,lilaLemma:91351,"<small><small>synset_id:&ensp;<a href=""https://www.openwordnet-pt.org/synset?id=13370938-n"" target=""_blank"">13370938-n</a></small></small><br>",<small><small>categoria:&ensp;posse</small></small><br>,<small><small>lexemas:</small></small>&ensp;fortuna<br>,<small><small>conceito:</small>&ensp;uma grande quantidade de riqueza</small><br>,<small><small>valências:&ensp;[ACT]</small></small><br>
fortuna,a large amount of wealth or prosperity,lilaLemma:103696,"<small><small>synset_id:&ensp;<a href=""https://www.openwordnet-pt.org/synset?id=13370938-n"" target=""_blank"">13370938-n</a></small></small><br>",<small><small>categoria:&ensp;posse</small></small><br>,<small><small>lexemas:</small></small>&ensp;fortuna<br>,<small><small>conceito:</small>&ensp;uma grande quantidade de riqueza</small><br>,<small><small>valências:&ensp;[ACT]</small></small><br>
fortuna,an unknown and unpredictable phenomenon that leads to a favorable outcome,lilaLemma:103696,"<small><small>synset_id:&ensp;<a href=""https://www.openwordnet-pt.org/synset?id=11418460-n"" target=""_blank"">11418460-n</a></small></small><br>",<small><small>categoria:&ensp;fenômeno</small></small><br>,"<small><small>lexemas:</small></small>&ensp;fortuna, sorte<br>",,<small><small>valências:&ensp;[ACT]</small></small><br>
uox,a string of words satisfying the grammatical rules of a language,lilaLemma:130806,"<small><small>synset_id:&ensp;<a href=""https://www.openwordnet-pt.org/synset?id=06285090-n"" target=""_blank"">06285090-n</a></small></small><br>",<small><small>categoria:&ensp;comunicação</small></small><br>,"<small><small>lexemas:</small></small>&ensp;frase, oração, sentença<br>",,
modus,the line or plane indicating the limit or extent of something,lilaLemma:112553,"<small><small>synset_id:&ensp;<a href=""https://www.openwordnet-pt.org/synset?id=08512259-n"" target=""_blank"">08512259-n</a></small></small><br>",<small><small>categoria:&ensp;lugar</small></small><br>,"<small><small>lexemas:</small></small>&ensp;fronteira, fronteiras, limite<br>",,
modus,the greatest possible degree of something,lilaLemma:112553,"<small><small>synset_id:&ensp;<a href=""https://www.openwordnet-pt.org/synset?id=05124057-n"" target=""_blank"">05124057-n</a></small></small><br>",<small><small>categoria:&ensp;atributo</small></small><br>,"<small><small>lexemas:</small></small>&ensp;fronteira, limitação, limite<br>",,<small><small>valências:&ensp;[MAT]</small></small><br>
modus,the boundary of a specific area,lilaLemma:112553,"<small><small>synset_id:&ensp;<a href=""https://www.openwordnet-pt.org/synset?id=08592656-n"" target=""_blank"">08592656-n</a></small></small><br>",<small><small>categoria:&ensp;lugar</small></small><br>,"<small><small>lexemas:</small></small>&ensp;fronteira, limite<br>",,<small><small>valências:&ensp;[ACT]</small></small><br>
habeo,have ownership or possession of,lilaLemma:105044,"<small><small>synset_id:&ensp;<a href=""https://www.openwordnet-pt.org/synset?id=02204692-v"" target=""_blank"">02204692-v</a></small></small><br>",<small><small>categoria:&ensp;posse</small></small><br>,"<small><small>lexemas:</small></small>&ensp;fruir, possuir, ter<br>",,"<small><small>valências:&ensp;[ACT,PAT] ou [ACT]</small></small><br>"
teneo,have ownership or possession of,lilaLemma:127822,"<small><small>synset_id:&ensp;<a href=""https://www.openwordnet-pt.org/synset?id=02204692-v"" target=""_blank"">02204692-v</a></small></small><br>",<small><small>categoria:&ensp;posse</small></small><br>,"<small><small>lexemas:</small></small>&ensp;fruir, possuir, ter<br>",,"<small><small>valências:&ensp;[ACT,PAT] ou [ACT]</small></small><br>"
pars,the actions and activities assigned to or required or expected of a person or group,lilaLemma:116084,"<small><small>synset_id:&ensp;<a href=""https://www.openwordnet-pt.org/synset?id=00720565-n"" target=""_blank"">00720565-n</a></small></small><br>",<small><small>categoria:&ensp;ação</small></small><br>,"<small><small>lexemas:</small></small>&ensp;função, papel<br>",<small><small>conceito:</small>&ensp;ações e atividades atribuídas ou necessárias ou esperadas de uma pessoa ou grupo</small><br>,"<small><small>valências:&ensp;[ACT,PAT] ou [MAT]</small></small><br>"
pars,what something is used for,lilaLemma:116084,"<small><small>synset_id:&ensp;<a href=""https://www.openwordnet-pt.org/synset?id=05149325-n"" target=""_blank"">05149325-n</a></small></small><br>",<small><small>categoria:&ensp;atributo</small></small><br>,"<small><small>lexemas:</small></small>&ensp;função, propósito<br>",,"<small><small>valências:&ensp;[MAT] ou [ACT,PAT]</small></small><br>"
facio,have an effect or outcome; often the one desired or expected,lilaLemma:102758,"<small><small>synset_id:&ensp;<a href=""https://www.openwordnet-pt.org/synset?id=02525447-v"" target=""_blank"">02525447-v</a></small></small><br>",<small><small>categoria:&ensp;relação social</small></small><br>,<small><small>lexemas:</small></small>&ensp;funcionar<br>,,"<small><small>valências:&ensp;[ACT,EFF]</small></small><br>"
consul,a worker who holds or is invested with an office,lilaLemma:96181,"<small><small>synset_id:&ensp;<a href=""https://www.openwordnet-pt.org/synset?id=10372373-n"" target=""_blank"">10372373-n</a></small></small><br>",<small><small>categoria:&ensp;pessoa</small></small><br>,"<small><small>lexemas:</small></small>&ensp;funcionário, serventuário, servidor público<br>",<small><small>conceito:</small>&ensp;um trabalhador que detém ou está investido de um cargo</small><br>,<small><small>valências:&ensp;[PAT]</small></small><br>
pater,a person who founds or establishes some institution,lilaLemma:116203,"<small><small>synset_id:&ensp;<a href=""https://www.openwordnet-pt.org/synset?id=10107303-n"" target=""_blank"">10107303-n</a></small></small><br>",<small><small>categoria:&ensp;pessoa</small></small><br>,"<small><small>lexemas:</small></small>&ensp;fundador, idealizador, iniciador, pai<br>",<small><small>conceito:</small>&ensp;uma pessoa que funda ou estabelece alguma instituição</small><br>,<small><small>valências:&ensp;[PAT] ou [APP]</small></small><br>
pono,"form by pouring (e.g., wax or hot metal) into a cast or mold",lilaLemma:118414,"<small><small>synset_id:&ensp;<a href=""https://www.openwordnet-pt.org/synset?id=01662771-v"" target=""_blank"">01662771-v</a></small></small><br>",<small><small>categoria:&ensp;criação</small></small><br>,"<small><small>lexemas:</small></small>&ensp;fundir, moldar<br>","<small><small>conceito:</small>&ensp;moldar (por exemplo, metal quente ou cera), despejando num molde</small><br>","<small><small>valências:&ensp;[ACT,PAT]</small></small><br>"
ago,take without the owner's consent,lilaLemma:88140,"<small><small>synset_id:&ensp;<a href=""https://www.openwordnet-pt.org/synset?id=02321757-v"" target=""_blank"">02321757-v</a></small></small><br>",<small><small>categoria:&ensp;posse</small></small><br>,"<small><small>lexemas:</small></small>&ensp;furtar, roubar<br>",,"<small><small>valências:&ensp;[ACT,ORIG,PAT] ou [ACT,PAT] ou [ACT,DIR1,PAT] ou [ACT,PAT,DIR1]</small></small><br>"
eo,"move forward, also in the metaphorical sense",lilaLemma:101183,"<small><small>synset_id:&ensp;<a href=""https://www.openwordnet-pt.org/synset?id=01992503-v"" target=""_blank"">01992503-v</a></small></small><br>",<small><small>categoria:&ensp;movimento</small></small><br>,<small><small>lexemas:</small></small>&ensp;ganhar terreno<br>,,"<small><small>valências:&ensp;[ACT,DIR3] ou [ACT,PAT] ou [ACT] ou [ACT,PAT,DIR3] ou [ACT,DIR1,DIR3]</small></small><br>"
fero,"move forward, also in the metaphorical sense",lilaLemma:103126,"<small><small>synset_id:&ensp;<a href=""https://www.openwordnet-pt.org/synset?id=01992503-v"" target=""_blank"">01992503-v</a></small></small><br>",<small><small>categoria:&ensp;movimento</small></small><br>,<small><small>lexemas:</small></small>&ensp;ganhar terreno<br>,,"<small><small>valências:&ensp;[ACT,DIR3] ou [ACT,PAT] ou [ACT] ou [ACT,PAT,DIR3] ou [ACT,DIR1,DIR3]</small></small><br>"
uinco,be the winner in a contest or competition; be victorious,lilaLemma:130232,"<small><small>synset_id:&ensp;<a href=""https://www.openwordnet-pt.org/synset?id=01100145-v"" target=""_blank"">01100145-v</a></small></small><br>",<small><small>categoria:&ensp;competição</small></small><br>,"<small><small>lexemas:</small></small>&ensp;ganhar, vencer<br>",,"<small><small>valências:&ensp;[ACT,PAT]</small></small><br>"
genus,a grammatical category in inflected languages governing the agreement between nouns and pronouns and adjectives; in some languages it is quite arbitrary but in Indo-European languages it is usually based on sex or animateness,lilaLemma:104504,"<small><small>synset_id:&ensp;<a href=""https://www.openwordnet-pt.org/synset?id=06328643-n"" target=""_blank"">06328643-n</a></small></small><br>",<small><small>categoria:&ensp;comunicação</small></small><br>,"<small><small>lexemas:</small></small>&ensp;género, género gramatical, gênero, gênero gramatical<br>",,
natura,external sex organ,lilaLemma:113421,"<small><small>synset_id:&ensp;<a href=""https://www.openwordnet-pt.org/synset?id=05514081-n"" target=""_blank"">05514081-n</a></small></small><br>",<small><small>categoria:&ensp;corpo</small></small><br>,"<small><small>lexemas:</small></small>&ensp;genitália, sexo<br>",,
nomen,family based on male descent,lilaLemma:113797,"<small><small>synset_id:&ensp;<a href=""https://www.openwordnet-pt.org/synset?id=07972279-n"" target=""_blank"">07972279-n</a></small></small><br>",<small><small>categoria:&ensp;grupo</small></small><br>,"<small><small>lexemas:</small></small>&ensp;Gens, gens<br>",,
populus,the common people generally,lilaLemma:118463,"<small><small>synset_id:&ensp;<a href=""https://www.openwordnet-pt.org/synset?id=08180190-n"" target=""_blank"">08180190-n</a></small></small><br>",<small><small>categoria:&ensp;grupo</small></small><br>,"<small><small>lexemas:</small></small>&ensp;gente, massa, povo<br>",,<small><small>valências:&ensp;[MAT] ou [ACT]</small></small><br>
populus,people in general considered as a whole,lilaLemma:118463,"<small><small>synset_id:&ensp;<a href=""https://www.openwordnet-pt.org/synset?id=08179689-n"" target=""_blank"">08179689-n</a></small></small><br>",<small><small>categoria:&ensp;grupo</small></small><br>,"<small><small>lexemas:</small></small>&ensp;gente, mundo, povo<br>",,<small><small>valências:&ensp;[MAT]</small></small><br>
genus,the people who live in a nation or country,lilaLemma:104504,"<small><small>synset_id:&ensp;<a href=""https://www.openwordnet-pt.org/synset?id=08166552-n"" target=""_blank"">08166552-n</a></small></small><br>",<small><small>categoria:&ensp;grupo</small></small><br>,"<small><small>lexemas:</small></small>&ensp;gente, nação, povo<br>",,<small><small>valências:&ensp;[MAT]</small></small><br>
populus,the people who live in a nation or country,lilaLemma:118463,"<small><small>synset_id:&ensp;<a href=""https://www.openwordnet-pt.org/synset?id=08166552-n"" target=""_blank"">08166552-n</a></small></small><br>",<small><small>categoria:&ensp;grupo</small></small><br>,"<small><small>lexemas:</small></small>&ensp;gente, nação, povo<br>",,<small><small>valências:&ensp;[MAT]</small></small><br>
populus,(plural) any group of human beings (men or women or children) collectively,lilaLemma:118463,"<small><small>synset_id:&ensp;<a href=""https://www.openwordnet-pt.org/synset?id=07942152-n"" target=""_blank"">07942152-n</a></small></small><br>",<small><small>categoria:&ensp;grupo</small></small><br>,"<small><small>lexemas:</small></small>&ensp;gente, pessoal, população, povo<br>",<small><small>conceito:</small>&ensp;(Plural) qualquer grupo de seres humanos (homens ou mulheres ou crianças) coletivamente</small><br>,<small><small>valências:&ensp;[MAT]</small></small><br>
populus,the body of citizens of a state or country,lilaLemma:118463,"<small><small>synset_id:&ensp;<a href=""https://www.openwordnet-pt.org/synset?id=08160276-n"" target=""_blank"">08160276-n</a></small></small><br>",<small><small>categoria:&ensp;grupo</small></small><br>,"<small><small>lexemas:</small></small>&ensp;gente, população, povo<br>",,<small><small>valências:&ensp;[MAT]</small></small><br>
genus,group of genetically related organisms constituting a single step in the line of descent,lilaLemma:104504,"<small><small>synset_id:&ensp;<a href=""https://www.openwordnet-pt.org/synset?id=08368907-n"" target=""_blank"">08368907-n</a></small></small><br>",<small><small>categoria:&ensp;grupo</small></small><br>,<small><small>lexemas:</small></small>&ensp;geração<br>,,
gero,exercise authority over; as of nations,lilaLemma:104536,"<small><small>synset_id:&ensp;<a href=""https://www.openwordnet-pt.org/synset?id=02586619-v"" target=""_blank"">02586619-v</a></small></small><br>",<small><small>categoria:&ensp;relação social</small></small><br>,"<small><small>lexemas:</small></small>&ensp;gerir, governar, reger, reinar<br>",,"<small><small>valências:&ensp;[ACT,PAT] ou [ACT]</small></small><br>"
ago,"produce buds, branches, or germinate",lilaLemma:88140,"<small><small>synset_id:&ensp;<a href=""https://www.openwordnet-pt.org/synset?id=00357332-v"" target=""_blank"">00357332-v</a></small></small><br>",<small><small>categoria:&ensp;mudança</small></small><br>,<small><small>lexemas:</small></small>&ensp;germinar<br>,,"<small><small>valências:&ensp;[ACT,PAT] ou [ACT] ou [ACT,DIR1]</small></small><br>"
ago,direct or strongly influence the behavior of,lilaLemma:88140,"<small><small>synset_id:&ensp;<a href=""https://www.openwordnet-pt.org/synset?id=02442205-v"" target=""_blank"">02442205-v</a></small></small><br>",<small><small>categoria:&ensp;relação social</small></small><br>,"<small><small>lexemas:</small></small>&ensp;governar, reger<br>",,"<small><small>valências:&ensp;[ACT,PAT]</small></small><br>"
imperium,(government) the system or form by which a community or other political unit is governed,lilaLemma:106532,"<small><small>synset_id:&ensp;<a href=""https://www.openwordnet-pt.org/synset?id=05663671-n"" target=""_blank"">05663671-n</a></small></small><br>",<small><small>categoria:&ensp;cognição</small></small><br>,<small><small>lexemas:</small></small>&ensp;governo<br>,,"<small><small>valências:&ensp;[ACT,PAT]</small></small><br>"
genus,people sharing some social relation,lilaLemma:104504,"<small><small>synset_id:&ensp;<a href=""https://www.openwordnet-pt.org/synset?id=07950920-n"" target=""_blank"">07950920-n</a></small></small><br>",<small><small>categoria:&ensp;grupo</small></small><br>,<small><small>lexemas:</small></small>&ensp;grupos sociais<br>,,
capio,take in and retain,lilaLemma:92686,"<small><small>synset_id:&ensp;<a href=""https://www.openwordnet-pt.org/synset?id=01480469-v"" target=""_blank"">01480469-v</a></small></small><br>",<small><small>categoria:&ensp;contato</small></small><br>,<small><small>lexemas:</small></small>&ensp;guardar<br>,,"<small><small>valências:&ensp;[ACT,PAT]</small></small><br>"
teneo,retain possession of,lilaLemma:127822,"<small><small>synset_id:&ensp;<a href=""https://www.openwordnet-pt.org/synset?id=02202384-v"" target=""_blank"">02202384-v</a></small></small><br>",<small><small>categoria:&ensp;posse</small></small><br>,"<small><small>lexemas:</small></small>&ensp;guardar, manter, reter, segurar<br>",,"<small><small>valências:&ensp;[ACT,PAT]</small></small><br>"
castra,the waging of armed conflict against an enemy,lilaLemma:138599,"<small><small>synset_id:&ensp;<a href=""https://www.openwordnet-pt.org/synset?id=00973077-n"" target=""_blank"">00973077-n</a></small></small><br>",<small><small>categoria:&ensp;ação</small></small><br>,<small><small>lexemas:</small></small>&ensp;guerra<br>,<small><small>conceito:</small>&ensp;o travamento de conflito armado contra um inimigo</small><br>,
manus,ability,lilaLemma:111585,"<small><small>synset_id:&ensp;<a href=""https://www.openwordnet-pt.org/synset?id=05637965-n"" target=""_blank"">05637965-n</a></small></small><br>",<small><small>categoria:&ensp;cognição</small></small><br>,<small><small>lexemas:</small></small>&ensp;habilidade<br>,,
sum,inhabit or live in; be an inhabitant of,lilaLemma:126689,"<small><small>synset_id:&ensp;<a href=""https://www.openwordnet-pt.org/synset?id=02649830-v"" target=""_blank"">02649830-v</a></small></small><br>",<small><small>categoria:&ensp;estado</small></small><br>,"<small><small>lexemas:</small></small>&ensp;habitar, morar, povoar, viver<br>",,"<small><small>valências:&ensp;[ACT,PAT] ou [ACT,LOC]</small></small><br>"
habeo,inhabit or live in; be an inhabitant of,lilaLemma:105044,"<small><small>synset_id:&ensp;<a href=""https://www.openwordnet-pt.org/synset?id=02649830-v"" target=""_blank"">02649830-v</a></small></small><br>",<small><small>categoria:&ensp;estado</small></small><br>,"<small><small>lexemas:</small></small>&ensp;habitar, morar, povoar, viver<br>",,"<small><small>valências:&ensp;[ACT,PAT] ou [ACT,LOC]</small></small><br>"
teneo,inhabit or live in; be an inhabitant of,lilaLemma:127822,"<small><small>synset_id:&ensp;<a href=""https://www.openwordnet-pt.org/synset?id=02649830-v"" target=""_blank"">02649830-v</a></small></small><br>",<small><small>categoria:&ensp;estado</small></small><br>,"<small><small>lexemas:</small></small>&ensp;habitar, morar, povoar, viver<br>",,"<small><small>valências:&ensp;[ACT,PAT] ou [ACT,LOC]</small></small><br>"
modus,an agreeable sound property,lilaLemma:112553,"<small><small>synset_id:&ensp;<a href=""https://www.openwordnet-pt.org/synset?id=04984180-n"" target=""_blank"">04984180-n</a></small></small><br>",<small><small>categoria:&ensp;atributo</small></small><br>,<small><small>lexemas:</small></small>&ensp;harmonia<br>,,<small><small>valências:&ensp;[ACT]</small></small><br>
natura,the total of inherited attributes,lilaLemma:113421,"<small><small>synset_id:&ensp;<a href=""https://www.openwordnet-pt.org/synset?id=04920867-n"" target=""_blank"">04920867-n</a></small></small><br>",<small><small>categoria:&ensp;atributo</small></small><br>,"<small><small>lexemas:</small></small>&ensp;herança, hereditariedade<br>",,
accipio,receive from a predecessor,lilaLemma:87119,"<small><small>synset_id:&ensp;<a href=""https://www.openwordnet-pt.org/synset?id=02315938-v"" target=""_blank"">02315938-v</a></small></small><br>",<small><small>categoria:&ensp;posse</small></small><br>,<small><small>lexemas:</small></small>&ensp;herdar<br>,,"<small><small>valências:&ensp;[ACT,ORIG,PAT] ou [ACT,PAT]</small></small><br>"
capio,receive from a predecessor,lilaLemma:92686,"<small><small>synset_id:&ensp;<a href=""https://www.openwordnet-pt.org/synset?id=02315938-v"" target=""_blank"">02315938-v</a></small></small><br>",<small><small>categoria:&ensp;posse</small></small><br>,<small><small>lexemas:</small></small>&ensp;herdar<br>,,"<small><small>valências:&ensp;[ACT,ORIG,PAT] ou [ACT,PAT]</small></small><br>"
capio,obtain from someone after their death,lilaLemma:92686,"<small><small>synset_id:&ensp;<a href=""https://www.openwordnet-pt.org/synset?id=02315525-v"" target=""_blank"">02315525-v</a></small></small><br>",<small><small>categoria:&ensp;posse</small></small><br>,"<small><small>lexemas:</small></small>&ensp;herdar, herança<br>",,"<small><small>valências:&ensp;[ACT,PAT]</small></small><br>"
uirtus,the qualities of a hero or heroine; exceptional or heroic courage when facing danger (especially in battle),lilaLemma:130356,"<small><small>synset_id:&ensp;<a href=""https://www.openwordnet-pt.org/synset?id=04857738-n"" target=""_blank"">04857738-n</a></small></small><br>",<small><small>categoria:&ensp;atributo</small></small><br>,<small><small>lexemas:</small></small>&ensp;heroísmo<br>,,<small><small>valências:&ensp;[ACT]</small></small><br>
uirtus,the trait of being manly; having the characteristics of an adult male,lilaLemma:130356,"<small><small>synset_id:&ensp;<a href=""https://www.openwordnet-pt.org/synset?id=04666837-n"" target=""_blank"">04666837-n</a></small></small><br>",<small><small>categoria:&ensp;atributo</small></small><br>,"<small><small>lexemas:</small></small>&ensp;hombridade, virilidade<br>",,<small><small>valências:&ensp;[ACT]</small></small><br>
homo,an adult person who is male (as opposed to a woman),lilaLemma:105624,"<small><small>synset_id:&ensp;<a href=""https://www.openwordnet-pt.org/synset?id=10287213-n"" target=""_blank"">10287213-n</a></small></small><br>",<small><small>categoria:&ensp;pessoa</small></small><br>,<small><small>lexemas:</small></small>&ensp;homem<br>,,<small><small>valências:&ensp;[ACT]</small></small><br>
tempus,a suitable moment,lilaLemma:127522,"<small><small>synset_id:&ensp;<a href=""https://www.openwordnet-pt.org/synset?id=15245515-n"" target=""_blank"">15245515-n</a></small></small><br>",<small><small>categoria:&ensp;tempo</small></small><br>,<small><small>lexemas:</small></small>&ensp;hora<br>,,
tempus,a period of time considered as a resource under your control and sufficient to accomplish something,lilaLemma:127522,"<small><small>synset_id:&ensp;<a href=""https://www.openwordnet-pt.org/synset?id=15270431-n"" target=""_blank"">15270431-n</a></small></small><br>",<small><small>categoria:&ensp;tempo</small></small><br>,"<small><small>lexemas:</small></small>&ensp;hora, tempo<br>",,
exercitus,a moving crowd,lilaLemma:101960,"<small><small>synset_id:&ensp;<a href=""https://www.openwordnet-pt.org/synset?id=08184217-n"" target=""_blank"">08184217-n</a></small></small><br>",<small><small>categoria:&ensp;grupo</small></small><br>,"<small><small>lexemas:</small></small>&ensp;horda, legião, leva, massa, multidão, turba<br>",<small><small>conceito:</small>&ensp;uma multidão em movimento</small><br>,<small><small>valências:&ensp;[MAT]</small></small><br>
legio,archaic terms for army,lilaLemma:110166,"<small><small>synset_id:&ensp;<a href=""https://www.openwordnet-pt.org/synset?id=08183802-n"" target=""_blank"">08183802-n</a></small></small><br>",<small><small>categoria:&ensp;grupo</small></small><br>,"<small><small>lexemas:</small></small>&ensp;hoste, legião, exército<br>",,
homo,"any living or extinct member of the family Hominidae characterized by superior intelligence, articulate speech, and erect carriage",lilaLemma:105624,"<small><small>synset_id:&ensp;<a href=""https://www.openwordnet-pt.org/synset?id=02472293-n"" target=""_blank"">02472293-n</a></small></small><br>",<small><small>categoria:&ensp;animal</small></small><br>,"<small><small>lexemas:</small></small>&ensp;humano, ser humano<br>","<small><small>conceito:</small>&ensp;qualquer membro vivo ou extinto da família Hominidae caracteriza-se por uma inteligência superior, fala articulada e andar ereto</small><br>",<small><small>valências:&ensp;[ACT]</small></small><br>
natura,a characteristic (habitual or relatively temporary) state of feeling,lilaLemma:113421,"<small><small>synset_id:&ensp;<a href=""https://www.openwordnet-pt.org/synset?id=07551052-n"" target=""_blank"">07551052-n</a></small></small><br>",<small><small>categoria:&ensp;sentimento</small></small><br>,<small><small>lexemas:</small></small>&ensp;humor<br>,,"<small><small>valências:&ensp;[ACT,PAT]</small></small><br>"
annus,a prolonged period of time,lilaLemma:89129,"<small><small>synset_id:&ensp;<a href=""https://www.openwordnet-pt.org/synset?id=15242955-n"" target=""_blank"">15242955-n</a></small></small><br>",<small><small>categoria:&ensp;tempo</small></small><br>,<small><small>lexemas:</small></small>&ensp;idade<br>,,
annus,how long something has existed,lilaLemma:89129,"<small><small>synset_id:&ensp;<a href=""https://www.openwordnet-pt.org/synset?id=04924103-n"" target=""_blank"">04924103-n</a></small></small><br>",<small><small>categoria:&ensp;atributo</small></small><br>,<small><small>lexemas:</small></small>&ensp;idade<br>,,<small><small>valências:&ensp;[ACT]</small></small><br>
animus,your intention; what you intend to do,lilaLemma:89094,"<small><small>synset_id:&ensp;<a href=""https://www.openwordnet-pt.org/synset?id=05982915-n"" target=""_blank"">05982915-n</a></small></small><br>",<small><small>categoria:&ensp;cognição</small></small><br>,"<small><small>lexemas:</small></small>&ensp;ideia, intento, intenção, mente, objectivo, objetivo, plano<br>",<small><small>conceito:</small>&ensp;sua intenção; o que você pretende fazer</small><br>,"<small><small>valências:&ensp;[ACT,PAT]</small></small><br>"
deus,a material effigy that is worshipped,lilaLemma:99132,"<small><small>synset_id:&ensp;<a href=""https://www.openwordnet-pt.org/synset?id=03560161-n"" target=""_blank"">03560161-n</a></small></small><br>",<small><small>categoria:&ensp;artefato</small></small><br>,<small><small>lexemas:</small></small>&ensp;ídolo<br>,,
animus,the ability to form mental images of things or events,lilaLemma:89094,"<small><small>synset_id:&ensp;<a href=""https://www.openwordnet-pt.org/synset?id=05767733-n"" target=""_blank"">05767733-n</a></small></small><br>",<small><small>categoria:&ensp;cognição</small></small><br>,"<small><small>lexemas:</small></small>&ensp;Imaginação, imaginação<br>",,"<small><small>valências:&ensp;[ACT,PAT]</small></small><br>"
uinco,use persuasion successfully,lilaLemma:130232,"<small><small>synset_id:&ensp;<a href=""https://www.openwordnet-pt.org/synset?id=00777793-v"" target=""_blank"">00777793-v</a></small></small><br>",<small><small>categoria:&ensp;comunicação</small></small><br>,<small><small>lexemas:</small></small>&ensp;imperar<br>,,"<small><small>valências:&ensp;[ACT,PAT]</small></small><br>"
imperium,the domain ruled by an emperor or empress; the region over which imperial dominion is exercised,lilaLemma:106532,"<small><small>synset_id:&ensp;<a href=""https://www.openwordnet-pt.org/synset?id=08557482-n"" target=""_blank"">08557482-n</a></small></small><br>",<small><small>categoria:&ensp;lugar</small></small><br>,<small><small>lexemas:</small></small>&ensp;império<br>,,
imperium,a monarchy with an emperor as head of state,lilaLemma:106532,"<small><small>synset_id:&ensp;<a href=""https://www.openwordnet-pt.org/synset?id=08405723-n"" target=""_blank"">08405723-n</a></small></small><br>",<small><small>categoria:&ensp;grupo</small></small><br>,<small><small>lexemas:</small></small>&ensp;império<br>,,
dico,give instructions to or direct somebody to do something with authority,lilaLemma:99302,"<small><small>synset_id:&ensp;<a href=""https://www.openwordnet-pt.org/synset?id=00746718-v"" target=""_blank"">00746718-v</a></small></small><br>",<small><small>categoria:&ensp;comunicação</small></small><br>,"<small><small>lexemas:</small></small>&ensp;impetrar, intimar, mandar, ordenar<br>","<small><small>conceito:</small>&ensp;dar instruções a ou diretamente a alguém para fazer algo, com autoridade</small><br>","<small><small>valências:&ensp;[ACT,PAT] ou [ACT,PAT,ADDR] ou [ACT,ADDR,PAT]</small></small><br>"
iubeo,give instructions to or direct somebody to do something with authority,lilaLemma:109152,"<small><small>synset_id:&ensp;<a href=""https://www.openwordnet-pt.org/synset?id=00746718-v"" target=""_blank"">00746718-v</a></small></small><br>",<small><small>categoria:&ensp;comunicação</small></small><br>,"<small><small>lexemas:</small></small>&ensp;impetrar, intimar, mandar, ordenar<br>","<small><small>conceito:</small>&ensp;dar instruções a ou diretamente a alguém para fazer algo, com autoridade</small><br>","<small><small>valências:&ensp;[ACT,PAT] ou [ACT,PAT,ADDR] ou [ACT,ADDR,PAT]</small></small><br>"
habeo,have as a necessary feature,lilaLemma:105044,"<small><small>synset_id:&ensp;<a href=""https://www.openwordnet-pt.org/synset?id=02636132-v"" target=""_blank"">02636132-v</a></small></small><br>",<small><small>categoria:&ensp;estado</small></small><br>,"<small><small>lexemas:</small></small>&ensp;implicar, involver<br>",,"<small><small>valências:&ensp;[ACT,PAT]</small></small><br>"
peto,call upon in supplication; entreat,lilaLemma:117549,"<small><small>synset_id:&ensp;<a href=""https://www.openwordnet-pt.org/synset?id=00759269-v"" target=""_blank"">00759269-v</a></small></small><br>",<small><small>categoria:&ensp;comunicação</small></small><br>,"<small><small>lexemas:</small></small>&ensp;implorar, rogar, suplicar<br>",,"<small><small>valências:&ensp;[ACT,INTT,PAT] ou [ACT,ADDR,PAT] ou [ACT,PAT,ADDR] ou [ACT,PAT] ou [ACT]</small></small><br>"
uirtus,the quality that renders something desirable or valuable or useful,lilaLemma:130356,"<small><small>synset_id:&ensp;<a href=""https://www.openwordnet-pt.org/synset?id=05138208-n"" target=""_blank"">05138208-n</a></small></small><br>",<small><small>categoria:&ensp;atributo</small></small><br>,"<small><small>lexemas:</small></small>&ensp;importância, valor<br>",,"<small><small>valências:&ensp;[ACT,PAT] ou [ACT]</small></small><br>"
facio,make oneself subject to; bring upon oneself; become liable to,lilaLemma:102758,"<small><small>synset_id:&ensp;<a href=""https://www.openwordnet-pt.org/synset?id=02721031-v"" target=""_blank"">02721031-v</a></small></small><br>",<small><small>categoria:&ensp;estado</small></small><br>,<small><small>lexemas:</small></small>&ensp;incorrer<br>,,"<small><small>valências:&ensp;[ACT,PAT]</small></small><br>"
capio,receive a specified treatment (abstract),lilaLemma:92686,"<small><small>synset_id:&ensp;<a href=""https://www.openwordnet-pt.org/synset?id=00522751-v"" target=""_blank"">00522751-v</a></small></small><br>",<small><small>categoria:&ensp;mudança</small></small><br>,"<small><small>lexemas:</small></small>&ensp;incorrer, obter, receber<br>",<small><small>conceito:</small>&ensp;receber um tratamento específico</small><br>,"<small><small>valências:&ensp;[ACT,PAT] ou [ACT,PAT,EFF]</small></small><br>"
fero,receive a specified treatment (abstract),lilaLemma:103126,"<small><small>synset_id:&ensp;<a href=""https://www.openwordnet-pt.org/synset?id=00522751-v"" target=""_blank"">00522751-v</a></small></small><br>",<small><small>categoria:&ensp;mudança</small></small><br>,"<small><small>lexemas:</small></small>&ensp;incorrer, obter, receber<br>",<small><small>conceito:</small>&ensp;receber um tratamento específico</small><br>,"<small><small>valências:&ensp;[ACT,PAT] ou [ACT,PAT,EFF]</small></small><br>"
habeo,receive a specified treatment (abstract),lilaLemma:105044,"<small><small>synset_id:&ensp;<a href=""https://www.openwordnet-pt.org/synset?id=00522751-v"" target=""_blank"">00522751-v</a></small></small><br>",<small><small>categoria:&ensp;mudança</small></small><br>,"<small><small>lexemas:</small></small>&ensp;incorrer, obter, receber<br>",<small><small>conceito:</small>&ensp;receber um tratamento específico</small><br>,"<small><small>valências:&ensp;[ACT,PAT] ou [ACT,PAT,EFF]</small></small><br>"
peto,inquire about,lilaLemma:117549,"<small><small>synset_id:&ensp;<a href=""https://www.openwordnet-pt.org/synset?id=00784342-v"" target=""_blank"">00784342-v</a></small></small><br>",<small><small>categoria:&ensp;comunicação</small></small><br>,"<small><small>lexemas:</small></small>&ensp;indagar, perguntar<br>",<small><small>conceito:</small>&ensp;questionar sobre</small><br>,"<small><small>valências:&ensp;[ACT,PAT] ou [ACT,ADDR,PAT] ou [ACT,PAT,ADDR]</small></small><br>"
quaero,inquire about,lilaLemma:121047,"<small><small>synset_id:&ensp;<a href=""https://www.openwordnet-pt.org/synset?id=00784342-v"" target=""_blank"">00784342-v</a></small></small><br>",<small><small>categoria:&ensp;comunicação</small></small><br>,"<small><small>lexemas:</small></small>&ensp;indagar, perguntar<br>",<small><small>conceito:</small>&ensp;questionar sobre</small><br>,"<small><small>valências:&ensp;[ACT,PAT] ou [ACT,ADDR,PAT] ou [ACT,PAT,ADDR]</small></small><br>"
uolo,mean or intend to express or convey,lilaLemma:130745,"<small><small>synset_id:&ensp;<a href=""https://www.openwordnet-pt.org/synset?id=00955148-v"" target=""_blank"">00955148-v</a></small></small><br>",<small><small>categoria:&ensp;comunicação</small></small><br>,"<small><small>lexemas:</small></small>&ensp;indicar, significar<br>",<small><small>conceito:</small>&ensp;significar ou ter intenção de expressar ou transmitir</small><br>,"<small><small>valências:&ensp;[ACT,PAT]</small></small><br>"
ago,cause to do; cause to act in a specified manner,lilaLemma:88140,"<small><small>synset_id:&ensp;<a href=""https://www.openwordnet-pt.org/synset?id=00770437-v"" target=""_blank"">00770437-v</a></small></small><br>",<small><small>categoria:&ensp;comunicação</small></small><br>,<small><small>lexemas:</small></small>&ensp;induzir<br>,<small><small>conceito:</small>&ensp;induzir a fazer; fazer agir de uma forma específica</small><br>,"<small><small>valências:&ensp;[ACT,PAT] ou [ACT,EFF,PAT]</small></small><br>"
fero,cause to do; cause to act in a specified manner,lilaLemma:103126,"<small><small>synset_id:&ensp;<a href=""https://www.openwordnet-pt.org/synset?id=00770437-v"" target=""_blank"">00770437-v</a></small></small><br>",<small><small>categoria:&ensp;comunicação</small></small><br>,<small><small>lexemas:</small></small>&ensp;induzir<br>,<small><small>conceito:</small>&ensp;induzir a fazer; fazer agir de uma forma específica</small><br>,"<small><small>valências:&ensp;[ACT,PAT] ou [ACT,EFF,PAT]</small></small><br>"
exercitus,an army unit consisting of soldiers who fight on foot,lilaLemma:101960,"<small><small>synset_id:&ensp;<a href=""https://www.openwordnet-pt.org/synset?id=08390157-n"" target=""_blank"">08390157-n</a></small></small><br>",<small><small>categoria:&ensp;grupo</small></small><br>,"<small><small>lexemas:</small></small>&ensp;infantaria, Infantaria<br>",,<small><small>valências:&ensp;[MAT]</small></small><br>
miles,an army unit consisting of soldiers who fight on foot,lilaLemma:112318,"<small><small>synset_id:&ensp;<a href=""https://www.openwordnet-pt.org/synset?id=08390157-n"" target=""_blank"">08390157-n</a></small></small><br>",<small><small>categoria:&ensp;grupo</small></small><br>,"<small><small>lexemas:</small></small>&ensp;infantaria, Infantaria<br>",,<small><small>valências:&ensp;[MAT]</small></small><br>
modus,a change in the form of a word (usually by adding a suffix) to indicate a change in its grammatical function,lilaLemma:112553,"<small><small>synset_id:&ensp;<a href=""https://www.openwordnet-pt.org/synset?id=13803782-n"" target=""_blank"">13803782-n</a></small></small><br>",<small><small>categoria:&ensp;relação</small></small><br>,<small><small>lexemas:</small></small>&ensp;inflexão<br>,,
corpus,a structure supporting or containing something,lilaLemma:96667,"<small><small>synset_id:&ensp;<a href=""https://www.openwordnet-pt.org/synset?id=03391770-n"" target=""_blank"">03391770-n</a></small></small><br>",<small><small>categoria:&ensp;artefato</small></small><br>,"<small><small>lexemas:</small></small>&ensp;infra, estrutura<br>",,"<small><small>valências:&ensp;[ACT,MANN,PAT]</small></small><br>"
hostis,an armed adversary (especially a member of an opposing military force),lilaLemma:105757,"<small><small>synset_id:&ensp;<a href=""https://www.openwordnet-pt.org/synset?id=10055847-n"" target=""_blank"">10055847-n</a></small></small><br>",<small><small>categoria:&ensp;pessoa</small></small><br>,<small><small>lexemas:</small></small>&ensp;inimigo<br>,,<small><small>valências:&ensp;[PAT]</small></small><br>
hostis,any hostile group of people,lilaLemma:105757,"<small><small>synset_id:&ensp;<a href=""https://www.openwordnet-pt.org/synset?id=07946851-n"" target=""_blank"">07946851-n</a></small></small><br>",<small><small>categoria:&ensp;grupo</small></small><br>,<small><small>lexemas:</small></small>&ensp;inimigo<br>,,
hostis,an opposing military force,lilaLemma:105757,"<small><small>synset_id:&ensp;<a href=""https://www.openwordnet-pt.org/synset?id=08190482-n"" target=""_blank"">08190482-n</a></small></small><br>",<small><small>categoria:&ensp;grupo</small></small><br>,<small><small>lexemas:</small></small>&ensp;inimigo<br>,,
hostis,a personal enemy,lilaLemma:105757,"<small><small>synset_id:&ensp;<a href=""https://www.openwordnet-pt.org/synset?id=10098710-n"" target=""_blank"">10098710-n</a></small></small><br>",<small><small>categoria:&ensp;pessoa</small></small><br>,"<small><small>lexemas:</small></small>&ensp;inimigo, opositor<br>",,<small><small>valências:&ensp;[PAT]</small></small><br>
scribo,register formally as a participant or member,lilaLemma:123840,"<small><small>synset_id:&ensp;<a href=""https://www.openwordnet-pt.org/synset?id=02471327-v"" target=""_blank"">02471327-v</a></small></small><br>",<small><small>categoria:&ensp;relação social</small></small><br>,"<small><small>lexemas:</small></small>&ensp;inscrever, recrutar, registar, registrar<br>",<small><small>conceito:</small>&ensp;registrar formalmente como um participante ou membro</small><br>,"<small><small>valências:&ensp;[ACT,PAT]</small></small><br>"
tempus,an indefinitely short time,lilaLemma:127522,"<small><small>synset_id:&ensp;<a href=""https://www.openwordnet-pt.org/synset?id=15246853-n"" target=""_blank"">15246853-n</a></small></small><br>",<small><small>categoria:&ensp;tempo</small></small><br>,"<small><small>lexemas:</small></small>&ensp;instante, minuto, momento, segundo<br>",,
locus,an instant of time,lilaLemma:110019,"<small><small>synset_id:&ensp;<a href=""https://www.openwordnet-pt.org/synset?id=15180528-n"" target=""_blank"">15180528-n</a></small></small><br>",<small><small>categoria:&ensp;tempo</small></small><br>,"<small><small>lexemas:</small></small>&ensp;instante, momento<br>",,
imperium,a message describing how something is to be done,lilaLemma:106532,"<small><small>synset_id:&ensp;<a href=""https://www.openwordnet-pt.org/synset?id=06786629-n"" target=""_blank"">06786629-n</a></small></small><br>",<small><small>categoria:&ensp;comunicação</small></small><br>,<small><small>lexemas:</small></small>&ensp;instrução<br>,,"<small><small>valências:&ensp;[ACT,PAT]</small></small><br>"
parum,to an insufficient degree,lilaLemma:116130,"<small><small>synset_id:&ensp;<a href=""https://www.openwordnet-pt.org/synset?id=00145854-r"" target=""_blank"">00145854-r</a></small></small><br>",,<small><small>lexemas:</small></small>&ensp;insuficientemente<br>,,<small><small>valências:&ensp;[MAT]</small></small><br>
animus,a person who uses the mind creatively,lilaLemma:89094,"<small><small>synset_id:&ensp;<a href=""https://www.openwordnet-pt.org/synset?id=09621545-n"" target=""_blank"">09621545-n</a></small></small><br>",<small><small>categoria:&ensp;pessoa</small></small><br>,"<small><small>lexemas:</small></small>&ensp;intelecto, intelectual<br>",,
animus,an important intellectual,lilaLemma:89094,"<small><small>synset_id:&ensp;<a href=""https://www.openwordnet-pt.org/synset?id=10708292-n"" target=""_blank"">10708292-n</a></small></small><br>",<small><small>categoria:&ensp;pessoa</small></small><br>,"<small><small>lexemas:</small></small>&ensp;intelectual, mente, pensador<br>",<small><small>conceito:</small>&ensp;um intelectual importante</small><br>,
animus,knowledge and intellectual ability,lilaLemma:89094,"<small><small>synset_id:&ensp;<a href=""https://www.openwordnet-pt.org/synset?id=05618849-n"" target=""_blank"">05618849-n</a></small></small><br>",<small><small>categoria:&ensp;cognição</small></small><br>,<small><small>lexemas:</small></small>&ensp;inteligência<br>,,
consilium,the ability to comprehend; to understand and profit from experience,lilaLemma:96060,"<small><small>synset_id:&ensp;<a href=""https://www.openwordnet-pt.org/synset?id=05617606-n"" target=""_blank"">05617606-n</a></small></small><br>",<small><small>categoria:&ensp;cognição</small></small><br>,<small><small>lexemas:</small></small>&ensp;inteligência<br>,,<small><small>valências:&ensp;[ACT]</small></small><br>
animus,an act of intending; a volition that you intend to carry out,lilaLemma:89094,"<small><small>synset_id:&ensp;<a href=""https://www.openwordnet-pt.org/synset?id=00163233-n"" target=""_blank"">00163233-n</a></small></small><br>",<small><small>categoria:&ensp;ação</small></small><br>,<small><small>lexemas:</small></small>&ensp;intenção<br>,,"<small><small>valências:&ensp;[ACT] ou [ACT,PAT]</small></small><br>"
consilium,an act of intending; a volition that you intend to carry out,lilaLemma:96060,"<small><small>synset_id:&ensp;<a href=""https://www.openwordnet-pt.org/synset?id=00163233-n"" target=""_blank"">00163233-n</a></small></small><br>",<small><small>categoria:&ensp;ação</small></small><br>,<small><small>lexemas:</small></small>&ensp;intenção<br>,,"<small><small>valências:&ensp;[ACT] ou [ACT,PAT]</small></small><br>"
causa,the psychological feature that arouses an organism to action toward a desired goal; the reason for the action; that which gives purpose and direction to behavior,lilaLemma:93253,"<small><small>synset_id:&ensp;<a href=""https://www.openwordnet-pt.org/synset?id=00023773-n"" target=""_blank"">00023773-n</a></small></small><br>",,"<small><small>lexemas:</small></small>&ensp;intenção, motivação, motivo, necessidade<br>",<small><small>conceito:</small>&ensp;característica psicológica que desperta em um organismo a ação em direção a um objetivo desejado;a razão para uma ação; o que dá sentido e direção a um comportamento</small><br>,<small><small>valências:&ensp;[PAT]</small></small><br>
consilium,a series of steps to be carried out or goals to be accomplished,lilaLemma:96060,"<small><small>synset_id:&ensp;<a href=""https://www.openwordnet-pt.org/synset?id=05898568-n"" target=""_blank"">05898568-n</a></small></small><br>",<small><small>categoria:&ensp;cognição</small></small><br>,"<small><small>lexemas:</small></small>&ensp;intenção, plano, programa, programação, projecto, projeto<br>",<small><small>conceito:</small>&ensp;Uma série de etapas para serem realizadas ou metas a serem realizadas</small><br>,"<small><small>valências:&ensp;[ACT,PAT] ou [ACT]</small></small><br>"
facio,be of importance or consequence,lilaLemma:102758,"<small><small>synset_id:&ensp;<a href=""https://www.openwordnet-pt.org/synset?id=02678663-v"" target=""_blank"">02678663-v</a></small></small><br>",<small><small>categoria:&ensp;estado</small></small><br>,<small><small>lexemas:</small></small>&ensp;interessar<br>,,"<small><small>valências:&ensp;[ACT,PAT]</small></small><br>"
quaero,have a wish or desire to know something,lilaLemma:121047,"<small><small>synset_id:&ensp;<a href=""https://www.openwordnet-pt.org/synset?id=00729378-v"" target=""_blank"">00729378-v</a></small></small><br>",<small><small>categoria:&ensp;cognição</small></small><br>,"<small><small>lexemas:</small></small>&ensp;interrogar, perguntar-se, ponderar, questionar<br>",,"<small><small>valências:&ensp;[ACT,PAT]</small></small><br>"
iudicium,the work of inquiring into something thoroughly and systematically,lilaLemma:109170,"<small><small>synset_id:&ensp;<a href=""https://www.openwordnet-pt.org/synset?id=00633864-n"" target=""_blank"">00633864-n</a></small></small><br>",<small><small>categoria:&ensp;ação</small></small><br>,<small><small>lexemas:</small></small>&ensp;investigação<br>,<small><small>conceito:</small>&ensp;verificaçaõ minuciosa e sitemática de algo</small><br>,"<small><small>valências:&ensp;[ACT,PAT]</small></small><br>"
sequor,"be present at (meetings, church services, university), etc.",lilaLemma:124461,"<small><small>synset_id:&ensp;<a href=""https://www.openwordnet-pt.org/synset?id=02612762-v"" target=""_blank"">02612762-v</a></small></small><br>",<small><small>categoria:&ensp;estado</small></small><br>,"<small><small>lexemas:</small></small>&ensp;ir, ir ver<br>","<small><small>conceito:</small>&ensp;estar presente em (reuniões, cultos, universidade), etc</small><br>","<small><small>valências:&ensp;[ACT,LOC] ou [ACT,PAT]</small></small><br>"
eo,pass by,lilaLemma:101183,"<small><small>synset_id:&ensp;<a href=""https://www.openwordnet-pt.org/synset?id=02072849-v"" target=""_blank"">02072849-v</a></small></small><br>",<small><small>categoria:&ensp;movimento</small></small><br>,"<small><small>lexemas:</small></small>&ensp;ir, passar<br>",,"<small><small>valências:&ensp;[ACT,DIR2] ou [ACT] ou [ACT,PAT] ou [ACT,DIR3] ou [ACT,DIR1,DIR3]</small></small><br>"
sum,pass by,lilaLemma:126689,"<small><small>synset_id:&ensp;<a href=""https://www.openwordnet-pt.org/synset?id=02072849-v"" target=""_blank"">02072849-v</a></small></small><br>",<small><small>categoria:&ensp;movimento</small></small><br>,"<small><small>lexemas:</small></small>&ensp;ir, passar<br>",,"<small><small>valências:&ensp;[ACT,DIR2] ou [ACT] ou [ACT,PAT] ou [ACT,DIR3] ou [ACT,DIR1,DIR3]</small></small><br>"
eo,move past,lilaLemma:101183,"<small><small>synset_id:&ensp;<a href=""https://www.openwordnet-pt.org/synset?id=02051694-v"" target=""_blank"">02051694-v</a></small></small><br>",<small><small>categoria:&ensp;movimento</small></small><br>,"<small><small>lexemas:</small></small>&ensp;ir, passar de largo<br>",,"<small><small>valências:&ensp;[ACT,DIR2] ou [ACT,PAT] ou [ACT,LOC] ou [ACT,DIR1,DIR3]</small></small><br>"
eo,follow a certain course,lilaLemma:101183,"<small><small>synset_id:&ensp;<a href=""https://www.openwordnet-pt.org/synset?id=00341560-v"" target=""_blank"">00341560-v</a></small></small><br>",<small><small>categoria:&ensp;mudança</small></small><br>,"<small><small>lexemas:</small></small>&ensp;ir, prosseguir<br>",<small><small>conceito:</small>&ensp;seguir um determinado curso</small><br>,"<small><small>valências:&ensp;[ACT] ou [ACT,PAT,DIR3] ou [ACT,DIR3] ou [ACT,DIR1,DIR3]</small></small><br>"
fero,follow a certain course,lilaLemma:103126,"<small><small>synset_id:&ensp;<a href=""https://www.openwordnet-pt.org/synset?id=00341560-v"" target=""_blank"">00341560-v</a></small></small><br>",<small><small>categoria:&ensp;mudança</small></small><br>,"<small><small>lexemas:</small></small>&ensp;ir, prosseguir<br>",<small><small>conceito:</small>&ensp;seguir um determinado curso</small><br>,"<small><small>valências:&ensp;[ACT] ou [ACT,PAT,DIR3] ou [ACT,DIR3] ou [ACT,DIR1,DIR3]</small></small><br>"
peto,follow a certain course,lilaLemma:117549,"<small><small>synset_id:&ensp;<a href=""https://www.openwordnet-pt.org/synset?id=00341560-v"" target=""_blank"">00341560-v</a></small></small><br>",<small><small>categoria:&ensp;mudança</small></small><br>,"<small><small>lexemas:</small></small>&ensp;ir, prosseguir<br>",<small><small>conceito:</small>&ensp;seguir um determinado curso</small><br>,"<small><small>valências:&ensp;[ACT] ou [ACT,PAT,DIR3] ou [ACT,DIR3] ou [ACT,DIR1,DIR3]</small></small><br>"
mos,a way of acting or behaving,lilaLemma:112831,"<small><small>synset_id:&ensp;<a href=""https://www.openwordnet-pt.org/synset?id=04910135-n"" target=""_blank"">04910135-n</a></small></small><br>",<small><small>categoria:&ensp;atributo</small></small><br>,"<small><small>lexemas:</small></small>&ensp;jeito pessoal, maneira pessoal<br>",<small><small>conceito:</small>&ensp;um modo de agir ou se comportar</small><br>,<small><small>valências:&ensp;[ACT]</small></small><br>
mitto,put or send forth,lilaLemma:112499,"<small><small>synset_id:&ensp;<a href=""https://www.openwordnet-pt.org/synset?id=01632897-v"" target=""_blank"">01632897-v</a></small></small><br>",<small><small>categoria:&ensp;criação</small></small><br>,"<small><small>lexemas:</small></small>&ensp;jogar, lançar, projetar<br>",,"<small><small>valências:&ensp;[ACT,DIR3,PAT] ou [ACT,PAT,DIR3]</small></small><br>"
primus,being in its early stage,lilaLemma:119498,"<small><small>synset_id:&ensp;<a href=""https://www.openwordnet-pt.org/synset?id=01643480-s"" target=""_blank"">01643480-s</a></small></small><br>",,<small><small>lexemas:</small></small>&ensp;jovem<br>,,
iudex,someone chosen to judge and decide a disputed issue,lilaLemma:109161,"<small><small>synset_id:&ensp;<a href=""https://www.openwordnet-pt.org/synset?id=09803429-n"" target=""_blank"">09803429-n</a></small></small><br>",<small><small>categoria:&ensp;pessoa</small></small><br>,"<small><small>lexemas:</small></small>&ensp;juiz, árbitro<br>",<small><small>conceito:</small>&ensp;Alguém escolhido para julgar e decidir um tema polêmico</small><br>,<small><small>valências:&ensp;[PAT]</small></small><br>
iudex,a public official authorized to decide questions brought before a court of justice,lilaLemma:109161,"<small><small>synset_id:&ensp;<a href=""https://www.openwordnet-pt.org/synset?id=10225219-n"" target=""_blank"">10225219-n</a></small></small><br>",<small><small>categoria:&ensp;pessoa</small></small><br>,"<small><small>lexemas:</small></small>&ensp;juiz, jurista, magistrado, official de justiça<br>",,
iudex,an authority who is able to estimate worth or quality,lilaLemma:109161,"<small><small>synset_id:&ensp;<a href=""https://www.openwordnet-pt.org/synset?id=10066732-n"" target=""_blank"">10066732-n</a></small></small><br>",<small><small>categoria:&ensp;pessoa</small></small><br>,"<small><small>lexemas:</small></small>&ensp;julgador, juíza, julgadora, avaliador<br>",,
animus,the cognitive process of reaching a decision or drawing conclusions,lilaLemma:89094,"<small><small>synset_id:&ensp;<a href=""https://www.openwordnet-pt.org/synset?id=05789432-n"" target=""_blank"">05789432-n</a></small></small><br>",<small><small>categoria:&ensp;cognição</small></small><br>,<small><small>lexemas:</small></small>&ensp;julgamento<br>,,<small><small>valências:&ensp;[ACT]</small></small><br>
causa,(law) the determination of a person's innocence or guilt by due process of law,lilaLemma:93253,"<small><small>synset_id:&ensp;<a href=""https://www.openwordnet-pt.org/synset?id=01195867-n"" target=""_blank"">01195867-n</a></small></small><br>",<small><small>categoria:&ensp;ação</small></small><br>,<small><small>lexemas:</small></small>&ensp;julgamento<br>,"<small><small>conceito:</small>&ensp;(Lei) a determinação da culpa ou inocência de uma pessoa, atraves do processo legal apropriado</small><br>",
iudicium,(law) the determination of a person's innocence or guilt by due process of law,lilaLemma:109170,"<small><small>synset_id:&ensp;<a href=""https://www.openwordnet-pt.org/synset?id=01195867-n"" target=""_blank"">01195867-n</a></small></small><br>",<small><small>categoria:&ensp;ação</small></small><br>,<small><small>lexemas:</small></small>&ensp;julgamento<br>,"<small><small>conceito:</small>&ensp;(Lei) a determinação da culpa ou inocência de uma pessoa, atraves do processo legal apropriado</small><br>",
periculum,(law) the determination of a person's innocence or guilt by due process of law,lilaLemma:116930,"<small><small>synset_id:&ensp;<a href=""https://www.openwordnet-pt.org/synset?id=01195867-n"" target=""_blank"">01195867-n</a></small></small><br>",<small><small>categoria:&ensp;ação</small></small><br>,<small><small>lexemas:</small></small>&ensp;julgamento<br>,"<small><small>conceito:</small>&ensp;(Lei) a determinação da culpa ou inocência de uma pessoa, atraves do processo legal apropriado</small><br>",
iudicium,(law) the determination by a court of competent jurisdiction on matters submitted to it,lilaLemma:109170,"<small><small>synset_id:&ensp;<a href=""https://www.openwordnet-pt.org/synset?id=01187810-n"" target=""_blank"">01187810-n</a></small></small><br>",<small><small>categoria:&ensp;ação</small></small><br>,"<small><small>lexemas:</small></small>&ensp;julgamento, sentença<br>",<small><small>conceito:</small>&ensp;(lei) a determinação por um tribunal com uma jurisdição competente em assuntos que lhe são submetidos</small><br>,
consilium,a body of citizens sworn to give a true verdict according to the evidence presented in a court of law,lilaLemma:96060,"<small><small>synset_id:&ensp;<a href=""https://www.openwordnet-pt.org/synset?id=08414119-n"" target=""_blank"">08414119-n</a></small></small><br>",<small><small>categoria:&ensp;grupo</small></small><br>,"<small><small>lexemas:</small></small>&ensp;Júri, júri<br>",,
imperium,(law) the right and power to interpret and apply the law,lilaLemma:106532,"<small><small>synset_id:&ensp;<a href=""https://www.openwordnet-pt.org/synset?id=05198427-n"" target=""_blank"">05198427-n</a></small></small><br>",<small><small>categoria:&ensp;atributo</small></small><br>,<small><small>lexemas:</small></small>&ensp;jurisdição<br>,,"<small><small>valências:&ensp;[ACT,PAT]</small></small><br>"
imperium,in law; the territory within which power can be exercised,lilaLemma:106532,"<small><small>synset_id:&ensp;<a href=""https://www.openwordnet-pt.org/synset?id=08590369-n"" target=""_blank"">08590369-n</a></small></small><br>",<small><small>categoria:&ensp;lugar</small></small><br>,<small><small>lexemas:</small></small>&ensp;jurisdição<br>,,
iudicium,(law) the right and power to interpret and apply the law,lilaLemma:109170,"<small><small>synset_id:&ensp;<a href=""https://www.openwordnet-pt.org/synset?id=05198427-n"" target=""_blank"">05198427-n</a></small></small><br>",<small><small>categoria:&ensp;atributo</small></small><br>,<small><small>lexemas:</small></small>&ensp;jurisdição<br>,,"<small><small>valências:&ensp;[ACT,PAT]</small></small><br>"
domus,place where something began and flourished,lilaLemma:100071,"<small><small>synset_id:&ensp;<a href=""https://www.openwordnet-pt.org/synset?id=08585158-n"" target=""_blank"">08585158-n</a></small></small><br>",<small><small>categoria:&ensp;lugar</small></small><br>,"<small><small>lexemas:</small></small>&ensp;lar, casa<br>",,
lex,a principle or condition that customarily governs behavior,lilaLemma:110351,"<small><small>synset_id:&ensp;<a href=""https://www.openwordnet-pt.org/synset?id=05846054-n"" target=""_blank"">05846054-n</a></small></small><br>",<small><small>categoria:&ensp;cognição</small></small><br>,"<small><small>lexemas:</small></small>&ensp;lei, norma, regra, regulamento<br>",,
modus,a principle or condition that customarily governs behavior,lilaLemma:112553,"<small><small>synset_id:&ensp;<a href=""https://www.openwordnet-pt.org/synset?id=05846054-n"" target=""_blank"">05846054-n</a></small></small><br>",<small><small>categoria:&ensp;cognição</small></small><br>,"<small><small>lexemas:</small></small>&ensp;lei, norma, regra, regulamento<br>",,
mos,a principle or condition that customarily governs behavior,lilaLemma:112831,"<small><small>synset_id:&ensp;<a href=""https://www.openwordnet-pt.org/synset?id=05846054-n"" target=""_blank"">05846054-n</a></small></small><br>",<small><small>categoria:&ensp;cognição</small></small><br>,"<small><small>lexemas:</small></small>&ensp;lei, norma, regra, regulamento<br>",,
refero,go back to something earlier,lilaLemma:122494,"<small><small>synset_id:&ensp;<a href=""https://www.openwordnet-pt.org/synset?id=00959524-v"" target=""_blank"">00959524-v</a></small></small><br>",<small><small>categoria:&ensp;comunicação</small></small><br>,"<small><small>lexemas:</small></small>&ensp;lembrar, retornar<br>",,"<small><small>valências:&ensp;[ACT] ou [ACT,DIR3] ou [ACT,PAT] ou [ACT,PAT,DIR3]</small></small><br>"
accipio,interpret something in a certain way; convey a particular meaning or impression,lilaLemma:87119,"<small><small>synset_id:&ensp;<a href=""https://www.openwordnet-pt.org/synset?id=00624476-v"" target=""_blank"">00624476-v</a></small></small><br>",<small><small>categoria:&ensp;cognição</small></small><br>,<small><small>lexemas:</small></small>&ensp;ler<br>,,"<small><small>valências:&ensp;[ACT,EFF,PAT] ou [ACT,PAT]</small></small><br>"
fero,take something or somebody with oneself somewhere,lilaLemma:103126,"<small><small>synset_id:&ensp;<a href=""https://www.openwordnet-pt.org/synset?id=02077656-v"" target=""_blank"">02077656-v</a></small></small><br>",<small><small>categoria:&ensp;movimento</small></small><br>,"<small><small>lexemas:</small></small>&ensp;levar, tirar, transportar, trazer<br>",,"<small><small>valências:&ensp;[ACT,DIR3,PAT] ou [ACT,LOC,PAT] ou [ACT,PAT,DIR3] ou [ACT,ADDR,PAT] ou [ACT,PAT,DIR1,DIR3] ou [ACT,PAT] ou [ACT,DIR1,DIR3,PAT]</small></small><br>"
habeo,take into one's possession,lilaLemma:105044,"<small><small>synset_id:&ensp;<a href=""https://www.openwordnet-pt.org/synset?id=02205272-v"" target=""_blank"">02205272-v</a></small></small><br>",<small><small>categoria:&ensp;posse</small></small><br>,"<small><small>lexemas:</small></small>&ensp;levar, tomar<br>",<small><small>conceito:</small>&ensp;levar para a sua posse</small><br>,"<small><small>valências:&ensp;[ACT,PAT]</small></small><br>"
modus,final or latest limiting point,lilaLemma:112553,"<small><small>synset_id:&ensp;<a href=""https://www.openwordnet-pt.org/synset?id=15268857-n"" target=""_blank"">15268857-n</a></small></small><br>",<small><small>categoria:&ensp;tempo</small></small><br>,"<small><small>lexemas:</small></small>&ensp;limiar, ponto final<br>",,
modus,a principle that limits the extent of something,lilaLemma:112553,"<small><small>synset_id:&ensp;<a href=""https://www.openwordnet-pt.org/synset?id=05846355-n"" target=""_blank"">05846355-n</a></small></small><br>",<small><small>categoria:&ensp;cognição</small></small><br>,"<small><small>lexemas:</small></small>&ensp;limitação, restrição<br>",,
modus,as far as something can go,lilaLemma:112553,"<small><small>synset_id:&ensp;<a href=""https://www.openwordnet-pt.org/synset?id=08593130-n"" target=""_blank"">08593130-n</a></small></small><br>",<small><small>categoria:&ensp;lugar</small></small><br>,<small><small>lexemas:</small></small>&ensp;limite<br>,<small><small>conceito:</small>&ensp;tao longe quanto alguma coisa pode ir</small><br>,
genus,people who are believed to belong to the same genetic stock,lilaLemma:104504,"<small><small>synset_id:&ensp;<a href=""https://www.openwordnet-pt.org/synset?id=07967982-n"" target=""_blank"">07967982-n</a></small></small><br>",<small><small>categoria:&ensp;grupo</small></small><br>,"<small><small>lexemas:</small></small>&ensp;linhagem, povo, raça, raças humanas<br>",,
locus,the piece of land on which something is located (or is to be located),lilaLemma:110019,"<small><small>synset_id:&ensp;<a href=""https://www.openwordnet-pt.org/synset?id=08651247-n"" target=""_blank"">08651247-n</a></small></small><br>",<small><small>categoria:&ensp;lugar</small></small><br>,"<small><small>lexemas:</small></small>&ensp;locação, lugar, sítio<br>",,
locus,the particular portion of space occupied by something,lilaLemma:110019,"<small><small>synset_id:&ensp;<a href=""https://www.openwordnet-pt.org/synset?id=08621598-n"" target=""_blank"">08621598-n</a></small></small><br>",<small><small>categoria:&ensp;lugar</small></small><br>,"<small><small>lexemas:</small></small>&ensp;local, lugar, posição<br>",,"<small><small>valências:&ensp;[ACT,LOC]</small></small><br>"
locus,a point or extent in space,lilaLemma:110019,"<small><small>synset_id:&ensp;<a href=""https://www.openwordnet-pt.org/synset?id=00027167-n"" target=""_blank"">00027167-n</a></small></small><br>",,"<small><small>lexemas:</small></small>&ensp;localização, locação, lugar, ponto<br>",<small><small>conceito:</small>&ensp;um ponto ou extensão no espaço</small><br>,"<small><small>valências:&ensp;[ACT,PAT]</small></small><br>"
animus,good-natured tolerance of delay or incompetence,lilaLemma:89094,"<small><small>synset_id:&ensp;<a href=""https://www.openwordnet-pt.org/synset?id=04640538-n"" target=""_blank"">04640538-n</a></small></small><br>",<small><small>categoria:&ensp;atributo</small></small><br>,"<small><small>lexemas:</small></small>&ensp;longanimidade, paciência<br>",,"<small><small>valências:&ensp;[ACT] ou [ACT,ACMP] ou [ACT,PAT]</small></small><br>"
bonum,benefit,lilaLemma:91351,"<small><small>synset_id:&ensp;<a href=""https://www.openwordnet-pt.org/synset?id=05159725-n"" target=""_blank"">05159725-n</a></small></small><br>",<small><small>categoria:&ensp;atributo</small></small><br>,"<small><small>lexemas:</small></small>&ensp;lucro, operacionalidade, utilidade, valor<br>",,
locus,the precise location of something; a spatially limited location,lilaLemma:110019,"<small><small>synset_id:&ensp;<a href=""https://www.openwordnet-pt.org/synset?id=08620061-n"" target=""_blank"">08620061-n</a></small></small><br>",<small><small>categoria:&ensp;lugar</small></small><br>,<small><small>lexemas:</small></small>&ensp;lugar<br>,,
locus,the post or function properly or customarily occupied or served by another,lilaLemma:110019,"<small><small>synset_id:&ensp;<a href=""https://www.openwordnet-pt.org/synset?id=00721431-n"" target=""_blank"">00721431-n</a></small></small><br>",<small><small>categoria:&ensp;ação</small></small><br>,"<small><small>lexemas:</small></small>&ensp;lugar, posição<br>",<small><small>conceito:</small>&ensp;o cargo ou função propriamente ou habitualmente ocupada ou atendida por outro</small><br>,
imperium,the position of magistrate,lilaLemma:106532,"<small><small>synset_id:&ensp;<a href=""https://www.openwordnet-pt.org/synset?id=00594738-n"" target=""_blank"">00594738-n</a></small></small><br>",<small><small>categoria:&ensp;ação</small></small><br>,<small><small>lexemas:</small></small>&ensp;magistratura<br>,,
magis,comparative of much; to a greater degree or extent,lilaLemma:111271,"<small><small>synset_id:&ensp;<a href=""https://www.openwordnet-pt.org/synset?id=00099712-r"" target=""_blank"">00099712-r</a></small></small><br>",,<small><small>lexemas:</small></small>&ensp;mais<br>,,<small><small>valências:&ensp;[PAT]</small></small><br>
ita,subsequently or soon afterward (often used as sentence connectors),lilaLemma:109126,"<small><small>synset_id:&ensp;<a href=""https://www.openwordnet-pt.org/synset?id=00117620-r"" target=""_blank"">00117620-r</a></small></small><br>",,"<small><small>lexemas:</small></small>&ensp;mais tarde, depois, em seguida<br>",,
itaque,subsequently or soon afterward (often used as sentence connectors),lilaLemma:109129,"<small><small>synset_id:&ensp;<a href=""https://www.openwordnet-pt.org/synset?id=00117620-r"" target=""_blank"">00117620-r</a></small></small><br>",,"<small><small>lexemas:</small></small>&ensp;mais tarde, depois, em seguida<br>",,
uox,expression without words,lilaLemma:130806,"<small><small>synset_id:&ensp;<a href=""https://www.openwordnet-pt.org/synset?id=06880249-n"" target=""_blank"">06880249-n</a></small></small><br>",<small><small>categoria:&ensp;comunicação</small></small><br>,"<small><small>lexemas:</small></small>&ensp;manifestação, reflexão<br>",,"<small><small>valências:&ensp;[ACT,PAT]</small></small><br>"
teneo,supply with necessities and support,lilaLemma:127822,"<small><small>synset_id:&ensp;<a href=""https://www.openwordnet-pt.org/synset?id=01184625-v"" target=""_blank"">01184625-v</a></small></small><br>",<small><small>categoria:&ensp;consumo</small></small><br>,"<small><small>lexemas:</small></small>&ensp;manter, sustentar<br>",<small><small>conceito:</small>&ensp;abastecer com necessidades e apoio</small><br>,"<small><small>valências:&ensp;[ACT,PAT]</small></small><br>"
gero,"have rightfully; of rights, titles, and offices",lilaLemma:104536,"<small><small>synset_id:&ensp;<a href=""https://www.openwordnet-pt.org/synset?id=02302220-v"" target=""_blank"">02302220-v</a></small></small><br>",<small><small>categoria:&ensp;posse</small></small><br>,"<small><small>lexemas:</small></small>&ensp;manter, ter<br>","<small><small>conceito:</small>&ensp;ter por direito; diz-de direitos, títulos e escritórios</small><br>","<small><small>valências:&ensp;[ACT,PAT]</small></small><br>"
manus,the force of workers available,lilaLemma:111585,"<small><small>synset_id:&ensp;<a href=""https://www.openwordnet-pt.org/synset?id=08212347-n"" target=""_blank"">08212347-n</a></small></small><br>",<small><small>categoria:&ensp;grupo</small></small><br>,"<small><small>lexemas:</small></small>&ensp;mão-de-obra, homens, força de trabalho<br>",,
manus,the (prehensile) extremity of the superior limb,lilaLemma:111585,"<small><small>synset_id:&ensp;<a href=""https://www.openwordnet-pt.org/synset?id=05564590-n"" target=""_blank"">05564590-n</a></small></small><br>",<small><small>categoria:&ensp;corpo</small></small><br>,"<small><small>lexemas:</small></small>&ensp;mão, pata<br>",,
castra,a steady advance,lilaLemma:138599,"<small><small>synset_id:&ensp;<a href=""https://www.openwordnet-pt.org/synset?id=00282840-n"" target=""_blank"">00282840-n</a></small></small><br>",<small><small>categoria:&ensp;ação</small></small><br>,"<small><small>lexemas:</small></small>&ensp;marcha, progresso<br>",<small><small>conceito:</small>&ensp;um avanço constante</small><br>,
exercitus,a large gathering of people,lilaLemma:101960,"<small><small>synset_id:&ensp;<a href=""https://www.openwordnet-pt.org/synset?id=08182716-n"" target=""_blank"">08182716-n</a></small></small><br>",<small><small>categoria:&ensp;grupo</small></small><br>,"<small><small>lexemas:</small></small>&ensp;massa, multidão, povo<br>",,"<small><small>valências:&ensp;[MAT] ou [ACT,PAT] ou [ACT]</small></small><br>"
populus,a large gathering of people,lilaLemma:118463,"<small><small>synset_id:&ensp;<a href=""https://www.openwordnet-pt.org/synset?id=08182716-n"" target=""_blank"">08182716-n</a></small></small><br>",<small><small>categoria:&ensp;grupo</small></small><br>,"<small><small>lexemas:</small></small>&ensp;massa, multidão, povo<br>",,"<small><small>valências:&ensp;[MAT] ou [ACT,PAT] ou [ACT]</small></small><br>"
modus,musical notation for a repeating pattern of musical beats,lilaLemma:112553,"<small><small>synset_id:&ensp;<a href=""https://www.openwordnet-pt.org/synset?id=06864725-n"" target=""_blank"">06864725-n</a></small></small><br>",<small><small>categoria:&ensp;comunicação</small></small><br>,"<small><small>lexemas:</small></small>&ensp;medição, Metrologia, barra<br>",,
modus,any division of quantity accepted as a standard of measurement or exchange,lilaLemma:112553,"<small><small>synset_id:&ensp;<a href=""https://www.openwordnet-pt.org/synset?id=13583724-n"" target=""_blank"">13583724-n</a></small></small><br>",<small><small>categoria:&ensp;quantidade</small></small><br>,"<small><small>lexemas:</small></small>&ensp;Medida, Medição, unidade, unidade de medida<br>",,
corpus,how much there is or how many there are of something that you can quantify,lilaLemma:96667,"<small><small>synset_id:&ensp;<a href=""https://www.openwordnet-pt.org/synset?id=00033615-n"" target=""_blank"">00033615-n</a></small></small><br>",,"<small><small>lexemas:</small></small>&ensp;medida, quantia, quantidade, quantitativo<br>",,"<small><small>valências:&ensp;[ACT,PAT] ou [MAT] ou [ACT,MAT] ou [ACT]</small></small><br>"
modus,how much there is or how many there are of something that you can quantify,lilaLemma:112553,"<small><small>synset_id:&ensp;<a href=""https://www.openwordnet-pt.org/synset?id=00033615-n"" target=""_blank"">00033615-n</a></small></small><br>",,"<small><small>lexemas:</small></small>&ensp;medida, quantia, quantidade, quantitativo<br>",,"<small><small>valências:&ensp;[ACT,PAT] ou [MAT] ou [ACT,MAT] ou [ACT]</small></small><br>"
modus,rhythm as given by division into parts of equal duration,lilaLemma:112553,"<small><small>synset_id:&ensp;<a href=""https://www.openwordnet-pt.org/synset?id=04991738-n"" target=""_blank"">04991738-n</a></small></small><br>",<small><small>categoria:&ensp;atributo</small></small><br>,<small><small>lexemas:</small></small>&ensp;medidor<br>,,
tempus,rhythm as given by division into parts of equal duration,lilaLemma:127522,"<small><small>synset_id:&ensp;<a href=""https://www.openwordnet-pt.org/synset?id=04991738-n"" target=""_blank"">04991738-n</a></small></small><br>",<small><small>categoria:&ensp;atributo</small></small><br>,<small><small>lexemas:</small></small>&ensp;medidor<br>,,
modus,the perception of pleasant arrangements of musical notes,lilaLemma:112553,"<small><small>synset_id:&ensp;<a href=""https://www.openwordnet-pt.org/synset?id=05711915-n"" target=""_blank"">05711915-n</a></small></small><br>",<small><small>categoria:&ensp;cognição</small></small><br>,<small><small>lexemas:</small></small>&ensp;melodia<br>,,
pars,one of the persons who compose a social group (especially individuals who have joined and participate in a group organization),lilaLemma:116084,"<small><small>synset_id:&ensp;<a href=""https://www.openwordnet-pt.org/synset?id=10307234-n"" target=""_blank"">10307234-n</a></small></small><br>",<small><small>categoria:&ensp;pessoa</small></small><br>,<small><small>lexemas:</small></small>&ensp;membro<br>,,<small><small>valências:&ensp;[MAT]</small></small><br>
animus,the cognitive processes whereby past experience is remembered,lilaLemma:89094,"<small><small>synset_id:&ensp;<a href=""https://www.openwordnet-pt.org/synset?id=05760202-n"" target=""_blank"">05760202-n</a></small></small><br>",<small><small>categoria:&ensp;cognição</small></small><br>,<small><small>lexemas:</small></small>&ensp;memória<br>,,"<small><small>valências:&ensp;[ACT,PAT]</small></small><br>"
animus,recall or remembrance,lilaLemma:89094,"<small><small>synset_id:&ensp;<a href=""https://www.openwordnet-pt.org/synset?id=05762149-n"" target=""_blank"">05762149-n</a></small></small><br>",<small><small>categoria:&ensp;cognição</small></small><br>,<small><small>lexemas:</small></small>&ensp;memória<br>,,
dico,intend to refer to,lilaLemma:99302,"<small><small>synset_id:&ensp;<a href=""https://www.openwordnet-pt.org/synset?id=00730052-v"" target=""_blank"">00730052-v</a></small></small><br>",<small><small>categoria:&ensp;cognição</small></small><br>,"<small><small>lexemas:</small></small>&ensp;mencionar, referir<br>","<small><small>conceito:</small>&ensp;ter em mente, se referir a</small><br>","<small><small>valências:&ensp;[ACT,REG] ou [ACT,PAT]</small></small><br>"
filius,a child who is male,lilaLemma:103307,"<small><small>synset_id:&ensp;<a href=""https://www.openwordnet-pt.org/synset?id=10285938-n"" target=""_blank"">10285938-n</a></small></small><br>",<small><small>categoria:&ensp;pessoa</small></small><br>,"<small><small>lexemas:</small></small>&ensp;menino, rapaz<br>",,
uirtus,any admirable quality or attribute,lilaLemma:130356,"<small><small>synset_id:&ensp;<a href=""https://www.openwordnet-pt.org/synset?id=05138958-n"" target=""_blank"">05138958-n</a></small></small><br>",<small><small>categoria:&ensp;atributo</small></small><br>,"<small><small>lexemas:</small></small>&ensp;merecimento, mérito, virtude<br>",,"<small><small>valências:&ensp;[ACT,PAT] ou [ACT]</small></small><br>"
mitto,drop steeply,lilaLemma:112499,"<small><small>synset_id:&ensp;<a href=""https://www.openwordnet-pt.org/synset?id=01967373-v"" target=""_blank"">01967373-v</a></small></small><br>",<small><small>categoria:&ensp;movimento</small></small><br>,<small><small>lexemas:</small></small>&ensp;mergulhar<br>,,"<small><small>valências:&ensp;[ACT,DIR3,PAT]</small></small><br>"
genus,"a way of doing something, especially a systematic way; implies an orderly logical arrangement (usually in steps)",lilaLemma:104504,"<small><small>synset_id:&ensp;<a href=""https://www.openwordnet-pt.org/synset?id=05660268-n"" target=""_blank"">05660268-n</a></small></small><br>",<small><small>categoria:&ensp;cognição</small></small><br>,"<small><small>lexemas:</small></small>&ensp;Método, metodo, método, métodos, técnica<br>",,
modus,"a way of doing something, especially a systematic way; implies an orderly logical arrangement (usually in steps)",lilaLemma:112553,"<small><small>synset_id:&ensp;<a href=""https://www.openwordnet-pt.org/synset?id=05660268-n"" target=""_blank"">05660268-n</a></small></small><br>",<small><small>categoria:&ensp;cognição</small></small><br>,"<small><small>lexemas:</small></small>&ensp;Método, metodo, método, métodos, técnica<br>",,
ciuitas,people living in a large densely populated municipality,lilaLemma:94400,"<small><small>synset_id:&ensp;<a href=""https://www.openwordnet-pt.org/synset?id=08226335-n"" target=""_blank"">08226335-n</a></small></small><br>",<small><small>categoria:&ensp;grupo</small></small><br>,"<small><small>lexemas:</small></small>&ensp;metrópoles, cidade, metrópole<br>",,
urbs,people living in a large densely populated municipality,lilaLemma:130822,"<small><small>synset_id:&ensp;<a href=""https://www.openwordnet-pt.org/synset?id=08226335-n"" target=""_blank"">08226335-n</a></small></small><br>",<small><small>categoria:&ensp;grupo</small></small><br>,"<small><small>lexemas:</small></small>&ensp;metrópoles, cidade, metrópole<br>",,
homo,someone who serves in the armed forces; a member of a military force,lilaLemma:105624,"<small><small>synset_id:&ensp;<a href=""https://www.openwordnet-pt.org/synset?id=10582746-n"" target=""_blank"">10582746-n</a></small></small><br>",<small><small>categoria:&ensp;pessoa</small></small><br>,<small><small>lexemas:</small></small>&ensp;militar<br>,,<small><small>valências:&ensp;[ACT]</small></small><br>
miles,an enlisted man or woman who serves in an army,lilaLemma:112318,"<small><small>synset_id:&ensp;<a href=""https://www.openwordnet-pt.org/synset?id=10622053-n"" target=""_blank"">10622053-n</a></small></small><br>",<small><small>categoria:&ensp;pessoa</small></small><br>,"<small><small>lexemas:</small></small>&ensp;militar, soldado<br>",,<small><small>valências:&ensp;[ACMP] ou [ACT]</small></small><br>
modus,verb inflections that express how the action or state is conceived by the speaker,lilaLemma:112553,"<small><small>synset_id:&ensp;<a href=""https://www.openwordnet-pt.org/synset?id=13801424-n"" target=""_blank"">13801424-n</a></small></small><br>",<small><small>categoria:&ensp;relação</small></small><br>,"<small><small>lexemas:</small></small>&ensp;modalidade, modo<br>",,
modus,quality of being moderate and avoiding extremes,lilaLemma:112553,"<small><small>synset_id:&ensp;<a href=""https://www.openwordnet-pt.org/synset?id=05117660-n"" target=""_blank"">05117660-n</a></small></small><br>",<small><small>categoria:&ensp;atributo</small></small><br>,"<small><small>lexemas:</small></small>&ensp;moderação, temperança<br>",,<small><small>valências:&ensp;[ACT]</small></small><br>
populus,a large number of things or people considered together,lilaLemma:118463,"<small><small>synset_id:&ensp;<a href=""https://www.openwordnet-pt.org/synset?id=08182379-n"" target=""_blank"">08182379-n</a></small></small><br>",<small><small>categoria:&ensp;grupo</small></small><br>,"<small><small>lexemas:</small></small>&ensp;montão, multidão, turba<br>",,"<small><small>valências:&ensp;[ACT] ou [MAT] ou [ACT,PAT]</small></small><br>"
mos,motivation based on ideas of right and wrong,lilaLemma:112831,"<small><small>synset_id:&ensp;<a href=""https://www.openwordnet-pt.org/synset?id=09183693-n"" target=""_blank"">09183693-n</a></small></small><br>",<small><small>categoria:&ensp;motivo</small></small><br>,"<small><small>lexemas:</small></small>&ensp;morais, moral, moralidade, ética<br>",,<small><small>valências:&ensp;[ACT]</small></small><br>
habeo,live (in a certain place),lilaLemma:105044,"<small><small>synset_id:&ensp;<a href=""https://www.openwordnet-pt.org/synset?id=02648639-v"" target=""_blank"">02648639-v</a></small></small><br>",<small><small>categoria:&ensp;estado</small></small><br>,"<small><small>lexemas:</small></small>&ensp;morar, ocupar, residir, viver<br>",,"<small><small>valências:&ensp;[ACT,PAT] ou [ACT,LOC] ou [ACT]</small></small><br>"
mors,the time at which life ends; continuing until dead,lilaLemma:112807,"<small><small>synset_id:&ensp;<a href=""https://www.openwordnet-pt.org/synset?id=15143276-n"" target=""_blank"">15143276-n</a></small></small><br>",<small><small>categoria:&ensp;tempo</small></small><br>,<small><small>lexemas:</small></small>&ensp;morte<br>,,<small><small>valências:&ensp;[ACT]</small></small><br>
mors,the permanent end of all life functions in an organism or part of an organism,lilaLemma:112807,"<small><small>synset_id:&ensp;<a href=""https://www.openwordnet-pt.org/synset?id=11444117-n"" target=""_blank"">11444117-n</a></small></small><br>",<small><small>categoria:&ensp;fenômeno</small></small><br>,<small><small>lexemas:</small></small>&ensp;morte<br>,,"<small><small>valências:&ensp;[ACT] ou [ACT,PAT]</small></small><br>"
mors,the absence of life or state of being dead,lilaLemma:112807,"<small><small>synset_id:&ensp;<a href=""https://www.openwordnet-pt.org/synset?id=13962498-n"" target=""_blank"">13962498-n</a></small></small><br>",<small><small>categoria:&ensp;estado</small></small><br>,<small><small>lexemas:</small></small>&ensp;morte<br>,,<small><small>valências:&ensp;[ACT]</small></small><br>
mors,the personification of death,lilaLemma:112807,"<small><small>synset_id:&ensp;<a href=""https://www.openwordnet-pt.org/synset?id=09488259-n"" target=""_blank"">09488259-n</a></small></small><br>",<small><small>categoria:&ensp;pessoa</small></small><br>,<small><small>lexemas:</small></small>&ensp;Morte<br>,,
fero,bring out for display,lilaLemma:103126,"<small><small>synset_id:&ensp;<a href=""https://www.openwordnet-pt.org/synset?id=02141146-v"" target=""_blank"">02141146-v</a></small></small><br>",<small><small>categoria:&ensp;percepção</small></small><br>,<small><small>lexemas:</small></small>&ensp;mostrar<br>,,"<small><small>valências:&ensp;[ACT,PAT]</small></small><br>"
causa,a theme that is repeated or elaborated in a piece of music,lilaLemma:93253,"<small><small>synset_id:&ensp;<a href=""https://www.openwordnet-pt.org/synset?id=07029682-n"" target=""_blank"">07029682-n</a></small></small><br>",<small><small>categoria:&ensp;comunicação</small></small><br>,<small><small>lexemas:</small></small>&ensp;motivo<br>,,<small><small>valências:&ensp;[PAT]</small></small><br>
hinc,to the degree or extent that,lilaLemma:105454,"<small><small>synset_id:&ensp;<a href=""https://www.openwordnet-pt.org/synset?id=00098959-r"" target=""_blank"">00098959-r</a></small></small><br>",,"<small><small>lexemas:</small></small>&ensp;na medida em que, na medida que, tanto quanto<br>",,<small><small>valências:&ensp;[PAT] ou [DIR3] ou [TWHEN]</small></small><br>
ita,to the degree or extent that,lilaLemma:109126,"<small><small>synset_id:&ensp;<a href=""https://www.openwordnet-pt.org/synset?id=00098959-r"" target=""_blank"">00098959-r</a></small></small><br>",,"<small><small>lexemas:</small></small>&ensp;na medida em que, na medida que, tanto quanto<br>",,<small><small>valências:&ensp;[PAT] ou [DIR3] ou [TWHEN]</small></small><br>
ciuitas,a politically organized body of people under a single government,lilaLemma:94400,"<small><small>synset_id:&ensp;<a href=""https://www.openwordnet-pt.org/synset?id=08168978-n"" target=""_blank"">08168978-n</a></small></small><br>",<small><small>categoria:&ensp;grupo</small></small><br>,"<small><small>lexemas:</small></small>&ensp;nação, país, república<br>",,<small><small>valências:&ensp;[MAT]</small></small><br>
populus,a politically organized body of people under a single government,lilaLemma:118463,"<small><small>synset_id:&ensp;<a href=""https://www.openwordnet-pt.org/synset?id=08168978-n"" target=""_blank"">08168978-n</a></small></small><br>",<small><small>categoria:&ensp;grupo</small></small><br>,"<small><small>lexemas:</small></small>&ensp;nação, país, república<br>",,<small><small>valências:&ensp;[MAT]</small></small><br>
ciuitas,the territory occupied by a nation,lilaLemma:94400,"<small><small>synset_id:&ensp;<a href=""https://www.openwordnet-pt.org/synset?id=08544813-n"" target=""_blank"">08544813-n</a></small></small><br>",<small><small>categoria:&ensp;lugar</small></small><br>,"<small><small>lexemas:</small></small>&ensp;nação, país, terra<br>",,
nec,negation of a word or group of words,lilaLemma:113512,"<small><small>synset_id:&ensp;<a href=""https://www.openwordnet-pt.org/synset?id=00024073-r"" target=""_blank"">00024073-r</a></small></small><br>",,"<small><small>lexemas:</small></small>&ensp;não, nem, tampouco, tão-pouco<br>",,
fero,give an account of,lilaLemma:103126,"<small><small>synset_id:&ensp;<a href=""https://www.openwordnet-pt.org/synset?id=00953058-v"" target=""_blank"">00953058-v</a></small></small><br>",<small><small>categoria:&ensp;comunicação</small></small><br>,"<small><small>lexemas:</small></small>&ensp;narrar, relatar<br>",,"<small><small>valências:&ensp;[ACT,PAT] ou [ACT,ADDR,PAT]</small></small><br>"
genus,the event of being born,lilaLemma:104504,"<small><small>synset_id:&ensp;<a href=""https://www.openwordnet-pt.org/synset?id=07320302-n"" target=""_blank"">07320302-n</a></small></small><br>",<small><small>categoria:&ensp;evento</small></small><br>,<small><small>lexemas:</small></small>&ensp;nascimento<br>,,<small><small>valências:&ensp;[PAT] ou [ACT]</small></small><br>
natura,the event of being born,lilaLemma:113421,"<small><small>synset_id:&ensp;<a href=""https://www.openwordnet-pt.org/synset?id=07320302-n"" target=""_blank"">07320302-n</a></small></small><br>",<small><small>categoria:&ensp;evento</small></small><br>,<small><small>lexemas:</small></small>&ensp;nascimento<br>,,<small><small>valências:&ensp;[PAT] ou [ACT]</small></small><br>
natura,the quality of being natural or based on natural principles,lilaLemma:113421,"<small><small>synset_id:&ensp;<a href=""https://www.openwordnet-pt.org/synset?id=04785908-n"" target=""_blank"">04785908-n</a></small></small><br>",<small><small>categoria:&ensp;atributo</small></small><br>,<small><small>lexemas:</small></small>&ensp;naturalidade<br>,,
ciuitas,changing the pronunciation of a borrowed word to agree with the borrowers' phonology,lilaLemma:94400,"<small><small>synset_id:&ensp;<a href=""https://www.openwordnet-pt.org/synset?id=00084642-n"" target=""_blank"">00084642-n</a></small></small><br>",<small><small>categoria:&ensp;ação</small></small><br>,<small><small>lexemas:</small></small>&ensp;naturalização<br>,,
mos,the essential qualities or characteristics by which something is recognized,lilaLemma:112831,"<small><small>synset_id:&ensp;<a href=""https://www.openwordnet-pt.org/synset?id=04726724-n"" target=""_blank"">04726724-n</a></small></small><br>",<small><small>categoria:&ensp;atributo</small></small><br>,<small><small>lexemas:</small></small>&ensp;natureza<br>,,"<small><small>valências:&ensp;[ACT,PAT]</small></small><br>"
natura,the essential qualities or characteristics by which something is recognized,lilaLemma:113421,"<small><small>synset_id:&ensp;<a href=""https://www.openwordnet-pt.org/synset?id=04726724-n"" target=""_blank"">04726724-n</a></small></small><br>",<small><small>categoria:&ensp;atributo</small></small><br>,<small><small>lexemas:</small></small>&ensp;natureza<br>,,"<small><small>valências:&ensp;[ACT,PAT]</small></small><br>"
natura,the natural physical world including plants and animals and landscapes etc.,lilaLemma:113421,"<small><small>synset_id:&ensp;<a href=""https://www.openwordnet-pt.org/synset?id=09366762-n"" target=""_blank"">09366762-n</a></small></small><br>",<small><small>categoria:&ensp;objeto</small></small><br>,<small><small>lexemas:</small></small>&ensp;Natureza<br>,,
natura,the complex of emotional and intellectual attributes that determine a person's characteristic actions and reactions,lilaLemma:113421,"<small><small>synset_id:&ensp;<a href=""https://www.openwordnet-pt.org/synset?id=04623113-n"" target=""_blank"">04623113-n</a></small></small><br>",<small><small>categoria:&ensp;atributo</small></small><br>,"<small><small>lexemas:</small></small>&ensp;natureza, índole<br>",,"<small><small>valências:&ensp;[ACT,PAT]</small></small><br>"
uolo,have need of,lilaLemma:130745,"<small><small>synset_id:&ensp;<a href=""https://www.openwordnet-pt.org/synset?id=01188725-v"" target=""_blank"">01188725-v</a></small></small><br>",<small><small>categoria:&ensp;consumo</small></small><br>,"<small><small>lexemas:</small></small>&ensp;necessitar, precisar, requerer<br>",<small><small>conceito:</small>&ensp;ter necessidade de alguma coisa</small><br>,"<small><small>valências:&ensp;[ACT,PAT] ou [ACT]</small></small><br>"
debeo,have need of,lilaLemma:97963,"<small><small>synset_id:&ensp;<a href=""https://www.openwordnet-pt.org/synset?id=01188725-v"" target=""_blank"">01188725-v</a></small></small><br>",<small><small>categoria:&ensp;consumo</small></small><br>,"<small><small>lexemas:</small></small>&ensp;necessitar, precisar, requerer<br>",<small><small>conceito:</small>&ensp;ter necessidade de alguma coisa</small><br>,"<small><small>valências:&ensp;[ACT,PAT] ou [ACT]</small></small><br>"
mitto,give little or no attention to,lilaLemma:112499,"<small><small>synset_id:&ensp;<a href=""https://www.openwordnet-pt.org/synset?id=00616857-v"" target=""_blank"">00616857-v</a></small></small><br>",<small><small>categoria:&ensp;cognição</small></small><br>,"<small><small>lexemas:</small></small>&ensp;negligenciar, ignorar, desatender<br>",<small><small>conceito:</small>&ensp;dar pouca ou nenhuma atenção para</small><br>,"<small><small>valências:&ensp;[ACT,PAT]</small></small><br>"
relinquo,give little or no attention to,lilaLemma:122569,"<small><small>synset_id:&ensp;<a href=""https://www.openwordnet-pt.org/synset?id=00616857-v"" target=""_blank"">00616857-v</a></small></small><br>",<small><small>categoria:&ensp;cognição</small></small><br>,"<small><small>lexemas:</small></small>&ensp;negligenciar, ignorar, desatender<br>",<small><small>conceito:</small>&ensp;dar pouca ou nenhuma atenção para</small><br>,"<small><small>valências:&ensp;[ACT,PAT]</small></small><br>"
nomen,a person's reputation,lilaLemma:113797,"<small><small>synset_id:&ensp;<a href=""https://www.openwordnet-pt.org/synset?id=14438788-n"" target=""_blank"">14438788-n</a></small></small><br>",<small><small>categoria:&ensp;estado</small></small><br>,<small><small>lexemas:</small></small>&ensp;nome<br>,<small><small>conceito:</small>&ensp;A reputação de uma pessoa</small><br>,
nomen,"a content word that can be used to refer to a person, place, thing, quality, or action",lilaLemma:113797,"<small><small>synset_id:&ensp;<a href=""https://www.openwordnet-pt.org/synset?id=06319293-n"" target=""_blank"">06319293-n</a></small></small><br>",<small><small>categoria:&ensp;comunicação</small></small><br>,"<small><small>lexemas:</small></small>&ensp;nome, substantivo<br>",,
dico,create and charge with a task or function,lilaLemma:99302,"<small><small>synset_id:&ensp;<a href=""https://www.openwordnet-pt.org/synset?id=02396205-v"" target=""_blank"">02396205-v</a></small></small><br>",<small><small>categoria:&ensp;relação social</small></small><br>,<small><small>lexemas:</small></small>&ensp;nomear<br>,,"<small><small>valências:&ensp;[ACT,PAT] ou [ACT,EFF,PAT]</small></small><br>"
scribo,create and charge with a task or function,lilaLemma:123840,"<small><small>synset_id:&ensp;<a href=""https://www.openwordnet-pt.org/synset?id=02396205-v"" target=""_blank"">02396205-v</a></small></small><br>",<small><small>categoria:&ensp;relação social</small></small><br>,<small><small>lexemas:</small></small>&ensp;nomear<br>,,"<small><small>valências:&ensp;[ACT,PAT] ou [ACT,EFF,PAT]</small></small><br>"
facio,charge with a function; charge to be,lilaLemma:102758,"<small><small>synset_id:&ensp;<a href=""https://www.openwordnet-pt.org/synset?id=02396716-v"" target=""_blank"">02396716-v</a></small></small><br>",<small><small>categoria:&ensp;relação social</small></small><br>,"<small><small>lexemas:</small></small>&ensp;nomear, propor<br>",<small><small>conceito:</small>&ensp;designar com um cargo</small><br>,"<small><small>valências:&ensp;[ACT,EFF,PAT] ou [ACT,PAT]</small></small><br>"
capio,"assign a duty, responsibility or obligation to",lilaLemma:92686,"<small><small>synset_id:&ensp;<a href=""https://www.openwordnet-pt.org/synset?id=02475922-v"" target=""_blank"">02475922-v</a></small></small><br>",<small><small>categoria:&ensp;relação social</small></small><br>,"<small><small>lexemas:</small></small>&ensp;nomear, responsabilizar<br>",,"<small><small>valências:&ensp;[ACT,PAT] ou [ACT,PAT,ADDR] ou [ACT,ADDR,PAT] ou [ACT,EFF,PAT]</small></small><br>"
do,"assign a duty, responsibility or obligation to",lilaLemma:99970,"<small><small>synset_id:&ensp;<a href=""https://www.openwordnet-pt.org/synset?id=02475922-v"" target=""_blank"">02475922-v</a></small></small><br>",<small><small>categoria:&ensp;relação social</small></small><br>,"<small><small>lexemas:</small></small>&ensp;nomear, responsabilizar<br>",,"<small><small>valências:&ensp;[ACT,PAT] ou [ACT,PAT,ADDR] ou [ACT,ADDR,PAT] ou [ACT,EFF,PAT]</small></small><br>"
scribo,"assign a duty, responsibility or obligation to",lilaLemma:123840,"<small><small>synset_id:&ensp;<a href=""https://www.openwordnet-pt.org/synset?id=02475922-v"" target=""_blank"">02475922-v</a></small></small><br>",<small><small>categoria:&ensp;relação social</small></small><br>,"<small><small>lexemas:</small></small>&ensp;nomear, responsabilizar<br>",,"<small><small>valências:&ensp;[ACT,PAT] ou [ACT,PAT,ADDR] ou [ACT,ADDR,PAT] ou [ACT,EFF,PAT]</small></small><br>"
nomen,"the word class that can serve as the subject or object of a verb, the object of a preposition, or in apposition",lilaLemma:113797,"<small><small>synset_id:&ensp;<a href=""https://www.openwordnet-pt.org/synset?id=06317862-n"" target=""_blank"">06317862-n</a></small></small><br>",<small><small>categoria:&ensp;comunicação</small></small><br>,"<small><small>lexemas:</small></small>&ensp;nominal, substantivo<br>",,
lex,prescribed guide for conduct or action,lilaLemma:110351,"<small><small>synset_id:&ensp;<a href=""https://www.openwordnet-pt.org/synset?id=06652242-n"" target=""_blank"">06652242-n</a></small></small><br>",<small><small>categoria:&ensp;comunicação</small></small><br>,"<small><small>lexemas:</small></small>&ensp;norma, normas jurídicas, prescrição, regra, regulamento<br>",,
modus,prescribed guide for conduct or action,lilaLemma:112553,"<small><small>synset_id:&ensp;<a href=""https://www.openwordnet-pt.org/synset?id=06652242-n"" target=""_blank"">06652242-n</a></small></small><br>",<small><small>categoria:&ensp;comunicação</small></small><br>,"<small><small>lexemas:</small></small>&ensp;norma, normas jurídicas, prescrição, regra, regulamento<br>",,
modus,a notation representing the pitch and duration of a musical sound,lilaLemma:112553,"<small><small>synset_id:&ensp;<a href=""https://www.openwordnet-pt.org/synset?id=06865345-n"" target=""_blank"">06865345-n</a></small></small><br>",<small><small>categoria:&ensp;comunicação</small></small><br>,"<small><small>lexemas:</small></small>&ensp;nota, tom<br>",,
cognosco,"express recognition of the presence or existence of, or acquaintance with",lilaLemma:94738,"<small><small>synset_id:&ensp;<a href=""https://www.openwordnet-pt.org/synset?id=01059123-v"" target=""_blank"">01059123-v</a></small></small><br>",<small><small>categoria:&ensp;comunicação</small></small><br>,"<small><small>lexemas:</small></small>&ensp;notar, reconhecer<br>","<small><small>conceito:</small>&ensp;Expressar o reconhecimento da presença, existência ou familiaridade com algo</small><br>","<small><small>valências:&ensp;[ACT,PAT]</small></small><br>"
audio,be obedient to,lilaLemma:90641,"<small><small>synset_id:&ensp;<a href=""https://www.openwordnet-pt.org/synset?id=02542795-v"" target=""_blank"">02542795-v</a></small></small><br>",<small><small>categoria:&ensp;relação social</small></small><br>,<small><small>lexemas:</small></small>&ensp;obedecer<br>,,"<small><small>valências:&ensp;[ACT,ADDR] ou [ACT,PAT]</small></small><br>"
mors,destruction by annihilating something,lilaLemma:112807,"<small><small>synset_id:&ensp;<a href=""https://www.openwordnet-pt.org/synset?id=00218208-n"" target=""_blank"">00218208-n</a></small></small><br>",<small><small>categoria:&ensp;ação</small></small><br>,<small><small>lexemas:</small></small>&ensp;obliteração<br>,,"<small><small>valências:&ensp;[ACT,PAT]</small></small><br>"
nomen,a certificate of debt (usually interest-bearing or discounted) that is issued by a government or corporation in order to raise money; the issuer is required to pay a fixed sum annually until maturity and then a fixed sum to repay the principal,lilaLemma:113797,"<small><small>synset_id:&ensp;<a href=""https://www.openwordnet-pt.org/synset?id=13417410-n"" target=""_blank"">13417410-n</a></small></small><br>",<small><small>categoria:&ensp;posse</small></small><br>,"<small><small>lexemas:</small></small>&ensp;Obrigação, Títulos financeiros, obrigação<br>",,
teneo,bind by an obligation; cause to be indebted,lilaLemma:127822,"<small><small>synset_id:&ensp;<a href=""https://www.openwordnet-pt.org/synset?id=00885217-v"" target=""_blank"">00885217-v</a></small></small><br>",<small><small>categoria:&ensp;comunicação</small></small><br>,"<small><small>lexemas:</small></small>&ensp;obrigar, prender, vincular<br>",<small><small>conceito:</small>&ensp;vincular a uma obrigação; fazer com que esteja endividado</small><br>,"<small><small>valências:&ensp;[ACT,PAT] ou [ACT,EFF,PAT] ou [ACT,ADDR,PAT]</small></small><br>"
teneo,stick to correctly or closely,lilaLemma:127822,"<small><small>synset_id:&ensp;<a href=""https://www.openwordnet-pt.org/synset?id=00732552-v"" target=""_blank"">00732552-v</a></small></small><br>",<small><small>categoria:&ensp;cognição</small></small><br>,"<small><small>lexemas:</small></small>&ensp;observar, manter, controlar<br>",,"<small><small>valências:&ensp;[ACT,PAT]</small></small><br>"
capio,come into possession of,lilaLemma:92686,"<small><small>synset_id:&ensp;<a href=""https://www.openwordnet-pt.org/synset?id=02238085-v"" target=""_blank"">02238085-v</a></small></small><br>",<small><small>categoria:&ensp;posse</small></small><br>,<small><small>lexemas:</small></small>&ensp;obter<br>,,"<small><small>valências:&ensp;[ACT,PAT] ou [ACT,PAT,ORIG]</small></small><br>"
capio,"assume, as of positions or roles",lilaLemma:92686,"<small><small>synset_id:&ensp;<a href=""https://www.openwordnet-pt.org/synset?id=02394183-v"" target=""_blank"">02394183-v</a></small></small><br>",<small><small>categoria:&ensp;relação social</small></small><br>,<small><small>lexemas:</small></small>&ensp;ocupar<br>,"<small><small>conceito:</small>&ensp;assumir, posições ou funções</small><br>","<small><small>valências:&ensp;[ACT,PAT]</small></small><br>"
teneo,"assume, as of positions or roles",lilaLemma:127822,"<small><small>synset_id:&ensp;<a href=""https://www.openwordnet-pt.org/synset?id=02394183-v"" target=""_blank"">02394183-v</a></small></small><br>",<small><small>categoria:&ensp;relação social</small></small><br>,<small><small>lexemas:</small></small>&ensp;ocupar<br>,"<small><small>conceito:</small>&ensp;assumir, posições ou funções</small><br>","<small><small>valências:&ensp;[ACT,PAT]</small></small><br>"
do,"make available or accessible, provide or furnish",lilaLemma:99970,"<small><small>synset_id:&ensp;<a href=""https://www.openwordnet-pt.org/synset?id=02296726-v"" target=""_blank"">02296726-v</a></small></small><br>",<small><small>categoria:&ensp;posse</small></small><br>,<small><small>lexemas:</small></small>&ensp;oferecer<br>,,"<small><small>valências:&ensp;[ACT,PAT,ADDR] ou [ACT,ADDR,PAT] ou [ACT,PAT]</small></small><br>"
fero,put forward for consideration,lilaLemma:103126,"<small><small>synset_id:&ensp;<a href=""https://www.openwordnet-pt.org/synset?id=00706557-v"" target=""_blank"">00706557-v</a></small></small><br>",<small><small>categoria:&ensp;cognição</small></small><br>,<small><small>lexemas:</small></small>&ensp;oferecer<br>,<small><small>conceito:</small>&ensp;Apresentar para consideração</small><br>,"<small><small>valências:&ensp;[ACT,ADDR,PAT] ou [ACT,PAT] ou [ACT,DIR3,PAT]</small></small><br>"
pono,put forward for consideration,lilaLemma:118414,"<small><small>synset_id:&ensp;<a href=""https://www.openwordnet-pt.org/synset?id=00706557-v"" target=""_blank"">00706557-v</a></small></small><br>",<small><small>categoria:&ensp;cognição</small></small><br>,<small><small>lexemas:</small></small>&ensp;oferecer<br>,<small><small>conceito:</small>&ensp;Apresentar para consideração</small><br>,"<small><small>valências:&ensp;[ACT,ADDR,PAT] ou [ACT,PAT] ou [ACT,DIR3,PAT]</small></small><br>"
imperium,any person in the armed services who holds a position of authority or command,lilaLemma:106532,"<small><small>synset_id:&ensp;<a href=""https://www.openwordnet-pt.org/synset?id=10317007-n"" target=""_blank"">10317007-n</a></small></small><br>",<small><small>categoria:&ensp;pessoa</small></small><br>,<small><small>lexemas:</small></small>&ensp;oficial<br>,,
animus,a personal belief or judgment that is not founded on proof or certainty,lilaLemma:89094,"<small><small>synset_id:&ensp;<a href=""https://www.openwordnet-pt.org/synset?id=05945642-n"" target=""_blank"">05945642-n</a></small></small><br>",<small><small>categoria:&ensp;cognição</small></small><br>,"<small><small>lexemas:</small></small>&ensp;opinião, pensamento, perspicácia<br>",,"<small><small>valências:&ensp;[ACT,PAT] ou [ACT]</small></small><br>"
imperium,"(often plural) a command given by a superior (e.g., a military or law enforcement officer) that must be obeyed",lilaLemma:106532,"<small><small>synset_id:&ensp;<a href=""https://www.openwordnet-pt.org/synset?id=07168623-n"" target=""_blank"">07168623-n</a></small></small><br>",<small><small>categoria:&ensp;comunicação</small></small><br>,<small><small>lexemas:</small></small>&ensp;ordem<br>,"<small><small>conceito:</small>&ensp;(geralmente plural) um comando fornecido por um superior (por exemplo, um oficial militar ou um oficial de policia) que devem ser obedecidas</small><br>","<small><small>valências:&ensp;[ACT,PAT]</small></small><br>"
lex,an authoritative rule,lilaLemma:110351,"<small><small>synset_id:&ensp;<a href=""https://www.openwordnet-pt.org/synset?id=06664051-n"" target=""_blank"">06664051-n</a></small></small><br>",<small><small>categoria:&ensp;comunicação</small></small><br>,<small><small>lexemas:</small></small>&ensp;ordenamento<br>,,"<small><small>valências:&ensp;[ACT,PAT]</small></small><br>"
pono,issue an order,lilaLemma:118414,"<small><small>synset_id:&ensp;<a href=""https://www.openwordnet-pt.org/synset?id=00746084-v"" target=""_blank"">00746084-v</a></small></small><br>",<small><small>categoria:&ensp;comunicação</small></small><br>,<small><small>lexemas:</small></small>&ensp;ordenar<br>,<small><small>conceito:</small>&ensp;emitir uma ordem</small><br>,"<small><small>valências:&ensp;[ACT,PAT]</small></small><br>"
uita,a living thing that has (or can develop) the ability to act or function independently,lilaLemma:130393,"<small><small>synset_id:&ensp;<a href=""https://www.openwordnet-pt.org/synset?id=00004475-n"" target=""_blank"">00004475-n</a></small></small><br>",,"<small><small>lexemas:</small></small>&ensp;organismo, ser<br>",<small><small>conceito:</small>&ensp;uma coisa viva que tem (ou pode desenvolver) a habilidade de agir ou funcionar de forma independente</small><br>,
causa,the point of intersection of coordinate axes; where the values of the coordinates are all zero,lilaLemma:93253,"<small><small>synset_id:&ensp;<a href=""https://www.openwordnet-pt.org/synset?id=06009086-n"" target=""_blank"">06009086-n</a></small></small><br>",<small><small>categoria:&ensp;cognição</small></small><br>,"<small><small>lexemas:</small></small>&ensp;Origem de coordenadas, origem<br>",,<small><small>valências:&ensp;[PAT]</small></small><br>
alius,any of various alternatives; some other,lilaLemma:88481,"<small><small>synset_id:&ensp;<a href=""https://www.openwordnet-pt.org/synset?id=02070188-s"" target=""_blank"">02070188-s</a></small></small><br>",,<small><small>lexemas:</small></small>&ensp;outro<br>,,
alius,not the same one or ones already mentioned or implied,lilaLemma:88481,"<small><small>synset_id:&ensp;<a href=""https://www.openwordnet-pt.org/synset?id=02069355-a"" target=""_blank"">02069355-a</a></small></small><br>",,<small><small>lexemas:</small></small>&ensp;outro<br>,<small><small>conceito:</small>&ensp;Não o mesmo que aqueles já mencionados ou implícitos</small><br>,
do,"give money, usually in exchange for goods or services",lilaLemma:99970,"<small><small>synset_id:&ensp;<a href=""https://www.openwordnet-pt.org/synset?id=02251743-v"" target=""_blank"">02251743-v</a></small></small><br>",<small><small>categoria:&ensp;posse</small></small><br>,<small><small>lexemas:</small></small>&ensp;pagar<br>,,"<small><small>valências:&ensp;[ACT,PAT,ADDR] ou [ACT,PAT] ou [ACT,ADDR,PAT]</small></small><br>"
pater,God when considered as the first person in the Trinity,lilaLemma:116203,"<small><small>synset_id:&ensp;<a href=""https://www.openwordnet-pt.org/synset?id=09536973-n"" target=""_blank"">09536973-n</a></small></small><br>",<small><small>categoria:&ensp;pessoa</small></small><br>,<small><small>lexemas:</small></small>&ensp;Pai<br>,,<small><small>valências:&ensp;[APP]</small></small><br>
pater,a male parent (also used as a term of address to your father),lilaLemma:116203,"<small><small>synset_id:&ensp;<a href=""https://www.openwordnet-pt.org/synset?id=10080869-n"" target=""_blank"">10080869-n</a></small></small><br>",<small><small>categoria:&ensp;pessoa</small></small><br>,"<small><small>lexemas:</small></small>&ensp;pai, painho, papai, papá<br>",,<small><small>valências:&ensp;[PAT] ou [APP]</small></small><br>
uox,a unit of language that native speakers can identify,lilaLemma:130806,"<small><small>synset_id:&ensp;<a href=""https://www.openwordnet-pt.org/synset?id=06286395-n"" target=""_blank"">06286395-n</a></small></small><br>",<small><small>categoria:&ensp;comunicação</small></small><br>,"<small><small>lexemas:</small></small>&ensp;palavra, termo, verbo, vocábulo<br>",<small><small>conceito:</small>&ensp;uma unidade de linguagem que falantes nativos podem identificar</small><br>,
pars,an actor's portrayal of someone in a play,lilaLemma:116084,"<small><small>synset_id:&ensp;<a href=""https://www.openwordnet-pt.org/synset?id=05929008-n"" target=""_blank"">05929008-n</a></small></small><br>",<small><small>categoria:&ensp;cognição</small></small><br>,"<small><small>lexemas:</small></small>&ensp;papel, personagem<br>",,<small><small>valências:&ensp;[MAT]</small></small><br>
pars,the allotment of some amount by dividing something,lilaLemma:116084,"<small><small>synset_id:&ensp;<a href=""https://www.openwordnet-pt.org/synset?id=01085098-n"" target=""_blank"">01085098-n</a></small></small><br>",<small><small>categoria:&ensp;ação</small></small><br>,"<small><small>lexemas:</small></small>&ensp;parcela, parte<br>","<small><small>conceito:</small>&ensp;a distribuição de uma certa quantia, dividindo alguma coisa</small><br>","<small><small>valências:&ensp;[ACT,PAT] ou [MAT]</small></small><br>"
uideo,appear to one's own mind or opinion,lilaLemma:130163,"<small><small>synset_id:&ensp;<a href=""https://www.openwordnet-pt.org/synset?id=02198234-v"" target=""_blank"">02198234-v</a></small></small><br>",<small><small>categoria:&ensp;percepção</small></small><br>,<small><small>lexemas:</small></small>&ensp;parecer<br>,<small><small>conceito:</small>&ensp;parecer para sua própria mente ou opinião</small><br>,"<small><small>valências:&ensp;[ACT,PAT,EFF]</small></small><br>"
uideo,"seem to be true, probable, or apparent",lilaLemma:130163,"<small><small>synset_id:&ensp;<a href=""https://www.openwordnet-pt.org/synset?id=02134672-v"" target=""_blank"">02134672-v</a></small></small><br>",<small><small>categoria:&ensp;percepção</small></small><br>,<small><small>lexemas:</small></small>&ensp;parecer<br>,"<small><small>conceito:</small>&ensp;Parecer ser verdade, provável ou aparente</small><br>","<small><small>valências:&ensp;[ACT,PAT,EFF] ou [ACT,DIR1,PAT]</small></small><br>"
uideo,give a certain impression or have a certain outward aspect,lilaLemma:130163,"<small><small>synset_id:&ensp;<a href=""https://www.openwordnet-pt.org/synset?id=02133435-v"" target=""_blank"">02133435-v</a></small></small><br>",<small><small>categoria:&ensp;percepção</small></small><br>,<small><small>lexemas:</small></small>&ensp;parecer<br>,<small><small>conceito:</small>&ensp;Dar uma certa impressão ou ter um certo aspecto exterior</small><br>,"<small><small>valências:&ensp;[ACT,PAT] ou [ACT,PAT,EFF] ou [ACT,ADDR]</small></small><br>"
pars,a person involved in legal proceedings,lilaLemma:116084,"<small><small>synset_id:&ensp;<a href=""https://www.openwordnet-pt.org/synset?id=10402824-n"" target=""_blank"">10402824-n</a></small></small><br>",<small><small>categoria:&ensp;pessoa</small></small><br>,<small><small>lexemas:</small></small>&ensp;parte<br>,,<small><small>valências:&ensp;[PAT] ou [MAT]</small></small><br>
pars,something less than the whole of a human artifact,lilaLemma:116084,"<small><small>synset_id:&ensp;<a href=""https://www.openwordnet-pt.org/synset?id=03892891-n"" target=""_blank"">03892891-n</a></small></small><br>",<small><small>categoria:&ensp;artefato</small></small><br>,"<small><small>lexemas:</small></small>&ensp;parte, porção<br>",,<small><small>valências:&ensp;[MAT]</small></small><br>
locus,a section of text; particularly a section of medium length,lilaLemma:110019,"<small><small>synset_id:&ensp;<a href=""https://www.openwordnet-pt.org/synset?id=06400271-n"" target=""_blank"">06400271-n</a></small></small><br>",<small><small>categoria:&ensp;comunicação</small></small><br>,<small><small>lexemas:</small></small>&ensp;passagem<br>,,
ago,pass time in a specific way,lilaLemma:88140,"<small><small>synset_id:&ensp;<a href=""https://www.openwordnet-pt.org/synset?id=02708420-v"" target=""_blank"">02708420-v</a></small></small><br>",<small><small>categoria:&ensp;estado</small></small><br>,<small><small>lexemas:</small></small>&ensp;passar<br>,,"<small><small>valências:&ensp;[ACT,PAT] ou [ACT,MANN] ou [ACT,PAT,DIR1,DIR3] ou [ACT,DIR1,DIR3]</small></small><br>"
facio,pass time in a specific way,lilaLemma:102758,"<small><small>synset_id:&ensp;<a href=""https://www.openwordnet-pt.org/synset?id=02708420-v"" target=""_blank"">02708420-v</a></small></small><br>",<small><small>categoria:&ensp;estado</small></small><br>,<small><small>lexemas:</small></small>&ensp;passar<br>,,"<small><small>valências:&ensp;[ACT,PAT] ou [ACT,MANN] ou [ACT,PAT,DIR1,DIR3] ou [ACT,DIR1,DIR3]</small></small><br>"
gero,pass time in a specific way,lilaLemma:104536,"<small><small>synset_id:&ensp;<a href=""https://www.openwordnet-pt.org/synset?id=02708420-v"" target=""_blank"">02708420-v</a></small></small><br>",<small><small>categoria:&ensp;estado</small></small><br>,<small><small>lexemas:</small></small>&ensp;passar<br>,,"<small><small>valências:&ensp;[ACT,PAT] ou [ACT,MANN] ou [ACT,PAT,DIR1,DIR3] ou [ACT,DIR1,DIR3]</small></small><br>"
pater,a member of the aristocracy,lilaLemma:116203,"<small><small>synset_id:&ensp;<a href=""https://www.openwordnet-pt.org/synset?id=09807754-n"" target=""_blank"">09807754-n</a></small></small><br>",<small><small>categoria:&ensp;pessoa</small></small><br>,"<small><small>lexemas:</small></small>&ensp;patrício, aristocrata<br>",,<small><small>valências:&ensp;[APP]</small></small><br>
lex,something regarded as a normative example,lilaLemma:110351,"<small><small>synset_id:&ensp;<a href=""https://www.openwordnet-pt.org/synset?id=05667613-n"" target=""_blank"">05667613-n</a></small></small><br>",<small><small>categoria:&ensp;cognição</small></small><br>,<small><small>lexemas:</small></small>&ensp;pauta<br>,,
mos,something regarded as a normative example,lilaLemma:112831,"<small><small>synset_id:&ensp;<a href=""https://www.openwordnet-pt.org/synset?id=05667613-n"" target=""_blank"">05667613-n</a></small></small><br>",<small><small>categoria:&ensp;cognição</small></small><br>,<small><small>lexemas:</small></small>&ensp;pauta<br>,,
miles,(chess) the least powerful piece; moves only forward and captures only to the side; it can be promoted to a more powerful piece if it reaches the 8th rank,lilaLemma:112318,"<small><small>synset_id:&ensp;<a href=""https://www.openwordnet-pt.org/synset?id=03901750-n"" target=""_blank"">03901750-n</a></small></small><br>",<small><small>categoria:&ensp;artefato</small></small><br>,<small><small>lexemas:</small></small>&ensp;peão<br>,,
pars,a separate part of a whole,lilaLemma:116084,"<small><small>synset_id:&ensp;<a href=""https://www.openwordnet-pt.org/synset?id=03932203-n"" target=""_blank"">03932203-n</a></small></small><br>",<small><small>categoria:&ensp;artefato</small></small><br>,"<small><small>lexemas:</small></small>&ensp;pedaço, peça<br>",,<small><small>valências:&ensp;[MAT]</small></small><br>
peto,make a request or demand for something to somebody,lilaLemma:117549,"<small><small>synset_id:&ensp;<a href=""https://www.openwordnet-pt.org/synset?id=00752493-v"" target=""_blank"">00752493-v</a></small></small><br>",<small><small>categoria:&ensp;comunicação</small></small><br>,<small><small>lexemas:</small></small>&ensp;pedir<br>,,"<small><small>valências:&ensp;[ACT,ADDR,PAT] ou [ACT,PAT] ou [ACT,ORIG,PAT]</small></small><br>"
peto,make a solicitation or petition for something desired,lilaLemma:117549,"<small><small>synset_id:&ensp;<a href=""https://www.openwordnet-pt.org/synset?id=00753734-v"" target=""_blank"">00753734-v</a></small></small><br>",<small><small>categoria:&ensp;comunicação</small></small><br>,<small><small>lexemas:</small></small>&ensp;pedir<br>,,"<small><small>valências:&ensp;[ACT,ADDR,PAT] ou [ACT,ORIG,PAT] ou [ACT,PAT] ou [ACT]</small></small><br>"
quaero,make a request or demand for something to somebody,lilaLemma:121047,"<small><small>synset_id:&ensp;<a href=""https://www.openwordnet-pt.org/synset?id=00752493-v"" target=""_blank"">00752493-v</a></small></small><br>",<small><small>categoria:&ensp;comunicação</small></small><br>,<small><small>lexemas:</small></small>&ensp;pedir<br>,,"<small><small>valências:&ensp;[ACT,ADDR,PAT] ou [ACT,PAT] ou [ACT,ORIG,PAT]</small></small><br>"
quaero,ask to be informed of,lilaLemma:121047,"<small><small>synset_id:&ensp;<a href=""https://www.openwordnet-pt.org/synset?id=01018065-v"" target=""_blank"">01018065-v</a></small></small><br>",<small><small>categoria:&ensp;comunicação</small></small><br>,"<small><small>lexemas:</small></small>&ensp;pedir, demandar, exigir<br>",,"<small><small>valências:&ensp;[ACT,PAT]</small></small><br>"
fero,go or come after and bring or take back,lilaLemma:103126,"<small><small>synset_id:&ensp;<a href=""https://www.openwordnet-pt.org/synset?id=01433294-v"" target=""_blank"">01433294-v</a></small></small><br>",<small><small>categoria:&ensp;contato</small></small><br>,"<small><small>lexemas:</small></small>&ensp;pegar, transmitir, trazer<br>",,"<small><small>valências:&ensp;[ACT,DIR1,PAT] ou [ACT,DIR3,PAT] ou [ACT,PAT] ou [ACT,PAT,DIR3]</small></small><br>"
peto,go or come after and bring or take back,lilaLemma:117549,"<small><small>synset_id:&ensp;<a href=""https://www.openwordnet-pt.org/synset?id=01433294-v"" target=""_blank"">01433294-v</a></small></small><br>",<small><small>categoria:&ensp;contato</small></small><br>,"<small><small>lexemas:</small></small>&ensp;pegar, transmitir, trazer<br>",,"<small><small>valências:&ensp;[ACT,DIR1,PAT] ou [ACT,DIR3,PAT] ou [ACT,PAT] ou [ACT,PAT,DIR3]</small></small><br>"
puto,"ponder; reflect on, or reason about",lilaLemma:120610,"<small><small>synset_id:&ensp;<a href=""https://www.openwordnet-pt.org/synset?id=00739082-v"" target=""_blank"">00739082-v</a></small></small><br>",<small><small>categoria:&ensp;cognição</small></small><br>,<small><small>lexemas:</small></small>&ensp;pensar<br>,"<small><small>conceito:</small>&ensp;ponderar; refletir sobre, ou raciocinar sobre</small><br>","<small><small>valências:&ensp;[ACT,PAT] ou [ACT,REG]</small></small><br>"
scio,become conscious of,lilaLemma:123732,"<small><small>synset_id:&ensp;<a href=""https://www.openwordnet-pt.org/synset?id=00591519-v"" target=""_blank"">00591519-v</a></small></small><br>",<small><small>categoria:&ensp;cognição</small></small><br>,<small><small>lexemas:</small></small>&ensp;perceber<br>,<small><small>conceito:</small>&ensp;tornar-se consciente de</small><br>,"<small><small>valências:&ensp;[ACT,PAT]</small></small><br>"
periculum,a venture undertaken without regard to possible loss or injury,lilaLemma:116930,"<small><small>synset_id:&ensp;<a href=""https://www.openwordnet-pt.org/synset?id=00802238-n"" target=""_blank"">00802238-n</a></small></small><br>",<small><small>categoria:&ensp;ação</small></small><br>,"<small><small>lexemas:</small></small>&ensp;perigo, risco<br>",<small><small>conceito:</small>&ensp;um risco empreendido sem levar em conta possíveis perdas ou danos</small><br>,
do,afford possibility,lilaLemma:99970,"<small><small>synset_id:&ensp;<a href=""https://www.openwordnet-pt.org/synset?id=02745486-v"" target=""_blank"">02745486-v</a></small></small><br>",<small><small>categoria:&ensp;estado</small></small><br>,"<small><small>lexemas:</small></small>&ensp;permitir, admitir<br>",<small><small>conceito:</small>&ensp;admitir a possibilidade</small><br>,"<small><small>valências:&ensp;[ACT,PAT,ADDR] ou [ACT,PAT]</small></small><br>"
sequor,follow in or as if in pursuit,lilaLemma:124461,"<small><small>synset_id:&ensp;<a href=""https://www.openwordnet-pt.org/synset?id=02000868-v"" target=""_blank"">02000868-v</a></small></small><br>",<small><small>categoria:&ensp;movimento</small></small><br>,<small><small>lexemas:</small></small>&ensp;perseguir<br>,,"<small><small>valências:&ensp;[ACT,PAT]</small></small><br>"
fero,continue to live through hardship or adversity,lilaLemma:103126,"<small><small>synset_id:&ensp;<a href=""https://www.openwordnet-pt.org/synset?id=02618149-v"" target=""_blank"">02618149-v</a></small></small><br>",<small><small>categoria:&ensp;estado</small></small><br>,"<small><small>lexemas:</small></small>&ensp;perseverar, resistir, sobreviver<br>",,"<small><small>valências:&ensp;[ACT,PAT] ou [ACT]</small></small><br>"
sum,be owned by; be in the possession of,lilaLemma:126689,"<small><small>synset_id:&ensp;<a href=""https://www.openwordnet-pt.org/synset?id=02301680-v"" target=""_blank"">02301680-v</a></small></small><br>",<small><small>categoria:&ensp;posse</small></small><br>,<small><small>lexemas:</small></small>&ensp;pertencer<br>,,"<small><small>valências:&ensp;[ACT,PAT] ou [ACT,ADDR]</small></small><br>"
capio,corrupt morally or by intemperance or sensuality,lilaLemma:92686,"<small><small>synset_id:&ensp;<a href=""https://www.openwordnet-pt.org/synset?id=02579447-v"" target=""_blank"">02579447-v</a></small></small><br>",<small><small>categoria:&ensp;relação social</small></small><br>,"<small><small>lexemas:</small></small>&ensp;perverter, subverter, corromper, aviltar, depravar, desvirtuar, viciar<br>",<small><small>conceito:</small>&ensp;corromper moralmente ou por intemperança ou sensualidade</small><br>,"<small><small>valências:&ensp;[ACT,PAT]</small></small><br>"
corpus,a human body (usually including the clothing),lilaLemma:96667,"<small><small>synset_id:&ensp;<a href=""https://www.openwordnet-pt.org/synset?id=05217688-n"" target=""_blank"">05217688-n</a></small></small><br>",<small><small>categoria:&ensp;corpo</small></small><br>,<small><small>lexemas:</small></small>&ensp;pessoa<br>,,
homo,a human body (usually including the clothing),lilaLemma:105624,"<small><small>synset_id:&ensp;<a href=""https://www.openwordnet-pt.org/synset?id=05217688-n"" target=""_blank"">05217688-n</a></small></small><br>",<small><small>categoria:&ensp;corpo</small></small><br>,<small><small>lexemas:</small></small>&ensp;pessoa<br>,,
ago,steal goods; take as spoils,lilaLemma:88140,"<small><small>synset_id:&ensp;<a href=""https://www.openwordnet-pt.org/synset?id=02344568-v"" target=""_blank"">02344568-v</a></small></small><br>",<small><small>categoria:&ensp;posse</small></small><br>,"<small><small>lexemas:</small></small>&ensp;pilhar, roubar, saquear<br>",,"<small><small>valências:&ensp;[ACT,PAT] ou [ACT,PAT,DIR1,DIR3] ou [ACT,ORIG,PAT] ou [ACT,ADDR,PAT]</small></small><br>"
quaero,have the will and intention to carry out some action,lilaLemma:121047,"<small><small>synset_id:&ensp;<a href=""https://www.openwordnet-pt.org/synset?id=00705227-v"" target=""_blank"">00705227-v</a></small></small><br>",<small><small>categoria:&ensp;cognição</small></small><br>,"<small><small>lexemas:</small></small>&ensp;planejar, planear<br>",<small><small>conceito:</small>&ensp;ter a vontade e a intenção de realizar alguma ação</small><br>,"<small><small>valências:&ensp;[ACT,PAT]</small></small><br>"
uirtus,possession of controlling influence,lilaLemma:130356,"<small><small>synset_id:&ensp;<a href=""https://www.openwordnet-pt.org/synset?id=05190804-n"" target=""_blank"">05190804-n</a></small></small><br>",<small><small>categoria:&ensp;atributo</small></small><br>,<small><small>lexemas:</small></small>&ensp;poder<br>,,"<small><small>valências:&ensp;[ACT,PAT]</small></small><br>"
consilium,a plan of action adopted by an individual or social group,lilaLemma:96060,"<small><small>synset_id:&ensp;<a href=""https://www.openwordnet-pt.org/synset?id=05901508-n"" target=""_blank"">05901508-n</a></small></small><br>",<small><small>categoria:&ensp;cognição</small></small><br>,<small><small>lexemas:</small></small>&ensp;política<br>,,<small><small>valências:&ensp;[ACT]</small></small><br>
corpus,a soft moist part of a fruit,lilaLemma:96667,"<small><small>synset_id:&ensp;<a href=""https://www.openwordnet-pt.org/synset?id=13096035-n"" target=""_blank"">13096035-n</a></small></small><br>",<small><small>categoria:&ensp;planta</small></small><br>,"<small><small>lexemas:</small></small>&ensp;Polpa dentária, carne, polpa<br>",,
facio,"institute, enact, or establish",lilaLemma:102758,"<small><small>synset_id:&ensp;<a href=""https://www.openwordnet-pt.org/synset?id=00665476-v"" target=""_blank"">00665476-v</a></small></small><br>",<small><small>categoria:&ensp;cognição</small></small><br>,"<small><small>lexemas:</small></small>&ensp;por, fazer, construir, colocar, deitar, delinear, pôr, estabelecer, instituir<br>","<small><small>conceito:</small>&ensp;instituir, promulgar, ou estabelecer</small><br>","<small><small>valências:&ensp;[ACT,PAT] ou [ACT,LOC,PAT]</small></small><br>"
pono,put (something somewhere) firmly,lilaLemma:118414,"<small><small>synset_id:&ensp;<a href=""https://www.openwordnet-pt.org/synset?id=01575675-v"" target=""_blank"">01575675-v</a></small></small><br>",<small><small>categoria:&ensp;contato</small></small><br>,"<small><small>lexemas:</small></small>&ensp;pôr, situar<br>",,"<small><small>valências:&ensp;[ACT,PAT] ou [ACT,PAT,LOC]</small></small><br>"
pars,an individual quantity of food or drink taken as part of a meal,lilaLemma:116084,"<small><small>synset_id:&ensp;<a href=""https://www.openwordnet-pt.org/synset?id=07578363-n"" target=""_blank"">07578363-n</a></small></small><br>",<small><small>categoria:&ensp;comida</small></small><br>,<small><small>lexemas:</small></small>&ensp;porção<br>,,<small><small>valências:&ensp;[MAT]</small></small><br>
causa,an explanation of the cause of some phenomenon,lilaLemma:93253,"<small><small>synset_id:&ensp;<a href=""https://www.openwordnet-pt.org/synset?id=06739990-n"" target=""_blank"">06739990-n</a></small></small><br>",<small><small>categoria:&ensp;comunicação</small></small><br>,"<small><small>lexemas:</small></small>&ensp;porquê, razão<br>",,<small><small>valências:&ensp;[PAT]</small></small><br>
fero,have,lilaLemma:103126,"<small><small>synset_id:&ensp;<a href=""https://www.openwordnet-pt.org/synset?id=02630871-v"" target=""_blank"">02630871-v</a></small></small><br>",<small><small>categoria:&ensp;estado</small></small><br>,<small><small>lexemas:</small></small>&ensp;portar<br>,,"<small><small>valências:&ensp;[ACT,PAT]</small></small><br>"
gero,have,lilaLemma:104536,"<small><small>synset_id:&ensp;<a href=""https://www.openwordnet-pt.org/synset?id=02630871-v"" target=""_blank"">02630871-v</a></small></small><br>",<small><small>categoria:&ensp;estado</small></small><br>,<small><small>lexemas:</small></small>&ensp;portar<br>,,"<small><small>valências:&ensp;[ACT,PAT]</small></small><br>"
fero,have on one's person,lilaLemma:103126,"<small><small>synset_id:&ensp;<a href=""https://www.openwordnet-pt.org/synset?id=00047745-v"" target=""_blank"">00047745-v</a></small></small><br>",<small><small>categoria:&ensp;corpo</small></small><br>,"<small><small>lexemas:</small></small>&ensp;portar, usar<br>",<small><small>conceito:</small>&ensp;ter sobre a sua pessoa</small><br>,"<small><small>valências:&ensp;[ACT,PAT]</small></small><br>"
gero,have on one's person,lilaLemma:104536,"<small><small>synset_id:&ensp;<a href=""https://www.openwordnet-pt.org/synset?id=00047745-v"" target=""_blank"">00047745-v</a></small></small><br>",<small><small>categoria:&ensp;corpo</small></small><br>,"<small><small>lexemas:</small></small>&ensp;portar, usar<br>",<small><small>conceito:</small>&ensp;ter sobre a sua pessoa</small><br>,"<small><small>valências:&ensp;[ACT,PAT]</small></small><br>"
habeo,have on one's person,lilaLemma:105044,"<small><small>synset_id:&ensp;<a href=""https://www.openwordnet-pt.org/synset?id=00047745-v"" target=""_blank"">00047745-v</a></small></small><br>",<small><small>categoria:&ensp;corpo</small></small><br>,"<small><small>lexemas:</small></small>&ensp;portar, usar<br>",<small><small>conceito:</small>&ensp;ter sobre a sua pessoa</small><br>,"<small><small>valências:&ensp;[ACT,PAT]</small></small><br>"
fides,freedom from doubt; belief in yourself and your abilities,lilaLemma:103260,"<small><small>synset_id:&ensp;<a href=""https://www.openwordnet-pt.org/synset?id=05697363-n"" target=""_blank"">05697363-n</a></small></small><br>",<small><small>categoria:&ensp;cognição</small></small><br>,"<small><small>lexemas:</small></small>&ensp;pose, altivez, aprumo, certeza, fé, desembaraço, confiança<br>",,"<small><small>valências:&ensp;[ACT] ou [ACT,PAT]</small></small><br>"
locus,(in team sports) the role assigned to an individual player,lilaLemma:110019,"<small><small>synset_id:&ensp;<a href=""https://www.openwordnet-pt.org/synset?id=00722479-n"" target=""_blank"">00722479-n</a></small></small><br>",<small><small>categoria:&ensp;ação</small></small><br>,<small><small>lexemas:</small></small>&ensp;posição<br>,,
locus,a point occupied by troops for tactical reasons,lilaLemma:110019,"<small><small>synset_id:&ensp;<a href=""https://www.openwordnet-pt.org/synset?id=08622586-n"" target=""_blank"">08622586-n</a></small></small><br>",<small><small>categoria:&ensp;lugar</small></small><br>,"<small><small>lexemas:</small></small>&ensp;posição, posição militar<br>",,
causa,a condition or position in which you find yourself,lilaLemma:93253,"<small><small>synset_id:&ensp;<a href=""https://www.openwordnet-pt.org/synset?id=13925752-n"" target=""_blank"">13925752-n</a></small></small><br>",<small><small>categoria:&ensp;estado</small></small><br>,"<small><small>lexemas:</small></small>&ensp;posição, situação<br>",,"<small><small>valências:&ensp;[PAT] ou [ACT,PAT]</small></small><br>"
locus,a condition or position in which you find yourself,lilaLemma:110019,"<small><small>synset_id:&ensp;<a href=""https://www.openwordnet-pt.org/synset?id=13925752-n"" target=""_blank"">13925752-n</a></small></small><br>",<small><small>categoria:&ensp;estado</small></small><br>,"<small><small>lexemas:</small></small>&ensp;posição, situação<br>",,"<small><small>valências:&ensp;[PAT] ou [ACT,PAT]</small></small><br>"
bonum,something owned; any tangible or intangible possession that is owned by someone,lilaLemma:91351,"<small><small>synset_id:&ensp;<a href=""https://www.openwordnet-pt.org/synset?id=13244109-n"" target=""_blank"">13244109-n</a></small></small><br>",<small><small>categoria:&ensp;posse</small></small><br>,"<small><small>lexemas:</small></small>&ensp;possessão, propriedade<br>",<small><small>conceito:</small>&ensp;algo que pertence a alguém; qualquer posse tangível ou intangível que é propriedade de alguém</small><br>,
habeo,"enter into and control, as of emotions or ideas",lilaLemma:105044,"<small><small>synset_id:&ensp;<a href=""https://www.openwordnet-pt.org/synset?id=02647311-v"" target=""_blank"">02647311-v</a></small></small><br>",<small><small>categoria:&ensp;estado</small></small><br>,<small><small>lexemas:</small></small>&ensp;possuir<br>,,"<small><small>valências:&ensp;[ACT,PAT]</small></small><br>"
teneo,"enter into and control, as of emotions or ideas",lilaLemma:127822,"<small><small>synset_id:&ensp;<a href=""https://www.openwordnet-pt.org/synset?id=02647311-v"" target=""_blank"">02647311-v</a></small></small><br>",<small><small>categoria:&ensp;estado</small></small><br>,<small><small>lexemas:</small></small>&ensp;possuir<br>,,"<small><small>valências:&ensp;[ACT,PAT]</small></small><br>"
teneo,"have as an attribute, knowledge, or skill",lilaLemma:127822,"<small><small>synset_id:&ensp;<a href=""https://www.openwordnet-pt.org/synset?id=02632167-v"" target=""_blank"">02632167-v</a></small></small><br>",<small><small>categoria:&ensp;estado</small></small><br>,"<small><small>lexemas:</small></small>&ensp;possuir, ter<br>","<small><small>conceito:</small>&ensp;ter como um atributo, conhecimento ou habilidade</small><br>","<small><small>valências:&ensp;[ACT,PAT]</small></small><br>"
parum,not much,lilaLemma:116130,"<small><small>synset_id:&ensp;<a href=""https://www.openwordnet-pt.org/synset?id=00100002-r"" target=""_blank"">00100002-r</a></small></small><br>",,<small><small>lexemas:</small></small>&ensp;pouco<br>,,<small><small>valências:&ensp;[MAT]</small></small><br>
animus,a fundamental feeling that is hard to define but that people desire to experience,lilaLemma:89094,"<small><small>synset_id:&ensp;<a href=""https://www.openwordnet-pt.org/synset?id=07490713-n"" target=""_blank"">07490713-n</a></small></small><br>",<small><small>categoria:&ensp;sentimento</small></small><br>,<small><small>lexemas:</small></small>&ensp;prazer<br>,,<small><small>valências:&ensp;[ACT]</small></small><br>
animus,a feeling of extreme pleasure or satisfaction,lilaLemma:89094,"<small><small>synset_id:&ensp;<a href=""https://www.openwordnet-pt.org/synset?id=07491038-n"" target=""_blank"">07491038-n</a></small></small><br>",<small><small>categoria:&ensp;sentimento</small></small><br>,"<small><small>lexemas:</small></small>&ensp;prazer, deleite, alegria<br>",,"<small><small>valências:&ensp;[ACT,PAT] ou [ACT]</small></small><br>"
lex,a doctrine that is taught,lilaLemma:110351,"<small><small>synset_id:&ensp;<a href=""https://www.openwordnet-pt.org/synset?id=06185955-n"" target=""_blank"">06185955-n</a></small></small><br>",<small><small>categoria:&ensp;cognição</small></small><br>,<small><small>lexemas:</small></small>&ensp;preceito<br>,,<small><small>valências:&ensp;[ACT]</small></small><br>
mos,a doctrine that is taught,lilaLemma:112831,"<small><small>synset_id:&ensp;<a href=""https://www.openwordnet-pt.org/synset?id=06185955-n"" target=""_blank"">06185955-n</a></small></small><br>",<small><small>categoria:&ensp;cognição</small></small><br>,<small><small>lexemas:</small></small>&ensp;preceito<br>,,<small><small>valências:&ensp;[ACT]</small></small><br>
lex,rule of personal conduct,lilaLemma:110351,"<small><small>synset_id:&ensp;<a href=""https://www.openwordnet-pt.org/synset?id=06655388-n"" target=""_blank"">06655388-n</a></small></small><br>",<small><small>categoria:&ensp;comunicação</small></small><br>,"<small><small>lexemas:</small></small>&ensp;preceito, princípio<br>",,
mos,rule of personal conduct,lilaLemma:112831,"<small><small>synset_id:&ensp;<a href=""https://www.openwordnet-pt.org/synset?id=06655388-n"" target=""_blank"">06655388-n</a></small></small><br>",<small><small>categoria:&ensp;comunicação</small></small><br>,"<small><small>lexemas:</small></small>&ensp;preceito, princípio<br>",,
capio,"cause to become accidentally or suddenly caught, ensnared, or entangled",lilaLemma:92686,"<small><small>synset_id:&ensp;<a href=""https://www.openwordnet-pt.org/synset?id=01328012-v"" target=""_blank"">01328012-v</a></small></small><br>",<small><small>categoria:&ensp;contato</small></small><br>,<small><small>lexemas:</small></small>&ensp;prender<br>,,"<small><small>valências:&ensp;[ACT,PAT]</small></small><br>"
pono,take something as preexisting and given,lilaLemma:118414,"<small><small>synset_id:&ensp;<a href=""https://www.openwordnet-pt.org/synset?id=00717208-v"" target=""_blank"">00717208-v</a></small></small><br>",<small><small>categoria:&ensp;cognição</small></small><br>,"<small><small>lexemas:</small></small>&ensp;pressupor, tomar como premissa<br>",,"<small><small>valências:&ensp;[ACT,PAT]</small></small><br>"
uolo,have in mind as a purpose,lilaLemma:130745,"<small><small>synset_id:&ensp;<a href=""https://www.openwordnet-pt.org/synset?id=00708538-v"" target=""_blank"">00708538-v</a></small></small><br>",<small><small>categoria:&ensp;cognição</small></small><br>,<small><small>lexemas:</small></small>&ensp;pretender<br>,<small><small>conceito:</small>&ensp;ter em mente como objetivo</small><br>,"<small><small>valências:&ensp;[ACT,PAT]</small></small><br>"
uolo,propose or intend,lilaLemma:130745,"<small><small>synset_id:&ensp;<a href=""https://www.openwordnet-pt.org/synset?id=00708980-v"" target=""_blank"">00708980-v</a></small></small><br>",<small><small>categoria:&ensp;cognição</small></small><br>,"<small><small>lexemas:</small></small>&ensp;pretender, propor<br>",,"<small><small>valências:&ensp;[ACT,PAT] ou [ACT,DIR3,PAT]</small></small><br>"
quaero,propose or intend,lilaLemma:121047,"<small><small>synset_id:&ensp;<a href=""https://www.openwordnet-pt.org/synset?id=00708980-v"" target=""_blank"">00708980-v</a></small></small><br>",<small><small>categoria:&ensp;cognição</small></small><br>,"<small><small>lexemas:</small></small>&ensp;pretender, propor<br>",,"<small><small>valências:&ensp;[ACT,PAT] ou [ACT,DIR3,PAT]</small></small><br>"
pono,regard highly; think much of,lilaLemma:118414,"<small><small>synset_id:&ensp;<a href=""https://www.openwordnet-pt.org/synset?id=00694068-v"" target=""_blank"">00694068-v</a></small></small><br>",<small><small>categoria:&ensp;cognição</small></small><br>,"<small><small>lexemas:</small></small>&ensp;prezar, respeitar, venerar<br>",<small><small>conceito:</small>&ensp;respeitar muito; considerar muito bem</small><br>,"<small><small>valências:&ensp;[ACT,PAT] ou [ACT,EFF,PAT]</small></small><br>"
puto,regard highly; think much of,lilaLemma:120610,"<small><small>synset_id:&ensp;<a href=""https://www.openwordnet-pt.org/synset?id=00694068-v"" target=""_blank"">00694068-v</a></small></small><br>",<small><small>categoria:&ensp;cognição</small></small><br>,"<small><small>lexemas:</small></small>&ensp;prezar, respeitar, venerar<br>",<small><small>conceito:</small>&ensp;respeitar muito; considerar muito bem</small><br>,"<small><small>valências:&ensp;[ACT,PAT] ou [ACT,EFF,PAT]</small></small><br>"
primus,first in rank or degree,lilaLemma:119498,"<small><small>synset_id:&ensp;<a href=""https://www.openwordnet-pt.org/synset?id=01012990-s"" target=""_blank"">01012990-s</a></small></small><br>",,"<small><small>lexemas:</small></small>&ensp;primeira, primeiro, principal<br>",,
primus,preceding all others in time or space or degree,lilaLemma:119498,"<small><small>synset_id:&ensp;<a href=""https://www.openwordnet-pt.org/synset?id=01010862-a"" target=""_blank"">01010862-a</a></small></small><br>",,<small><small>lexemas:</small></small>&ensp;primeiro<br>,,
primus,most important element,lilaLemma:119498,"<small><small>synset_id:&ensp;<a href=""https://www.openwordnet-pt.org/synset?id=01277426-s"" target=""_blank"">01277426-s</a></small></small><br>",,"<small><small>lexemas:</small></small>&ensp;principal, proficiente<br>",,
lex,a basic generalization that is accepted as true and that can be used as a basis for reasoning or conduct,lilaLemma:110351,"<small><small>synset_id:&ensp;<a href=""https://www.openwordnet-pt.org/synset?id=05913538-n"" target=""_blank"">05913538-n</a></small></small><br>",<small><small>categoria:&ensp;cognição</small></small><br>,"<small><small>lexemas:</small></small>&ensp;princípio, regra<br>",,
lex,a rule or law concerning a natural phenomenon or the function of a complex system,lilaLemma:110351,"<small><small>synset_id:&ensp;<a href=""https://www.openwordnet-pt.org/synset?id=05874232-n"" target=""_blank"">05874232-n</a></small></small><br>",<small><small>categoria:&ensp;cognição</small></small><br>,"<small><small>lexemas:</small></small>&ensp;princípio, regra<br>",,
modus,a basic generalization that is accepted as true and that can be used as a basis for reasoning or conduct,lilaLemma:112553,"<small><small>synset_id:&ensp;<a href=""https://www.openwordnet-pt.org/synset?id=05913538-n"" target=""_blank"">05913538-n</a></small></small><br>",<small><small>categoria:&ensp;cognição</small></small><br>,"<small><small>lexemas:</small></small>&ensp;princípio, regra<br>",,
manus,a long flexible snout as of an elephant,lilaLemma:111585,"<small><small>synset_id:&ensp;<a href=""https://www.openwordnet-pt.org/synset?id=02452967-n"" target=""_blank"">02452967-n</a></small></small><br>",<small><small>categoria:&ensp;animal</small></small><br>,"<small><small>lexemas:</small></small>&ensp;Proboscide, probóscide, tromba<br>",,
causa,a comprehensive term for any proceeding in a court of law whereby an individual seeks a legal remedy,lilaLemma:93253,"<small><small>synset_id:&ensp;<a href=""https://www.openwordnet-pt.org/synset?id=01182654-n"" target=""_blank"">01182654-n</a></small></small><br>",<small><small>categoria:&ensp;ação</small></small><br>,"<small><small>lexemas:</small></small>&ensp;processo judicial, pleito, processo, causa<br>",,"<small><small>valências:&ensp;[ACT,PAT] ou [ACT]</small></small><br>"
iudicium,a comprehensive term for any proceeding in a court of law whereby an individual seeks a legal remedy,lilaLemma:109170,"<small><small>synset_id:&ensp;<a href=""https://www.openwordnet-pt.org/synset?id=01182654-n"" target=""_blank"">01182654-n</a></small></small><br>",<small><small>categoria:&ensp;ação</small></small><br>,"<small><small>lexemas:</small></small>&ensp;processo judicial, pleito, processo, causa<br>",,"<small><small>valências:&ensp;[ACT,PAT] ou [ACT]</small></small><br>"
periculum,a comprehensive term for any proceeding in a court of law whereby an individual seeks a legal remedy,lilaLemma:116930,"<small><small>synset_id:&ensp;<a href=""https://www.openwordnet-pt.org/synset?id=01182654-n"" target=""_blank"">01182654-n</a></small></small><br>",<small><small>categoria:&ensp;ação</small></small><br>,"<small><small>lexemas:</small></small>&ensp;processo judicial, pleito, processo, causa<br>",,"<small><small>valências:&ensp;[ACT,PAT] ou [ACT]</small></small><br>"
uolo,hunt or look for; want for a particular reason,lilaLemma:130745,"<small><small>synset_id:&ensp;<a href=""https://www.openwordnet-pt.org/synset?id=01317064-v"" target=""_blank"">01317064-v</a></small></small><br>",<small><small>categoria:&ensp;contato</small></small><br>,<small><small>lexemas:</small></small>&ensp;procurar<br>,,"<small><small>valências:&ensp;[ACT,PAT]</small></small><br>"
peto,go in search of or hunt for,lilaLemma:117549,"<small><small>synset_id:&ensp;<a href=""https://www.openwordnet-pt.org/synset?id=01317533-v"" target=""_blank"">01317533-v</a></small></small><br>",<small><small>categoria:&ensp;contato</small></small><br>,<small><small>lexemas:</small></small>&ensp;procurar<br>,,"<small><small>valências:&ensp;[ACT,PAT]</small></small><br>"
quaero,search or seek,lilaLemma:121047,"<small><small>synset_id:&ensp;<a href=""https://www.openwordnet-pt.org/synset?id=02153709-v"" target=""_blank"">02153709-v</a></small></small><br>",<small><small>categoria:&ensp;percepção</small></small><br>,"<small><small>lexemas:</small></small>&ensp;procurar, revistar<br>",,"<small><small>valências:&ensp;[ACT,PAT]</small></small><br>"
eo,make an effort or attempt,lilaLemma:101183,"<small><small>synset_id:&ensp;<a href=""https://www.openwordnet-pt.org/synset?id=02530167-v"" target=""_blank"">02530167-v</a></small></small><br>",<small><small>categoria:&ensp;relação social</small></small><br>,"<small><small>lexemas:</small></small>&ensp;procurar, tentar<br>",<small><small>conceito:</small>&ensp;fazer um esforço ou tentativa</small><br>,"<small><small>valências:&ensp;[ACT] ou [ACT,PAT]</small></small><br>"
senatus,a unit consisting of components that have been fitted together,lilaLemma:124309,"<small><small>synset_id:&ensp;<a href=""https://www.openwordnet-pt.org/synset?id=02749953-n"" target=""_blank"">02749953-n</a></small></small><br>",<small><small>categoria:&ensp;artefato</small></small><br>,<small><small>lexemas:</small></small>&ensp;produto<br>,,
pater,a father or mother; one who begets or one who gives birth to or nurtures and raises a child; a relative who plays the role of guardian,lilaLemma:116203,"<small><small>synset_id:&ensp;<a href=""https://www.openwordnet-pt.org/synset?id=10399491-n"" target=""_blank"">10399491-n</a></small></small><br>",<small><small>categoria:&ensp;pessoa</small></small><br>,"<small><small>lexemas:</small></small>&ensp;progenitor, genitor, mãe, pai<br>",,<small><small>valências:&ensp;[APP]</small></small><br>
lex,a statute in draft before it becomes law,lilaLemma:110351,"<small><small>synset_id:&ensp;<a href=""https://www.openwordnet-pt.org/synset?id=06536853-n"" target=""_blank"">06536853-n</a></small></small><br>",<small><small>categoria:&ensp;comunicação</small></small><br>,<small><small>lexemas:</small></small>&ensp;projecto de lei<br>,,
fides,a verbal commitment by one person to another agreeing to do (or not to do) something in the future,lilaLemma:103260,"<small><small>synset_id:&ensp;<a href=""https://www.openwordnet-pt.org/synset?id=07226545-n"" target=""_blank"">07226545-n</a></small></small><br>",<small><small>categoria:&ensp;comunicação</small></small><br>,<small><small>lexemas:</small></small>&ensp;promessa<br>,,"<small><small>valências:&ensp;[ACT,PAT] ou [PAT] ou [ACT]</small></small><br>"
iudicium,an authoritative declaration,lilaLemma:109170,"<small><small>synset_id:&ensp;<a href=""https://www.openwordnet-pt.org/synset?id=06727616-n"" target=""_blank"">06727616-n</a></small></small><br>",<small><small>categoria:&ensp;comunicação</small></small><br>,<small><small>lexemas:</small></small>&ensp;pronunciamento<br>,,"<small><small>valências:&ensp;[ACT,PAT]</small></small><br>"
uox,an authoritative declaration,lilaLemma:130806,"<small><small>synset_id:&ensp;<a href=""https://www.openwordnet-pt.org/synset?id=06727616-n"" target=""_blank"">06727616-n</a></small></small><br>",<small><small>categoria:&ensp;comunicação</small></small><br>,<small><small>lexemas:</small></small>&ensp;pronunciamento<br>,,"<small><small>valências:&ensp;[ACT,PAT]</small></small><br>"
fero,"present for consideration, examination, criticism, etc.",lilaLemma:103126,"<small><small>synset_id:&ensp;<a href=""https://www.openwordnet-pt.org/synset?id=00706243-v"" target=""_blank"">00706243-v</a></small></small><br>",<small><small>categoria:&ensp;cognição</small></small><br>,<small><small>lexemas:</small></small>&ensp;propor<br>,"<small><small>conceito:</small>&ensp;apresentar para consideração, análise, crítica, etc</small><br>","<small><small>valências:&ensp;[ACT,PAT]</small></small><br>"
consilium,a proposal offered for acceptance or rejection,lilaLemma:96060,"<small><small>synset_id:&ensp;<a href=""https://www.openwordnet-pt.org/synset?id=07162680-n"" target=""_blank"">07162680-n</a></small></small><br>",<small><small>categoria:&ensp;comunicação</small></small><br>,"<small><small>lexemas:</small></small>&ensp;proposição, proposta, sugestão<br>",,"<small><small>valências:&ensp;[ACT,PAT] ou [ACT]</small></small><br>"
scribo,record in writing; enter into a book of names or events or transactions,lilaLemma:123840,"<small><small>synset_id:&ensp;<a href=""https://www.openwordnet-pt.org/synset?id=02471690-v"" target=""_blank"">02471690-v</a></small></small><br>",<small><small>categoria:&ensp;relação social</small></small><br>,"<small><small>lexemas:</small></small>&ensp;protocolar, registar, registrar<br>","<small><small>conceito:</small>&ensp;registrar por escrito; escrever num livro de nomes, eventos ou transações</small><br>","<small><small>valências:&ensp;[ACT,PAT]</small></small><br>"
periculum,any factual evidence that helps to establish the truth of something,lilaLemma:116930,"<small><small>synset_id:&ensp;<a href=""https://www.openwordnet-pt.org/synset?id=05824739-n"" target=""_blank"">05824739-n</a></small></small><br>",<small><small>categoria:&ensp;cognição</small></small><br>,"<small><small>lexemas:</small></small>&ensp;prova, confirmação<br>",,"<small><small>valências:&ensp;[PAT] ou [ACT,PAT]</small></small><br>"
eo,be shown or be found to be,lilaLemma:101183,"<small><small>synset_id:&ensp;<a href=""https://www.openwordnet-pt.org/synset?id=02633881-v"" target=""_blank"">02633881-v</a></small></small><br>",<small><small>categoria:&ensp;estado</small></small><br>,"<small><small>lexemas:</small></small>&ensp;provar, resultar<br>",<small><small>conceito:</small>&ensp;ser encontrado como tal</small><br>,"<small><small>valências:&ensp;[ACT,PAT]</small></small><br>"
causa,a stipulated condition,lilaLemma:93253,"<small><small>synset_id:&ensp;<a href=""https://www.openwordnet-pt.org/synset?id=06755947-n"" target=""_blank"">06755947-n</a></small></small><br>",<small><small>categoria:&ensp;comunicação</small></small><br>,"<small><small>lexemas:</small></small>&ensp;provimento, ressalva<br>",,"<small><small>valências:&ensp;[PAT] ou [ACT,PAT]</small></small><br>"
consilium,the trait of judging wisely and objectively,lilaLemma:96060,"<small><small>synset_id:&ensp;<a href=""https://www.openwordnet-pt.org/synset?id=04891010-n"" target=""_blank"">04891010-n</a></small></small><br>",<small><small>categoria:&ensp;atributo</small></small><br>,<small><small>lexemas:</small></small>&ensp;prudência<br>,,<small><small>valências:&ensp;[ACT]</small></small><br>
bonum,an essential and distinguishing attribute of something or someone,lilaLemma:91351,"<small><small>synset_id:&ensp;<a href=""https://www.openwordnet-pt.org/synset?id=04723816-n"" target=""_blank"">04723816-n</a></small></small><br>",<small><small>categoria:&ensp;atributo</small></small><br>,<small><small>lexemas:</small></small>&ensp;qualidade<br>,,<small><small>valências:&ensp;[ACT]</small></small><br>
mos,an essential and distinguishing attribute of something or someone,lilaLemma:112831,"<small><small>synset_id:&ensp;<a href=""https://www.openwordnet-pt.org/synset?id=04723816-n"" target=""_blank"">04723816-n</a></small></small><br>",<small><small>categoria:&ensp;atributo</small></small><br>,<small><small>lexemas:</small></small>&ensp;qualidade<br>,,<small><small>valências:&ensp;[ACT]</small></small><br>
natura,a characteristic property that defines the apparent individual nature of something,lilaLemma:113421,"<small><small>synset_id:&ensp;<a href=""https://www.openwordnet-pt.org/synset?id=05849284-n"" target=""_blank"">05849284-n</a></small></small><br>",<small><small>categoria:&ensp;cognição</small></small><br>,<small><small>lexemas:</small></small>&ensp;qualidade<br>,,<small><small>valências:&ensp;[ACT]</small></small><br>
capio,prove capable or fit; meet requirements,lilaLemma:92686,"<small><small>synset_id:&ensp;<a href=""https://www.openwordnet-pt.org/synset?id=02679012-v"" target=""_blank"">02679012-v</a></small></small><br>",<small><small>categoria:&ensp;estado</small></small><br>,"<small><small>lexemas:</small></small>&ensp;qualificar, qualificar-se<br>",<small><small>conceito:</small>&ensp;provar-se capaz ou encaixar-se; atender requisitos</small><br>,"<small><small>valências:&ensp;[ACT,PAT] ou [ACT,ADDR] ou [ACT]</small></small><br>"
tempus,the fourth coordinate that is required (along with three spatial dimensions) to specify a physical event,lilaLemma:127522,"<small><small>synset_id:&ensp;<a href=""https://www.openwordnet-pt.org/synset?id=15135822-n"" target=""_blank"">15135822-n</a></small></small><br>",<small><small>categoria:&ensp;tempo</small></small><br>,"<small><small>lexemas:</small></small>&ensp;Quarta Dimensão, quarta dimensão<br>",,
causa,reason,lilaLemma:93253,"<small><small>synset_id:&ensp;<a href=""https://www.openwordnet-pt.org/synset?id=09179264-n"" target=""_blank"">09179264-n</a></small></small><br>",<small><small>categoria:&ensp;motivo</small></small><br>,<small><small>lexemas:</small></small>&ensp;razão<br>,,<small><small>valências:&ensp;[PAT]</small></small><br>
fero,show a response or a reaction to something,lilaLemma:103126,"<small><small>synset_id:&ensp;<a href=""https://www.openwordnet-pt.org/synset?id=00717358-v"" target=""_blank"">00717358-v</a></small></small><br>",<small><small>categoria:&ensp;cognição</small></small><br>,"<small><small>lexemas:</small></small>&ensp;reagir, responder<br>",,"<small><small>valências:&ensp;[ACT,ADDR] ou [ACT,MANN,PAT]</small></small><br>"
uoco,gather or bring together,lilaLemma:130729,"<small><small>synset_id:&ensp;<a href=""https://www.openwordnet-pt.org/synset?id=01381549-v"" target=""_blank"">01381549-v</a></small></small><br>",<small><small>categoria:&ensp;contato</small></small><br>,<small><small>lexemas:</small></small>&ensp;reagrupar<br>,,"<small><small>valências:&ensp;[ACT,PAT] ou [ACT,LOC,PAT] ou [ACT,DIR3,PAT]</small></small><br>"
refero,answer back,lilaLemma:122494,"<small><small>synset_id:&ensp;<a href=""https://www.openwordnet-pt.org/synset?id=00816353-v"" target=""_blank"">00816353-v</a></small></small><br>",<small><small>categoria:&ensp;comunicação</small></small><br>,"<small><small>lexemas:</small></small>&ensp;rebater, replicar, retornar, retorquir, retortar, retrucar, ripostar<br>",<small><small>conceito:</small>&ensp;responder</small><br>,"<small><small>valências:&ensp;[ACT,PAT] ou [ACT,PAT,ADDR]</small></small><br>"
accipio,get something; come into possession of,lilaLemma:87119,"<small><small>synset_id:&ensp;<a href=""https://www.openwordnet-pt.org/synset?id=02210119-v"" target=""_blank"">02210119-v</a></small></small><br>",<small><small>categoria:&ensp;posse</small></small><br>,<small><small>lexemas:</small></small>&ensp;receber<br>,,"<small><small>valências:&ensp;[ACT,ORIG,PAT] ou [ACT,PAT]</small></small><br>"
fero,get something; come into possession of,lilaLemma:103126,"<small><small>synset_id:&ensp;<a href=""https://www.openwordnet-pt.org/synset?id=02210119-v"" target=""_blank"">02210119-v</a></small></small><br>",<small><small>categoria:&ensp;posse</small></small><br>,<small><small>lexemas:</small></small>&ensp;receber<br>,,"<small><small>valências:&ensp;[ACT,ORIG,PAT] ou [ACT,PAT]</small></small><br>"
habeo,pass through,lilaLemma:105044,"<small><small>synset_id:&ensp;<a href=""https://www.openwordnet-pt.org/synset?id=02108377-v"" target=""_blank"">02108377-v</a></small></small><br>",<small><small>categoria:&ensp;percepção</small></small><br>,"<small><small>lexemas:</small></small>&ensp;receber, experimentar, sofrer<br>",<small><small>conceito:</small>&ensp;passar por uma mudanca</small><br>,"<small><small>valências:&ensp;[ACT,PAT] ou [ACT]</small></small><br>"
fero,receive as a retribution or punishment,lilaLemma:103126,"<small><small>synset_id:&ensp;<a href=""https://www.openwordnet-pt.org/synset?id=02108654-v"" target=""_blank"">02108654-v</a></small></small><br>",<small><small>categoria:&ensp;percepção</small></small><br>,"<small><small>lexemas:</small></small>&ensp;receber, pegar<br>",,"<small><small>valências:&ensp;[ACT,PAT]</small></small><br>"
eo,have recourse to,lilaLemma:101183,"<small><small>synset_id:&ensp;<a href=""https://www.openwordnet-pt.org/synset?id=02590072-v"" target=""_blank"">02590072-v</a></small></small><br>",<small><small>categoria:&ensp;relação social</small></small><br>,<small><small>lexemas:</small></small>&ensp;recorrer<br>,,"<small><small>valências:&ensp;[ACT,DIR3] ou [ACT,DIR3,PAT] ou [ACT,PAT] ou [ACT,ADDR] ou [ACT]</small></small><br>"
refero,channel into a new direction,lilaLemma:122494,"<small><small>synset_id:&ensp;<a href=""https://www.openwordnet-pt.org/synset?id=01953334-v"" target=""_blank"">01953334-v</a></small></small><br>",<small><small>categoria:&ensp;movimento</small></small><br>,<small><small>lexemas:</small></small>&ensp;redirecionar<br>,,"<small><small>valências:&ensp;[ACT,PAT]</small></small><br>"
sequor,"issue or terminate (in a specified way, state, etc.); end",lilaLemma:124461,"<small><small>synset_id:&ensp;<a href=""https://www.openwordnet-pt.org/synset?id=02634265-v"" target=""_blank"">02634265-v</a></small></small><br>",<small><small>categoria:&ensp;estado</small></small><br>,"<small><small>lexemas:</small></small>&ensp;redundar, resultar, seguir, sobrevir, suceder<br>","<small><small>conceito:</small>&ensp;resultar ou terminar de uma maneira especifica, num estado especifico</small><br>","<small><small>valências:&ensp;[ACT] ou [ACT,PAT]</small></small><br>"
ago,act out; represent or perform as if in a play,lilaLemma:88140,"<small><small>synset_id:&ensp;<a href=""https://www.openwordnet-pt.org/synset?id=01722447-v"" target=""_blank"">01722447-v</a></small></small><br>",<small><small>categoria:&ensp;criação</small></small><br>,<small><small>lexemas:</small></small>&ensp;reencenar<br>,<small><small>conceito:</small>&ensp;representar ou executar como se estivesse em um jogo</small><br>,"<small><small>valências:&ensp;[ACT,PAT]</small></small><br>"
fero,use a name to designate,lilaLemma:103126,"<small><small>synset_id:&ensp;<a href=""https://www.openwordnet-pt.org/synset?id=01028294-v"" target=""_blank"">01028294-v</a></small></small><br>",<small><small>categoria:&ensp;comunicação</small></small><br>,<small><small>lexemas:</small></small>&ensp;referir<br>,,"<small><small>valências:&ensp;[ACT,PAT]</small></small><br>"
peto,"think of, regard, or classify under a subsuming principle or with a general group or in relation to another",lilaLemma:117549,"<small><small>synset_id:&ensp;<a href=""https://www.openwordnet-pt.org/synset?id=00655555-v"" target=""_blank"">00655555-v</a></small></small><br>",<small><small>categoria:&ensp;cognição</small></small><br>,<small><small>lexemas:</small></small>&ensp;referir<br>,,"<small><small>valências:&ensp;[ACT,PAT] ou [ACT,PAT,ADDR] ou [ACT,PAT,DIR1,DIR3]</small></small><br>"
pars,a large indefinite location on the surface of the Earth,lilaLemma:116084,"<small><small>synset_id:&ensp;<a href=""https://www.openwordnet-pt.org/synset?id=08630985-n"" target=""_blank"">08630985-n</a></small></small><br>",<small><small>categoria:&ensp;lugar</small></small><br>,<small><small>lexemas:</small></small>&ensp;região<br>,,<small><small>valências:&ensp;[MAT]</small></small><br>
pars,a part of an animal that has a special function or is supplied by a given artery or nerve,lilaLemma:116084,"<small><small>synset_id:&ensp;<a href=""https://www.openwordnet-pt.org/synset?id=05221895-n"" target=""_blank"">05221895-n</a></small></small><br>",<small><small>categoria:&ensp;corpo</small></small><br>,<small><small>lexemas:</small></small>&ensp;região<br>,<small><small>conceito:</small>&ensp;Uma parte de um animal que tem uma função especial ou é alimentada por uma determinada artéria ou nervo</small><br>,<small><small>valências:&ensp;[MAT]</small></small><br>
scribo,make a record of; set down in permanent form,lilaLemma:123840,"<small><small>synset_id:&ensp;<a href=""https://www.openwordnet-pt.org/synset?id=01000214-v"" target=""_blank"">01000214-v</a></small></small><br>",<small><small>categoria:&ensp;comunicação</small></small><br>,"<small><small>lexemas:</small></small>&ensp;registar, registrar<br>",<small><small>conceito:</small>&ensp;fazer um registro de algo; gravar de forma permanente</small><br>,"<small><small>valências:&ensp;[ACT,ADDR,PAT] ou [ACT,PAT]</small></small><br>"
scribo,"put down in writing; of texts, musical compositions, etc.",lilaLemma:123840,"<small><small>synset_id:&ensp;<a href=""https://www.openwordnet-pt.org/synset?id=01020356-v"" target=""_blank"">01020356-v</a></small></small><br>",<small><small>categoria:&ensp;comunicação</small></small><br>,"<small><small>lexemas:</small></small>&ensp;registrar, registar<br>","<small><small>conceito:</small>&ensp;colocar por escrito; diz-se de textos, composições musicais, etc</small><br>","<small><small>valências:&ensp;[ACT,PAT,REG] ou [ACT,PAT]</small></small><br>"
imperium,the duration of a monarch's or government's power,lilaLemma:106532,"<small><small>synset_id:&ensp;<a href=""https://www.openwordnet-pt.org/synset?id=15295416-n"" target=""_blank"">15295416-n</a></small></small><br>",<small><small>categoria:&ensp;tempo</small></small><br>,<small><small>lexemas:</small></small>&ensp;reinado<br>,<small><small>conceito:</small>&ensp;a duração do poder de um monarca ou o governo de</small><br>,
imperium,the domain ruled by a king or queen,lilaLemma:106532,"<small><small>synset_id:&ensp;<a href=""https://www.openwordnet-pt.org/synset?id=08558155-n"" target=""_blank"">08558155-n</a></small></small><br>",<small><small>categoria:&ensp;lugar</small></small><br>,<small><small>lexemas:</small></small>&ensp;reino<br>,,"<small><small>valências:&ensp;[ACT,PAT]</small></small><br>"
refero,pay back,lilaLemma:122494,"<small><small>synset_id:&ensp;<a href=""https://www.openwordnet-pt.org/synset?id=02284951-v"" target=""_blank"">02284951-v</a></small></small><br>",<small><small>categoria:&ensp;posse</small></small><br>,"<small><small>lexemas:</small></small>&ensp;reintegrar, repagar, restituir, retribuir<br>",,"<small><small>valências:&ensp;[ACT,PAT,ADDR] ou [ACT,PAT] ou [ACT,ADDR]</small></small><br>"
fero,"be responsible for reporting the details of, as in journalism",lilaLemma:103126,"<small><small>synset_id:&ensp;<a href=""https://www.openwordnet-pt.org/synset?id=00967098-v"" target=""_blank"">00967098-v</a></small></small><br>",<small><small>categoria:&ensp;comunicação</small></small><br>,<small><small>lexemas:</small></small>&ensp;relatar<br>,,"<small><small>valências:&ensp;[ACT,PAT]</small></small><br>"
refero,announce as the result of an investigation or experience or finding,lilaLemma:122494,"<small><small>synset_id:&ensp;<a href=""https://www.openwordnet-pt.org/synset?id=00966809-v"" target=""_blank"">00966809-v</a></small></small><br>",<small><small>categoria:&ensp;comunicação</small></small><br>,"<small><small>lexemas:</small></small>&ensp;relatar, reportar<br>","<small><small>conceito:</small>&ensp;anunciar resultado de uma investigação, experiência ou encontro</small><br>","<small><small>valências:&ensp;[ACT,PAT] ou [ACT,PAT,ADDR]</small></small><br>"
refero,"remove something concrete, as by lifting, pushing, or taking off, or remove something abstract",lilaLemma:122494,"<small><small>synset_id:&ensp;<a href=""https://www.openwordnet-pt.org/synset?id=00173338-v"" target=""_blank"">00173338-v</a></small></small><br>",<small><small>categoria:&ensp;mudança</small></small><br>,"<small><small>lexemas:</small></small>&ensp;remover, retirar, tirar<br>","<small><small>conceito:</small>&ensp;remover algo concreto, levantando, empurrando, tirando, ou remover algo abstrato</small><br>","<small><small>valências:&ensp;[ACT,DIR1] ou [ACT,ORIG,PAT] ou [ACT,DIR1,PAT] ou [ACT,PAT,ORIG] ou [ACT,ORIG] ou [ACT,ADDR,PAT] ou [ACT,PAT] ou [ACT,DIR3,PAT] ou [ACT,DIR1,DIR3,PAT] ou [ACT,PAT,DIR1] ou [ACT,PAT,DIR1,DIR3] ou [PAT]</small></small><br>"
pono,make a portrait of,lilaLemma:118414,"<small><small>synset_id:&ensp;<a href=""https://www.openwordnet-pt.org/synset?id=01688256-v"" target=""_blank"">01688256-v</a></small></small><br>",<small><small>categoria:&ensp;criação</small></small><br>,<small><small>lexemas:</small></small>&ensp;representar<br>,,"<small><small>valências:&ensp;[ACT,PAT]</small></small><br>"
facio,"represent abstractly, for example in a painting, drawing, or sculpture",lilaLemma:102758,"<small><small>synset_id:&ensp;<a href=""https://www.openwordnet-pt.org/synset?id=01688771-v"" target=""_blank"">01688771-v</a></small></small><br>",<small><small>categoria:&ensp;criação</small></small><br>,"<small><small>lexemas:</small></small>&ensp;representar, retratar<br>",,"<small><small>valências:&ensp;[ACT,PAT]</small></small><br>"
iudicium,a formal expression by a meeting; agreed to by a vote,lilaLemma:109170,"<small><small>synset_id:&ensp;<a href=""https://www.openwordnet-pt.org/synset?id=06511874-n"" target=""_blank"">06511874-n</a></small></small><br>",<small><small>categoria:&ensp;comunicação</small></small><br>,<small><small>lexemas:</small></small>&ensp;resolução<br>,,"<small><small>valências:&ensp;[ACT] ou [ACT,PAT]</small></small><br>"
audio,understand the meaning of,lilaLemma:90641,"<small><small>synset_id:&ensp;<a href=""https://www.openwordnet-pt.org/synset?id=00635523-v"" target=""_blank"">00635523-v</a></small></small><br>",<small><small>categoria:&ensp;cognição</small></small><br>,<small><small>lexemas:</small></small>&ensp;responder<br>,,"<small><small>valências:&ensp;[ACT,PAT]</small></small><br>"
causa,a form of trustworthiness; the trait of being answerable to someone for something or being responsible for one's conduct,lilaLemma:93253,"<small><small>synset_id:&ensp;<a href=""https://www.openwordnet-pt.org/synset?id=04669247-n"" target=""_blank"">04669247-n</a></small></small><br>",<small><small>categoria:&ensp;atributo</small></small><br>,<small><small>lexemas:</small></small>&ensp;responsabilidade<br>,,<small><small>valências:&ensp;[PAT]</small></small><br>
periculum,the state of being legally obliged and responsible,lilaLemma:116930,"<small><small>synset_id:&ensp;<a href=""https://www.openwordnet-pt.org/synset?id=14530403-n"" target=""_blank"">14530403-n</a></small></small><br>",<small><small>categoria:&ensp;estado</small></small><br>,"<small><small>lexemas:</small></small>&ensp;responsabilidade, responsabilização<br>",,
teneo,hold back within,lilaLemma:127822,"<small><small>synset_id:&ensp;<a href=""https://www.openwordnet-pt.org/synset?id=02701628-v"" target=""_blank"">02701628-v</a></small></small><br>",<small><small>categoria:&ensp;estado</small></small><br>,<small><small>lexemas:</small></small>&ensp;reter<br>,,"<small><small>valências:&ensp;[ACT,PAT]</small></small><br>"
refero,be restored,lilaLemma:122494,"<small><small>synset_id:&ensp;<a href=""https://www.openwordnet-pt.org/synset?id=00548153-v"" target=""_blank"">00548153-v</a></small></small><br>",<small><small>categoria:&ensp;mudança</small></small><br>,"<small><small>lexemas:</small></small>&ensp;retornar, voltar<br>",,"<small><small>valências:&ensp;[ACT] ou [ACT,DIR3] ou [ACT,PAT] ou [ACT,EFF]</small></small><br>"
refero,go back to a previous state,lilaLemma:122494,"<small><small>synset_id:&ensp;<a href=""https://www.openwordnet-pt.org/synset?id=00387310-v"" target=""_blank"">00387310-v</a></small></small><br>",<small><small>categoria:&ensp;mudança</small></small><br>,<small><small>lexemas:</small></small>&ensp;reverter<br>,,"<small><small>valências:&ensp;[ACT] ou [ACT,DIR3] ou [ACT,PAT] ou [ACT,EFF] ou [ACT,PAT,DIR3]</small></small><br>"
pecunia,an abundance of material possessions and resources,lilaLemma:116369,"<small><small>synset_id:&ensp;<a href=""https://www.openwordnet-pt.org/synset?id=13353280-n"" target=""_blank"">13353280-n</a></small></small><br>",<small><small>categoria:&ensp;posse</small></small><br>,"<small><small>lexemas:</small></small>&ensp;Riqueza, riqueza<br>",,"<small><small>valências:&ensp;[ACT,PAT] ou [ACT,MAT]</small></small><br>"
uox,the sudden occurrence of an audible event,lilaLemma:130806,"<small><small>synset_id:&ensp;<a href=""https://www.openwordnet-pt.org/synset?id=07371293-n"" target=""_blank"">07371293-n</a></small></small><br>",<small><small>categoria:&ensp;evento</small></small><br>,"<small><small>lexemas:</small></small>&ensp;ruído, som<br>",,
scio,know how to do or perform something,lilaLemma:123732,"<small><small>synset_id:&ensp;<a href=""https://www.openwordnet-pt.org/synset?id=00595935-v"" target=""_blank"">00595935-v</a></small></small><br>",<small><small>categoria:&ensp;cognição</small></small><br>,<small><small>lexemas:</small></small>&ensp;saber<br>,<small><small>conceito:</small>&ensp;saber como fazer alguma coisa</small><br>,"<small><small>valências:&ensp;[ACT,PAT]</small></small><br>"
scio,be aware of the truth of something; have a belief or faith in something; regard as true beyond any doubt,lilaLemma:123732,"<small><small>synset_id:&ensp;<a href=""https://www.openwordnet-pt.org/synset?id=00595630-v"" target=""_blank"">00595630-v</a></small></small><br>",<small><small>categoria:&ensp;cognição</small></small><br>,<small><small>lexemas:</small></small>&ensp;saber<br>,,"<small><small>valências:&ensp;[ACT,PAT]</small></small><br>"
iudicium,delicate discrimination (especially of aesthetic values),lilaLemma:109170,"<small><small>synset_id:&ensp;<a href=""https://www.openwordnet-pt.org/synset?id=05749619-n"" target=""_blank"">05749619-n</a></small></small><br>",<small><small>categoria:&ensp;cognição</small></small><br>,<small><small>lexemas:</small></small>&ensp;sabor<br>,,
fero,"remove from a certain place, environment, or mental or emotional state; transport into a new location or state",lilaLemma:103126,"<small><small>synset_id:&ensp;<a href=""https://www.openwordnet-pt.org/synset?id=01434278-v"" target=""_blank"">01434278-v</a></small></small><br>",<small><small>categoria:&ensp;contato</small></small><br>,"<small><small>lexemas:</small></small>&ensp;sacar, tirar<br>",,"<small><small>valências:&ensp;[ACT,DIR1,PAT] ou [ACT,PAT] ou [ACT,PAT,DIR3] ou [ACT,PAT,DIR1] ou [ACT,DIR1,DIR3,PAT]</small></small><br>"
castra,a particular aspect of life or activity,lilaLemma:138599,"<small><small>synset_id:&ensp;<a href=""https://www.openwordnet-pt.org/synset?id=05853100-n"" target=""_blank"">05853100-n</a></small></small><br>",<small><small>categoria:&ensp;cognição</small></small><br>,"<small><small>lexemas:</small></small>&ensp;sector, setor<br>",,
sequor,give support or one's approval to,lilaLemma:124461,"<small><small>synset_id:&ensp;<a href=""https://www.openwordnet-pt.org/synset?id=02556817-v"" target=""_blank"">02556817-v</a></small></small><br>",<small><small>categoria:&ensp;relação social</small></small><br>,"<small><small>lexemas:</small></small>&ensp;secundar, apoiar, aprovar, endossar, respaldar<br>",<small><small>conceito:</small>&ensp;dar suporte ou aprovação a</small><br>,"<small><small>valências:&ensp;[ACT,PAT]</small></small><br>"
amicus,a person who accepts the leadership of another,lilaLemma:88684,"<small><small>synset_id:&ensp;<a href=""https://www.openwordnet-pt.org/synset?id=10099375-n"" target=""_blank"">10099375-n</a></small></small><br>",<small><small>categoria:&ensp;pessoa</small></small><br>,<small><small>lexemas:</small></small>&ensp;seguidor<br>,<small><small>conceito:</small>&ensp;Uma pessoa que aceita a liderança de outro</small><br>,<small><small>valências:&ensp;[PAT]</small></small><br>
audio,accept and follow the leadership or command or guidance of,lilaLemma:90641,"<small><small>synset_id:&ensp;<a href=""https://www.openwordnet-pt.org/synset?id=02600255-v"" target=""_blank"">02600255-v</a></small></small><br>",<small><small>categoria:&ensp;relação social</small></small><br>,<small><small>lexemas:</small></small>&ensp;seguir<br>,,"<small><small>valências:&ensp;[ACT,PAT]</small></small><br>"
sequor,travel along a certain course,lilaLemma:124461,"<small><small>synset_id:&ensp;<a href=""https://www.openwordnet-pt.org/synset?id=01991931-v"" target=""_blank"">01991931-v</a></small></small><br>",<small><small>categoria:&ensp;movimento</small></small><br>,<small><small>lexemas:</small></small>&ensp;seguir<br>,,"<small><small>valências:&ensp;[ACT,PAT] ou [ACT,DIR2]</small></small><br>"
sequor,"to travel behind, go after, come after",lilaLemma:124461,"<small><small>synset_id:&ensp;<a href=""https://www.openwordnet-pt.org/synset?id=01998432-v"" target=""_blank"">01998432-v</a></small></small><br>",<small><small>categoria:&ensp;movimento</small></small><br>,<small><small>lexemas:</small></small>&ensp;seguir<br>,"<small><small>conceito:</small>&ensp;viajar atrás, ir atrás, vir atrás</small><br>","<small><small>valências:&ensp;[ACT,PAT]</small></small><br>"
sequor,"come after in time, as a result",lilaLemma:124461,"<small><small>synset_id:&ensp;<a href=""https://www.openwordnet-pt.org/synset?id=02720354-v"" target=""_blank"">02720354-v</a></small></small><br>",<small><small>categoria:&ensp;estado</small></small><br>,<small><small>lexemas:</small></small>&ensp;seguir<br>,,"<small><small>valências:&ensp;[ACT,PAT] ou [ACT]</small></small><br>"
sequor,be the successor (of),lilaLemma:124461,"<small><small>synset_id:&ensp;<a href=""https://www.openwordnet-pt.org/synset?id=02406585-v"" target=""_blank"">02406585-v</a></small></small><br>",<small><small>categoria:&ensp;relação social</small></small><br>,"<small><small>lexemas:</small></small>&ensp;seguir, suceder, vir depois de<br>",<small><small>conceito:</small>&ensp;ser o sucessor (de)</small><br>,"<small><small>valências:&ensp;[ACT,PAT] ou [ACT,ADDR]</small></small><br>"
teneo,be the physical support of; carry the weight of,lilaLemma:127822,"<small><small>synset_id:&ensp;<a href=""https://www.openwordnet-pt.org/synset?id=01217043-v"" target=""_blank"">01217043-v</a></small></small><br>",<small><small>categoria:&ensp;contato</small></small><br>,"<small><small>lexemas:</small></small>&ensp;segurar, suportar, sustentar, suster<br>",<small><small>conceito:</small>&ensp;ser o suporte físico de; carregar o peso de</small><br>,"<small><small>valências:&ensp;[ACT,PAT]</small></small><br>"
capio,have or hold in one's hands or grip,lilaLemma:92686,"<small><small>synset_id:&ensp;<a href=""https://www.openwordnet-pt.org/synset?id=01216670-v"" target=""_blank"">01216670-v</a></small></small><br>",<small><small>categoria:&ensp;contato</small></small><br>,"<small><small>lexemas:</small></small>&ensp;segurar, tomar conta<br>",,"<small><small>valências:&ensp;[ACT,PAT]</small></small><br>"
teneo,have or hold in one's hands or grip,lilaLemma:127822,"<small><small>synset_id:&ensp;<a href=""https://www.openwordnet-pt.org/synset?id=01216670-v"" target=""_blank"">01216670-v</a></small></small><br>",<small><small>categoria:&ensp;contato</small></small><br>,"<small><small>lexemas:</small></small>&ensp;segurar, tomar conta<br>",,"<small><small>valências:&ensp;[ACT,PAT]</small></small><br>"
consilium,assembly possessing high legislative powers,lilaLemma:96060,"<small><small>synset_id:&ensp;<a href=""https://www.openwordnet-pt.org/synset?id=08161477-n"" target=""_blank"">08161477-n</a></small></small><br>",<small><small>categoria:&ensp;grupo</small></small><br>,"<small><small>lexemas:</small></small>&ensp;Senado, senado<br>",,
senatus,assembly possessing high legislative powers,lilaLemma:124309,"<small><small>synset_id:&ensp;<a href=""https://www.openwordnet-pt.org/synset?id=08161477-n"" target=""_blank"">08161477-n</a></small></small><br>",<small><small>categoria:&ensp;grupo</small></small><br>,"<small><small>lexemas:</small></small>&ensp;Senado, senado<br>",,
pater,a member of a senate,lilaLemma:116203,"<small><small>synset_id:&ensp;<a href=""https://www.openwordnet-pt.org/synset?id=10578471-n"" target=""_blank"">10578471-n</a></small></small><br>",<small><small>categoria:&ensp;pessoa</small></small><br>,"<small><small>lexemas:</small></small>&ensp;senadora, senador<br>",<small><small>conceito:</small>&ensp;um membro de um senado</small><br>,<small><small>valências:&ensp;[APP]</small></small><br>
consilium,the state of having good sense and sound judgment,lilaLemma:96060,"<small><small>synset_id:&ensp;<a href=""https://www.openwordnet-pt.org/synset?id=14379829-n"" target=""_blank"">14379829-n</a></small></small><br>",<small><small>categoria:&ensp;estado</small></small><br>,"<small><small>lexemas:</small></small>&ensp;sensatez, razoabilidade<br>",,<small><small>valências:&ensp;[ACT]</small></small><br>
animus,mental responsiveness and awareness,lilaLemma:89094,"<small><small>synset_id:&ensp;<a href=""https://www.openwordnet-pt.org/synset?id=05678148-n"" target=""_blank"">05678148-n</a></small></small><br>",<small><small>categoria:&ensp;cognição</small></small><br>,<small><small>lexemas:</small></small>&ensp;sensibilidade<br>,,<small><small>valências:&ensp;[ACT]</small></small><br>
locus,a place for the burial of a corpse (especially beneath the ground and marked by a tombstone),lilaLemma:110019,"<small><small>synset_id:&ensp;<a href=""https://www.openwordnet-pt.org/synset?id=03455033-n"" target=""_blank"">03455033-n</a></small></small><br>",<small><small>categoria:&ensp;artefato</small></small><br>,"<small><small>lexemas:</small></small>&ensp;sepultura, tumba, túmulo<br>",,
fero,denote or connote,lilaLemma:103126,"<small><small>synset_id:&ensp;<a href=""https://www.openwordnet-pt.org/synset?id=00931852-v"" target=""_blank"">00931852-v</a></small></small><br>",<small><small>categoria:&ensp;comunicação</small></small><br>,<small><small>lexemas:</small></small>&ensp;significar<br>,<small><small>conceito:</small>&ensp;denotar ou conotar</small><br>,"<small><small>valências:&ensp;[ACT,PAT,EFF] ou [ACT,PAT]</small></small><br>"
fides,the quality of being open and truthful; not deceitful or hypocritical,lilaLemma:103260,"<small><small>synset_id:&ensp;<a href=""https://www.openwordnet-pt.org/synset?id=04867130-n"" target=""_blank"">04867130-n</a></small></small><br>",<small><small>categoria:&ensp;atributo</small></small><br>,<small><small>lexemas:</small></small>&ensp;sinceridade<br>,,<small><small>valências:&ensp;[ACT]</small></small><br>
pono,assign to a station,lilaLemma:118414,"<small><small>synset_id:&ensp;<a href=""https://www.openwordnet-pt.org/synset?id=01088923-v"" target=""_blank"">01088923-v</a></small></small><br>",<small><small>categoria:&ensp;competição</small></small><br>,<small><small>lexemas:</small></small>&ensp;situar<br>,<small><small>conceito:</small>&ensp;chegar em um estação</small><br>,"<small><small>valências:&ensp;[ACT,PAT] ou [ACT,PAT,LOC] ou [ACT,LOC]</small></small><br>"
imperium,royal authority; the dominion of a monarch,lilaLemma:106532,"<small><small>synset_id:&ensp;<a href=""https://www.openwordnet-pt.org/synset?id=14443532-n"" target=""_blank"">14443532-n</a></small></small><br>",<small><small>categoria:&ensp;estado</small></small><br>,<small><small>lexemas:</small></small>&ensp;soberania<br>,,"<small><small>valências:&ensp;[ACT,PAT]</small></small><br>"
miles,fights on foot with small arms,lilaLemma:112318,"<small><small>synset_id:&ensp;<a href=""https://www.openwordnet-pt.org/synset?id=10204921-n"" target=""_blank"">10204921-n</a></small></small><br>",<small><small>categoria:&ensp;pessoa</small></small><br>,<small><small>lexemas:</small></small>&ensp;soldado de infantaria<br>,<small><small>conceito:</small>&ensp;alguem que luta a pé com armas reduzidas</small><br>,
teneo,behave as expected during of holidays or rites,lilaLemma:127822,"<small><small>synset_id:&ensp;<a href=""https://www.openwordnet-pt.org/synset?id=02578510-v"" target=""_blank"">02578510-v</a></small></small><br>",<small><small>categoria:&ensp;relação social</small></small><br>,"<small><small>lexemas:</small></small>&ensp;solenizar, festejar, celebrar<br>",,"<small><small>valências:&ensp;[ACT,PAT]</small></small><br>"
mitto,"release, as from one's grip",lilaLemma:112499,"<small><small>synset_id:&ensp;<a href=""https://www.openwordnet-pt.org/synset?id=01474550-v"" target=""_blank"">01474550-v</a></small></small><br>",<small><small>categoria:&ensp;contato</small></small><br>,"<small><small>lexemas:</small></small>&ensp;soltar, deixar<br>",,"<small><small>valências:&ensp;[ACT,PAT] ou [ACT,DIR1,PAT]</small></small><br>"
uox,the particular auditory effect produced by a given cause,lilaLemma:130806,"<small><small>synset_id:&ensp;<a href=""https://www.openwordnet-pt.org/synset?id=04981139-n"" target=""_blank"">04981139-n</a></small></small><br>",<small><small>categoria:&ensp;atributo</small></small><br>,<small><small>lexemas:</small></small>&ensp;som<br>,,
modus,(music) the distinctive property of a complex sound (a voice or noise or musical sound),lilaLemma:112553,"<small><small>synset_id:&ensp;<a href=""https://www.openwordnet-pt.org/synset?id=04987620-n"" target=""_blank"">04987620-n</a></small></small><br>",<small><small>categoria:&ensp;atributo</small></small><br>,"<small><small>lexemas:</small></small>&ensp;som, timbre<br>",,
uox,(music) the distinctive property of a complex sound (a voice or noise or musical sound),lilaLemma:130806,"<small><small>synset_id:&ensp;<a href=""https://www.openwordnet-pt.org/synset?id=04987620-n"" target=""_blank"">04987620-n</a></small></small><br>",<small><small>categoria:&ensp;atributo</small></small><br>,"<small><small>lexemas:</small></small>&ensp;som, timbre<br>",,
locus,position in a social hierarchy,lilaLemma:110019,"<small><small>synset_id:&ensp;<a href=""https://www.openwordnet-pt.org/synset?id=13947415-n"" target=""_blank"">13947415-n</a></small></small><br>",<small><small>categoria:&ensp;estado</small></small><br>,"<small><small>lexemas:</small></small>&ensp;status social, condições sociais, lugar, posto<br>",,"<small><small>valências:&ensp;[ACT,PAT] ou [ACT]</small></small><br>"
deinde,happening at a time subsequent to a reference time,lilaLemma:98386,"<small><small>synset_id:&ensp;<a href=""https://www.openwordnet-pt.org/synset?id=00061203-r"" target=""_blank"">00061203-r</a></small></small><br>",,"<small><small>lexemas:</small></small>&ensp;subsequentemente, posteriormente, após, subseqüentemente, mais tarde, ulteriormente<br>",,
uita,a means of surviving,lilaLemma:130393,"<small><small>synset_id:&ensp;<a href=""https://www.openwordnet-pt.org/synset?id=13962360-n"" target=""_blank"">13962360-n</a></small></small><br>",<small><small>categoria:&ensp;estado</small></small><br>,<small><small>lexemas:</small></small>&ensp;subsistência<br>,,
corpus,the real physical matter of which a person or thing consists,lilaLemma:96667,"<small><small>synset_id:&ensp;<a href=""https://www.openwordnet-pt.org/synset?id=00019613-n"" target=""_blank"">00019613-n</a></small></small><br>",,<small><small>lexemas:</small></small>&ensp;substância<br>,,
corpus,a particular kind or species of matter with uniform properties,lilaLemma:96667,"<small><small>synset_id:&ensp;<a href=""https://www.openwordnet-pt.org/synset?id=00020090-n"" target=""_blank"">00020090-n</a></small></small><br>",,<small><small>lexemas:</small></small>&ensp;substância<br>,,
natura,the real physical matter of which a person or thing consists,lilaLemma:113421,"<small><small>synset_id:&ensp;<a href=""https://www.openwordnet-pt.org/synset?id=00019613-n"" target=""_blank"">00019613-n</a></small></small><br>",,<small><small>lexemas:</small></small>&ensp;substância<br>,,
natura,a particular kind or species of matter with uniform properties,lilaLemma:113421,"<small><small>synset_id:&ensp;<a href=""https://www.openwordnet-pt.org/synset?id=00020090-n"" target=""_blank"">00020090-n</a></small></small><br>",,<small><small>lexemas:</small></small>&ensp;substância<br>,,
nomen,any word or group of words functioning as a noun,lilaLemma:113797,"<small><small>synset_id:&ensp;<a href=""https://www.openwordnet-pt.org/synset?id=06303540-n"" target=""_blank"">06303540-n</a></small></small><br>",<small><small>categoria:&ensp;comunicação</small></small><br>,<small><small>lexemas:</small></small>&ensp;substantivo<br>,,
dico,state as one's opinion or judgement; declare,lilaLemma:99302,"<small><small>synset_id:&ensp;<a href=""https://www.openwordnet-pt.org/synset?id=01009821-v"" target=""_blank"">01009821-v</a></small></small><br>",<small><small>categoria:&ensp;comunicação</small></small><br>,"<small><small>lexemas:</small></small>&ensp;supor, afirmar, declarar, dizer<br>",<small><small>conceito:</small>&ensp;Afirmar como sua opinião ou julgamento</small><br>,"<small><small>valências:&ensp;[ACT,PAT] ou [ACT,REG]</small></small><br>"
fio,come into existence; take on form or shape,lilaLemma:103328,"<small><small>synset_id:&ensp;<a href=""https://www.openwordnet-pt.org/synset?id=02624263-v"" target=""_blank"">02624263-v</a></small></small><br>",<small><small>categoria:&ensp;estado</small></small><br>,"<small><small>lexemas:</small></small>&ensp;surgir, originar-se, provir<br>",,"<small><small>valências:&ensp;[ACT] ou [ACT,PAT] ou [ACT,DIR1] ou [ACT,ORIG] ou [ACT,DIR3] ou [ACMP] ou [ACT,EFF]</small></small><br>"
puto,imagine to be the case or true or probable,lilaLemma:120610,"<small><small>synset_id:&ensp;<a href=""https://www.openwordnet-pt.org/synset?id=00921072-v"" target=""_blank"">00921072-v</a></small></small><br>",<small><small>categoria:&ensp;comunicação</small></small><br>,<small><small>lexemas:</small></small>&ensp;suspeitar<br>,,"<small><small>valências:&ensp;[ACT,PAT]</small></small><br>"
ita,to a very great extent or degree,lilaLemma:109126,"<small><small>synset_id:&ensp;<a href=""https://www.openwordnet-pt.org/synset?id=00146594-r"" target=""_blank"">00146594-r</a></small></small><br>",,<small><small>lexemas:</small></small>&ensp;tão<br>,,
tempus,a grammatical category of verbs used to express distinctions of time,lilaLemma:127522,"<small><small>synset_id:&ensp;<a href=""https://www.openwordnet-pt.org/synset?id=06329506-n"" target=""_blank"">06329506-n</a></small></small><br>",<small><small>categoria:&ensp;comunicação</small></small><br>,<small><small>lexemas:</small></small>&ensp;tempo<br>,<small><small>conceito:</small>&ensp;Uma categoria gramatical de verbos utilizada para expressar distinções de tempo</small><br>,
tempus,the continuum of experience in which events pass from the future through the present to the past,lilaLemma:127522,"<small><small>synset_id:&ensp;<a href=""https://www.openwordnet-pt.org/synset?id=00028270-n"" target=""_blank"">00028270-n</a></small></small><br>",,<small><small>lexemas:</small></small>&ensp;tempo<br>,<small><small>conceito:</small>&ensp;a experiência continua em que os eventos passam do futuro através do presente para o passado</small><br>,
animus,an attitude of mind especially one that favors one alternative over others,lilaLemma:89094,"<small><small>synset_id:&ensp;<a href=""https://www.openwordnet-pt.org/synset?id=06196584-n"" target=""_blank"">06196584-n</a></small></small><br>",<small><small>categoria:&ensp;cognição</small></small><br>,<small><small>lexemas:</small></small>&ensp;tendência<br>,,"<small><small>valências:&ensp;[ACT,PAT] ou [ACT,DIR3]</small></small><br>"
uirtus,a disposition to behave in a certain way,lilaLemma:130356,"<small><small>synset_id:&ensp;<a href=""https://www.openwordnet-pt.org/synset?id=04943154-n"" target=""_blank"">04943154-n</a></small></small><br>",<small><small>categoria:&ensp;atributo</small></small><br>,<small><small>lexemas:</small></small>&ensp;tendência<br>,,"<small><small>valências:&ensp;[ACT] ou [ACT,PAT] ou [ACT,DIR3]</small></small><br>"
periculum,a tentative attempt,lilaLemma:116930,"<small><small>synset_id:&ensp;<a href=""https://www.openwordnet-pt.org/synset?id=00787218-n"" target=""_blank"">00787218-n</a></small></small><br>",<small><small>categoria:&ensp;ação</small></small><br>,"<small><small>lexemas:</small></small>&ensp;tentativa, ensaio<br>",,
habeo,"have or possess, either in a concrete or an abstract sense",lilaLemma:105044,"<small><small>synset_id:&ensp;<a href=""https://www.openwordnet-pt.org/synset?id=02203362-v"" target=""_blank"">02203362-v</a></small></small><br>",<small><small>categoria:&ensp;posse</small></small><br>,<small><small>lexemas:</small></small>&ensp;ter<br>,<small><small>conceito:</small>&ensp;ter ou possuir num sentido concreto ou abstrato</small><br>,"<small><small>valências:&ensp;[ACT,PAT]</small></small><br>"
uideo,"be vigilant, be on the lookout or be careful",lilaLemma:130163,"<small><small>synset_id:&ensp;<a href=""https://www.openwordnet-pt.org/synset?id=02151966-v"" target=""_blank"">02151966-v</a></small></small><br>",<small><small>categoria:&ensp;percepção</small></small><br>,"<small><small>lexemas:</small></small>&ensp;ter cuidado, tomar cuidado<br>","<small><small>conceito:</small>&ensp;ser vigilante, estar atento ou cuidando</small><br>","<small><small>valências:&ensp;[ACT,PAT] ou [ACT,BEN] ou [ACT]</small></small><br>"
uenio,come to one's mind; suggest itself,lilaLemma:129790,"<small><small>synset_id:&ensp;<a href=""https://www.openwordnet-pt.org/synset?id=00723349-v"" target=""_blank"">00723349-v</a></small></small><br>",<small><small>categoria:&ensp;cognição</small></small><br>,"<small><small>lexemas:</small></small>&ensp;terlugar, acontecer, ocorrer<br>","<small><small>conceito:</small>&ensp;ocorrer, vir a mente</small><br>","<small><small>valências:&ensp;[ACT] ou [ACT,PAT] ou [ACT,DIR1,DIR3]</small></small><br>"
locus,status with respect to the relations between people or groups,lilaLemma:110019,"<small><small>synset_id:&ensp;<a href=""https://www.openwordnet-pt.org/synset?id=13953936-n"" target=""_blank"">13953936-n</a></small></small><br>",<small><small>categoria:&ensp;estado</small></small><br>,<small><small>lexemas:</small></small>&ensp;termos<br>,,"<small><small>valências:&ensp;[ACT,PAT]</small></small><br>"
periculum,the act of testing something,lilaLemma:116930,"<small><small>synset_id:&ensp;<a href=""https://www.openwordnet-pt.org/synset?id=00791078-n"" target=""_blank"">00791078-n</a></small></small><br>",<small><small>categoria:&ensp;ação</small></small><br>,<small><small>lexemas:</small></small>&ensp;teste<br>,<small><small>conceito:</small>&ensp;ato de testar algo</small><br>,"<small><small>valências:&ensp;[ACT,PAT]</small></small><br>"
mitto,terminate an association with,lilaLemma:112499,"<small><small>synset_id:&ensp;<a href=""https://www.openwordnet-pt.org/synset?id=02403920-v"" target=""_blank"">02403920-v</a></small></small><br>",<small><small>categoria:&ensp;relação social</small></small><br>,<small><small>lexemas:</small></small>&ensp;tirar<br>,,"<small><small>valências:&ensp;[ACT,PAT]</small></small><br>"
uox,the quality of a person's voice,lilaLemma:130806,"<small><small>synset_id:&ensp;<a href=""https://www.openwordnet-pt.org/synset?id=07082573-n"" target=""_blank"">07082573-n</a></small></small><br>",<small><small>categoria:&ensp;comunicação</small></small><br>,<small><small>lexemas:</small></small>&ensp;tom<br>,,
uox,(linguistics) a pitch or change in pitch of the voice that serves to distinguish words in tonal languages,lilaLemma:130806,"<small><small>synset_id:&ensp;<a href=""https://www.openwordnet-pt.org/synset?id=04986883-n"" target=""_blank"">04986883-n</a></small></small><br>",<small><small>categoria:&ensp;atributo</small></small><br>,<small><small>lexemas:</small></small>&ensp;tom<br>,,
ago,exert oneself by doing mental or physical work for a purpose or out of necessity,lilaLemma:88140,"<small><small>synset_id:&ensp;<a href=""https://www.openwordnet-pt.org/synset?id=02413480-v"" target=""_blank"">02413480-v</a></small></small><br>",<small><small>categoria:&ensp;relação social</small></small><br>,<small><small>lexemas:</small></small>&ensp;trabalhar<br>,"<small><small>conceito:</small>&ensp;se esforcar, fazendo trabalho mental ou fisico, com um objetivo ou por necessidade</small><br>","<small><small>valências:&ensp;[ACT] ou [ACT,PAT]</small></small><br>"
sequor,"follow, discover, or ascertain the course of development of something",lilaLemma:124461,"<small><small>synset_id:&ensp;<a href=""https://www.openwordnet-pt.org/synset?id=00729109-v"" target=""_blank"">00729109-v</a></small></small><br>",<small><small>categoria:&ensp;cognição</small></small><br>,"<small><small>lexemas:</small></small>&ensp;traçar, seguir<br>",,"<small><small>valências:&ensp;[ACT,PAT]</small></small><br>"
mos,an inherited pattern of thought or action,lilaLemma:112831,"<small><small>synset_id:&ensp;<a href=""https://www.openwordnet-pt.org/synset?id=05809745-n"" target=""_blank"">05809745-n</a></small></small><br>",<small><small>categoria:&ensp;cognição</small></small><br>,<small><small>lexemas:</small></small>&ensp;tradição<br>,,
mos,a specific practice of long standing,lilaLemma:112831,"<small><small>synset_id:&ensp;<a href=""https://www.openwordnet-pt.org/synset?id=05667404-n"" target=""_blank"">05667404-n</a></small></small><br>",<small><small>categoria:&ensp;cognição</small></small><br>,"<small><small>lexemas:</small></small>&ensp;Tradições, costume, costumes, hábito, tradição<br>",,
facio,interact in a certain way,lilaLemma:102758,"<small><small>synset_id:&ensp;<a href=""https://www.openwordnet-pt.org/synset?id=02514187-v"" target=""_blank"">02514187-v</a></small></small><br>",<small><small>categoria:&ensp;relação social</small></small><br>,<small><small>lexemas:</small></small>&ensp;tratar<br>,,"<small><small>valências:&ensp;[ACT,MANN,PAT] ou [ACT,PAT,EFF] ou [ACT,PAT]</small></small><br>"
habeo,interact in a certain way,lilaLemma:105044,"<small><small>synset_id:&ensp;<a href=""https://www.openwordnet-pt.org/synset?id=02514187-v"" target=""_blank"">02514187-v</a></small></small><br>",<small><small>categoria:&ensp;relação social</small></small><br>,<small><small>lexemas:</small></small>&ensp;tratar<br>,,"<small><small>valências:&ensp;[ACT,MANN,PAT] ou [ACT,PAT,EFF] ou [ACT,PAT]</small></small><br>"
exercitus,an orderly crowd,lilaLemma:101960,"<small><small>synset_id:&ensp;<a href=""https://www.openwordnet-pt.org/synset?id=08274565-n"" target=""_blank"">08274565-n</a></small></small><br>",<small><small>categoria:&ensp;grupo</small></small><br>,<small><small>lexemas:</small></small>&ensp;tropa<br>,,<small><small>valências:&ensp;[MAT]</small></small><br>
locus,a time for working (after which you will be relieved by someone else),lilaLemma:110019,"<small><small>synset_id:&ensp;<a href=""https://www.openwordnet-pt.org/synset?id=15292069-n"" target=""_blank"">15292069-n</a></small></small><br>",<small><small>categoria:&ensp;tempo</small></small><br>,"<small><small>lexemas:</small></small>&ensp;turno, vez<br>",,
gero,be dressed in,lilaLemma:104536,"<small><small>synset_id:&ensp;<a href=""https://www.openwordnet-pt.org/synset?id=00052374-v"" target=""_blank"">00052374-v</a></small></small><br>",<small><small>categoria:&ensp;corpo</small></small><br>,"<small><small>lexemas:</small></small>&ensp;usar, vestir<br>",<small><small>conceito:</small>&ensp;estar vestida</small><br>,"<small><small>valências:&ensp;[ACT,PAT]</small></small><br>"
habeo,be dressed in,lilaLemma:105044,"<small><small>synset_id:&ensp;<a href=""https://www.openwordnet-pt.org/synset?id=00052374-v"" target=""_blank"">00052374-v</a></small></small><br>",<small><small>categoria:&ensp;corpo</small></small><br>,"<small><small>lexemas:</small></small>&ensp;usar, vestir<br>",<small><small>conceito:</small>&ensp;estar vestida</small><br>,"<small><small>valências:&ensp;[ACT,PAT]</small></small><br>"
bonus,well grounded in logic or truth or having legal force,lilaLemma:91782,"<small><small>synset_id:&ensp;<a href=""https://www.openwordnet-pt.org/synset?id=02498708-a"" target=""_blank"">02498708-a</a></small></small><br>",,<small><small>lexemas:</small></small>&ensp;válido<br>,,
iudicium,(law) the findings of a jury on issues of fact submitted to it for decision; can be used in formulating a judgment,lilaLemma:109170,"<small><small>synset_id:&ensp;<a href=""https://www.openwordnet-pt.org/synset?id=01192150-n"" target=""_blank"">01192150-n</a></small></small><br>",<small><small>categoria:&ensp;ação</small></small><br>,"<small><small>lexemas:</small></small>&ensp;veredicto, veredito<br>",<small><small>conceito:</small>&ensp;(Direito) os resultados de um júri sobre questões de fato enviadas a ele para decisão; pode ser usado na formulação de um julgamento</small><br>,"<small><small>valências:&ensp;[ACT,PAT]</small></small><br>"
peto,displace oneself; go from one location to another,lilaLemma:117549,"<small><small>synset_id:&ensp;<a href=""https://www.openwordnet-pt.org/synset?id=01839963-v"" target=""_blank"">01839963-v</a></small></small><br>",<small><small>categoria:&ensp;movimento</small></small><br>,<small><small>lexemas:</small></small>&ensp;viagem<br>,,"<small><small>valências:&ensp;[ACT,DIR1,DIR3] ou [ACT,PAT] ou [ACT,DIR3,PAT] ou [ACT,DIR1,DIR3,PAT] ou [ACT,PAT,DIR1]</small></small><br>"
uita,living things collectively,lilaLemma:130393,"<small><small>synset_id:&ensp;<a href=""https://www.openwordnet-pt.org/synset?id=00006269-n"" target=""_blank"">00006269-n</a></small></small><br>",,<small><small>lexemas:</small></small>&ensp;vida<br>,"<small><small>conceito:</small>&ensp;coisas vivas, tomadas coletivamente</small><br>",
uita,the period from the present until death,lilaLemma:130393,"<small><small>synset_id:&ensp;<a href=""https://www.openwordnet-pt.org/synset?id=15140892-n"" target=""_blank"">15140892-n</a></small></small><br>",<small><small>categoria:&ensp;tempo</small></small><br>,<small><small>lexemas:</small></small>&ensp;vida<br>,,
uita,the experience of being alive; the course of human events and activities,lilaLemma:130393,"<small><small>synset_id:&ensp;<a href=""https://www.openwordnet-pt.org/synset?id=05810561-n"" target=""_blank"">05810561-n</a></small></small><br>",<small><small>categoria:&ensp;cognição</small></small><br>,<small><small>lexemas:</small></small>&ensp;vida<br>,,
uita,a characteristic state or mode of living,lilaLemma:130393,"<small><small>synset_id:&ensp;<a href=""https://www.openwordnet-pt.org/synset?id=13963192-n"" target=""_blank"">13963192-n</a></small></small><br>",<small><small>categoria:&ensp;estado</small></small><br>,<small><small>lexemas:</small></small>&ensp;vida<br>,,
animus,the property of being wild or turbulent,lilaLemma:89094,"<small><small>synset_id:&ensp;<a href=""https://www.openwordnet-pt.org/synset?id=05037813-n"" target=""_blank"">05037813-n</a></small></small><br>",<small><small>categoria:&ensp;atributo</small></small><br>,<small><small>lexemas:</small></small>&ensp;violência<br>,,"<small><small>valências:&ensp;[ACT] ou [ACT,PAT]</small></small><br>"
uenio,"move toward, travel toward something or somebody or approach something or somebody",lilaLemma:129790,"<small><small>synset_id:&ensp;<a href=""https://www.openwordnet-pt.org/synset?id=01849221-v"" target=""_blank"">01849221-v</a></small></small><br>",<small><small>categoria:&ensp;movimento</small></small><br>,<small><small>lexemas:</small></small>&ensp;vir<br>,"<small><small>conceito:</small>&ensp;mover em direção, viajar na direção de algo ou alguém ou se aproximar de algo ou alguém</small><br>","<small><small>valências:&ensp;[ACT,DIR3] ou [ACT,PAT] ou [ACT,DIR3,PAT] ou [ACT,LOC] ou [ACT,DIR1,DIR3]</small></small><br>"
uenio,come from,lilaLemma:129790,"<small><small>synset_id:&ensp;<a href=""https://www.openwordnet-pt.org/synset?id=00251791-v"" target=""_blank"">00251791-v</a></small></small><br>",<small><small>categoria:&ensp;mudança</small></small><br>,"<small><small>lexemas:</small></small>&ensp;vir de, derivar, porvir<br>",<small><small>conceito:</small>&ensp;vir de</small><br>,"<small><small>valências:&ensp;[ACT,ORIG] ou [ACT,DIR1,DIR3] ou [ACT,PAT,DIR1,DIR3]</small></small><br>"
uirtus,the status of being a man,lilaLemma:130356,"<small><small>synset_id:&ensp;<a href=""https://www.openwordnet-pt.org/synset?id=00594953-n"" target=""_blank"">00594953-n</a></small></small><br>",<small><small>categoria:&ensp;ação</small></small><br>,<small><small>lexemas:</small></small>&ensp;virilidade<br>,,<small><small>valências:&ensp;[ACT]</small></small><br>
uirtus,the quality of doing what is right and avoiding what is wrong,lilaLemma:130356,"<small><small>synset_id:&ensp;<a href=""https://www.openwordnet-pt.org/synset?id=04847298-n"" target=""_blank"">04847298-n</a></small></small><br>",<small><small>categoria:&ensp;atributo</small></small><br>,<small><small>lexemas:</small></small>&ensp;virtude<br>,,<small><small>valências:&ensp;[ACT]</small></small><br>
uirtus,a particular moral excellence,lilaLemma:130356,"<small><small>synset_id:&ensp;<a href=""https://www.openwordnet-pt.org/synset?id=04847482-n"" target=""_blank"">04847482-n</a></small></small><br>",<small><small>categoria:&ensp;atributo</small></small><br>,"<small><small>lexemas:</small></small>&ensp;Virtudes, virtude<br>",,"<small><small>valências:&ensp;[ACT,PAT] ou [ACT]</small></small><br>"
ago,lead a certain kind of life; live in a certain style,lilaLemma:88140,"<small><small>synset_id:&ensp;<a href=""https://www.openwordnet-pt.org/synset?id=02614387-v"" target=""_blank"">02614387-v</a></small></small><br>",<small><small>categoria:&ensp;estado</small></small><br>,<small><small>lexemas:</small></small>&ensp;viver<br>,,"<small><small>valências:&ensp;[ACT] ou [ACT,MANN]</small></small><br>"
animus,the capability of conscious choice and decision and intention,lilaLemma:89094,"<small><small>synset_id:&ensp;<a href=""https://www.openwordnet-pt.org/synset?id=05652593-n"" target=""_blank"">05652593-n</a></small></small><br>",<small><small>categoria:&ensp;cognição</small></small><br>,<small><small>lexemas:</small></small>&ensp;vontade<br>,,"<small><small>valências:&ensp;[ACT,PAT]</small></small><br>"
uox,the ability to speak,lilaLemma:130806,"<small><small>synset_id:&ensp;<a href=""https://www.openwordnet-pt.org/synset?id=05202284-n"" target=""_blank"">05202284-n</a></small></small><br>",<small><small>categoria:&ensp;atributo</small></small><br>,<small><small>lexemas:</small></small>&ensp;voz<br>,,
uox,the distinctive quality or pitch or condition of a person's speech,lilaLemma:130806,"<small><small>synset_id:&ensp;<a href=""https://www.openwordnet-pt.org/synset?id=04981941-n"" target=""_blank"">04981941-n</a></small></small><br>",<small><small>categoria:&ensp;atributo</small></small><br>,<small><small>lexemas:</small></small>&ensp;voz<br>,,
uox,(linguistics) the grammatical relation (active or passive) of the grammatical subject of a verb to the action that the verb denotes,lilaLemma:130806,"<small><small>synset_id:&ensp;<a href=""https://www.openwordnet-pt.org/synset?id=13802920-n"" target=""_blank"">13802920-n</a></small></small><br>",<small><small>categoria:&ensp;relação</small></small><br>,<small><small>lexemas:</small></small>&ensp;Voz verbal<br>,,
uox,the sound made by the vibration of vocal folds modified by the resonance of the vocal tract,lilaLemma:130806,"<small><small>synset_id:&ensp;<a href=""https://www.openwordnet-pt.org/synset?id=07110615-n"" target=""_blank"">07110615-n</a></small></small><br>",<small><small>categoria:&ensp;comunicação</small></small><br>,"<small><small>lexemas:</small></small>&ensp;voz, voz humana<br>",<small><small>conceito:</small>&ensp;o som feito pela vibração das cordas vocais modificado pela ressonância do trato vocal</small><br>,
sequor,to accompany as a circumstance or follow as a result,lilaLemma:124461,"<small><small>synset_id:&ensp;<a href=""https://www.openwordnet-pt.org/synset?id=02716567-v"" target=""_blank"">02716567-v</a></small></small><br>",<small><small>categoria:&ensp;estado</small></small><br>,,<small><small>conceito:</small>&ensp;acompanhar como uma circunstância ou se seguir como um resultado</small><br>,"<small><small>valências:&ensp;[ACT,PAT]</small></small><br>"
