lemma,lila_id,synset_id,sem_type,definition_pt,lexemes_pt
accipio,lilaLemma:87119,02436349-v,relação social,"[be in charge of, act on, or dispose of]",cuidar
accipio,lilaLemma:87119,02436349-v,relação social,"[be in charge of, act on, or dispose of]",guiar
accipio,lilaLemma:87119,02436349-v,relação social,"[be in charge of, act on, or dispose of]",lidar
accipio,lilaLemma:87119,02436349-v,relação social,"[be in charge of, act on, or dispose of]",manejar
accipio,lilaLemma:87119,02436349-v,relação social,"[be in charge of, act on, or dispose of]",tratar
accipio,lilaLemma:87119,01540844-v,contato,aceite,aceitar
accipio,lilaLemma:87119,01540844-v,contato,aceite,recolher
accipio,lilaLemma:87119,00593522-v,cognição,acredito ser o caso,entender
accipio,lilaLemma:87119,00593522-v,cognição,acredito ser o caso,inferir
accipio,lilaLemma:87119,00593522-v,cognição,acredito ser o caso,deduzir
accipio,lilaLemma:87119,02210119-v,posse,[get something; come into possession of],receber
accipio,lilaLemma:87119,02210119-v,posse,[get something; come into possession of],ter
accipio,lilaLemma:87119,02107248-v,percepção,Registo (perceptual input),captar
accipio,lilaLemma:87119,02107248-v,percepção,Registo (perceptual input),pegar
accipio,lilaLemma:87119,02107248-v,percepção,Registo (perceptual input),receber
accipio,lilaLemma:87119,02210855-v,posse,[come into the possession of something concrete or abstract],adquirir
accipio,lilaLemma:87119,02210855-v,posse,[come into the possession of something concrete or abstract],comprar
accipio,lilaLemma:87119,02210855-v,posse,[come into the possession of something concrete or abstract],obter
accipio,lilaLemma:87119,02210855-v,posse,[come into the possession of something concrete or abstract],receber
accipio,lilaLemma:87119,02210855-v,posse,[come into the possession of something concrete or abstract],alcançar
accipio,lilaLemma:87119,02210855-v,posse,[come into the possession of something concrete or abstract],atingir
accipio,lilaLemma:87119,02210855-v,posse,[come into the possession of something concrete or abstract],conseguir
accipio,lilaLemma:87119,02210855-v,posse,[come into the possession of something concrete or abstract],haver
accipio,lilaLemma:87119,02210855-v,posse,[come into the possession of something concrete or abstract],tomar
accipio,lilaLemma:87119,00624476-v,cognição,interpretar algo de uma certa maneira; transmitir um significado ou impressão particular,ler
accipio,lilaLemma:87119,00624476-v,cognição,interpretar algo de uma certa maneira; transmitir um significado ou impressão particular,entender
accipio,lilaLemma:87119,00588221-v,cognição,pegar o sentido de algo,compreender
accipio,lilaLemma:87119,00588221-v,cognição,pegar o sentido de algo,entender
accipio,lilaLemma:87119,00636574-v,cognição,razão por dedução; estabelecer por dedução,concluir
accipio,lilaLemma:87119,00636574-v,cognição,razão por dedução; estabelecer por dedução,deduzir
accipio,lilaLemma:87119,00636574-v,cognição,razão por dedução; estabelecer por dedução,depreender
accipio,lilaLemma:87119,00636574-v,cognição,razão por dedução; estabelecer por dedução,inferir
accipio,lilaLemma:87119,00686447-v,cognição,considerar ou manter como verdadeiro,aceitar
accipio,lilaLemma:87119,00623151-v,cognição,fazer sentido; atribuir um significado à,compreender
accipio,lilaLemma:87119,00623151-v,cognição,fazer sentido; atribuir um significado à,entender
accipio,lilaLemma:87119,00623151-v,cognição,fazer sentido; atribuir um significado à,construir
accipio,lilaLemma:87119,00623151-v,cognição,fazer sentido; atribuir um significado à,interpretar
accipio,lilaLemma:87119,00623151-v,cognição,fazer sentido; atribuir um significado à,ver
accipio,lilaLemma:87119,02315938-v,posse,[receive from a predecessor],herdar
accipio,lilaLemma:87119,00597915-v,cognição,adquirir conhecimentos ou habilidades,adquirir
accipio,lilaLemma:87119,00597915-v,cognição,adquirir conhecimentos ou habilidades,aprender
accipio,lilaLemma:87119,00065639-v,corpo,ser acometido de lesões e doenças,contrair
accipio,lilaLemma:87119,00065639-v,corpo,ser acometido de lesões e doenças,sofrer
accipio,lilaLemma:87119,00065639-v,corpo,ser acometido de lesões e doenças,ter
accipio,lilaLemma:87119,02237206-v,posse,[accept gladly],acolher
accipio,lilaLemma:87119,02237206-v,posse,[accept gladly],sediar
accipio,lilaLemma:87119,02236124-v,posse,A única garota que o aceitaria era a filha do moleiro,aceitar
accipio,lilaLemma:87119,02236124-v,posse,A única garota que o aceitaria era a filha do moleiro,topar
accipio,lilaLemma:87119,02236124-v,posse,A única garota que o aceitaria era a filha do moleiro,querer
accipio,lilaLemma:87119,00683280-v,cognição,aceitar como verdade; tomar como verdade,acreditar
accipio,lilaLemma:87119,00683280-v,cognição,aceitar como verdade; tomar como verdade,crer
accipio,lilaLemma:87119,00683280-v,cognição,aceitar como verdade; tomar como verdade,achar
accipio,lilaLemma:87119,00683280-v,cognição,aceitar como verdade; tomar como verdade,considerar
accipio,lilaLemma:87119,00686879-v,cognição,aceitar como verdadeiro ou válido,aceitar
accipio,lilaLemma:87119,00686879-v,cognição,aceitar como verdadeiro ou válido,receber
ago,lilaLemma:88140,02439732-v,relação social,ser uma força motivadora ou orientadora,conduzir
ago,lilaLemma:88140,02439732-v,relação social,ser uma força motivadora ou orientadora,encaminhar
ago,lilaLemma:88140,02439732-v,relação social,ser uma força motivadora ou orientadora,gerir
ago,lilaLemma:88140,02439732-v,relação social,ser uma força motivadora ou orientadora,guiar
ago,lilaLemma:88140,00357332-v,mudança,"produzir brotos, ramos, ou germinar",germinar
ago,lilaLemma:88140,00357332-v,mudança,"produzir brotos, ramos, ou germinar",abrolhar
ago,lilaLemma:88140,00357332-v,mudança,"produzir brotos, ramos, ou germinar",assomar
ago,lilaLemma:88140,00357332-v,mudança,"produzir brotos, ramos, ou germinar",brotar
ago,lilaLemma:88140,00357332-v,mudança,"produzir brotos, ramos, ou germinar",desabrochar
ago,lilaLemma:88140,00357332-v,mudança,"produzir brotos, ramos, ou germinar",desabrolhar
ago,lilaLemma:88140,00357332-v,mudança,"produzir brotos, ramos, ou germinar",espigar
ago,lilaLemma:88140,00357332-v,mudança,"produzir brotos, ramos, ou germinar",gomar
ago,lilaLemma:88140,00357332-v,mudança,"produzir brotos, ramos, ou germinar",grelar
ago,lilaLemma:88140,00357332-v,mudança,"produzir brotos, ramos, ou germinar",nascer
ago,lilaLemma:88140,00357332-v,mudança,"produzir brotos, ramos, ou germinar",rebentar
ago,lilaLemma:88140,00357332-v,mudança,"produzir brotos, ramos, ou germinar",resultar
ago,lilaLemma:88140,01034312-v,comunicação,considerar ou examinar em discurso ou escrita,discorrer
ago,lilaLemma:88140,01034312-v,comunicação,considerar ou examinar em discurso ou escrita,discursar
ago,lilaLemma:88140,01034312-v,comunicação,considerar ou examinar em discurso ou escrita,discutir
ago,lilaLemma:88140,01034312-v,comunicação,considerar ou examinar em discurso ou escrita,falar
ago,lilaLemma:88140,02614387-v,estado,[lead a certain kind of life; live in a certain style],viver
ago,lilaLemma:88140,02614387-v,estado,[lead a certain kind of life; live in a certain style],morar
ago,lilaLemma:88140,00892315-v,comunicação,expressar gratidão ou mostrar apreciação,agradecer
ago,lilaLemma:88140,00892315-v,comunicação,expressar gratidão ou mostrar apreciação,apreciar
ago,lilaLemma:88140,02367363-v,relação social,fazer uma ação,agir
ago,lilaLemma:88140,02367363-v,relação social,fazer uma ação,atuar
ago,lilaLemma:88140,02367363-v,relação social,fazer uma ação,fazer
ago,lilaLemma:88140,02367363-v,relação social,fazer uma ação,abrir
ago,lilaLemma:88140,02367363-v,relação social,fazer uma ação,actuar
ago,lilaLemma:88140,02671613-v,estado,[function as or act like],agir como
ago,lilaLemma:88140,01732921-v,criação,"conduzir, como no desempenho de uma composição",conduzir
ago,lilaLemma:88140,01732921-v,criação,"conduzir, como no desempenho de uma composição",reger
ago,lilaLemma:88140,01732921-v,criação,"conduzir, como no desempenho de uma composição",dirigir
ago,lilaLemma:88140,02321757-v,posse,[take without the owner's consent],furtar
ago,lilaLemma:88140,02321757-v,posse,[take without the owner's consent],roubar
ago,lilaLemma:88140,02321757-v,posse,[take without the owner's consent],tirar
ago,lilaLemma:88140,01719921-v,criação,executar em um palco ou teatro,actuar
ago,lilaLemma:88140,01719921-v,criação,executar em um palco ou teatro,atuar
ago,lilaLemma:88140,01719921-v,criação,executar em um palco ou teatro,fazer
ago,lilaLemma:88140,01719921-v,criação,executar em um palco ou teatro,representar
ago,lilaLemma:88140,01719921-v,criação,executar em um palco ou teatro,agir
ago,lilaLemma:88140,01719921-v,criação,executar em um palco ou teatro,desempenhar
ago,lilaLemma:88140,01719921-v,criação,executar em um palco ou teatro,interpretar
ago,lilaLemma:88140,02406916-v,relação social,fazer um esforço para alcançar um objetivo,esforçar
ago,lilaLemma:88140,02406916-v,relação social,fazer um esforço para alcançar um objetivo,esforçar-se
ago,lilaLemma:88140,02406916-v,relação social,fazer um esforço para alcançar um objetivo,forçar
ago,lilaLemma:88140,02406916-v,relação social,fazer um esforço para alcançar um objetivo,pressionar
ago,lilaLemma:88140,02406916-v,relação social,fazer um esforço para alcançar um objetivo,trabalhar
ago,lilaLemma:88140,02344568-v,posse,[steal goods; take as spoils],pilhar
ago,lilaLemma:88140,02344568-v,posse,[steal goods; take as spoils],roubar
ago,lilaLemma:88140,02344568-v,posse,[steal goods; take as spoils],saquear
ago,lilaLemma:88140,02344568-v,posse,[steal goods; take as spoils],despojar
ago,lilaLemma:88140,02708420-v,estado,[pass time in a specific way],passar
ago,lilaLemma:88140,02708420-v,estado,[pass time in a specific way],vistoriar
ago,lilaLemma:88140,01939553-v,movimento,impulsionar para a frente,conduzir
ago,lilaLemma:88140,01939553-v,movimento,impulsionar para a frente,dirigir
ago,lilaLemma:88140,01939553-v,movimento,impulsionar para a frente,guiar
ago,lilaLemma:88140,01930874-v,movimento,operar ou controlar um veículo,conduzir
ago,lilaLemma:88140,01930874-v,movimento,operar ou controlar um veículo,dirigir
ago,lilaLemma:88140,01930874-v,movimento,operar ou controlar um veículo,manejar
ago,lilaLemma:88140,01999798-v,movimento,levar alguém a algum lugar,carregar
ago,lilaLemma:88140,01999798-v,movimento,levar alguém a algum lugar,conduzir
ago,lilaLemma:88140,01999798-v,movimento,levar alguém a algum lugar,dirigir
ago,lilaLemma:88140,01999798-v,movimento,levar alguém a algum lugar,guiar
ago,lilaLemma:88140,01999798-v,movimento,levar alguém a algum lugar,levar
ago,lilaLemma:88140,01999798-v,movimento,levar alguém a algum lugar,comandar
ago,lilaLemma:88140,01999798-v,movimento,levar alguém a algum lugar,coordenar
ago,lilaLemma:88140,01999798-v,movimento,levar alguém a algum lugar,encaminhar
ago,lilaLemma:88140,01999798-v,movimento,levar alguém a algum lugar,governar
ago,lilaLemma:88140,01999798-v,movimento,levar alguém a algum lugar,nortear
ago,lilaLemma:88140,01999798-v,movimento,levar alguém a algum lugar,orientar
ago,lilaLemma:88140,00813978-v,comunicação,falar com os outros sobre (algo); falar (algo) com mais em detalhe; ter uma discussão,discutir
ago,lilaLemma:88140,00813978-v,comunicação,falar com os outros sobre (algo); falar (algo) com mais em detalhe; ter uma discussão,abordar
ago,lilaLemma:88140,00813978-v,comunicação,falar com os outros sobre (algo); falar (algo) com mais em detalhe; ter uma discussão,debater
ago,lilaLemma:88140,00813978-v,comunicação,falar com os outros sobre (algo); falar (algo) com mais em detalhe; ter uma discussão,referir
ago,lilaLemma:88140,00813978-v,comunicação,falar com os outros sobre (algo); falar (algo) com mais em detalhe; ter uma discussão,ventilar
ago,lilaLemma:88140,00760576-v,comunicação,"introduzir um fundamento, como nos tribunais",advogar
ago,lilaLemma:88140,00760576-v,comunicação,"introduzir um fundamento, como nos tribunais",pleitear
ago,lilaLemma:88140,00010435-v,corpo,agir de uma certa forma; comportar-se ou conduzir-se;,agir
ago,lilaLemma:88140,00010435-v,corpo,agir de uma certa forma; comportar-se ou conduzir-se;,atuar
ago,lilaLemma:88140,00010435-v,corpo,agir de uma certa forma; comportar-se ou conduzir-se;,comportar-se
ago,lilaLemma:88140,00010435-v,corpo,agir de uma certa forma; comportar-se ou conduzir-se;,parecer
ago,lilaLemma:88140,00010435-v,corpo,agir de uma certa forma; comportar-se ou conduzir-se;,actuar
ago,lilaLemma:88140,00010435-v,corpo,agir de uma certa forma; comportar-se ou conduzir-se;,fazer
ago,lilaLemma:88140,00010435-v,corpo,agir de uma certa forma; comportar-se ou conduzir-se;,operar
ago,lilaLemma:88140,02442205-v,relação social,[direct or strongly influence the behavior of],governar
ago,lilaLemma:88140,02442205-v,relação social,[direct or strongly influence the behavior of],reger
ago,lilaLemma:88140,02002720-v,movimento,força para ir embora; ambos com significados concretos e metafóricas usado,afastar
ago,lilaLemma:88140,02002720-v,movimento,força para ir embora; ambos com significados concretos e metafóricas usado,afugentar
ago,lilaLemma:88140,02002720-v,movimento,força para ir embora; ambos com significados concretos e metafóricas usado,desvanecer
ago,lilaLemma:88140,02002720-v,movimento,força para ir embora; ambos com significados concretos e metafóricas usado,rechaçar
ago,lilaLemma:88140,02002720-v,movimento,força para ir embora; ambos com significados concretos e metafóricas usado,tocar
ago,lilaLemma:88140,02079933-v,movimento,transmitir ou servir como meio de transmissão,conduzir
ago,lilaLemma:88140,02079933-v,movimento,transmitir ou servir como meio de transmissão,transmitir
ago,lilaLemma:88140,02079933-v,movimento,transmitir ou servir como meio de transmissão,trazer
ago,lilaLemma:88140,02079933-v,movimento,transmitir ou servir como meio de transmissão,transportar
ago,lilaLemma:88140,02079933-v,movimento,transmitir ou servir como meio de transmissão,veicular
ago,lilaLemma:88140,00770437-v,comunicação,induzir a fazer; fazer agir de uma forma específica,induzir
ago,lilaLemma:88140,00770437-v,comunicação,induzir a fazer; fazer agir de uma forma específica,abrir
ago,lilaLemma:88140,00770437-v,comunicação,induzir a fazer; fazer agir de uma forma específica,causar
ago,lilaLemma:88140,00770437-v,comunicação,induzir a fazer; fazer agir de uma forma específica,estimular
ago,lilaLemma:88140,00770437-v,comunicação,induzir a fazer; fazer agir de uma forma específica,fazer
ago,lilaLemma:88140,00770437-v,comunicação,induzir a fazer; fazer agir de uma forma específica,levar
ago,lilaLemma:88140,00770437-v,comunicação,induzir a fazer; fazer agir de uma forma específica,provocar
ago,lilaLemma:88140,00770437-v,comunicação,induzir a fazer; fazer agir de uma forma específica,resultar_(em)
ago,lilaLemma:88140,00770437-v,comunicação,induzir a fazer; fazer agir de uma forma específica,tornar
ago,lilaLemma:88140,01722447-v,criação,representar ou executar como se estivesse em um jogo,reencenar
ago,lilaLemma:88140,00765649-v,comunicação,forçar ou empurrar na direção indicada,exortar
ago,lilaLemma:88140,00765649-v,comunicação,forçar ou empurrar na direção indicada,impelir
ago,lilaLemma:88140,00765649-v,comunicação,forçar ou empurrar na direção indicada,urgir
ago,lilaLemma:88140,00765649-v,comunicação,forçar ou empurrar na direção indicada,empurrar
ago,lilaLemma:88140,02431971-v,relação social,trabalhar em uma capacidade administrativa; supervisionar ou ser responsável por,administrar
ago,lilaLemma:88140,02431971-v,relação social,trabalhar em uma capacidade administrativa; supervisionar ou ser responsável por,gerenciar
ago,lilaLemma:88140,02431971-v,relação social,trabalhar em uma capacidade administrativa; supervisionar ou ser responsável por,gerir
ago,lilaLemma:88140,02413480-v,relação social,"se esforcar, fazendo trabalho mental ou fisico, com um objetivo ou por necessidade",trabalhar
ago,lilaLemma:88140,00013615-v,corpo,fingir ter certas qualidades ou certos estados de espírito,agir como
ago,lilaLemma:88140,00013615-v,corpo,fingir ter certas qualidades ou certos estados de espírito,fazer se de
ago,lilaLemma:88140,00013615-v,corpo,fingir ter certas qualidades ou certos estados de espírito,fingir
ago,lilaLemma:88140,00013615-v,corpo,fingir ter certas qualidades ou certos estados de espírito,simular
ago,lilaLemma:88140,00013615-v,corpo,fingir ter certas qualidades ou certos estados de espírito,representar
ago,lilaLemma:88140,01645601-v,criação,dar origem a,causar
ago,lilaLemma:88140,01645601-v,criação,dar origem a,fazer
ago,lilaLemma:88140,01645601-v,criação,dar origem a,provocar
ago,lilaLemma:88140,01645601-v,criação,dar origem a,abrir
ago,lilaLemma:88140,01645601-v,criação,dar origem a,tornar
ago,lilaLemma:88140,02614181-v,estado,"[have life, be alive]",estar vivo
ago,lilaLemma:88140,02614181-v,estado,"[have life, be alive]",viver
ago,lilaLemma:88140,02614181-v,estado,"[have life, be alive]",existir
ago,lilaLemma:88140,02614181-v,estado,"[have life, be alive]",morar
ago,lilaLemma:88140,02614181-v,estado,"[have life, be alive]",ser
alius,lilaLemma:88481,01410363-a,adjetivo,marcada por dissimilaridade,desigual
alius,lilaLemma:88481,01410363-a,adjetivo,marcada por dissimilaridade,diferente
alius,lilaLemma:88481,01410363-a,adjetivo,marcada por dissimilaridade,desconforme
alius,lilaLemma:88481,01410363-a,adjetivo,marcada por dissimilaridade,desirmanado
alius,lilaLemma:88481,01410363-a,adjetivo,marcada por dissimilaridade,desproporcionado
alius,lilaLemma:88481,01410363-a,adjetivo,marcada por dissimilaridade,desproporcional
alius,lilaLemma:88481,01410363-a,adjetivo,marcada por dissimilaridade,dissemelhante
alius,lilaLemma:88481,01410363-a,adjetivo,marcada por dissimilaridade,díspar
alius,lilaLemma:88481,02070188-s,adjetivo,[any of various alternatives; some other],outro
alius,lilaLemma:88481,02069355-a,adjetivo,Não o mesmo que aqueles já mencionados ou implícitos,outro
amicus,lilaLemma:88684,09622302-n,pessoa,uma pessoa que ama alguém ou é amado por alguém,amado
amicus,lilaLemma:88684,09622302-n,pessoa,uma pessoa que ama alguém ou é amado por alguém,amante
amicus,lilaLemma:88684,10059582-n,pessoa,um ardente defensor e entusiasta de alguma pessoa ou atividade,entusiasta
amicus,lilaLemma:88684,10059582-n,pessoa,um ardente defensor e entusiasta de alguma pessoa ou atividade,partidário
amicus,lilaLemma:88684,10112591-n,pessoa,uma pessoa que você conhece bem e conta com afeto e confiança,amiga
amicus,lilaLemma:88684,10112591-n,pessoa,uma pessoa que você conhece bem e conta com afeto e confiança,amigo
amicus,lilaLemma:88684,10112591-n,pessoa,uma pessoa que você conhece bem e conta com afeto e confiança,amizade
amicus,lilaLemma:88684,10112591-n,pessoa,uma pessoa que você conhece bem e conta com afeto e confiança,camarada
amicus,lilaLemma:88684,10112591-n,pessoa,uma pessoa que você conhece bem e conta com afeto e confiança,conhecido
amicus,lilaLemma:88684,10099375-n,pessoa,Uma pessoa que aceita a liderança de outro,seguidor
amicus,lilaLemma:88684,10099375-n,pessoa,Uma pessoa que aceita a liderança de outro,partidário
amicus,lilaLemma:88684,10099375-n,pessoa,Uma pessoa que aceita a liderança de outro,sectário
amicus,lilaLemma:88684,09785042-n,pessoa,um associado que presta cooperação ou assistência,aliada
amicus,lilaLemma:88684,09785042-n,pessoa,um associado que presta cooperação ou assistência,aliado
amicus,lilaLemma:88684,09785042-n,pessoa,um associado que presta cooperação ou assistência,amigo
amicus,lilaLemma:88684,10016103-n,pessoa,alguém que acredita e ajuda a espalhar a doutrina de outro,adepto
amicus,lilaLemma:88684,10016103-n,pessoa,alguém que acredita e ajuda a espalhar a doutrina de outro,aluno
amicus,lilaLemma:88684,10016103-n,pessoa,alguém que acredita e ajuda a espalhar a doutrina de outro,apóstolo
amicus,lilaLemma:88684,10016103-n,pessoa,alguém que acredita e ajuda a espalhar a doutrina de outro,discípulo
amicus,lilaLemma:88684,10016103-n,pessoa,alguém que acredita e ajuda a espalhar a doutrina de outro,estudante
amicus,lilaLemma:88684,10016103-n,pessoa,alguém que acredita e ajuda a espalhar a doutrina de outro,seguidor
amicus,lilaLemma:88684,10016103-n,pessoa,alguém que acredita e ajuda a espalhar a doutrina de outro,partidário
amicus,lilaLemma:88684,10407954-n,pessoa,alguém que apóia ou suporta algo,fiador
amicus,lilaLemma:88684,10407954-n,pessoa,alguém que apóia ou suporta algo,padrinho
amicus,lilaLemma:88684,10407954-n,pessoa,alguém que apóia ou suporta algo,colaborador
amicus,lilaLemma:88684,09815790-n,pessoa,uma pessoa que contribui para a realização de uma necessidade ou fomento de um esforço ou propósito,ajudante
amicus,lilaLemma:88684,09815790-n,pessoa,uma pessoa que contribui para a realização de uma necessidade ou fomento de um esforço ou propósito,assistente
amicus,lilaLemma:88684,09815790-n,pessoa,uma pessoa que contribui para a realização de uma necessidade ou fomento de um esforço ou propósito,criado
amicus,lilaLemma:88684,09815790-n,pessoa,uma pessoa que contribui para a realização de uma necessidade ou fomento de um esforço ou propósito,servidor
amicus,lilaLemma:88684,09815790-n,pessoa,uma pessoa que contribui para a realização de uma necessidade ou fomento de um esforço ou propósito,acólito
amicus,lilaLemma:88684,09815790-n,pessoa,uma pessoa que contribui para a realização de uma necessidade ou fomento de um esforço ou propósito,adjutor
amicus,lilaLemma:88684,09815790-n,pessoa,uma pessoa que contribui para a realização de uma necessidade ou fomento de um esforço ou propósito,adjuvante
amicus,lilaLemma:88684,09815790-n,pessoa,uma pessoa que contribui para a realização de uma necessidade ou fomento de um esforço ou propósito,ajuda
amicus,lilaLemma:88684,09815790-n,pessoa,uma pessoa que contribui para a realização de uma necessidade ou fomento de um esforço ou propósito,assessor
amicus,lilaLemma:88684,09815790-n,pessoa,uma pessoa que contribui para a realização de uma necessidade ou fomento de um esforço ou propósito,auxiliar
amicus,lilaLemma:88684,09815790-n,pessoa,uma pessoa que contribui para a realização de uma necessidade ou fomento de um esforço ou propósito,colaborador
animus,lilaLemma:89094,05982915-n,cognição,sua intenção; o que você pretende fazer,ideia
animus,lilaLemma:89094,05982915-n,cognição,sua intenção; o que você pretende fazer,intento
animus,lilaLemma:89094,05982915-n,cognição,sua intenção; o que você pretende fazer,intenção
animus,lilaLemma:89094,05982915-n,cognição,sua intenção; o que você pretende fazer,mente
animus,lilaLemma:89094,05982915-n,cognição,sua intenção; o que você pretende fazer,objectivo
animus,lilaLemma:89094,05982915-n,cognição,sua intenção; o que você pretende fazer,objetivo
animus,lilaLemma:89094,05982915-n,cognição,sua intenção; o que você pretende fazer,plano
animus,lilaLemma:89094,05982915-n,cognição,sua intenção; o que você pretende fazer,idéia
animus,lilaLemma:89094,05789432-n,cognição,o processo cognitivo de chegar a uma decisão ou tirar conclusões,julgamento
animus,lilaLemma:89094,07544647-n,sentimento,um sentimento positivo de gosto,afecção
animus,lilaLemma:89094,07544647-n,sentimento,um sentimento positivo de gosto,afeição
animus,lilaLemma:89094,07544647-n,sentimento,um sentimento positivo de gosto,afetividade
animus,lilaLemma:89094,07544647-n,sentimento,um sentimento positivo de gosto,afeto
animus,lilaLemma:89094,07544647-n,sentimento,um sentimento positivo de gosto,amor
animus,lilaLemma:89094,07544647-n,sentimento,um sentimento positivo de gosto,apego
animus,lilaLemma:89094,07544647-n,sentimento,um sentimento positivo de gosto,carinho
animus,lilaLemma:89094,07544647-n,sentimento,um sentimento positivo de gosto,afecto
animus,lilaLemma:89094,07544647-n,sentimento,um sentimento positivo de gosto,amizade
animus,lilaLemma:89094,07544647-n,sentimento,um sentimento positivo de gosto,coração
animus,lilaLemma:89094,07544647-n,sentimento,um sentimento positivo de gosto,doçura
animus,lilaLemma:89094,07544647-n,sentimento,um sentimento positivo de gosto,estima
animus,lilaLemma:89094,07544647-n,sentimento,um sentimento positivo de gosto,estimação
animus,lilaLemma:89094,07544647-n,sentimento,um sentimento positivo de gosto,meiguice
animus,lilaLemma:89094,07544647-n,sentimento,um sentimento positivo de gosto,simpatia
animus,lilaLemma:89094,07544647-n,sentimento,um sentimento positivo de gosto,ternura
animus,lilaLemma:89094,00026192-n,conceito,o experimentando dos Estados afetivos e emocionais,emoção
animus,lilaLemma:89094,00026192-n,conceito,o experimentando dos Estados afetivos e emocionais,impressão
animus,lilaLemma:89094,00026192-n,conceito,o experimentando dos Estados afetivos e emocionais,sentimento
animus,lilaLemma:89094,00026192-n,conceito,o experimentando dos Estados afetivos e emocionais,sensação
animus,lilaLemma:89094,04640538-n,atributo,tolerância bem-humorada de atraso ou incompetência,longanimidade
animus,lilaLemma:89094,04640538-n,atributo,tolerância bem-humorada de atraso ou incompetência,paciência
animus,lilaLemma:89094,04640538-n,atributo,tolerância bem-humorada de atraso ou incompetência,tolerância
animus,lilaLemma:89094,05760202-n,cognição,"os processos cognitivos, no qual a experiência do passado é lembrada",memória
animus,lilaLemma:89094,05037813-n,atributo,a propriedade de ser selvagem ou turbulento,violência
animus,lilaLemma:89094,05037813-n,atributo,a propriedade de ser selvagem ou turbulento,brutalidade
animus,lilaLemma:89094,05037813-n,atributo,a propriedade de ser selvagem ou turbulento,crueldade
animus,lilaLemma:89094,05037813-n,atributo,a propriedade de ser selvagem ou turbulento,desumanidade
animus,lilaLemma:89094,05037813-n,atributo,a propriedade de ser selvagem ou turbulento,encarniçamento
animus,lilaLemma:89094,05037813-n,atributo,a propriedade de ser selvagem ou turbulento,ferocidade
animus,lilaLemma:89094,05037813-n,atributo,a propriedade de ser selvagem ou turbulento,força
animus,lilaLemma:89094,05037813-n,atributo,a propriedade de ser selvagem ou turbulento,fúria
animus,lilaLemma:89094,05037813-n,atributo,a propriedade de ser selvagem ou turbulento,sanha
animus,lilaLemma:89094,05037813-n,atributo,a propriedade de ser selvagem ou turbulento,truculência
animus,lilaLemma:89094,04886646-n,atributo,a característica de ser estimulado por uma antipatia de cair abaixo de seus padrões,orgulho
animus,lilaLemma:89094,05614175-n,cognição,a capacidade mental de compreender e distinguir as relações,critério
animus,lilaLemma:89094,05614175-n,cognição,a capacidade mental de compreender e distinguir as relações,discernimento
animus,lilaLemma:89094,05614175-n,cognição,a capacidade mental de compreender e distinguir as relações,julgamento
animus,lilaLemma:89094,05614175-n,cognição,a capacidade mental de compreender e distinguir as relações,juízo
animus,lilaLemma:89094,04857490-n,atributo,a coragem para continuar,coragem
animus,lilaLemma:89094,04857490-n,atributo,a coragem para continuar,nervo
animus,lilaLemma:89094,04857490-n,atributo,a coragem para continuar,valor
animus,lilaLemma:89094,05652593-n,cognição,a capacidade de escolha consciente e decisão e intenção,vontade
animus,lilaLemma:89094,06196584-n,cognição,"uma atitude da mente, especialmente um que favorece uma alternativa sobre os outros",tendência
animus,lilaLemma:89094,06196584-n,cognição,"uma atitude da mente, especialmente um que favorece uma alternativa sobre os outros",inclinação
animus,lilaLemma:89094,04887912-n,atributo,orgulho arrogante evidenciado por uma forma superior para os inferiores,arrogância
animus,lilaLemma:89094,04887912-n,atributo,orgulho arrogante evidenciado por uma forma superior para os inferiores,elevado-high-handedness
animus,lilaLemma:89094,04887912-n,atributo,orgulho arrogante evidenciado por uma forma superior para os inferiores,orgulho
animus,lilaLemma:89094,04887912-n,atributo,orgulho arrogante evidenciado por uma forma superior para os inferiores,altanaria
animus,lilaLemma:89094,04887912-n,atributo,orgulho arrogante evidenciado por uma forma superior para os inferiores,altivez
animus,lilaLemma:89094,04887912-n,atributo,orgulho arrogante evidenciado por uma forma superior para os inferiores,desvanecimento
animus,lilaLemma:89094,04887912-n,atributo,orgulho arrogante evidenciado por uma forma superior para os inferiores,imodéstia
animus,lilaLemma:89094,04887912-n,atributo,orgulho arrogante evidenciado por uma forma superior para os inferiores,indiscrição
animus,lilaLemma:89094,04887912-n,atributo,orgulho arrogante evidenciado por uma forma superior para os inferiores,presunção
animus,lilaLemma:89094,04887912-n,atributo,orgulho arrogante evidenciado por uma forma superior para os inferiores,soberba
animus,lilaLemma:89094,04887912-n,atributo,orgulho arrogante evidenciado por uma forma superior para os inferiores,vaidade
animus,lilaLemma:89094,04903813-n,atributo,firmeza de espírito sob estresse,calma
animus,lilaLemma:89094,04903813-n,atributo,firmeza de espírito sob estresse,equanimidade
animus,lilaLemma:89094,04903813-n,atributo,firmeza de espírito sob estresse,coragem
animus,lilaLemma:89094,04903813-n,atributo,firmeza de espírito sob estresse,fleima
animus,lilaLemma:89094,04903813-n,atributo,firmeza de espírito sob estresse,fleuma
animus,lilaLemma:89094,04903813-n,atributo,firmeza de espírito sob estresse,imobilidade
animus,lilaLemma:89094,04903813-n,atributo,firmeza de espírito sob estresse,impassibilidade
animus,lilaLemma:89094,04903813-n,atributo,firmeza de espírito sob estresse,imperturbabilidade
animus,lilaLemma:89094,04903813-n,atributo,firmeza de espírito sob estresse,ponderação
animus,lilaLemma:89094,04903813-n,atributo,firmeza de espírito sob estresse,quietação
animus,lilaLemma:89094,04903813-n,atributo,firmeza de espírito sob estresse,sangue-frio
animus,lilaLemma:89094,04903813-n,atributo,firmeza de espírito sob estresse,serenidade
animus,lilaLemma:89094,04903813-n,atributo,firmeza de espírito sob estresse,tranquilidade
animus,lilaLemma:89094,05675130-n,cognição,um estado de alerta cognitivo no qual você está consciente de si mesmo e sua situação,Estudos da consciência
animus,lilaLemma:89094,05675130-n,cognição,um estado de alerta cognitivo no qual você está consciente de si mesmo e sua situação,consciência
animus,lilaLemma:89094,05675130-n,cognição,um estado de alerta cognitivo no qual você está consciente de si mesmo e sua situação,conhecimento
animus,lilaLemma:89094,05675130-n,cognição,um estado de alerta cognitivo no qual você está consciente de si mesmo e sua situação,sentido
animus,lilaLemma:89094,05919263-n,cognição,o locus de sentimentos e intuições,coração
animus,lilaLemma:89094,05919263-n,cognição,o locus de sentimentos e intuições,alma
animus,lilaLemma:89094,05919263-n,cognição,o locus de sentimentos e intuições,cor
animus,lilaLemma:89094,05919263-n,cognição,o locus de sentimentos e intuições,entranha
animus,lilaLemma:89094,05919263-n,cognição,o locus de sentimentos e intuições,peito
animus,lilaLemma:89094,05919263-n,cognição,o locus de sentimentos e intuições,íntimo
animus,lilaLemma:89094,09621545-n,pessoa,uma pessoa que usa a mente criativa,intelecto
animus,lilaLemma:89094,09621545-n,pessoa,uma pessoa que usa a mente criativa,intelectual
animus,lilaLemma:89094,05611302-n,cognição,o que é responsável para os pensamentos e sentimentos; a sede da faculdade da razão,cabeça
animus,lilaLemma:89094,05611302-n,cognição,o que é responsável para os pensamentos e sentimentos; a sede da faculdade da razão,mente
animus,lilaLemma:89094,05611302-n,cognição,o que é responsável para os pensamentos e sentimentos; a sede da faculdade da razão,psique
animus,lilaLemma:89094,05611302-n,cognição,o que é responsável para os pensamentos e sentimentos; a sede da faculdade da razão,cérebro
animus,lilaLemma:89094,10708292-n,pessoa,um intelectual importante,intelectual
animus,lilaLemma:89094,10708292-n,pessoa,um intelectual importante,mente
animus,lilaLemma:89094,10708292-n,pessoa,um intelectual importante,pensador
animus,lilaLemma:89094,05945642-n,cognição,uma crença pessoal ou julgamento que não se baseia em provas ou certeza,opinião
animus,lilaLemma:89094,05945642-n,cognição,uma crença pessoal ou julgamento que não se baseia em provas ou certeza,pensamento
animus,lilaLemma:89094,05945642-n,cognição,uma crença pessoal ou julgamento que não se baseia em provas ou certeza,perspicácia
animus,lilaLemma:89094,05945642-n,cognição,uma crença pessoal ou julgamento que não se baseia em provas ou certeza,parecer
animus,lilaLemma:89094,05945642-n,cognição,uma crença pessoal ou julgamento que não se baseia em provas ou certeza,visão
animus,lilaLemma:89094,14412882-n,estado,o estado de estar contente com a sua situação na vida,contentamento
animus,lilaLemma:89094,14412882-n,estado,o estado de estar contente com a sua situação na vida,satisfação
animus,lilaLemma:89094,04632157-n,atributo,animação e energia na ação ou expressão,alma
animus,lilaLemma:89094,04632157-n,atributo,animação e energia na ação ou expressão,vida
animus,lilaLemma:89094,07490713-n,sentimento,"um sentimento fundamental que é difícil de definir, mas que as pessoas desejam experimentar",prazer
animus,lilaLemma:89094,04883614-n,atributo,o traço de evitar excessos,moderação
animus,lilaLemma:89094,04883614-n,atributo,o traço de evitar excessos,temperança
animus,lilaLemma:89094,05762149-n,cognição,recordação ou lembrança,memória
animus,lilaLemma:89094,05762149-n,cognição,recordação ou lembrança,mente
animus,lilaLemma:89094,05678148-n,cognição,consciência e capacidade de resposta mental,sensibilidade
animus,lilaLemma:89094,07491038-n,sentimento,uma sensação de extremo prazer ou satisfação,alegria
animus,lilaLemma:89094,07491038-n,sentimento,uma sensação de extremo prazer ou satisfação,deleite
animus,lilaLemma:89094,07491038-n,sentimento,uma sensação de extremo prazer ou satisfação,prazer
animus,lilaLemma:89094,05767733-n,cognição,a capacidade de formar imagens mentais de coisas ou eventos,Imaginação
animus,lilaLemma:89094,05767733-n,cognição,a capacidade de formar imagens mentais de coisas ou eventos,imaginação
animus,lilaLemma:89094,05767733-n,cognição,a capacidade de formar imagens mentais de coisas ou eventos,imagem
animus,lilaLemma:89094,05767733-n,cognição,a capacidade de formar imagens mentais de coisas ou eventos,representação
animus,lilaLemma:89094,04620216-n,atributo,o complexo inerente de atributos que determina uma pessoas ações e reações morais e éticos,caráter
animus,lilaLemma:89094,04620216-n,atributo,o complexo inerente de atributos que determina uma pessoas ações e reações morais e éticos,personalidade
animus,lilaLemma:89094,04857083-n,atributo,uma qualidade de espírito que lhe permite enfrentar o perigo ou a dor sem demonstrar medo,coragem
animus,lilaLemma:89094,04857083-n,atributo,uma qualidade de espírito que lhe permite enfrentar o perigo ou a dor sem demonstrar medo,denodo
animus,lilaLemma:89094,04857083-n,atributo,uma qualidade de espírito que lhe permite enfrentar o perigo ou a dor sem demonstrar medo,ânimo
animus,lilaLemma:89094,04857083-n,atributo,uma qualidade de espírito que lhe permite enfrentar o perigo ou a dor sem demonstrar medo,afoiteza
animus,lilaLemma:89094,04857083-n,atributo,uma qualidade de espírito que lhe permite enfrentar o perigo ou a dor sem demonstrar medo,arrojo
animus,lilaLemma:89094,04857083-n,atributo,uma qualidade de espírito que lhe permite enfrentar o perigo ou a dor sem demonstrar medo,braveza
animus,lilaLemma:89094,04857083-n,atributo,uma qualidade de espírito que lhe permite enfrentar o perigo ou a dor sem demonstrar medo,bravura
animus,lilaLemma:89094,04857083-n,atributo,uma qualidade de espírito que lhe permite enfrentar o perigo ou a dor sem demonstrar medo,esforço
animus,lilaLemma:89094,04857083-n,atributo,uma qualidade de espírito que lhe permite enfrentar o perigo ou a dor sem demonstrar medo,heroicidade
animus,lilaLemma:89094,04857083-n,atributo,uma qualidade de espírito que lhe permite enfrentar o perigo ou a dor sem demonstrar medo,heroísmo
animus,lilaLemma:89094,04857083-n,atributo,uma qualidade de espírito que lhe permite enfrentar o perigo ou a dor sem demonstrar medo,intrepidez
animus,lilaLemma:89094,04857083-n,atributo,uma qualidade de espírito que lhe permite enfrentar o perigo ou a dor sem demonstrar medo,peito
animus,lilaLemma:89094,04857083-n,atributo,uma qualidade de espírito que lhe permite enfrentar o perigo ou a dor sem demonstrar medo,valentia
animus,lilaLemma:89094,04857083-n,atributo,uma qualidade de espírito que lhe permite enfrentar o perigo ou a dor sem demonstrar medo,valor
animus,lilaLemma:89094,10627082-n,pessoa,a parte imaterial de uma pessoa; a causa de actuação de uma vida individual,alma
animus,lilaLemma:89094,10627082-n,pessoa,a parte imaterial de uma pessoa; a causa de actuação de uma vida individual,psiquê
animus,lilaLemma:89094,05651680-n,cognição,a capacidade para o pensamento racional ou inferência ou discriminação,entendimento
animus,lilaLemma:89094,05651680-n,cognição,a capacidade para o pensamento racional ou inferência ou discriminação,inteligência
animus,lilaLemma:89094,05651680-n,cognição,a capacidade para o pensamento racional ou inferência ou discriminação,razão
animus,lilaLemma:89094,05651680-n,cognição,a capacidade para o pensamento racional ou inferência ou discriminação,compreensão
animus,lilaLemma:89094,05651680-n,cognição,a capacidade para o pensamento racional ou inferência ou discriminação,intelecto
animus,lilaLemma:89094,05618849-n,cognição,capacidade intelectual e conhecimento,inteligência
animus,lilaLemma:89094,05982152-n,cognição,um resultado antecipado que se destina ou que orienta suas ações planejadas,finalidade
animus,lilaLemma:89094,05982152-n,cognição,um resultado antecipado que se destina ou que orienta suas ações planejadas,intento
animus,lilaLemma:89094,05982152-n,cognição,um resultado antecipado que se destina ou que orienta suas ações planejadas,intenção
animus,lilaLemma:89094,05982152-n,cognição,um resultado antecipado que se destina ou que orienta suas ações planejadas,objectivo
animus,lilaLemma:89094,05982152-n,cognição,um resultado antecipado que se destina ou que orienta suas ações planejadas,objetivo
animus,lilaLemma:89094,05982152-n,cognição,um resultado antecipado que se destina ou que orienta suas ações planejadas,propósito
animus,lilaLemma:89094,05982152-n,cognição,um resultado antecipado que se destina ou que orienta suas ações planejadas,alvo
animus,lilaLemma:89094,05982152-n,cognição,um resultado antecipado que se destina ou que orienta suas ações planejadas,desenho
animus,lilaLemma:89094,05982152-n,cognição,um resultado antecipado que se destina ou que orienta suas ações planejadas,desígnio
animus,lilaLemma:89094,05982152-n,cognição,um resultado antecipado que se destina ou que orienta suas ações planejadas,escopo
animus,lilaLemma:89094,05982152-n,cognição,um resultado antecipado que se destina ou que orienta suas ações planejadas,fim
animus,lilaLemma:89094,05982152-n,cognição,um resultado antecipado que se destina ou que orienta suas ações planejadas,intuito
animus,lilaLemma:89094,05982152-n,cognição,um resultado antecipado que se destina ou que orienta suas ações planejadas,meta
animus,lilaLemma:89094,05982152-n,cognição,um resultado antecipado que se destina ou que orienta suas ações planejadas,mira
animus,lilaLemma:89094,05982152-n,cognição,um resultado antecipado que se destina ou que orienta suas ações planejadas,objeto
animus,lilaLemma:89094,05982152-n,cognição,um resultado antecipado que se destina ou que orienta suas ações planejadas,plano
animus,lilaLemma:89094,05982152-n,cognição,um resultado antecipado que se destina ou que orienta suas ações planejadas,resolução
animus,lilaLemma:89094,05982152-n,cognição,um resultado antecipado que se destina ou que orienta suas ações planejadas,tenção
animus,lilaLemma:89094,00163233-n,ação,um ato de intenção; uma volição que você pretende realizar,intenção
annus,lilaLemma:89129,00295172-n,ação,"movimento, uma vez em torno de um curso",ciclo
annus,lilaLemma:89129,00295172-n,ação,"movimento, uma vez em torno de um curso",circuito
annus,lilaLemma:89129,00295172-n,ação,"movimento, uma vez em torno de um curso",círculo
annus,lilaLemma:89129,00295172-n,ação,"movimento, uma vez em torno de um curso",volta
annus,lilaLemma:89129,15201505-n,tempo,"o período de tempo que leva para um planeta (como, por exemplo, a Terra ou Marte) para fazer uma revolução completa em torno do Sol",ano
annus,lilaLemma:89129,15201505-n,tempo,"o período de tempo que leva para um planeta (como, por exemplo, a Terra ou Marte) para fazer uma revolução completa em torno do Sol",año
annus,lilaLemma:89129,15242955-n,tempo,um período de tempo prolongado,idade
annus,lilaLemma:89129,15159819-n,tempo,um determinado dia especificado como o tempo de algo acontecer,data
annus,lilaLemma:89129,04924103-n,atributo,quanto tempo algo existiu,idade
annus,lilaLemma:89129,15204297-n,tempo,um período de tempo ocupando uma parte regular de um ano de calendário que é usado para alguma atividade especial,ano
annus,lilaLemma:89129,15113229-n,tempo,periodo de tempo,etapa
annus,lilaLemma:89129,15113229-n,tempo,periodo de tempo,período
annus,lilaLemma:89129,15113229-n,tempo,periodo de tempo,tempo
annus,lilaLemma:89129,15113229-n,tempo,periodo de tempo,altura
annus,lilaLemma:89129,15113229-n,tempo,periodo de tempo,quartel
annus,lilaLemma:89129,15113229-n,tempo,periodo de tempo,trimestre
annus,lilaLemma:89129,15113229-n,tempo,periodo de tempo,época
annus,lilaLemma:89129,13085864-n,planta,o rendimento a partir de plantas em uma única estação de crescimento,colheita
annus,lilaLemma:89129,13085864-n,planta,o rendimento a partir de plantas em uma única estação de crescimento,safra
annus,lilaLemma:89129,13085864-n,planta,o rendimento a partir de plantas em uma única estação de crescimento,cultura
audio,lilaLemma:90641,02171039-v,percepção,[listen and pay attention],escutar
audio,lilaLemma:90641,02171039-v,percepção,[listen and pay attention],ouvir
audio,lilaLemma:90641,00878348-v,comunicação,ceder de outro desejo ou opinião,aceder
audio,lilaLemma:90641,00878348-v,comunicação,ceder de outro desejo ou opinião,submeter
audio,lilaLemma:90641,00623151-v,cognição,fazer sentido; atribuir um significado à,compreender
audio,lilaLemma:90641,00623151-v,cognição,fazer sentido; atribuir um significado à,entender
audio,lilaLemma:90641,00623151-v,cognição,fazer sentido; atribuir um significado à,construir
audio,lilaLemma:90641,00623151-v,cognição,fazer sentido; atribuir um significado à,interpretar
audio,lilaLemma:90641,00623151-v,cognição,fazer sentido; atribuir um significado à,ver
audio,lilaLemma:90641,00806502-v,comunicação,dar sanção a,aprovar
audio,lilaLemma:90641,00806502-v,comunicação,dar sanção a,dar OK
audio,lilaLemma:90641,00806502-v,comunicação,dar sanção a,deferir
audio,lilaLemma:90641,00806502-v,comunicação,dar sanção a,sancionar
audio,lilaLemma:90641,00635523-v,cognição,compreender o significado da,responder
audio,lilaLemma:90641,02571901-v,relação social,Prestar atenção; dar atenção a,escutar
audio,lilaLemma:90641,02571901-v,relação social,Prestar atenção; dar atenção a,obedecer
audio,lilaLemma:90641,02571901-v,relação social,Prestar atenção; dar atenção a,acatar
audio,lilaLemma:90641,02571901-v,relação social,Prestar atenção; dar atenção a,atender
audio,lilaLemma:90641,02571901-v,relação social,Prestar atenção; dar atenção a,atentar
audio,lilaLemma:90641,02571901-v,relação social,Prestar atenção; dar atenção a,ouvir
audio,lilaLemma:90641,02571901-v,relação social,Prestar atenção; dar atenção a,seguir
audio,lilaLemma:90641,02542795-v,relação social,[be obedient to],obedecer
audio,lilaLemma:90641,02542280-v,relação social,"agir de acordo com as regras, comandos ou desejos de alguém",acatar
audio,lilaLemma:90641,02542280-v,relação social,"agir de acordo com as regras, comandos ou desejos de alguém",conformar
audio,lilaLemma:90641,02542280-v,relação social,"agir de acordo com as regras, comandos ou desejos de alguém",seguir
audio,lilaLemma:90641,02542280-v,relação social,"agir de acordo com as regras, comandos ou desejos de alguém",cumprir
audio,lilaLemma:90641,02600255-v,relação social,[accept and follow the leadership or command or guidance of],seguir
audio,lilaLemma:90641,00591115-v,cognição,perceber (uma idéia ou situação) mentalmente,compreender
audio,lilaLemma:90641,00591115-v,cognição,perceber (uma idéia ou situação) mentalmente,entender
audio,lilaLemma:90641,00591115-v,cognição,perceber (uma idéia ou situação) mentalmente,perceber
audio,lilaLemma:90641,00591115-v,cognição,perceber (uma idéia ou situação) mentalmente,realizar
audio,lilaLemma:90641,00591115-v,cognição,perceber (uma idéia ou situação) mentalmente,ver
audio,lilaLemma:90641,00588888-v,cognição,conhecer e compreender a natureza ou o significado de,compreender
audio,lilaLemma:90641,00588888-v,cognição,conhecer e compreender a natureza ou o significado de,comprender
audio,lilaLemma:90641,00588888-v,cognição,conhecer e compreender a natureza ou o significado de,entender
audio,lilaLemma:90641,00588888-v,cognição,conhecer e compreender a natureza ou o significado de,abranger
audio,lilaLemma:90641,00588888-v,cognição,conhecer e compreender a natureza ou o significado de,concluir
audio,lilaLemma:90641,00588888-v,cognição,conhecer e compreender a natureza ou o significado de,deduzir
audio,lilaLemma:90641,00588888-v,cognição,conhecer e compreender a natureza ou o significado de,depreender
audio,lilaLemma:90641,00588888-v,cognição,conhecer e compreender a natureza ou o significado de,inferir
audio,lilaLemma:90641,00588888-v,cognição,conhecer e compreender a natureza ou o significado de,perceber
audio,lilaLemma:90641,00593852-v,cognição,entender uma lingua,entender
audio,lilaLemma:90641,00593852-v,cognição,entender uma lingua,interpretar
audio,lilaLemma:90641,00593852-v,cognição,entender uma lingua,traduzir
audio,lilaLemma:90641,00593852-v,cognição,entender uma lingua,ler
audio,lilaLemma:90641,02169891-v,percepção,[hear with intention],dar atenção a
audio,lilaLemma:90641,02169891-v,percepção,[hear with intention],escutar
audio,lilaLemma:90641,02169891-v,percepção,[hear with intention],ouvir
audio,lilaLemma:90641,00598954-v,cognição,"conhecer ou tomar conhecimento de, geralmente acidentalmente",achar
audio,lilaLemma:90641,00598954-v,cognição,"conhecer ou tomar conhecimento de, geralmente acidentalmente",descobrir
audio,lilaLemma:90641,00598954-v,cognição,"conhecer ou tomar conhecimento de, geralmente acidentalmente",informar-se
audio,lilaLemma:90641,00598954-v,cognição,"conhecer ou tomar conhecimento de, geralmente acidentalmente",inteirar
audio,lilaLemma:90641,00598954-v,cognição,"conhecer ou tomar conhecimento de, geralmente acidentalmente",ouvir
audio,lilaLemma:90641,00598954-v,cognição,"conhecer ou tomar conhecimento de, geralmente acidentalmente",saber
audio,lilaLemma:90641,00598954-v,cognição,"conhecer ou tomar conhecimento de, geralmente acidentalmente",ver
audio,lilaLemma:90641,02169702-v,percepção,[perceive (sound) via the auditory sense],escutar
audio,lilaLemma:90641,02169702-v,percepção,[perceive (sound) via the auditory sense],ouvir
audio,lilaLemma:90641,02169702-v,percepção,[perceive (sound) via the auditory sense],ouvir dizer
audio,lilaLemma:90641,02169702-v,percepção,[perceive (sound) via the auditory sense],sentir
audio,lilaLemma:90641,02346895-v,posse,"[choose and follow; as of theories, ideas, policies, strategies or plans]",adoptar
audio,lilaLemma:90641,02346895-v,posse,"[choose and follow; as of theories, ideas, policies, strategies or plans]",adotar
audio,lilaLemma:90641,02346895-v,posse,"[choose and follow; as of theories, ideas, policies, strategies or plans]",esposar
audio,lilaLemma:90641,02346895-v,posse,"[choose and follow; as of theories, ideas, policies, strategies or plans]",tomar
bene,lilaLemma:91473,00219110-r,advérbio,de forma agradável,agradavelmente
bene,lilaLemma:91473,00219110-r,advérbio,de forma agradável,de maneira agradável
bene,lilaLemma:91473,00012779-r,advérbio,completamente ou completamente; totalmente; muitas vezes usado como uma forma de combinar,bem
uita,lilaLemma:130393,04632157-n,atributo,animação e energia na ação ou expressão,alma
uita,lilaLemma:130393,04632157-n,atributo,animação e energia na ação ou expressão,vida
uita,lilaLemma:130393,00006269-n,conceito,"coisas vivas, tomadas coletivamente",vida
uita,lilaLemma:130393,13961642-n,estado,a condição de vida ou o estado de estar vivo,animação
uita,lilaLemma:130393,13961642-n,estado,a condição de vida ou o estado de estar vivo,vida
uita,lilaLemma:130393,15140892-n,tempo,o período compreendido entre o presente até a morte,vida
uita,lilaLemma:130393,15140892-n,tempo,o período compreendido entre o presente até a morte,existência
uita,lilaLemma:130393,01215902-n,ação,"a atividade de prover ou manter, fornecendo com dinheiro ou necessidades",amparo
uita,lilaLemma:130393,01215902-n,ação,"a atividade de prover ou manter, fornecendo com dinheiro ou necessidades",suporte
uita,lilaLemma:130393,01215902-n,ação,"a atividade de prover ou manter, fornecendo com dinheiro ou necessidades",ajuda
uita,lilaLemma:130393,01215902-n,ação,"a atividade de prover ou manter, fornecendo com dinheiro ou necessidades",apoio
uita,lilaLemma:130393,01215902-n,ação,"a atividade de prover ou manter, fornecendo com dinheiro ou necessidades",auxílio
uita,lilaLemma:130393,05810561-n,cognição,a experiência de estar vivo; o curso dos acontecimentos humanos e atividades,vida
uita,lilaLemma:130393,05810561-n,cognição,a experiência de estar vivo; o curso dos acontecimentos humanos e atividades,existência
uita,lilaLemma:130393,02472987-n,animal,Todos os habitantes humanos vivos da Terra,espécie humana
uita,lilaLemma:130393,02472987-n,animal,Todos os habitantes humanos vivos da Terra,homem
uita,lilaLemma:130393,02472987-n,animal,Todos os habitantes humanos vivos da Terra,humanidade
uita,lilaLemma:130393,02472987-n,animal,Todos os habitantes humanos vivos da Terra,mundo
uita,lilaLemma:130393,02472987-n,animal,Todos os habitantes humanos vivos da Terra,povo
uita,lilaLemma:130393,02472987-n,animal,Todos os habitantes humanos vivos da Terra,altruísmo
uita,lilaLemma:130393,02472987-n,animal,Todos os habitantes humanos vivos da Terra,filantropia
uita,lilaLemma:130393,13963192-n,estado,um estado característico ou modo de viver,vida
uita,lilaLemma:130393,05693919-n,cognição,algo imaterial assistência a uma pessoa ou causa ou interesse,apoio
uita,lilaLemma:130393,13961399-n,estado,o curso da existência de um indivíduo; as ações e eventos que ocorrem na vida,existência
uita,lilaLemma:130393,13961399-n,estado,o curso da existência de um indivíduo; as ações e eventos que ocorrem na vida,vida
uita,lilaLemma:130393,13954253-n,estado,o estado ou o fato de existir,Existência
uita,lilaLemma:130393,13954253-n,estado,o estado ou o fato de existir,existência
uita,lilaLemma:130393,13954253-n,estado,o estado ou o fato de existir,forma de vida
uita,lilaLemma:130393,13954253-n,estado,o estado ou o fato de existir,ser
uita,lilaLemma:130393,00282613-n,ação,a progressão geral do seu trabalho ou vida profissional,carriera
uita,lilaLemma:130393,00282613-n,ação,a progressão geral do seu trabalho ou vida profissional,carreira
uita,lilaLemma:130393,00282613-n,ação,a progressão geral do seu trabalho ou vida profissional,corrida
uita,lilaLemma:130393,00282613-n,ação,a progressão geral do seu trabalho ou vida profissional,trajetória
uita,lilaLemma:130393,15140405-n,tempo,o período em que algo é funcional (como entre nascimento e morte),duração de uma vida
uita,lilaLemma:130393,15140405-n,tempo,o período em que algo é funcional (como entre nascimento e morte),vida
uita,lilaLemma:130393,06515827-n,comunicação,uma conta da série de eventos que compõem a vida de uma pessoa,biografia
uita,lilaLemma:130393,13962360-n,estado,um meio de sobrevivência,subsistência
uita,lilaLemma:130393,00004475-n,conceito,uma coisa viva que tem (ou pode desenvolver) a habilidade de agir ou funcionar de forma independente,organismo
uita,lilaLemma:130393,00004475-n,conceito,uma coisa viva que tem (ou pode desenvolver) a habilidade de agir ou funcionar de forma independente,ser
uolo,lilaLemma:130745,01824736-v,emoção,preferir ou quiser fazer alguma coisa,desejar
uolo,lilaLemma:130745,01824736-v,emoção,preferir ou quiser fazer alguma coisa,esperar
uolo,lilaLemma:130745,01824736-v,emoção,preferir ou quiser fazer alguma coisa,querer
uolo,lilaLemma:130745,01824736-v,emoção,preferir ou quiser fazer alguma coisa,gostar
uolo,lilaLemma:130745,00709205-v,cognição,desejo ou exigem a presença de,desejar
uolo,lilaLemma:130745,00709205-v,cognição,desejo ou exigem a presença de,querer
uolo,lilaLemma:130745,00709205-v,cognição,desejo ou exigem a presença de,precisar
uolo,lilaLemma:130745,00708538-v,cognição,ter em mente como objetivo,pretender
uolo,lilaLemma:130745,00708538-v,cognição,ter em mente como objetivo,pensar
uolo,lilaLemma:130745,01188725-v,consumo,ter necessidade de alguma coisa,necessitar
uolo,lilaLemma:130745,01188725-v,consumo,ter necessidade de alguma coisa,precisar
uolo,lilaLemma:130745,01188725-v,consumo,ter necessidade de alguma coisa,requerer
uolo,lilaLemma:130745,01188725-v,consumo,ter necessidade de alguma coisa,acertar
uolo,lilaLemma:130745,01188725-v,consumo,ter necessidade de alguma coisa,carecer
uolo,lilaLemma:130745,01188725-v,consumo,ter necessidade de alguma coisa,carecer_de
uolo,lilaLemma:130745,01188725-v,consumo,ter necessidade de alguma coisa,delinear-se
uolo,lilaLemma:130745,01188725-v,consumo,ter necessidade de alguma coisa,esclarecer
uolo,lilaLemma:130745,01188725-v,consumo,ter necessidade de alguma coisa,exigir
uolo,lilaLemma:130745,01188725-v,consumo,ter necessidade de alguma coisa,explicitar
uolo,lilaLemma:130745,01188725-v,consumo,ter necessidade de alguma coisa,necessitar_de
uolo,lilaLemma:130745,01188725-v,consumo,ter necessidade de alguma coisa,ordenar
uolo,lilaLemma:130745,01188725-v,consumo,ter necessidade de alguma coisa,positivar
uolo,lilaLemma:130745,01188725-v,consumo,ter necessidade de alguma coisa,precisar_de
uolo,lilaLemma:130745,01188725-v,consumo,ter necessidade de alguma coisa,querer
uolo,lilaLemma:130745,01188725-v,consumo,ter necessidade de alguma coisa,relembrar
uolo,lilaLemma:130745,00955148-v,comunicação,significar ou ter intenção de expressar ou transmitir,indicar
uolo,lilaLemma:130745,00955148-v,comunicação,significar ou ter intenção de expressar ou transmitir,significar
uolo,lilaLemma:130745,01317064-v,contato,caçar ou procurar; quer por um motivo especial,procurar
uolo,lilaLemma:130745,00797697-v,comunicação,dar uma resposta afirmativa à; responder favoravelmente a,aceitar
uolo,lilaLemma:130745,00797697-v,comunicação,dar uma resposta afirmativa à; responder favoravelmente a,aprovar
uolo,lilaLemma:130745,00797697-v,comunicação,dar uma resposta afirmativa à; responder favoravelmente a,concordar
uolo,lilaLemma:130745,00797697-v,comunicação,dar uma resposta afirmativa à; responder favoravelmente a,consentir
uolo,lilaLemma:130745,01824339-v,emoção,esperar por; ter um desejo,desejar
uolo,lilaLemma:130745,01824339-v,emoção,esperar por; ter um desejo,querer
uolo,lilaLemma:130745,01825237-v,emoção,sentir ou ter desejo por; querer fortemente;,ansiar
uolo,lilaLemma:130745,01825237-v,emoção,sentir ou ter desejo por; querer fortemente;,desejar
uolo,lilaLemma:130745,01825237-v,emoção,sentir ou ter desejo por; querer fortemente;,querer
uolo,lilaLemma:130745,00708980-v,cognição,propor ou intenção,pretender
uolo,lilaLemma:130745,00708980-v,cognição,propor ou intenção,propor
uolo,lilaLemma:130745,00698398-v,cognição,determinar por escolha,querer
bonum,lilaLemma:91351,13370938-n,posse,uma grande quantidade de riqueza,fortuna
bonum,lilaLemma:91351,05624042-n,cognição,habilidades naturais ou qualidades,dom
bonum,lilaLemma:91351,05624042-n,cognição,habilidades naturais ou qualidades,talento
bonum,lilaLemma:91351,04849241-n,atributo,excelência moral ou admirableness,bondade
bonum,lilaLemma:91351,04849241-n,atributo,excelência moral ou admirableness,virtude
bonum,lilaLemma:91351,13244109-n,posse,algo que pertence a alguém; qualquer posse tangível ou intangível que é propriedade de alguém,possessão
bonum,lilaLemma:91351,13244109-n,posse,algo que pertence a alguém; qualquer posse tangível ou intangível que é propriedade de alguém,propriedade
bonum,lilaLemma:91351,13244109-n,posse,algo que pertence a alguém; qualquer posse tangível ou intangível que é propriedade de alguém,pertence
bonum,lilaLemma:91351,05142180-n,atributo,o que é agradável ou valiosa ou útil,bem
bonum,lilaLemma:91351,05142180-n,atributo,o que é agradável ou valiosa ou útil,bom
bonum,lilaLemma:91351,13250930-n,posse,tudo que você possui; todos os seus bens (sejam bens imóveis ou bens pessoais) e passivos,bem
bonum,lilaLemma:91351,13250930-n,posse,tudo que você possui; todos os seus bens (sejam bens imóveis ou bens pessoais) e passivos,bens de raiz
bonum,lilaLemma:91351,13250930-n,posse,tudo que você possui; todos os seus bens (sejam bens imóveis ou bens pessoais) e passivos,fazenda
bonum,lilaLemma:91351,13250930-n,posse,tudo que você possui; todos os seus bens (sejam bens imóveis ou bens pessoais) e passivos,herança
bonum,lilaLemma:91351,13250930-n,posse,tudo que você possui; todos os seus bens (sejam bens imóveis ou bens pessoais) e passivos,património
bonum,lilaLemma:91351,13250930-n,posse,tudo que você possui; todos os seus bens (sejam bens imóveis ou bens pessoais) e passivos,patrimônio
bonum,lilaLemma:91351,13250930-n,posse,tudo que você possui; todos os seus bens (sejam bens imóveis ou bens pessoais) e passivos,propriedade
bonum,lilaLemma:91351,13250930-n,posse,tudo que você possui; todos os seus bens (sejam bens imóveis ou bens pessoais) e passivos,riqueza
bonum,lilaLemma:91351,04839154-n,atributo,conformidade com as regras ou normas,equanimidade
bonum,lilaLemma:91351,04839154-n,atributo,conformidade com as regras ou normas,eqüidade
bonum,lilaLemma:91351,04839154-n,atributo,conformidade com as regras ou normas,justiça
bonum,lilaLemma:91351,05159725-n,atributo,benefícios do sistema,lucro
bonum,lilaLemma:91351,05159725-n,atributo,benefícios do sistema,operacionalidade
bonum,lilaLemma:91351,05159725-n,atributo,benefícios do sistema,utilidade
bonum,lilaLemma:91351,05159725-n,atributo,benefícios do sistema,valor
bonum,lilaLemma:91351,05159725-n,atributo,benefícios do sistema,bem
bonum,lilaLemma:91351,05159725-n,atributo,benefícios do sistema,benefício
bonum,lilaLemma:91351,05159725-n,atributo,benefícios do sistema,interesse
bonum,lilaLemma:91351,05159725-n,atributo,benefícios do sistema,juro
bonum,lilaLemma:91351,14474264-n,estado,um estado desejável,benção
bonum,lilaLemma:91351,14474264-n,estado,um estado desejável,bênção
bonum,lilaLemma:91351,04723816-n,atributo,um atributo essencial e distintiva de algo ou alguém,qualidade
bonum,lilaLemma:91351,05155821-n,atributo,a qualidade de ter uma posição mais favorável ou superior,benefício
bonum,lilaLemma:91351,05155821-n,atributo,a qualidade de ter uma posição mais favorável ou superior,predominância
bonum,lilaLemma:91351,05155821-n,atributo,a qualidade de ter uma posição mais favorável ou superior,vantagem
bonum,lilaLemma:91351,05155821-n,atributo,a qualidade de ter uma posição mais favorável ou superior,qualidade
bonum,lilaLemma:91351,05155821-n,atributo,a qualidade de ter uma posição mais favorável ou superior,superioridade
bonus,lilaLemma:91782,00995775-a,adjetivo,encorajando ou aprovar ou agradável,favorável
bonus,lilaLemma:91782,00633410-a,adjetivo,correta na opinião ou julgamento,bom
bonus,lilaLemma:91782,00633410-a,adjetivo,correta na opinião ou julgamento,certo
bonus,lilaLemma:91782,00633410-a,adjetivo,correta na opinião ou julgamento,correto
bonus,lilaLemma:91782,00633410-a,adjetivo,correta na opinião ou julgamento,recto
bonus,lilaLemma:91782,01123148-a,adjetivo,ter qualidades desejáveis ou positivas especialmente aqueles adequados para a coisa especificada,bom
bonus,lilaLemma:91782,02498708-a,adjetivo,[well grounded in logic or truth or having legal force],válido
bonus,lilaLemma:91782,01372049-a,adjetivo,ter ou mostrando um concurso e natureza atencioso e prestativo; usado especialmente de pessoas e seu comportamento,amável
bonus,lilaLemma:91782,00262792-a,adjetivo,possuindo ou exibindo coragem; capaz de enfrentar e lidar com o perigo ou medo sem vacilar,afoito
bonus,lilaLemma:91782,00262792-a,adjetivo,possuindo ou exibindo coragem; capaz de enfrentar e lidar com o perigo ou medo sem vacilar,arrojado
bonus,lilaLemma:91782,00262792-a,adjetivo,possuindo ou exibindo coragem; capaz de enfrentar e lidar com o perigo ou medo sem vacilar,brava
bonus,lilaLemma:91782,00262792-a,adjetivo,possuindo ou exibindo coragem; capaz de enfrentar e lidar com o perigo ou medo sem vacilar,bravo
bonus,lilaLemma:91782,00262792-a,adjetivo,possuindo ou exibindo coragem; capaz de enfrentar e lidar com o perigo ou medo sem vacilar,corajoso
bonus,lilaLemma:91782,00262792-a,adjetivo,possuindo ou exibindo coragem; capaz de enfrentar e lidar com o perigo ou medo sem vacilar,valente
bonus,lilaLemma:91782,00262792-a,adjetivo,possuindo ou exibindo coragem; capaz de enfrentar e lidar com o perigo ou medo sem vacilar,valoroso
bonus,lilaLemma:91782,00262792-a,adjetivo,possuindo ou exibindo coragem; capaz de enfrentar e lidar com o perigo ou medo sem vacilar,adevão
bonus,lilaLemma:91782,00624026-a,adjetivo,grande ou relativamente grande em número ou quantidade ou a extensão ou grau,considerável
bonus,lilaLemma:91782,00624026-a,adjetivo,grande ou relativamente grande em número ou quantidade ou a extensão ou grau,apreciável
bonus,lilaLemma:91782,00624026-a,adjetivo,grande ou relativamente grande em número ou quantidade ou a extensão ou grau,importante
bonus,lilaLemma:91782,00624026-a,adjetivo,grande ou relativamente grande em número ou quantidade ou a extensão ou grau,notável
bonus,lilaLemma:91782,00624026-a,adjetivo,grande ou relativamente grande em número ou quantidade ou a extensão ou grau,ponderável
bonus,lilaLemma:91782,00624026-a,adjetivo,grande ou relativamente grande em número ou quantidade ou a extensão ou grau,sensível
bonus,lilaLemma:91782,00631391-a,adjetivo,livre de erro; especialmente em conformidade com a verdade ou a verdade,certo
bonus,lilaLemma:91782,00631391-a,adjetivo,livre de erro; especialmente em conformidade com a verdade ou a verdade,correto
bonus,lilaLemma:91782,00631391-a,adjetivo,livre de erro; especialmente em conformidade com a verdade ou a verdade,justo
bonus,lilaLemma:91782,00631391-a,adjetivo,livre de erro; especialmente em conformidade com a verdade ou a verdade,recto
bonus,lilaLemma:91782,02036934-s,adjetivo,[of moral excellence],bom
bonus,lilaLemma:91782,02036934-s,adjetivo,[of moral excellence],direito
bonus,lilaLemma:91782,02036934-s,adjetivo,[of moral excellence],justo
bonus,lilaLemma:91782,01800349-a,adjetivo,proporcionando prazer; estar em harmonia com o seu gosto ou gostos,agradável
bonus,lilaLemma:91782,01800349-a,adjetivo,proporcionando prazer; estar em harmonia com o seu gosto ou gostos,simpático
bonus,lilaLemma:91782,01129977-a,adjetivo,moralmente admirável,boa
bonus,lilaLemma:91782,01129977-a,adjetivo,moralmente admirável,bom
capio,lilaLemma:92686,01104018-v,competição,"superar, geralmente não por culpa ou fraqueza da pessoa que é superada",derrotar
capio,lilaLemma:92686,01104018-v,competição,"superar, geralmente não por culpa ou fraqueza da pessoa que é superada",superar
capio,lilaLemma:92686,01104018-v,competição,"superar, geralmente não por culpa ou fraqueza da pessoa que é superada",vencer
capio,lilaLemma:92686,01104018-v,competição,"superar, geralmente não por culpa ou fraqueza da pessoa que é superada",ultrapassar
capio,lilaLemma:92686,01111028-v,competição,"obtenção de vantagens, tais como pontos, etc.",avançar
capio,lilaLemma:92686,01111028-v,competição,"obtenção de vantagens, tais como pontos, etc.",ganhar
capio,lilaLemma:92686,02236124-v,posse,A única garota que o aceitaria era a filha do moleiro,aceitar
capio,lilaLemma:92686,02236124-v,posse,A única garota que o aceitaria era a filha do moleiro,topar
capio,lilaLemma:92686,02236124-v,posse,A única garota que o aceitaria era a filha do moleiro,querer
capio,lilaLemma:92686,01216004-v,contato,segurar com firmeza,agarrar
capio,lilaLemma:92686,01216004-v,contato,segurar com firmeza,pegar de súbito
capio,lilaLemma:92686,01216004-v,contato,segurar com firmeza,segurar
capio,lilaLemma:92686,01216670-v,contato,ter ou manter em uma de mãos ou aderência,segurar
capio,lilaLemma:92686,01216670-v,contato,ter ou manter em uma de mãos ou aderência,tomar conta
capio,lilaLemma:92686,01216670-v,contato,ter ou manter em uma de mãos ou aderência,aguentar
capio,lilaLemma:92686,01216670-v,contato,ter ou manter em uma de mãos ou aderência,agüentar
capio,lilaLemma:92686,01216670-v,contato,ter ou manter em uma de mãos ou aderência,sujeitar
capio,lilaLemma:92686,01216670-v,contato,ter ou manter em uma de mãos ou aderência,sustentar
capio,lilaLemma:92686,00737476-v,cognição,capturar a atenção ou a imaginação de,capturar
capio,lilaLemma:92686,00737476-v,cognição,capturar a atenção ou a imaginação de,prender
capio,lilaLemma:92686,02475922-v,relação social,"[assign a duty, responsibility or obligation to]",nomear
capio,lilaLemma:92686,02475922-v,relação social,"[assign a duty, responsibility or obligation to]",responsabilizar
capio,lilaLemma:92686,02475922-v,relação social,"[assign a duty, responsibility or obligation to]",designar
capio,lilaLemma:92686,02238085-v,posse,[come into possession of],obter
capio,lilaLemma:92686,02238085-v,posse,[come into possession of],adquirir
capio,lilaLemma:92686,02238085-v,posse,[come into possession of],conseguir
capio,lilaLemma:92686,01480469-v,contato,absorver e reter,guardar
capio,lilaLemma:92686,01480469-v,contato,absorver e reter,capturar
capio,lilaLemma:92686,02292125-v,posse,[obtain],auferir
capio,lilaLemma:92686,02292125-v,posse,[obtain],ganhar
capio,lilaLemma:92686,02292125-v,posse,[obtain],receber
capio,lilaLemma:92686,02020590-v,movimento,"chegar ao destino, real ou abstrato",alcançar
capio,lilaLemma:92686,02020590-v,movimento,"chegar ao destino, real ou abstrato",chegar
capio,lilaLemma:92686,02020590-v,movimento,"chegar ao destino, real ou abstrato",atingir
capio,lilaLemma:92686,02020590-v,movimento,"chegar ao destino, real ou abstrato",conseguir
capio,lilaLemma:92686,02020590-v,movimento,"chegar ao destino, real ou abstrato",ganhar
capio,lilaLemma:92686,00050652-v,corpo,colocar roupas no corpo,caber
capio,lilaLemma:92686,00050652-v,corpo,colocar roupas no corpo,colocar
capio,lilaLemma:92686,00050652-v,corpo,colocar roupas no corpo,pôr
capio,lilaLemma:92686,00050652-v,corpo,colocar roupas no corpo,usar
capio,lilaLemma:92686,00050652-v,corpo,colocar roupas no corpo,vestir
capio,lilaLemma:92686,02315938-v,posse,[receive from a predecessor],herdar
capio,lilaLemma:92686,00769553-v,comunicação,"fazer (alguém) concordar, entender ou perceber a verdade ou validade de algo",convencer
capio,lilaLemma:92686,00769553-v,comunicação,"fazer (alguém) concordar, entender ou perceber a verdade ou validade de algo",persuadir
capio,lilaLemma:92686,01017826-v,comunicação,reivindicar como devido ou apenas,demandar
capio,lilaLemma:92686,01017826-v,comunicação,reivindicar como devido ou apenas,exigir
capio,lilaLemma:92686,01817314-v,emoção,manter enfeitiçado,encantar
capio,lilaLemma:92686,01817314-v,emoção,manter enfeitiçado,agadanhar
capio,lilaLemma:92686,01817314-v,emoção,manter enfeitiçado,alegrar
capio,lilaLemma:92686,01817314-v,emoção,manter enfeitiçado,arrebatar
capio,lilaLemma:92686,01817314-v,emoção,manter enfeitiçado,assombrar
capio,lilaLemma:92686,01817314-v,emoção,manter enfeitiçado,cativar
capio,lilaLemma:92686,01817314-v,emoção,manter enfeitiçado,conquistar
capio,lilaLemma:92686,01817314-v,emoção,manter enfeitiçado,deleitar
capio,lilaLemma:92686,01817314-v,emoção,manter enfeitiçado,deliciar
capio,lilaLemma:92686,01817314-v,emoção,manter enfeitiçado,embeiçar
capio,lilaLemma:92686,01817314-v,emoção,manter enfeitiçado,embevecer
capio,lilaLemma:92686,01817314-v,emoção,manter enfeitiçado,engodar
capio,lilaLemma:92686,01817314-v,emoção,manter enfeitiçado,enlevar
capio,lilaLemma:92686,01817314-v,emoção,manter enfeitiçado,extasiar
capio,lilaLemma:92686,01817314-v,emoção,manter enfeitiçado,fascinar
capio,lilaLemma:92686,01817314-v,emoção,manter enfeitiçado,maravilhar
capio,lilaLemma:92686,01817314-v,emoção,manter enfeitiçado,regalar
capio,lilaLemma:92686,01817314-v,emoção,manter enfeitiçado,transportar
capio,lilaLemma:92686,01797730-v,emoção,causar grande infelicidade em alguem,acabrunhar
capio,lilaLemma:92686,01797730-v,emoção,causar grande infelicidade em alguem,afligir
capio,lilaLemma:92686,01797730-v,emoção,causar grande infelicidade em alguem,angustiar
capio,lilaLemma:92686,00522751-v,mudança,receber um tratamento específico,incorrer
capio,lilaLemma:92686,00522751-v,mudança,receber um tratamento específico,obter
capio,lilaLemma:92686,00522751-v,mudança,receber um tratamento específico,receber
capio,lilaLemma:92686,01806505-v,emoção,atrair; impressionar para enamorar-se,cativar
capio,lilaLemma:92686,01806505-v,emoção,atrair; impressionar para enamorar-se,deleitar
capio,lilaLemma:92686,01806505-v,emoção,atrair; impressionar para enamorar-se,deliciar
capio,lilaLemma:92686,01806505-v,emoção,atrair; impressionar para enamorar-se,encantar
capio,lilaLemma:92686,01806505-v,emoção,atrair; impressionar para enamorar-se,fascinar
capio,lilaLemma:92686,00065639-v,corpo,ser acometido de lesões e doenças,contrair
capio,lilaLemma:92686,00065639-v,corpo,ser acometido de lesões e doenças,sofrer
capio,lilaLemma:92686,00065639-v,corpo,ser acometido de lesões e doenças,ter
capio,lilaLemma:92686,02575082-v,relação social,[be false to; be dishonest with],enganar
capio,lilaLemma:92686,02575082-v,relação social,[be false to; be dishonest with],iludir
capio,lilaLemma:92686,02575082-v,relação social,[be false to; be dishonest with],lograr
capio,lilaLemma:92686,00524682-v,mudança,"assumir uma certa forma, atributo ou aspecto",adotar
capio,lilaLemma:92686,00524682-v,mudança,"assumir uma certa forma, atributo ou aspecto",assumir
capio,lilaLemma:92686,00524682-v,mudança,"assumir uma certa forma, atributo ou aspecto",adoptar
capio,lilaLemma:92686,00524682-v,mudança,"assumir uma certa forma, atributo ou aspecto",adquirir
capio,lilaLemma:92686,00674607-v,cognição,"escolher, selecionar de um numero de alternativas",escolher
capio,lilaLemma:92686,00674607-v,cognição,"escolher, selecionar de um numero de alternativas",seleccionar
capio,lilaLemma:92686,00674607-v,cognição,"escolher, selecionar de um numero de alternativas",selecionar
capio,lilaLemma:92686,00674607-v,cognição,"escolher, selecionar de um numero de alternativas",apanhar
capio,lilaLemma:92686,00674607-v,cognição,"escolher, selecionar de um numero de alternativas",eleger
capio,lilaLemma:92686,00674607-v,cognição,"escolher, selecionar de um numero de alternativas",optar
capio,lilaLemma:92686,00674607-v,cognição,"escolher, selecionar de um numero de alternativas",pegar
capio,lilaLemma:92686,02701210-v,estado,ser capaz de manter ou conter,caber
capio,lilaLemma:92686,02701210-v,estado,ser capaz de manter ou conter,conter
capio,lilaLemma:92686,01328012-v,contato,"causar a tornar-se acidentalmente ou de repente pego, enlaçados, ou emaranhados",prender
capio,lilaLemma:92686,01328012-v,contato,"causar a tornar-se acidentalmente ou de repente pego, enlaçados, ou emaranhados",capturar
capio,lilaLemma:92686,01439190-v,contato,"segurar de forma a prender, restringir, interromper o movimento de algo",agarrar
capio,lilaLemma:92686,01439190-v,contato,"segurar de forma a prender, restringir, interromper o movimento de algo",segurar
capio,lilaLemma:92686,02241107-v,posse,[obtain by coercion or intimidation],extorquir
capio,lilaLemma:92686,02579447-v,relação social,corromper moralmente ou por intemperança ou sensualidade,aviltar
capio,lilaLemma:92686,02579447-v,relação social,corromper moralmente ou por intemperança ou sensualidade,corromper
capio,lilaLemma:92686,02579447-v,relação social,corromper moralmente ou por intemperança ou sensualidade,depravar
capio,lilaLemma:92686,02579447-v,relação social,corromper moralmente ou por intemperança ou sensualidade,desvirtuar
capio,lilaLemma:92686,02579447-v,relação social,corromper moralmente ou por intemperança ou sensualidade,perverter
capio,lilaLemma:92686,02579447-v,relação social,corromper moralmente ou por intemperança ou sensualidade,subverter
capio,lilaLemma:92686,02579447-v,relação social,corromper moralmente ou por intemperança ou sensualidade,viciar
capio,lilaLemma:92686,02579447-v,relação social,corromper moralmente ou por intemperança ou sensualidade,abastardar
capio,lilaLemma:92686,02579447-v,relação social,corromper moralmente ou por intemperança ou sensualidade,adulterar
capio,lilaLemma:92686,02579447-v,relação social,corromper moralmente ou por intemperança ou sensualidade,agalegar
capio,lilaLemma:92686,02579447-v,relação social,corromper moralmente ou por intemperança ou sensualidade,alterar
capio,lilaLemma:92686,02579447-v,relação social,corromper moralmente ou por intemperança ou sensualidade,apostemar
capio,lilaLemma:92686,02579447-v,relação social,corromper moralmente ou por intemperança ou sensualidade,contaminar
capio,lilaLemma:92686,02579447-v,relação social,corromper moralmente ou por intemperança ou sensualidade,corroer
capio,lilaLemma:92686,02579447-v,relação social,corromper moralmente ou por intemperança ou sensualidade,corrompido
capio,lilaLemma:92686,02579447-v,relação social,corromper moralmente ou por intemperança ou sensualidade,corrupto
capio,lilaLemma:92686,02579447-v,relação social,corromper moralmente ou por intemperança ou sensualidade,debochar
capio,lilaLemma:92686,02579447-v,relação social,corromper moralmente ou por intemperança ou sensualidade,deformar
capio,lilaLemma:92686,02579447-v,relação social,corromper moralmente ou por intemperança ou sensualidade,degenerar
capio,lilaLemma:92686,02579447-v,relação social,corromper moralmente ou por intemperança ou sensualidade,degradar
capio,lilaLemma:92686,02579447-v,relação social,corromper moralmente ou por intemperança ou sensualidade,depravado
capio,lilaLemma:92686,02579447-v,relação social,corromper moralmente ou por intemperança ou sensualidade,derrancar
capio,lilaLemma:92686,02579447-v,relação social,corromper moralmente ou por intemperança ou sensualidade,descarreirar
capio,lilaLemma:92686,02579447-v,relação social,corromper moralmente ou por intemperança ou sensualidade,desencaminhar
capio,lilaLemma:92686,02579447-v,relação social,corromper moralmente ou por intemperança ou sensualidade,desencarreirar
capio,lilaLemma:92686,02579447-v,relação social,corromper moralmente ou por intemperança ou sensualidade,desmanchar
capio,lilaLemma:92686,02579447-v,relação social,corromper moralmente ou por intemperança ou sensualidade,desmoralizar
capio,lilaLemma:92686,02579447-v,relação social,corromper moralmente ou por intemperança ou sensualidade,desregrar
capio,lilaLemma:92686,02579447-v,relação social,corromper moralmente ou por intemperança ou sensualidade,devassar
capio,lilaLemma:92686,02579447-v,relação social,corromper moralmente ou por intemperança ou sensualidade,devasso
capio,lilaLemma:92686,02579447-v,relação social,corromper moralmente ou por intemperança ou sensualidade,dissoluto
capio,lilaLemma:92686,02579447-v,relação social,corromper moralmente ou por intemperança ou sensualidade,eivar
capio,lilaLemma:92686,02579447-v,relação social,corromper moralmente ou por intemperança ou sensualidade,empestar
capio,lilaLemma:92686,02579447-v,relação social,corromper moralmente ou por intemperança ou sensualidade,estragado
capio,lilaLemma:92686,02579447-v,relação social,corromper moralmente ou por intemperança ou sensualidade,estragar
capio,lilaLemma:92686,02579447-v,relação social,corromper moralmente ou por intemperança ou sensualidade,gangrenar
capio,lilaLemma:92686,02579447-v,relação social,corromper moralmente ou por intemperança ou sensualidade,insidiar
capio,lilaLemma:92686,02579447-v,relação social,corromper moralmente ou por intemperança ou sensualidade,minar
capio,lilaLemma:92686,02579447-v,relação social,corromper moralmente ou por intemperança ou sensualidade,pervertido
capio,lilaLemma:92686,02579447-v,relação social,corromper moralmente ou por intemperança ou sensualidade,prevaricar
capio,lilaLemma:92686,02579447-v,relação social,corromper moralmente ou por intemperança ou sensualidade,profanar
capio,lilaLemma:92686,02579447-v,relação social,corromper moralmente ou por intemperança ou sensualidade,relaxar
capio,lilaLemma:92686,02579447-v,relação social,corromper moralmente ou por intemperança ou sensualidade,transviar
capio,lilaLemma:92686,02579447-v,relação social,corromper moralmente ou por intemperança ou sensualidade,ulcerar
capio,lilaLemma:92686,00679937-v,cognição,Consulte ajuste ou adequada para agir de uma certa maneira; decidir para agir de uma certa maneira,escolher
capio,lilaLemma:92686,02209936-v,posse,[make use of or accept for some purpose],assumir
capio,lilaLemma:92686,02209936-v,posse,[make use of or accept for some purpose],admitir
capio,lilaLemma:92686,01131473-v,competição,"reter, como de um perigo ou um inimigo; verificar a expansão ou a influência de",conter
capio,lilaLemma:92686,01131473-v,competição,"reter, como de um perigo ou um inimigo; verificar a expansão ou a influência de",resistir
capio,lilaLemma:92686,02510337-v,relação social,[lessen the intensity of; temper; hold in restraint; hold or keep within limits],controlar
capio,lilaLemma:92686,02510337-v,relação social,[lessen the intensity of; temper; hold in restraint; hold or keep within limits],limitar
capio,lilaLemma:92686,02510337-v,relação social,[lessen the intensity of; temper; hold in restraint; hold or keep within limits],refrear
capio,lilaLemma:92686,02394183-v,relação social,"assumir, posições ou funções",ocupar
capio,lilaLemma:92686,02394183-v,relação social,"assumir, posições ou funções",assumir
capio,lilaLemma:92686,02394183-v,relação social,"assumir, posições ou funções",tomar
capio,lilaLemma:92686,02315525-v,posse,[obtain from someone after their death],herdar
capio,lilaLemma:92686,02315525-v,posse,[obtain from someone after their death],herança
capio,lilaLemma:92686,02629535-v,estado,[include or contain; have as a component],abranger
capio,lilaLemma:92686,02629535-v,estado,[include or contain; have as a component],conter
capio,lilaLemma:92686,02629535-v,estado,[include or contain; have as a component],incluir
capio,lilaLemma:92686,02629535-v,estado,[include or contain; have as a component],incorporar
capio,lilaLemma:92686,02629535-v,estado,[include or contain; have as a component],integrar
capio,lilaLemma:92686,01651293-v,criação,Começar uma atividade ou projeto,empreender
capio,lilaLemma:92686,01651293-v,criação,Começar uma atividade ou projeto,tentar
capio,lilaLemma:92686,02679012-v,estado,provar-se capaz ou encaixar-se; atender requisitos,qualificar
capio,lilaLemma:92686,02679012-v,estado,provar-se capaz ou encaixar-se; atender requisitos,qualificar-se
capio,lilaLemma:92686,02700867-v,estado,conter ou deter; ter dentro,compreender
capio,lilaLemma:92686,02700867-v,estado,conter ou deter; ter dentro,conter
capio,lilaLemma:92686,02700867-v,estado,conter ou deter; ter dentro,incluir
capio,lilaLemma:92686,02700867-v,estado,conter ou deter; ter dentro,ter
capio,lilaLemma:92686,02700867-v,estado,conter ou deter; ter dentro,levar
capio,lilaLemma:92686,02700867-v,estado,conter ou deter; ter dentro,portar
capio,lilaLemma:92686,02700867-v,estado,conter ou deter; ter dentro,possuir
capio,lilaLemma:92686,02700867-v,estado,conter ou deter; ter dentro,suportar
capio,lilaLemma:92686,02700867-v,estado,conter ou deter; ter dentro,sustentar
capio,lilaLemma:92686,02272549-v,posse,"[take possession of by force, as after an invasion]",apropriar-se
capio,lilaLemma:92686,02272549-v,posse,"[take possession of by force, as after an invasion]",capturar
capio,lilaLemma:92686,02272549-v,posse,"[take possession of by force, as after an invasion]",conquistar
capio,lilaLemma:92686,02272549-v,posse,"[take possession of by force, as after an invasion]",tomar
capio,lilaLemma:92686,01773130-v,emoção,"manter (a teoria, pensamentos, ou sentimentos)",considerar
capio,lilaLemma:92686,01773130-v,emoção,"manter (a teoria, pensamentos, ou sentimentos)",entreter
capio,lilaLemma:92686,01773130-v,emoção,"manter (a teoria, pensamentos, ou sentimentos)",guardar
capio,lilaLemma:92686,01773130-v,emoção,"manter (a teoria, pensamentos, ou sentimentos)",manter
capio,lilaLemma:92686,01773130-v,emoção,"manter (a teoria, pensamentos, ou sentimentos)",sustentar
capio,lilaLemma:92686,01320009-v,contato,"coletar, a partir de produtos naturais",colher
capio,lilaLemma:92686,01320009-v,contato,"coletar, a partir de produtos naturais",respigar
capio,lilaLemma:92686,01480770-v,contato,pegar ou como se estivesse em uma armadilha,arapucar
capio,lilaLemma:92686,01480770-v,contato,pegar ou como se estivesse em uma armadilha,armadilhar
capio,lilaLemma:92686,01214265-v,contato,"pegar com as mãos, tomar (fisicamente)",agarrar
capio,lilaLemma:92686,01214265-v,contato,"pegar com as mãos, tomar (fisicamente)",pegar
capio,lilaLemma:92686,01214265-v,contato,"pegar com as mãos, tomar (fisicamente)",tomar
capio,lilaLemma:92686,01214265-v,contato,"pegar com as mãos, tomar (fisicamente)",apanhar
capio,lilaLemma:92686,01214265-v,contato,"pegar com as mãos, tomar (fisicamente)",segurar
capio,lilaLemma:92686,02678839-v,estado,[cause to be interested or curious],atrair
capio,lilaLemma:92686,02678839-v,estado,[cause to be interested or curious],intrigar
capio,lilaLemma:92686,02678839-v,estado,[cause to be interested or curious],fascinar
capio,lilaLemma:92686,00588221-v,cognição,pegar o sentido de algo,compreender
capio,lilaLemma:92686,00588221-v,cognição,pegar o sentido de algo,entender
capio,lilaLemma:92686,01215421-v,contato,"sucesso na captura ou apreensão, especialmente depois de uma perseguição",capturar
capio,lilaLemma:92686,01215421-v,contato,"sucesso na captura ou apreensão, especialmente depois de uma perseguição",pegar
capio,lilaLemma:92686,01480149-v,contato,"capturar caçando, ou prendendo",apanhar
capio,lilaLemma:92686,01480149-v,contato,"capturar caçando, ou prendendo",capturar
capio,lilaLemma:92686,01215137-v,contato,pegar em custódia,apreender
capio,lilaLemma:92686,01215137-v,contato,pegar em custódia,prender
capio,lilaLemma:92686,01215137-v,contato,pegar em custódia,aferrolhar
capio,lilaLemma:92686,01215137-v,contato,pegar em custódia,apresar
capio,lilaLemma:92686,01215137-v,contato,pegar em custódia,aprisionar
capio,lilaLemma:92686,01215137-v,contato,pegar em custódia,capturar
capio,lilaLemma:92686,01215137-v,contato,pegar em custódia,clausurar
capio,lilaLemma:92686,01215137-v,contato,pegar em custódia,deter
capio,lilaLemma:92686,01215137-v,contato,pegar em custódia,enclausurar
capio,lilaLemma:92686,01215137-v,contato,pegar em custódia,ferrolhar
capio,lilaLemma:92686,01215137-v,contato,pegar em custódia,pegar
capio,lilaLemma:92686,01215137-v,contato,pegar em custódia,pregar
capio,lilaLemma:92686,01215137-v,contato,pegar em custódia,segurar
capio,lilaLemma:92686,02241621-v,posse,[obtain through intimidation],extorquir
capio,lilaLemma:92686,02241621-v,posse,[obtain through intimidation],arrancar
castra,lilaLemma:138599,00973077-n,ação,o travamento de conflito armado contra um inimigo,guerra
castra,lilaLemma:138599,02944826-n,artefato,Alojamento temporário especialmente construído pelo exército de soldados,acampamento
castra,lilaLemma:138599,00282840-n,ação,um avanço constante,marcha
castra,lilaLemma:138599,00282840-n,ação,um avanço constante,progresso
castra,lilaLemma:138599,00282840-n,ação,um avanço constante,andamento
castra,lilaLemma:138599,00282840-n,ação,um avanço constante,passeata
castra,lilaLemma:138599,05853100-n,cognição,um aspecto particular da vida ou atividade,sector
castra,lilaLemma:138599,05853100-n,cognição,um aspecto particular da vida ou atividade,setor
castra,lilaLemma:138599,05853100-n,cognição,um aspecto particular da vida ou atividade,campo
castra,lilaLemma:138599,05853100-n,cognição,um aspecto particular da vida ou atividade,esfera
castra,lilaLemma:138599,05853100-n,cognição,um aspecto particular da vida ou atividade,âmbito
castra,lilaLemma:138599,02980441-n,artefato,um grande edifício anteriormente ocupado por uma régua e fortificada contra o ataque,castelo
castra,lilaLemma:138599,03386011-n,artefato,uma estrutura defensiva fortificada,fortaleza
castra,lilaLemma:138599,03386011-n,artefato,uma estrutura defensiva fortificada,forte
castra,lilaLemma:138599,08183290-n,grupo,um grande número de pessoas unidas por algum propósito específico,exército
castra,lilaLemma:138599,08183290-n,grupo,um grande número de pessoas unidas por algum propósito específico,multidão
castra,lilaLemma:138599,03420559-n,artefato,"um posto militar fortificado, onde as tropas estão estacionadas",guarnição
causa,lilaLemma:93253,06739990-n,comunicação,uma explicação da causa de algum fenómeno,porquê
causa,lilaLemma:93253,06739990-n,comunicação,uma explicação da causa de algum fenómeno,razão
causa,lilaLemma:93253,06739990-n,comunicação,uma explicação da causa de algum fenómeno,motivo
causa,lilaLemma:93253,05651680-n,cognição,a capacidade para o pensamento racional ou inferência ou discriminação,entendimento
causa,lilaLemma:93253,05651680-n,cognição,a capacidade para o pensamento racional ou inferência ou discriminação,inteligência
causa,lilaLemma:93253,05651680-n,cognição,a capacidade para o pensamento racional ou inferência ou discriminação,razão
causa,lilaLemma:93253,05651680-n,cognição,a capacidade para o pensamento racional ou inferência ou discriminação,compreensão
causa,lilaLemma:93253,05651680-n,cognição,a capacidade para o pensamento racional ou inferência ou discriminação,intelecto
causa,lilaLemma:93253,04923743-n,atributo,propriedades atribuíveis à sua ascendência,extração
causa,lilaLemma:93253,04923743-n,atributo,propriedades atribuíveis à sua ascendência,origem
causa,lilaLemma:93253,05814291-n,cognição,alguma situação ou evento que é pensado,assunto
causa,lilaLemma:93253,05814291-n,cognição,alguma situação ou evento que é pensado,matéria
causa,lilaLemma:93253,05814291-n,cognição,alguma situação ou evento que é pensado,tema
causa,lilaLemma:93253,05814291-n,cognição,alguma situação ou evento que é pensado,tópico
causa,lilaLemma:93253,05814291-n,cognição,alguma situação ou evento que é pensado,carne
causa,lilaLemma:93253,05814291-n,cognição,alguma situação ou evento que é pensado,corpo
causa,lilaLemma:93253,05814291-n,cognição,alguma situação ou evento que é pensado,justa
causa,lilaLemma:93253,05814291-n,cognição,alguma situação ou evento que é pensado,pendência
causa,lilaLemma:93253,05814291-n,cognição,alguma situação ou evento que é pensado,pretexto
causa,lilaLemma:93253,05814291-n,cognição,alguma situação ou evento que é pensado,questão
causa,lilaLemma:93253,05814291-n,cognição,alguma situação ou evento que é pensado,qüestão
causa,lilaLemma:93253,00007347-n,conceito,qualquer entidade que produz um efeito ou é responsável por eventos ou resultados,causa
causa,lilaLemma:93253,00007347-n,conceito,qualquer entidade que produz um efeito ou é responsável por eventos ou resultados,causador
causa,lilaLemma:93253,00007347-n,conceito,qualquer entidade que produz um efeito ou é responsável por eventos ou resultados,agente_causal
causa,lilaLemma:93253,06740402-n,comunicação,uma justificativa para algo existente ou a acontecer,causa
causa,lilaLemma:93253,06740402-n,comunicação,uma justificativa para algo existente ou a acontecer,fundamento
causa,lilaLemma:93253,06740402-n,comunicação,uma justificativa para algo existente ou a acontecer,motivo
causa,lilaLemma:93253,06740402-n,comunicação,uma justificativa para algo existente ou a acontecer,razão
causa,lilaLemma:93253,06599788-n,comunicação,o assunto de uma conversa ou discussão,assunto
causa,lilaLemma:93253,06599788-n,comunicação,o assunto de uma conversa ou discussão,matéria
causa,lilaLemma:93253,06599788-n,comunicação,o assunto de uma conversa ou discussão,tema
causa,lilaLemma:93253,06599788-n,comunicação,o assunto de uma conversa ou discussão,tópico
causa,lilaLemma:93253,06599788-n,comunicação,o assunto de uma conversa ou discussão,conteúdo
causa,lilaLemma:93253,06599788-n,comunicação,o assunto de uma conversa ou discussão,fundo
causa,lilaLemma:93253,06599788-n,comunicação,o assunto de uma conversa ou discussão,ideia
causa,lilaLemma:93253,06599788-n,comunicação,o assunto de uma conversa ou discussão,objeto
causa,lilaLemma:93253,06599788-n,comunicação,o assunto de uma conversa ou discussão,temática
causa,lilaLemma:93253,06599788-n,comunicação,o assunto de uma conversa ou discussão,terreno
causa,lilaLemma:93253,06009086-n,cognição,o ponto de intersecção de eixos de coordenadas; em que os valores das coordenadas são todos zero,origem
causa,lilaLemma:93253,06009086-n,cognição,o ponto de intersecção de eixos de coordenadas; em que os valores das coordenadas são todos zero,Origem de coordenadas
causa,lilaLemma:93253,01182654-n,ação,um termo abrangente para qualquer processo em um tribunal de direito segundo o qual um indivíduo procura uma solução jurídica,causa
causa,lilaLemma:93253,01182654-n,ação,um termo abrangente para qualquer processo em um tribunal de direito segundo o qual um indivíduo procura uma solução jurídica,pleito
causa,lilaLemma:93253,01182654-n,ação,um termo abrangente para qualquer processo em um tribunal de direito segundo o qual um indivíduo procura uma solução jurídica,processo
causa,lilaLemma:93253,01182654-n,ação,um termo abrangente para qualquer processo em um tribunal de direito segundo o qual um indivíduo procura uma solução jurídica,processo judicial
causa,lilaLemma:93253,01195867-n,ação,"(Lei) a determinação da culpa ou inocência de uma pessoa, atraves do processo legal apropriado",julgamento
causa,lilaLemma:93253,01195867-n,ação,"(Lei) a determinação da culpa ou inocência de uma pessoa, atraves do processo legal apropriado",juízo
causa,lilaLemma:93253,01195867-n,ação,"(Lei) a determinação da culpa ou inocência de uma pessoa, atraves do processo legal apropriado",processo
causa,lilaLemma:93253,05819149-n,cognição,fato que justifica logicamente alguma premissa ou conclusão,motivo
causa,lilaLemma:93253,05819149-n,cognição,fato que justifica logicamente alguma premissa ou conclusão,razão
causa,lilaLemma:93253,04669247-n,atributo,uma forma de confiabilidade; a característica de ser responsável perante alguém por algo ou ser responsável por sua conduta,responsabilidade
causa,lilaLemma:93253,07323922-n,evento,um evento que é um começo; uma primeira parte ou estágio de eventos subsequentes,começo
causa,lilaLemma:93253,07323922-n,evento,um evento que é um começo; uma primeira parte ou estágio de eventos subsequentes,gênese
causa,lilaLemma:93253,07323922-n,evento,um evento que é um começo; uma primeira parte ou estágio de eventos subsequentes,iniciação
causa,lilaLemma:93253,07323922-n,evento,um evento que é um começo; uma primeira parte ou estágio de eventos subsequentes,origem
causa,lilaLemma:93253,07326557-n,evento,eventos que proporcionam a força geradora que é a origem de algo,causa
causa,lilaLemma:93253,08101937-n,grupo,os descendentes de um indivíduo,descendência
causa,lilaLemma:93253,08101937-n,grupo,os descendentes de um indivíduo,família
causa,lilaLemma:93253,08101937-n,grupo,os descendentes de um indivíduo,linhagem
causa,lilaLemma:93253,08101937-n,grupo,os descendentes de um indivíduo,sangue
causa,lilaLemma:93253,08101937-n,grupo,os descendentes de um indivíduo,aniagem
causa,lilaLemma:93253,08101937-n,grupo,os descendentes de um indivíduo,ascedência
causa,lilaLemma:93253,08101937-n,grupo,os descendentes de um indivíduo,ascendência
causa,lilaLemma:93253,08101937-n,grupo,os descendentes de um indivíduo,casta
causa,lilaLemma:93253,08101937-n,grupo,os descendentes de um indivíduo,cepa
causa,lilaLemma:93253,08101937-n,grupo,os descendentes de um indivíduo,estema
causa,lilaLemma:93253,08101937-n,grupo,os descendentes de um indivíduo,estirpe
causa,lilaLemma:93253,08101937-n,grupo,os descendentes de um indivíduo,filiação
causa,lilaLemma:93253,08101937-n,grupo,os descendentes de um indivíduo,genealogia
causa,lilaLemma:93253,08101937-n,grupo,os descendentes de um indivíduo,linha
causa,lilaLemma:93253,08101937-n,grupo,os descendentes de um indivíduo,origem
causa,lilaLemma:93253,08101937-n,grupo,os descendentes de um indivíduo,parentela
causa,lilaLemma:93253,08101937-n,grupo,os descendentes de um indivíduo,parentesco
causa,lilaLemma:93253,08101937-n,grupo,os descendentes de um indivíduo,procedência
causa,lilaLemma:93253,08101937-n,grupo,os descendentes de um indivíduo,prosápia
causa,lilaLemma:93253,08101937-n,grupo,os descendentes de um indivíduo,ramo
causa,lilaLemma:93253,08101937-n,grupo,os descendentes de um indivíduo,raça
causa,lilaLemma:93253,08101937-n,grupo,os descendentes de um indivíduo,serapilheira
causa,lilaLemma:93253,13925752-n,estado,uma condição ou posição em que você se encontra,posição
causa,lilaLemma:93253,13925752-n,estado,uma condição ou posição em que você se encontra,situação
causa,lilaLemma:93253,09179264-n,motivo,Motivo:,razão
causa,lilaLemma:93253,09179264-n,motivo,Motivo:,causa
causa,lilaLemma:93253,09179264-n,motivo,Motivo:,motivo
causa,lilaLemma:93253,09179264-n,motivo,Motivo:,ocasião
causa,lilaLemma:93253,07029682-n,comunicação,um tema que se repete ou elaborados em uma peça de música,motivo
causa,lilaLemma:93253,13462387-n,processo,(Lingüística descritiva) o processo pelo qual novas palavras são formadas a partir de palavras ou bases existentes por afixação,derivação
causa,lilaLemma:93253,00023773-n,conceito,característica psicológica que desperta em um organismo a ação em direção a um objetivo desejado;a razão para uma ação; o que dá sentido e direção a um comportamento,intenção
causa,lilaLemma:93253,00023773-n,conceito,característica psicológica que desperta em um organismo a ação em direção a um objetivo desejado;a razão para uma ação; o que dá sentido e direção a um comportamento,motivação
causa,lilaLemma:93253,00023773-n,conceito,característica psicológica que desperta em um organismo a ação em direção a um objetivo desejado;a razão para uma ação; o que dá sentido e direção a um comportamento,motivo
causa,lilaLemma:93253,00023773-n,conceito,característica psicológica que desperta em um organismo a ação em direção a um objetivo desejado;a razão para uma ação; o que dá sentido e direção a um comportamento,necessidade
causa,lilaLemma:93253,00023773-n,conceito,característica psicológica que desperta em um organismo a ação em direção a um objetivo desejado;a razão para uma ação; o que dá sentido e direção a um comportamento,causa
causa,lilaLemma:93253,06755947-n,comunicação,uma condição estipulada,provimento
causa,lilaLemma:93253,06755947-n,comunicação,uma condição estipulada,ressalva
causa,lilaLemma:93253,06755947-n,comunicação,uma condição estipulada,cláusula
causa,lilaLemma:93253,06755947-n,comunicação,uma condição estipulada,condição
causa,lilaLemma:93253,06755947-n,comunicação,uma condição estipulada,disposição
causa,lilaLemma:93253,06755947-n,comunicação,uma condição estipulada,provisão
causa,lilaLemma:93253,09178999-n,motivo,um motivo racional para uma crença ou acção,causa
causa,lilaLemma:93253,09178999-n,motivo,um motivo racional para uma crença ou acção,motivo
causa,lilaLemma:93253,09178999-n,motivo,um motivo racional para uma crença ou acção,razão
ciuis,lilaLemma:94399,09970963-n,pessoa,um homem do seu próprio país,compatriota
ciuis,lilaLemma:94399,09923673-n,pessoa,"membro, nativo ou naturalizado, de um estado ou de uma outra comunidade política",cidadã
ciuis,lilaLemma:94399,09923673-n,pessoa,"membro, nativo ou naturalizado, de um estado ou de uma outra comunidade política",cidadão
ciuis,lilaLemma:94399,09923673-n,pessoa,"membro, nativo ou naturalizado, de um estado ou de uma outra comunidade política",habitante
ciuitas,lilaLemma:94400,09923673-n,pessoa,"membro, nativo ou naturalizado, de um estado ou de uma outra comunidade política",cidadã
ciuitas,lilaLemma:94400,09923673-n,pessoa,"membro, nativo ou naturalizado, de um estado ou de uma outra comunidade política",cidadão
ciuitas,lilaLemma:94400,09923673-n,pessoa,"membro, nativo ou naturalizado, de um estado ou de uma outra comunidade política",habitante
ciuitas,lilaLemma:94400,08544813-n,lugar,o território ocupado por uma nação,nação
ciuitas,lilaLemma:94400,08544813-n,lugar,o território ocupado por uma nação,país
ciuitas,lilaLemma:94400,08544813-n,lugar,o território ocupado por uma nação,terra
ciuitas,lilaLemma:94400,08544813-n,lugar,o território ocupado por uma nação,campesino
ciuitas,lilaLemma:94400,08544813-n,lugar,o território ocupado por uma nação,campestre
ciuitas,lilaLemma:94400,08544813-n,lugar,o território ocupado por uma nação,estado
ciuitas,lilaLemma:94400,08544813-n,lugar,o território ocupado por uma nação,rural
ciuitas,lilaLemma:94400,08544813-n,lugar,o território ocupado por uma nação,rústico
ciuitas,lilaLemma:94400,13953467-n,estado,o status de um cidadão com direitos e deveres,cidadania
ciuitas,lilaLemma:94400,08524735-n,lugar,uma grande e populosa área urbana; pode incluir vários distritos administrativos independentes,centro urbano
ciuitas,lilaLemma:94400,08524735-n,lugar,uma grande e populosa área urbana; pode incluir vários distritos administrativos independentes,cidade
ciuitas,lilaLemma:94400,08524735-n,lugar,uma grande e populosa área urbana; pode incluir vários distritos administrativos independentes,metrópole
ciuitas,lilaLemma:94400,08524735-n,lugar,uma grande e populosa área urbana; pode incluir vários distritos administrativos independentes,urbe
ciuitas,lilaLemma:94400,08178547-n,grupo,o grupo de pessoas que compreende o governo de um estado soberano,Estado
ciuitas,lilaLemma:94400,08178547-n,grupo,o grupo de pessoas que compreende o governo de um estado soberano,estado
ciuitas,lilaLemma:94400,08665504-n,lugar,uma área urbana com um limite fixo que é menor do que uma cidade,aldeia
ciuitas,lilaLemma:94400,08665504-n,lugar,uma área urbana com um limite fixo que é menor do que uma cidade,arraial
ciuitas,lilaLemma:94400,08665504-n,lugar,uma área urbana com um limite fixo que é menor do que uma cidade,burgo
ciuitas,lilaLemma:94400,08665504-n,lugar,uma área urbana com um limite fixo que é menor do que uma cidade,distrito
ciuitas,lilaLemma:94400,08665504-n,lugar,uma área urbana com um limite fixo que é menor do que uma cidade,povoado
ciuitas,lilaLemma:94400,08665504-n,lugar,uma área urbana com um limite fixo que é menor do que uma cidade,vila
ciuitas,lilaLemma:94400,08665504-n,lugar,uma área urbana com um limite fixo que é menor do que uma cidade,população
ciuitas,lilaLemma:94400,08665504-n,lugar,uma área urbana com um limite fixo que é menor do que uma cidade,povo
ciuitas,lilaLemma:94400,08665504-n,lugar,uma área urbana com um limite fixo que é menor do que uma cidade,povoação
ciuitas,lilaLemma:94400,08226335-n,grupo,pessoas que vivem em um grande município densamente povoado,cidade
ciuitas,lilaLemma:94400,08226335-n,grupo,pessoas que vivem em um grande município densamente povoado,metrópole
ciuitas,lilaLemma:94400,08226335-n,grupo,pessoas que vivem em um grande município densamente povoado,metrópoles
ciuitas,lilaLemma:94400,00084642-n,ação,mudando a pronúncia de uma palavra emprestada a concordar com a fonologia dos mutuários,naturalização
ciuitas,lilaLemma:94400,08168978-n,grupo,um órgão politicamente organizado de pessoas sob um único governo,nação
ciuitas,lilaLemma:94400,08168978-n,grupo,um órgão politicamente organizado de pessoas sob um único governo,país
ciuitas,lilaLemma:94400,08168978-n,grupo,um órgão politicamente organizado de pessoas sob um único governo,república
ciuitas,lilaLemma:94400,08168978-n,grupo,um órgão politicamente organizado de pessoas sob um único governo,estado
ciuitas,lilaLemma:94400,08168978-n,grupo,um órgão politicamente organizado de pessoas sob um único governo,terra
cognosco,lilaLemma:94738,00597634-v,cognição,ser ou tornar-se completamente proficiente ou especialista em,dominar
cognosco,lilaLemma:94738,00594621-v,cognição,estar cientes ou conhecer um fato ou uma parte específica de informação,conhecer
cognosco,lilaLemma:94738,00594621-v,cognição,estar cientes ou conhecer um fato ou uma parte específica de informação,entender
cognosco,lilaLemma:94738,00594621-v,cognição,estar cientes ou conhecer um fato ou uma parte específica de informação,saber
cognosco,lilaLemma:94738,00545557-v,mudança,ganho através da experiência,adquirir
cognosco,lilaLemma:94738,00545557-v,mudança,ganho através da experiência,desenvolver
cognosco,lilaLemma:94738,00545557-v,mudança,ganho através da experiência,evoluir
cognosco,lilaLemma:94738,00598954-v,cognição,"conhecer ou tomar conhecimento de, geralmente acidentalmente",achar
cognosco,lilaLemma:94738,00598954-v,cognição,"conhecer ou tomar conhecimento de, geralmente acidentalmente",descobrir
cognosco,lilaLemma:94738,00598954-v,cognição,"conhecer ou tomar conhecimento de, geralmente acidentalmente",informar-se
cognosco,lilaLemma:94738,00598954-v,cognição,"conhecer ou tomar conhecimento de, geralmente acidentalmente",inteirar
cognosco,lilaLemma:94738,00598954-v,cognição,"conhecer ou tomar conhecimento de, geralmente acidentalmente",ouvir
cognosco,lilaLemma:94738,00598954-v,cognição,"conhecer ou tomar conhecimento de, geralmente acidentalmente",saber
cognosco,lilaLemma:94738,00598954-v,cognição,"conhecer ou tomar conhecimento de, geralmente acidentalmente",ver
cognosco,lilaLemma:94738,00599992-v,cognição,ser um estudante de um determinado assunto,aprender
cognosco,lilaLemma:94738,00599992-v,cognição,ser um estudante de um determinado assunto,cursar
cognosco,lilaLemma:94738,00599992-v,cognição,ser um estudante de um determinado assunto,estudar
cognosco,lilaLemma:94738,00728617-v,cognição,estar plenamente consciente ou ciente de,compreender
cognosco,lilaLemma:94738,00728617-v,cognição,estar plenamente consciente ou ciente de,entender
cognosco,lilaLemma:94738,00728617-v,cognição,estar plenamente consciente ou ciente de,realizar
cognosco,lilaLemma:94738,00728617-v,cognição,estar plenamente consciente ou ciente de,reconhecer
cognosco,lilaLemma:94738,02193194-v,percepção,[detect with the senses],discernir
cognosco,lilaLemma:94738,02193194-v,percepção,[detect with the senses],aperceber
cognosco,lilaLemma:94738,02193194-v,percepção,[detect with the senses],avistar
cognosco,lilaLemma:94738,02193194-v,percepção,[detect with the senses],conhecer
cognosco,lilaLemma:94738,02193194-v,percepção,[detect with the senses],detectar
cognosco,lilaLemma:94738,02193194-v,percepção,[detect with the senses],diferenciar
cognosco,lilaLemma:94738,02193194-v,percepção,[detect with the senses],distinguir
cognosco,lilaLemma:94738,02193194-v,percepção,[detect with the senses],identificar
cognosco,lilaLemma:94738,02193194-v,percepção,[detect with the senses],perceber
cognosco,lilaLemma:94738,02193194-v,percepção,[detect with the senses],reconhecer
cognosco,lilaLemma:94738,02193194-v,percepção,[detect with the senses],reparar
cognosco,lilaLemma:94738,02193194-v,percepção,[detect with the senses],sentir
cognosco,lilaLemma:94738,02154508-v,percepção,"descobrir ou determinar a existência, presença ou algum fato sobre",achar
cognosco,lilaLemma:94738,02154508-v,percepção,"descobrir ou determinar a existência, presença ou algum fato sobre",descobrir
cognosco,lilaLemma:94738,02154508-v,percepção,"descobrir ou determinar a existência, presença ou algum fato sobre",detectar
cognosco,lilaLemma:94738,02154508-v,percepção,"descobrir ou determinar a existência, presença ou algum fato sobre",observar
cognosco,lilaLemma:94738,02154508-v,percepção,"descobrir ou determinar a existência, presença ou algum fato sobre",acertar
cognosco,lilaLemma:94738,02154508-v,percepção,"descobrir ou determinar a existência, presença ou algum fato sobre",aclarar
cognosco,lilaLemma:94738,02154508-v,percepção,"descobrir ou determinar a existência, presença ou algum fato sobre",adivinhar
cognosco,lilaLemma:94738,02154508-v,percepção,"descobrir ou determinar a existência, presença ou algum fato sobre",aperceber-se_de
cognosco,lilaLemma:94738,02154508-v,percepção,"descobrir ou determinar a existência, presença ou algum fato sobre",aprender
cognosco,lilaLemma:94738,02154508-v,percepção,"descobrir ou determinar a existência, presença ou algum fato sobre",arranjar
cognosco,lilaLemma:94738,02154508-v,percepção,"descobrir ou determinar a existência, presença ou algum fato sobre",atinar
cognosco,lilaLemma:94738,02154508-v,percepção,"descobrir ou determinar a existência, presença ou algum fato sobre",dar_com
cognosco,lilaLemma:94738,02154508-v,percepção,"descobrir ou determinar a existência, presença ou algum fato sobre",decifrar
cognosco,lilaLemma:94738,02154508-v,percepção,"descobrir ou determinar a existência, presença ou algum fato sobre",denotar
cognosco,lilaLemma:94738,02154508-v,percepção,"descobrir ou determinar a existência, presença ou algum fato sobre",encontrar
cognosco,lilaLemma:94738,02154508-v,percepção,"descobrir ou determinar a existência, presença ou algum fato sobre",localizar
cognosco,lilaLemma:94738,02154508-v,percepção,"descobrir ou determinar a existência, presença ou algum fato sobre",notar
cognosco,lilaLemma:94738,02154508-v,percepção,"descobrir ou determinar a existência, presença ou algum fato sobre",solucionar
cognosco,lilaLemma:94738,02154508-v,percepção,"descobrir ou determinar a existência, presença ou algum fato sobre",ver
cognosco,lilaLemma:94738,01059123-v,comunicação,"Expressar o reconhecimento da presença, existência ou familiaridade com algo",notar
cognosco,lilaLemma:94738,01059123-v,comunicação,"Expressar o reconhecimento da presença, existência ou familiaridade com algo",reconhecer
cognosco,lilaLemma:94738,02596113-v,relação social,[get to know; get acquainted with],conhecer
cognosco,lilaLemma:94738,02286687-v,posse,[find unexpectedly],achar
cognosco,lilaLemma:94738,02286687-v,posse,[find unexpectedly],descobrir
cognosco,lilaLemma:94738,02286687-v,posse,[find unexpectedly],encontrar
cognosco,lilaLemma:94738,00597915-v,cognição,adquirir conhecimentos ou habilidades,adquirir
cognosco,lilaLemma:94738,00597915-v,cognição,adquirir conhecimentos ou habilidades,aprender
cognosco,lilaLemma:94738,00594337-v,cognição,estar familiarizado ou familiarizado com uma pessoa ou um objeto,conhecer
consilium,lilaLemma:96060,04863969-n,atributo,o traço de resolutividade como evidenciado pela firmeza de caráter ou finalidade,decisão
consilium,lilaLemma:96060,14379829-n,estado,o estado de ter bom senso e bom senso,razoabilidade
consilium,lilaLemma:96060,14379829-n,estado,o estado de ter bom senso e bom senso,sensatez
consilium,lilaLemma:96060,05907682-n,cognição,um regime de segredo de fazer alguma coisa (especialmente algo desleal ou ilegal),complô
consilium,lilaLemma:96060,05907682-n,cognição,um regime de segredo de fazer alguma coisa (especialmente algo desleal ou ilegal),conspiração
consilium,lilaLemma:96060,05838176-n,cognição,Uma posição ou opinião ou decisão chegada após consideração,decisão
consilium,lilaLemma:96060,05838176-n,cognição,Uma posição ou opinião ou decisão chegada após consideração,determinação
consilium,lilaLemma:96060,05838176-n,cognição,Uma posição ou opinião ou decisão chegada após consideração,resolução
consilium,lilaLemma:96060,06650701-n,comunicação,algo que fornece orientação ou conselho a respeito de uma decisão ou curso de ação,aconselhamento
consilium,lilaLemma:96060,06650701-n,comunicação,algo que fornece orientação ou conselho a respeito de uma decisão ou curso de ação,conselho
consilium,lilaLemma:96060,06650701-n,comunicação,algo que fornece orientação ou conselho a respeito de uma decisão ou curso de ação,direção
consilium,lilaLemma:96060,00162632-n,ação,o ato de se decidir sobre alguma coisa,decisão
consilium,lilaLemma:96060,00162632-n,ação,o ato de se decidir sobre alguma coisa,resolução
consilium,lilaLemma:96060,00162632-n,ação,o ato de se decidir sobre alguma coisa,determinação
consilium,lilaLemma:96060,09774266-n,pessoa,um especialista que dá conselhos,assessor
consilium,lilaLemma:96060,09774266-n,pessoa,um especialista que dá conselhos,conselheiro
consilium,lilaLemma:96060,09774266-n,pessoa,um especialista que dá conselhos,consultor
consilium,lilaLemma:96060,09774266-n,pessoa,um especialista que dá conselhos,orientador
consilium,lilaLemma:96060,09774266-n,pessoa,um especialista que dá conselhos,especialista
consilium,lilaLemma:96060,09774266-n,pessoa,um especialista que dá conselhos,instigador
consilium,lilaLemma:96060,09774266-n,pessoa,um especialista que dá conselhos,perito
consilium,lilaLemma:96060,09774266-n,pessoa,um especialista que dá conselhos,persuasor
consilium,lilaLemma:96060,05901508-n,cognição,um plano de ação adotado por um indivíduo ou grupo social,política
consilium,lilaLemma:96060,08414119-n,grupo,um corpo de jurados cidadãos para dar um verdadeiro veredicto de acordo com as provas apresentadas em um tribunal de justiça,Júri
consilium,lilaLemma:96060,08414119-n,grupo,um corpo de jurados cidadãos para dar um verdadeiro veredicto de acordo com as provas apresentadas em um tribunal de justiça,júri
consilium,lilaLemma:96060,00163233-n,ação,um ato de intenção; uma volição que você pretende realizar,intenção
consilium,lilaLemma:96060,05982152-n,cognição,um resultado antecipado que se destina ou que orienta suas ações planejadas,finalidade
consilium,lilaLemma:96060,05982152-n,cognição,um resultado antecipado que se destina ou que orienta suas ações planejadas,intento
consilium,lilaLemma:96060,05982152-n,cognição,um resultado antecipado que se destina ou que orienta suas ações planejadas,intenção
consilium,lilaLemma:96060,05982152-n,cognição,um resultado antecipado que se destina ou que orienta suas ações planejadas,objectivo
consilium,lilaLemma:96060,05982152-n,cognição,um resultado antecipado que se destina ou que orienta suas ações planejadas,objetivo
consilium,lilaLemma:96060,05982152-n,cognição,um resultado antecipado que se destina ou que orienta suas ações planejadas,propósito
consilium,lilaLemma:96060,05982152-n,cognição,um resultado antecipado que se destina ou que orienta suas ações planejadas,alvo
consilium,lilaLemma:96060,05982152-n,cognição,um resultado antecipado que se destina ou que orienta suas ações planejadas,desenho
consilium,lilaLemma:96060,05982152-n,cognição,um resultado antecipado que se destina ou que orienta suas ações planejadas,desígnio
consilium,lilaLemma:96060,05982152-n,cognição,um resultado antecipado que se destina ou que orienta suas ações planejadas,escopo
consilium,lilaLemma:96060,05982152-n,cognição,um resultado antecipado que se destina ou que orienta suas ações planejadas,fim
consilium,lilaLemma:96060,05982152-n,cognição,um resultado antecipado que se destina ou que orienta suas ações planejadas,intuito
consilium,lilaLemma:96060,05982152-n,cognição,um resultado antecipado que se destina ou que orienta suas ações planejadas,meta
consilium,lilaLemma:96060,05982152-n,cognição,um resultado antecipado que se destina ou que orienta suas ações planejadas,mira
consilium,lilaLemma:96060,05982152-n,cognição,um resultado antecipado que se destina ou que orienta suas ações planejadas,objeto
consilium,lilaLemma:96060,05982152-n,cognição,um resultado antecipado que se destina ou que orienta suas ações planejadas,plano
consilium,lilaLemma:96060,05982152-n,cognição,um resultado antecipado que se destina ou que orienta suas ações planejadas,resolução
consilium,lilaLemma:96060,05982152-n,cognição,um resultado antecipado que se destina ou que orienta suas ações planejadas,tenção
consilium,lilaLemma:96060,07162680-n,comunicação,a proposta oferecida para aceitação ou rejeição,proposição
consilium,lilaLemma:96060,07162680-n,comunicação,a proposta oferecida para aceitação ou rejeição,proposta
consilium,lilaLemma:96060,07162680-n,comunicação,a proposta oferecida para aceitação ou rejeição,sugestão
consilium,lilaLemma:96060,07162680-n,comunicação,a proposta oferecida para aceitação ou rejeição,oferta
consilium,lilaLemma:96060,04842029-n,atributo,manipulação sutilmente hábil de uma situação,diplomacia
consilium,lilaLemma:96060,04842029-n,atributo,manipulação sutilmente hábil de uma situação,delicadeza
consilium,lilaLemma:96060,07140659-n,comunicação,uma troca de opiniões sobre algum tema,debate
consilium,lilaLemma:96060,07140659-n,comunicação,uma troca de opiniões sobre algum tema,discussão
consilium,lilaLemma:96060,07140659-n,comunicação,uma troca de opiniões sobre algum tema,palavra
consilium,lilaLemma:96060,05617606-n,cognição,a capacidade de compreender; a compreender e lucrar com a experiência,inteligência
consilium,lilaLemma:96060,07140978-n,comunicação,uma discussão em que razões são avançados a favor e contra alguma proposição ou proposta,debate
consilium,lilaLemma:96060,07140978-n,comunicação,uma discussão em que razões são avançados a favor e contra alguma proposição ou proposta,discussão
consilium,lilaLemma:96060,08309409-n,grupo,uma reunião de pessoas para consulta,concílio
consilium,lilaLemma:96060,08309409-n,grupo,uma reunião de pessoas para consulta,conselho
consilium,lilaLemma:96060,05898568-n,cognição,Uma série de etapas para serem realizadas ou metas a serem realizadas,intenção
consilium,lilaLemma:96060,05898568-n,cognição,Uma série de etapas para serem realizadas ou metas a serem realizadas,plano
consilium,lilaLemma:96060,05898568-n,cognição,Uma série de etapas para serem realizadas ou metas a serem realizadas,programa
consilium,lilaLemma:96060,05898568-n,cognição,Uma série de etapas para serem realizadas ou metas a serem realizadas,programação
consilium,lilaLemma:96060,05898568-n,cognição,Uma série de etapas para serem realizadas ou metas a serem realizadas,projecto
consilium,lilaLemma:96060,05898568-n,cognição,Uma série de etapas para serem realizadas ou metas a serem realizadas,projeto
consilium,lilaLemma:96060,06671484-n,comunicação,uma proposta de um curso de ação apropriado,assessoramento
consilium,lilaLemma:96060,06671484-n,comunicação,uma proposta de um curso de ação apropriado,conselho
consilium,lilaLemma:96060,06671484-n,comunicação,uma proposta de um curso de ação apropriado,recomendação
consilium,lilaLemma:96060,06671484-n,comunicação,uma proposta de um curso de ação apropriado,advertência
consilium,lilaLemma:96060,08310949-n,grupo,um corpo que serve em uma capacidade administrativa,concelho
consilium,lilaLemma:96060,08310949-n,grupo,um corpo que serve em uma capacidade administrativa,conselho
consilium,lilaLemma:96060,08161477-n,grupo,montagem possuindo poderes legislativos altos,Senado
consilium,lilaLemma:96060,08161477-n,grupo,montagem possuindo poderes legislativos altos,senado
consilium,lilaLemma:96060,07242104-n,comunicação,a apresentação formal de uma proposição declarada ea oposição a ele (geralmente seguido por uma votação),debate
consilium,lilaLemma:96060,07242104-n,comunicação,a apresentação formal de uma proposição declarada ea oposição a ele (geralmente seguido por uma votação),disputa
consilium,lilaLemma:96060,04891010-n,atributo,o traço de julgar com sabedoria e objetivamente,prudência
consilium,lilaLemma:96060,04891010-n,atributo,o traço de julgar com sabedoria e objetivamente,discernimento
consilium,lilaLemma:96060,04891010-n,atributo,o traço de julgar com sabedoria e objetivamente,discrição
consul,lilaLemma:96181,10372373-n,pessoa,um trabalhador que detém ou está investido de um cargo,funcionário
consul,lilaLemma:96181,10372373-n,pessoa,um trabalhador que detém ou está investido de um cargo,serventuário
consul,lilaLemma:96181,10372373-n,pessoa,um trabalhador que detém ou está investido de um cargo,servidor público
consul,lilaLemma:96181,10372373-n,pessoa,um trabalhador que detém ou está investido de um cargo,servidor_público
corpus,lilaLemma:96667,05217859-n,corpo,"um objeto natural, consistindo de um animal morto ou pessoa",cadáver
corpus,lilaLemma:96667,05217859-n,corpo,"um objeto natural, consistindo de um animal morto ou pessoa",corpo
corpus,lilaLemma:96667,05217859-n,corpo,"um objeto natural, consistindo de um animal morto ou pessoa",defunto
corpus,lilaLemma:96667,05217859-n,corpo,"um objeto natural, consistindo de um animal morto ou pessoa",morto
corpus,lilaLemma:96667,05217859-n,corpo,"um objeto natural, consistindo de um animal morto ou pessoa",restos mortais
corpus,lilaLemma:96667,00007846-n,conceito,ser humano,alguém
corpus,lilaLemma:96667,00007846-n,conceito,ser humano,alma
corpus,lilaLemma:96667,00007846-n,conceito,ser humano,indivíduo
corpus,lilaLemma:96667,00007846-n,conceito,ser humano,pessoa
corpus,lilaLemma:96667,00007846-n,conceito,ser humano,ser humano
corpus,lilaLemma:96667,00007846-n,conceito,ser humano,cidadão
corpus,lilaLemma:96667,00007846-n,conceito,ser humano,corpo
corpus,lilaLemma:96667,00007846-n,conceito,ser humano,humano
corpus,lilaLemma:96667,00007846-n,conceito,ser humano,individualidade
corpus,lilaLemma:96667,00007846-n,conceito,ser humano,indíviduo
corpus,lilaLemma:96667,00007846-n,conceito,ser humano,mortal
corpus,lilaLemma:96667,00007846-n,conceito,ser humano,sujeito
corpus,lilaLemma:96667,04341686-n,artefato,uma coisa construída; uma entidade complexa construída de muitas partes,edifício
corpus,lilaLemma:96667,04341686-n,artefato,uma coisa construída; uma entidade complexa construída de muitas partes,estrutura
corpus,lilaLemma:96667,04341686-n,artefato,uma coisa construída; uma entidade complexa construída de muitas partes,tecido
corpus,lilaLemma:96667,04341686-n,artefato,uma coisa construída; uma entidade complexa construída de muitas partes,composição
corpus,lilaLemma:96667,04341686-n,artefato,uma coisa construída; uma entidade complexa construída de muitas partes,construção
corpus,lilaLemma:96667,04341686-n,artefato,uma coisa construída; uma entidade complexa construída de muitas partes,contextura
corpus,lilaLemma:96667,04998530-n,atributo,constituição do corpo humano,físico
corpus,lilaLemma:96667,04998530-n,atributo,constituição do corpo humano,constituição
corpus,lilaLemma:96667,01014066-n,ação,o ato de reunir coisas,agregação
corpus,lilaLemma:96667,01014066-n,ação,o ato de reunir coisas,coleção
corpus,lilaLemma:96667,01014066-n,ação,o ato de reunir coisas,reunião
corpus,lilaLemma:96667,01014066-n,ação,o ato de reunir coisas,acumulação
corpus,lilaLemma:96667,01014066-n,ação,o ato de reunir coisas,recolha
corpus,lilaLemma:96667,00033615-n,conceito,quanto lá é ou quantos são de algo que você pode quantificar,medida
corpus,lilaLemma:96667,00033615-n,conceito,quanto lá é ou quantos são de algo que você pode quantificar,quantia
corpus,lilaLemma:96667,00033615-n,conceito,quanto lá é ou quantos são de algo que você pode quantificar,quantidade
corpus,lilaLemma:96667,00033615-n,conceito,quanto lá é ou quantos são de algo que você pode quantificar,quantitativo
corpus,lilaLemma:96667,00033615-n,conceito,quanto lá é ou quantos são de algo que você pode quantificar,montante
corpus,lilaLemma:96667,00033615-n,conceito,quanto lá é ou quantos são de algo que você pode quantificar,mundo
corpus,lilaLemma:96667,00033615-n,conceito,quanto lá é ou quantos são de algo que você pode quantificar,profusão
corpus,lilaLemma:96667,02861886-n,artefato,a estrutura externa de um veículo,carroceria
corpus,lilaLemma:96667,02861886-n,artefato,a estrutura externa de um veículo,carroçaria
corpus,lilaLemma:96667,00019613-n,conceito,o físico real importa-se de que uma pessoa ou coisa consiste,substância
corpus,lilaLemma:96667,04933363-n,atributo,a estrutura subjacente,estrutura
corpus,lilaLemma:96667,04933363-n,atributo,a estrutura subjacente,rede
corpus,lilaLemma:96667,05549830-n,corpo,"o corpo, excluindo a cabeça, pescoço e membros",corpo
corpus,lilaLemma:96667,05549830-n,corpo,"o corpo, excluindo a cabeça, pescoço e membros",torso
corpus,lilaLemma:96667,05549830-n,corpo,"o corpo, excluindo a cabeça, pescoço e membros",tronco
corpus,lilaLemma:96667,05268112-n,corpo,os tecidos moles do corpo de um vertebrado: principalmente o tecido muscular e gordura,carne
corpus,lilaLemma:96667,05218119-n,corpo,o cadáver de um ser humano,cadáver
corpus,lilaLemma:96667,05218119-n,corpo,o cadáver de um ser humano,corpo
corpus,lilaLemma:96667,05218119-n,corpo,o cadáver de um ser humano,defunto
corpus,lilaLemma:96667,05218119-n,corpo,o cadáver de um ser humano,restos mortais
corpus,lilaLemma:96667,05218119-n,corpo,o cadáver de um ser humano,credor
corpus,lilaLemma:96667,05218119-n,corpo,o cadáver de um ser humano,despojo
corpus,lilaLemma:96667,05218119-n,corpo,o cadáver de um ser humano,morto
corpus,lilaLemma:96667,05218119-n,corpo,o cadáver de um ser humano,presunto
corpus,lilaLemma:96667,05218119-n,corpo,o cadáver de um ser humano,ruína
corpus,lilaLemma:96667,05217688-n,corpo,um corpo humano (geralmente incluindo o vestuário),pessoa
corpus,lilaLemma:96667,09224911-n,objeto,um objeto tridimensional individual que tem massa e que é distinguível de outros objetos,corpo
corpus,lilaLemma:96667,03391770-n,artefato,uma estrutura de apoio ou algo contendo,estrutura
corpus,lilaLemma:96667,03391770-n,artefato,uma estrutura de apoio ou algo contendo,infra
corpus,lilaLemma:96667,03391770-n,artefato,uma estrutura de apoio ou algo contendo,armadura
corpus,lilaLemma:96667,03391770-n,artefato,uma estrutura de apoio ou algo contendo,armação
corpus,lilaLemma:96667,06591442-n,comunicação,uma publicação que contém uma variedade de obras,coletânea
corpus,lilaLemma:96667,06591442-n,comunicação,uma publicação que contém uma variedade de obras,coleção
corpus,lilaLemma:96667,06591442-n,comunicação,uma publicação que contém uma variedade de obras,compêndio
corpus,lilaLemma:96667,06591442-n,comunicação,uma publicação que contém uma variedade de obras,recolha
corpus,lilaLemma:96667,00020090-n,conceito,um determinado tipo ou espécie de matéria com propriedades uniformes,substância
corpus,lilaLemma:96667,13096035-n,planta,uma parte húmida suave de uma fruta,Polpa dentária
corpus,lilaLemma:96667,13096035-n,planta,uma parte húmida suave de uma fruta,carne
corpus,lilaLemma:96667,13096035-n,planta,uma parte húmida suave de uma fruta,polpa
corpus,lilaLemma:96667,05088804-n,atributo,a propriedade espacial de sendo amontoados,concentração
corpus,lilaLemma:96667,05088804-n,atributo,a propriedade espacial de sendo amontoados,densidade
credo,lilaLemma:96881,02265726-v,posse,[extend credit to],dar credito
credo,lilaLemma:96881,02265726-v,posse,[extend credit to],confiar
credo,lilaLemma:96881,02265726-v,posse,[extend credit to],fiar
credo,lilaLemma:96881,02349212-v,posse,confiar algo a alguém,comissionar
credo,lilaLemma:96881,02349212-v,posse,confiar algo a alguém,confiar
credo,lilaLemma:96881,02349212-v,posse,confiar algo a alguém,confidenciar
credo,lilaLemma:96881,02349212-v,posse,confiar algo a alguém,entregar
credo,lilaLemma:96881,02349212-v,posse,confiar algo a alguém,incumbir
credo,lilaLemma:96881,02349212-v,posse,confiar algo a alguém,acreditar
credo,lilaLemma:96881,02349212-v,posse,confiar algo a alguém,afiançar
credo,lilaLemma:96881,02349212-v,posse,confiar algo a alguém,apoiar-se
credo,lilaLemma:96881,02349212-v,posse,confiar algo a alguém,ater-se
credo,lilaLemma:96881,02349212-v,posse,confiar algo a alguém,cometer
credo,lilaLemma:96881,02349212-v,posse,confiar algo a alguém,dar_crédito_a
credo,lilaLemma:96881,02349212-v,posse,confiar algo a alguém,encarregar
credo,lilaLemma:96881,02349212-v,posse,confiar algo a alguém,fiar
credo,lilaLemma:96881,02349212-v,posse,confiar algo a alguém,fiar-se
credo,lilaLemma:96881,02349212-v,posse,confiar algo a alguém,fiar-se_em
credo,lilaLemma:96881,02349212-v,posse,confiar algo a alguém,recorrer
credo,lilaLemma:96881,00690614-v,cognição,julgar ser,achar
credo,lilaLemma:96881,00690614-v,cognição,julgar ser,considerar
credo,lilaLemma:96881,00690614-v,cognição,julgar ser,ver
credo,lilaLemma:96881,00690614-v,cognição,julgar ser,contar
credo,lilaLemma:96881,00733895-v,cognição,Tenho a firme convicção quanto a bondade de algo,acreditar
credo,lilaLemma:96881,00733895-v,cognição,Tenho a firme convicção quanto a bondade de algo,acreditar em
credo,lilaLemma:96881,02664017-v,estado,[put trust in with confidence],depender
credo,lilaLemma:96881,00684068-v,cognição,Você não pode acreditar nesse homem,acreditar
credo,lilaLemma:96881,00684068-v,cognição,Você não pode acreditar nesse homem,achar
credo,lilaLemma:96881,00684068-v,cognição,Você não pode acreditar nesse homem,crer
credo,lilaLemma:96881,00917300-v,comunicação,expressar uma suposição,dizer
credo,lilaLemma:96881,00917300-v,comunicação,expressar uma suposição,supor
credo,lilaLemma:96881,00683280-v,cognição,aceitar como verdade; tomar como verdade,acreditar
credo,lilaLemma:96881,00683280-v,cognição,aceitar como verdade; tomar como verdade,crer
credo,lilaLemma:96881,00683280-v,cognição,aceitar como verdade; tomar como verdade,achar
credo,lilaLemma:96881,00683280-v,cognição,aceitar como verdade; tomar como verdade,considerar
credo,lilaLemma:96881,00631737-v,cognição,"imaginar, acreditar, ou supor",achar
credo,lilaLemma:96881,00631737-v,cognição,"imaginar, acreditar, ou supor",esperar
credo,lilaLemma:96881,00631737-v,cognição,"imaginar, acreditar, ou supor",pensar
credo,lilaLemma:96881,00631737-v,cognição,"imaginar, acreditar, ou supor",supor
credo,lilaLemma:96881,00631737-v,cognição,"imaginar, acreditar, ou supor",acreditar
credo,lilaLemma:96881,00631737-v,cognição,"imaginar, acreditar, ou supor",ajuizar
credo,lilaLemma:96881,00631737-v,cognição,"imaginar, acreditar, ou supor",conjeturar
credo,lilaLemma:96881,00631737-v,cognição,"imaginar, acreditar, ou supor",crer
credo,lilaLemma:96881,00631737-v,cognição,"imaginar, acreditar, ou supor",imaginar
credo,lilaLemma:96881,00631737-v,cognição,"imaginar, acreditar, ou supor",julgar
credo,lilaLemma:96881,00631737-v,cognição,"imaginar, acreditar, ou supor",pressupor
credo,lilaLemma:96881,00631737-v,cognição,"imaginar, acreditar, ou supor",presumir
credo,lilaLemma:96881,00631737-v,cognição,"imaginar, acreditar, ou supor",prever
credo,lilaLemma:96881,00631737-v,cognição,"imaginar, acreditar, ou supor",ter_ideia_(de)
credo,lilaLemma:96881,02166460-v,percepção,[give careful consideration to],considerar
credo,lilaLemma:96881,02166460-v,percepção,[give careful consideration to],julgar
credo,lilaLemma:96881,02166460-v,percepção,[give careful consideration to],pensar
credo,lilaLemma:96881,02166460-v,percepção,[give careful consideration to],compulsar
credo,lilaLemma:96881,02166460-v,percepção,[give careful consideration to],estimar
credo,lilaLemma:96881,02166460-v,percepção,[give careful consideration to],estudar
credo,lilaLemma:96881,02166460-v,percepção,[give careful consideration to],versar
credo,lilaLemma:96881,00689344-v,cognição,julgar ou reparar; considerar,achar
credo,lilaLemma:96881,00689344-v,cognição,julgar ou reparar; considerar,pensar
credo,lilaLemma:96881,00689344-v,cognição,julgar ou reparar; considerar,acreditar
credo,lilaLemma:96881,00689344-v,cognição,julgar ou reparar; considerar,conceber
credo,lilaLemma:96881,00689344-v,cognição,julgar ou reparar; considerar,confiar
credo,lilaLemma:96881,00689344-v,cognição,julgar ou reparar; considerar,considerar
credo,lilaLemma:96881,00689344-v,cognição,julgar ou reparar; considerar,crer
credo,lilaLemma:96881,00689344-v,cognição,julgar ou reparar; considerar,dar_crédito
credo,lilaLemma:96881,00689344-v,cognição,julgar ou reparar; considerar,estar
credo,lilaLemma:96881,00689344-v,cognição,julgar ou reparar; considerar,ficar
credo,lilaLemma:96881,00689344-v,cognição,julgar ou reparar; considerar,julgar
credo,lilaLemma:96881,00689344-v,cognição,julgar ou reparar; considerar,supor
credo,lilaLemma:96881,00936465-v,comunicação,revelar em privado; dizer confidencialmente,confidenciar
credo,lilaLemma:96881,00936465-v,comunicação,revelar em privado; dizer confidencialmente,confiar
credo,lilaLemma:96881,02356230-v,posse,[put into the care or protection of someone],entregar
credo,lilaLemma:96881,02356230-v,posse,[put into the care or protection of someone],confiar
credo,lilaLemma:96881,02356230-v,posse,[put into the care or protection of someone],deixar
debeo,lilaLemma:97963,02253956-v,posse,[be in debt],dever
debeo,lilaLemma:97963,02731814-v,estado,"estar endividado para, em um sentido abstrato ou intelectual",dever
debeo,lilaLemma:97963,02254155-v,posse,[be obliged to pay or repay],dever
debeo,lilaLemma:97963,01188725-v,consumo,ter necessidade de alguma coisa,necessitar
debeo,lilaLemma:97963,01188725-v,consumo,ter necessidade de alguma coisa,precisar
debeo,lilaLemma:97963,01188725-v,consumo,ter necessidade de alguma coisa,requerer
debeo,lilaLemma:97963,01188725-v,consumo,ter necessidade de alguma coisa,acertar
debeo,lilaLemma:97963,01188725-v,consumo,ter necessidade de alguma coisa,carecer
debeo,lilaLemma:97963,01188725-v,consumo,ter necessidade de alguma coisa,carecer_de
debeo,lilaLemma:97963,01188725-v,consumo,ter necessidade de alguma coisa,delinear-se
debeo,lilaLemma:97963,01188725-v,consumo,ter necessidade de alguma coisa,esclarecer
debeo,lilaLemma:97963,01188725-v,consumo,ter necessidade de alguma coisa,exigir
debeo,lilaLemma:97963,01188725-v,consumo,ter necessidade de alguma coisa,explicitar
debeo,lilaLemma:97963,01188725-v,consumo,ter necessidade de alguma coisa,necessitar_de
debeo,lilaLemma:97963,01188725-v,consumo,ter necessidade de alguma coisa,ordenar
debeo,lilaLemma:97963,01188725-v,consumo,ter necessidade de alguma coisa,positivar
debeo,lilaLemma:97963,01188725-v,consumo,ter necessidade de alguma coisa,precisar_de
debeo,lilaLemma:97963,01188725-v,consumo,ter necessidade de alguma coisa,querer
debeo,lilaLemma:97963,01188725-v,consumo,ter necessidade de alguma coisa,relembrar
dico,lilaLemma:99302,00953216-v,comunicação,narrar ou dar um relato detalhado sobre,contar
dico,lilaLemma:99302,00953216-v,comunicação,narrar ou dar um relato detalhado sobre,narrar
dico,lilaLemma:99302,00953216-v,comunicação,narrar ou dar um relato detalhado sobre,recontar
dico,lilaLemma:99302,00953216-v,comunicação,narrar ou dar um relato detalhado sobre,descrever
dico,lilaLemma:99302,00953216-v,comunicação,narrar ou dar um relato detalhado sobre,dizer
dico,lilaLemma:99302,00953216-v,comunicação,narrar ou dar um relato detalhado sobre,explicar
dico,lilaLemma:99302,00953216-v,comunicação,narrar ou dar um relato detalhado sobre,relatar
dico,lilaLemma:99302,00792471-v,comunicação,"solicitar, requerer, comandar algo",chamar
dico,lilaLemma:99302,00792471-v,comunicação,"solicitar, requerer, comandar algo",convocar
dico,lilaLemma:99302,00792471-v,comunicação,"solicitar, requerer, comandar algo",requerer
dico,lilaLemma:99302,00979870-v,comunicação,expressar em voz alta,dizer
dico,lilaLemma:99302,00979870-v,comunicação,expressar em voz alta,falar
dico,lilaLemma:99302,01011031-v,comunicação,declarar ou afirmar solenemente e formalmente como verdade,afirmar
dico,lilaLemma:99302,01011031-v,comunicação,declarar ou afirmar solenemente e formalmente como verdade,asseverar
dico,lilaLemma:99302,01011031-v,comunicação,declarar ou afirmar solenemente e formalmente como verdade,jurar
dico,lilaLemma:99302,00941990-v,comunicação,expressar com a fala;,conversar
dico,lilaLemma:99302,00941990-v,comunicação,expressar com a fala;,dizer
dico,lilaLemma:99302,00941990-v,comunicação,expressar com a fala;,falar
dico,lilaLemma:99302,00941990-v,comunicação,expressar com a fala;,proferir
dico,lilaLemma:99302,00941990-v,comunicação,expressar com a fala;,verbalizar
dico,lilaLemma:99302,00941990-v,comunicação,expressar com a fala;,contar
dico,lilaLemma:99302,00941990-v,comunicação,expressar com a fala;,declarar
dico,lilaLemma:99302,00962447-v,comunicação,trocar idéia; falar com,dialogar
dico,lilaLemma:99302,00962447-v,comunicação,trocar idéia; falar com,falar
dico,lilaLemma:99302,01009821-v,comunicação,Afirmar como sua opinião ou julgamento,afirmar
dico,lilaLemma:99302,01009821-v,comunicação,Afirmar como sua opinião ou julgamento,declarar
dico,lilaLemma:99302,01009821-v,comunicação,Afirmar como sua opinião ou julgamento,dizer
dico,lilaLemma:99302,01009821-v,comunicação,Afirmar como sua opinião ou julgamento,supor
dico,lilaLemma:99302,01009821-v,comunicação,Afirmar como sua opinião ou julgamento,expor
dico,lilaLemma:99302,01009240-v,comunicação,expressar em palavras,contar
dico,lilaLemma:99302,01009240-v,comunicação,expressar em palavras,dizer
dico,lilaLemma:99302,01009240-v,comunicação,expressar em palavras,falar
dico,lilaLemma:99302,01009240-v,comunicação,expressar em palavras,manifestar
dico,lilaLemma:99302,00978549-v,comunicação,"falar, pronunciar, ou proferiri de uma certa maneira",articular
dico,lilaLemma:99302,00978549-v,comunicação,"falar, pronunciar, ou proferiri de uma certa maneira",dizer
dico,lilaLemma:99302,00978549-v,comunicação,"falar, pronunciar, ou proferiri de uma certa maneira",enunciar
dico,lilaLemma:99302,00978549-v,comunicação,"falar, pronunciar, ou proferiri de uma certa maneira",falar
dico,lilaLemma:99302,00978549-v,comunicação,"falar, pronunciar, ou proferiri de uma certa maneira",pronunciar
dico,lilaLemma:99302,00978549-v,comunicação,"falar, pronunciar, ou proferiri de uma certa maneira",manifestar-se
dico,lilaLemma:99302,00978549-v,comunicação,"falar, pronunciar, ou proferiri de uma certa maneira",proferir
dico,lilaLemma:99302,00738747-v,cognição,anunciar ou proferir em voz alta,chamar
dico,lilaLemma:99302,01016002-v,comunicação,informar ou manter,afirmar
dico,lilaLemma:99302,01016002-v,comunicação,informar ou manter,alegar
dico,lilaLemma:99302,01016002-v,comunicação,informar ou manter,declarar
dico,lilaLemma:99302,01016002-v,comunicação,informar ou manter,achacar
dico,lilaLemma:99302,01016002-v,comunicação,informar ou manter,arguir
dico,lilaLemma:99302,01016002-v,comunicação,informar ou manter,argumentar
dico,lilaLemma:99302,01016002-v,comunicação,informar ou manter,dar_como_razão
dico,lilaLemma:99302,01016002-v,comunicação,informar ou manter,desculpar-se_com
dico,lilaLemma:99302,01016002-v,comunicação,informar ou manter,dizer
dico,lilaLemma:99302,01016002-v,comunicação,informar ou manter,dizer_que
dico,lilaLemma:99302,01016002-v,comunicação,informar ou manter,objetar
dico,lilaLemma:99302,01016002-v,comunicação,informar ou manter,pretextar
dico,lilaLemma:99302,00952524-v,comunicação,fazer com que algo seja conhecido,contar
dico,lilaLemma:99302,00952524-v,comunicação,fazer com que algo seja conhecido,informar
dico,lilaLemma:99302,00952524-v,comunicação,fazer com que algo seja conhecido,dizer
dico,lilaLemma:99302,00820801-v,comunicação,estado firmemente,declarar
dico,lilaLemma:99302,00963570-v,comunicação,uso da linguagem,dizer
dico,lilaLemma:99302,00963570-v,comunicação,uso da linguagem,falar
dico,lilaLemma:99302,00963570-v,comunicação,uso da linguagem,usar a lingua
dico,lilaLemma:99302,00963570-v,comunicação,uso da linguagem,conversar
dico,lilaLemma:99302,01028748-v,comunicação,atribuir um nome específico (geralmente adequado),chamar
dico,lilaLemma:99302,01028748-v,comunicação,atribuir um nome específico (geralmente adequado),denominar
dico,lilaLemma:99302,01028748-v,comunicação,atribuir um nome específico (geralmente adequado),nomear
dico,lilaLemma:99302,00971015-v,comunicação,atribuir uma qualidade ou dar um nome de um substantivo comum que reflete uma qualidade,chamar
dico,lilaLemma:99302,00746718-v,comunicação,"dar instruções a ou diretamente a alguém para fazer algo, com autoridade",impetrar
dico,lilaLemma:99302,00746718-v,comunicação,"dar instruções a ou diretamente a alguém para fazer algo, com autoridade",intimar
dico,lilaLemma:99302,00746718-v,comunicação,"dar instruções a ou diretamente a alguém para fazer algo, com autoridade",mandar
dico,lilaLemma:99302,00746718-v,comunicação,"dar instruções a ou diretamente a alguém para fazer algo, com autoridade",ordenar
dico,lilaLemma:99302,00746718-v,comunicação,"dar instruções a ou diretamente a alguém para fazer algo, com autoridade",determinar
dico,lilaLemma:99302,00746718-v,comunicação,"dar instruções a ou diretamente a alguém para fazer algo, com autoridade",dizer
dico,lilaLemma:99302,00952841-v,comunicação,revelar informações,dedurar
dico,lilaLemma:99302,00952841-v,comunicação,revelar informações,falar demais
dico,lilaLemma:99302,00952841-v,comunicação,revelar informações,falar
dico,lilaLemma:99302,00753881-v,comunicação,"ordem, convocar, ou pedido de um direito específico ou atividade, trabalho, papel",chamar
dico,lilaLemma:99302,02396205-v,relação social,[create and charge with a task or function],nomear
dico,lilaLemma:99302,02396205-v,relação social,[create and charge with a task or function],alcunhar
dico,lilaLemma:99302,02396205-v,relação social,[create and charge with a task or function],apelidar
dico,lilaLemma:99302,02396205-v,relação social,[create and charge with a task or function],constituir
dico,lilaLemma:99302,02396205-v,relação social,[create and charge with a task or function],designar
dico,lilaLemma:99302,02396205-v,relação social,[create and charge with a task or function],eleger
dico,lilaLemma:99302,00945499-v,comunicação,Recitar ou repetir um texto fixo,dizer
dico,lilaLemma:99302,00945499-v,comunicação,Recitar ou repetir um texto fixo,recitar
dico,lilaLemma:99302,00945499-v,comunicação,Recitar ou repetir um texto fixo,contar
dico,lilaLemma:99302,00730052-v,cognição,"ter em mente, se referir a",mencionar
dico,lilaLemma:99302,00730052-v,cognição,"ter em mente, se referir a",referir
dico,lilaLemma:99302,00747135-v,comunicação,emitir comandos ou ordens para,comandar
dico,lilaLemma:99302,00747135-v,comunicação,emitir comandos ou ordens para,ditar
dico,lilaLemma:99302,00747135-v,comunicação,emitir comandos ou ordens para,ordenar
dico,lilaLemma:99302,00747135-v,comunicação,emitir comandos ou ordens para,prescrever
dico,lilaLemma:99302,00747135-v,comunicação,emitir comandos ou ordens para,receitar
dico,lilaLemma:99302,00747135-v,comunicação,emitir comandos ou ordens para,impor
dico,lilaLemma:99302,00747135-v,comunicação,emitir comandos ou ordens para,mandar
deinde,lilaLemma:98386,00054212-r,advérbio,ao momento ou ocasião imediatamente após,a seguir
deinde,lilaLemma:98386,00054212-r,advérbio,ao momento ou ocasião imediatamente após,depois
deinde,lilaLemma:98386,00054212-r,advérbio,ao momento ou ocasião imediatamente após,próximo
deinde,lilaLemma:98386,00054212-r,advérbio,ao momento ou ocasião imediatamente após,seguinte
deinde,lilaLemma:98386,00032863-r,advérbio,partir deste tempo adiante; de agora em diante,a partir de agora
deinde,lilaLemma:98386,00032863-r,advérbio,partir deste tempo adiante; de agora em diante,de agora em diante
deinde,lilaLemma:98386,00032863-r,advérbio,partir deste tempo adiante; de agora em diante,doravante
deinde,lilaLemma:98386,00061203-r,advérbio,passa uma hora após um tempo de referência,após
deinde,lilaLemma:98386,00061203-r,advérbio,passa uma hora após um tempo de referência,mais tarde
deinde,lilaLemma:98386,00061203-r,advérbio,passa uma hora após um tempo de referência,posteriormente
deinde,lilaLemma:98386,00061203-r,advérbio,passa uma hora após um tempo de referência,subsequentemente
deinde,lilaLemma:98386,00061203-r,advérbio,passa uma hora após um tempo de referência,subseqüentemente
deinde,lilaLemma:98386,00061203-r,advérbio,passa uma hora após um tempo de referência,ulteriormente
deinde,lilaLemma:98386,00061203-r,advérbio,passa uma hora após um tempo de referência,a_seguir
deinde,lilaLemma:98386,00061203-r,advérbio,passa uma hora após um tempo de referência,depois
deinde,lilaLemma:98386,00061203-r,advérbio,passa uma hora após um tempo de referência,futuramente
deus,lilaLemma:99132,10133307-n,pessoa,um homem de qualidades superiores que ele parece ser uma divindade para outras pessoas,deus
deus,lilaLemma:99132,09505418-n,pessoa,qualquer sobrenatural sendo adorado como parte de alguma parte do mundo ou algum aspecto da vida ou quem é a personificação de uma força,Deidades
deus,lilaLemma:99132,09505418-n,pessoa,qualquer sobrenatural sendo adorado como parte de alguma parte do mundo ou algum aspecto da vida ou quem é a personificação de uma força,Deus
deus,lilaLemma:99132,09505418-n,pessoa,qualquer sobrenatural sendo adorado como parte de alguma parte do mundo ou algum aspecto da vida ou quem é a personificação de uma força,deidade
deus,lilaLemma:99132,09505418-n,pessoa,qualquer sobrenatural sendo adorado como parte de alguma parte do mundo ou algum aspecto da vida ou quem é a personificação de uma força,deus
deus,lilaLemma:99132,09505418-n,pessoa,qualquer sobrenatural sendo adorado como parte de alguma parte do mundo ou algum aspecto da vida ou quem é a personificação de uma força,deusa
deus,lilaLemma:99132,09505418-n,pessoa,qualquer sobrenatural sendo adorado como parte de alguma parte do mundo ou algum aspecto da vida ou quem é a personificação de uma força,divindade
deus,lilaLemma:99132,09505418-n,pessoa,qualquer sobrenatural sendo adorado como parte de alguma parte do mundo ou algum aspecto da vida ou quem é a personificação de uma força,divinidade
deus,lilaLemma:99132,09505418-n,pessoa,qualquer sobrenatural sendo adorado como parte de alguma parte do mundo ou algum aspecto da vida ou quem é a personificação de uma força,demiurgo
deus,lilaLemma:99132,09505418-n,pessoa,qualquer sobrenatural sendo adorado como parte de alguma parte do mundo ou algum aspecto da vida ou quem é a personificação de uma força,divo
deus,lilaLemma:99132,09505418-n,pessoa,qualquer sobrenatural sendo adorado como parte de alguma parte do mundo ou algum aspecto da vida ou quem é a personificação de uma força,espírito
deus,lilaLemma:99132,09505418-n,pessoa,qualquer sobrenatural sendo adorado como parte de alguma parte do mundo ou algum aspecto da vida ou quem é a personificação de uma força,génio
deus,lilaLemma:99132,09505418-n,pessoa,qualquer sobrenatural sendo adorado como parte de alguma parte do mundo ou algum aspecto da vida ou quem é a personificação de uma força,nume
deus,lilaLemma:99132,09505418-n,pessoa,qualquer sobrenatural sendo adorado como parte de alguma parte do mundo ou algum aspecto da vida ou quem é a personificação de uma força,númen
deus,lilaLemma:99132,09505418-n,pessoa,qualquer sobrenatural sendo adorado como parte de alguma parte do mundo ou algum aspecto da vida ou quem é a personificação de uma força,ídolo
deus,lilaLemma:99132,03560161-n,artefato,uma efígie material que é adorado,ídolo
deus,lilaLemma:99132,03560161-n,artefato,uma efígie material que é adorado,deus
dies,lilaLemma:99334,15164957-n,tempo,o tempo após o nascer do sol e antes do sol enquanto ele está fora luz,dia
dies,lilaLemma:99334,15164957-n,tempo,o tempo após o nascer do sol e antes do sol enquanto ele está fora luz,jornada
dies,lilaLemma:99334,15157225-n,tempo,um dia designado para um propósito ou observância particular,dia
dies,lilaLemma:99334,15136453-n,tempo,as horas recorrentes quando você não está dormindo (especialmente aqueles quando você está trabalhando),dia
dies,lilaLemma:99334,15155220-n,tempo,tempo para a Terra para fazer uma rotação completa em seu eixo,dia
dies,lilaLemma:99334,15122231-n,tempo,um período indefinido (normalmente marcado por atributos ou atividades específicas),era
dies,lilaLemma:99334,15122231-n,tempo,um período indefinido (normalmente marcado por atributos ou atividades específicas),momento
dies,lilaLemma:99334,15122231-n,tempo,um período indefinido (normalmente marcado por atributos ou atividades específicas),período
dies,lilaLemma:99334,15122231-n,tempo,um período indefinido (normalmente marcado por atributos ou atividades específicas),tempo
dies,lilaLemma:99334,15122231-n,tempo,um período indefinido (normalmente marcado por atributos ou atividades específicas),época
dies,lilaLemma:99334,15140405-n,tempo,o período em que algo é funcional (como entre nascimento e morte),duração de uma vida
dies,lilaLemma:99334,15140405-n,tempo,o período em que algo é funcional (como entre nascimento e morte),vida
dies,lilaLemma:99334,11524662-n,fenômeno,as condições atmosféricas que compõem o estado da atmosfera em termos de temperatura e vento e nuvens e precipitação,clima
dies,lilaLemma:99334,11524662-n,fenômeno,as condições atmosféricas que compõem o estado da atmosfera em termos de temperatura e vento e nuvens e precipitação,condições meteorológicas
dies,lilaLemma:99334,11524662-n,fenômeno,as condições atmosféricas que compõem o estado da atmosfera em termos de temperatura e vento e nuvens e precipitação,fenômeno meteorológico
dies,lilaLemma:99334,11524662-n,fenômeno,as condições atmosféricas que compõem o estado da atmosfera em termos de temperatura e vento e nuvens e precipitação,tempo
dies,lilaLemma:99334,15123115-n,tempo,algum ponto ou período de tempo,dia
do,lilaLemma:99970,02561995-v,relação social,[get (something) done],cumprir
do,lilaLemma:99970,02561995-v,relação social,[get (something) done],desempenhar
do,lilaLemma:99970,02561995-v,relação social,[get (something) done],realizar
do,lilaLemma:99970,02561995-v,relação social,[get (something) done],abrir
do,lilaLemma:99970,02561995-v,relação social,[get (something) done],fazer
do,lilaLemma:99970,02561995-v,relação social,[get (something) done],tornar
do,lilaLemma:99970,02317094-v,posse,"conceder, especialmente oficialmente",dar
do,lilaLemma:99970,02317094-v,posse,"conceder, especialmente oficialmente",garantir
do,lilaLemma:99970,02317094-v,posse,"conceder, especialmente oficialmente",outorgar
do,lilaLemma:99970,02317094-v,posse,"conceder, especialmente oficialmente",atribuir
do,lilaLemma:99970,02317094-v,posse,"conceder, especialmente oficialmente",conceder
do,lilaLemma:99970,02317094-v,posse,"conceder, especialmente oficialmente",conferir
do,lilaLemma:99970,02255462-v,posse,deixar ter,conceder
do,lilaLemma:99970,02255462-v,posse,deixar ter,dar
do,lilaLemma:99970,02255462-v,posse,deixar ter,outorgar
do,lilaLemma:99970,02255462-v,posse,deixar ter,permitir
do,lilaLemma:99970,02745486-v,estado,admitir a possibilidade,admitir
do,lilaLemma:99970,02745486-v,estado,admitir a possibilidade,permitir
do,lilaLemma:99970,02200686-v,posse,[give as a present; make a gift of],dar
do,lilaLemma:99970,02200686-v,posse,[give as a present; make a gift of],dar de presente
do,lilaLemma:99970,02200686-v,posse,[give as a present; make a gift of],entregar
do,lilaLemma:99970,02200686-v,posse,[give as a present; make a gift of],oferecer
do,lilaLemma:99970,02200686-v,posse,[give as a present; make a gift of],regalar
do,lilaLemma:99970,02200686-v,posse,[give as a present; make a gift of],cadastrar
do,lilaLemma:99970,02200686-v,posse,[give as a present; make a gift of],descadastrar
do,lilaLemma:99970,02200686-v,posse,[give as a present; make a gift of],presentear
do,lilaLemma:99970,01629000-v,criação,dar ou fornecimento,fazer
do,lilaLemma:99970,01629000-v,criação,dar ou fornecimento,gerar
do,lilaLemma:99970,01629000-v,criação,dar ou fornecimento,trazer
do,lilaLemma:99970,01629000-v,criação,dar ou fornecimento,dar
do,lilaLemma:99970,01629000-v,criação,dar ou fornecimento,produzir
do,lilaLemma:99970,02230772-v,posse,[place into the hands or custody of],ceder
do,lilaLemma:99970,02230772-v,posse,[place into the hands or custody of],dar
do,lilaLemma:99970,02230772-v,posse,[place into the hands or custody of],entregar
do,lilaLemma:99970,02230772-v,posse,[place into the hands or custody of],passar
do,lilaLemma:99970,02230772-v,posse,[place into the hands or custody of],acercar
do,lilaLemma:99970,02230772-v,posse,[place into the hands or custody of],cadastrar
do,lilaLemma:99970,02230772-v,posse,[place into the hands or custody of],confiar
do,lilaLemma:99970,02230772-v,posse,[place into the hands or custody of],deixar
do,lilaLemma:99970,02230772-v,posse,[place into the hands or custody of],descadastrar
do,lilaLemma:99970,02230772-v,posse,[place into the hands or custody of],transmitir
do,lilaLemma:99970,02230772-v,posse,[place into the hands or custody of],traspassar
do,lilaLemma:99970,02230772-v,posse,[place into the hands or custody of],trespassar
do,lilaLemma:99970,02230772-v,posse,[place into the hands or custody of],vistoriar
do,lilaLemma:99970,02347637-v,posse,dar para outro cuidar,consignar
do,lilaLemma:99970,01645601-v,criação,dar origem a,causar
do,lilaLemma:99970,01645601-v,criação,dar origem a,fazer
do,lilaLemma:99970,01645601-v,criação,dar origem a,provocar
do,lilaLemma:99970,01645601-v,criação,dar origem a,abrir
do,lilaLemma:99970,01645601-v,criação,dar origem a,tornar
do,lilaLemma:99970,02199590-v,posse,[transfer possession of something concrete or abstract to somebody],dar
do,lilaLemma:99970,02199590-v,posse,[transfer possession of something concrete or abstract to somebody],entregar
do,lilaLemma:99970,02199590-v,posse,[transfer possession of something concrete or abstract to somebody],cadastrar
do,lilaLemma:99970,02199590-v,posse,[transfer possession of something concrete or abstract to somebody],conceder
do,lilaLemma:99970,02199590-v,posse,[transfer possession of something concrete or abstract to somebody],descadastrar
do,lilaLemma:99970,01752495-v,criação,trazer ou rendimento,fazer
do,lilaLemma:99970,01752495-v,criação,trazer ou rendimento,produzir
do,lilaLemma:99970,02324182-v,posse,[give temporarily; let have for a limited time],emprestar
do,lilaLemma:99970,02324182-v,posse,[give temporarily; let have for a limited time],prestar
do,lilaLemma:99970,02324182-v,posse,[give temporarily; let have for a limited time],deixar
do,lilaLemma:99970,00726300-v,cognição,atribuir ou creditar algo,atribuir
do,lilaLemma:99970,00726300-v,cognição,atribuir ou creditar algo,imputar
do,lilaLemma:99970,00726300-v,cognição,atribuir ou creditar algo,afetar
do,lilaLemma:99970,00726300-v,cognição,atribuir ou creditar algo,delegar
do,lilaLemma:99970,00726300-v,cognição,atribuir ou creditar algo,lançar
do,lilaLemma:99970,02263692-v,posse,[give as a gift],conceder
do,lilaLemma:99970,02263692-v,posse,[give as a gift],entregar
do,lilaLemma:99970,02263692-v,posse,[give as a gift],outorgar
do,lilaLemma:99970,02263692-v,posse,[give as a gift],dar
do,lilaLemma:99970,01015866-v,comunicação,avançar evidência para,aduzir
do,lilaLemma:99970,01015866-v,comunicação,avançar evidência para,alegar
do,lilaLemma:99970,01015866-v,comunicação,avançar evidência para,citar
do,lilaLemma:99970,01015866-v,comunicação,avançar evidência para,invocar
do,lilaLemma:99970,00887463-v,comunicação,Ela se comprometeu com o trabalho do Senhor.,comprometer
do,lilaLemma:99970,00887463-v,comunicação,Ela se comprometeu com o trabalho do Senhor.,consagrar
do,lilaLemma:99970,00887463-v,comunicação,Ela se comprometeu com o trabalho do Senhor.,dedicar
do,lilaLemma:99970,00887463-v,comunicação,Ela se comprometeu com o trabalho do Senhor.,devotar
do,lilaLemma:99970,00887463-v,comunicação,Ela se comprometeu com o trabalho do Senhor.,aplicar-se
do,lilaLemma:99970,00887463-v,comunicação,Ela se comprometeu com o trabalho do Senhor.,empenhar-se
do,lilaLemma:99970,00887463-v,comunicação,Ela se comprometeu com o trabalho do Senhor.,nutrir
do,lilaLemma:99970,00887463-v,comunicação,Ela se comprometeu com o trabalho do Senhor.,oferecer
do,lilaLemma:99970,00887463-v,comunicação,Ela se comprometeu com o trabalho do Senhor.,sagrar
do,lilaLemma:99970,00887463-v,comunicação,Ela se comprometeu com o trabalho do Senhor.,tributar
do,lilaLemma:99970,02296153-v,posse,transmitir (conhecimento ou habilidades),dar
do,lilaLemma:99970,02296153-v,posse,transmitir (conhecimento ou habilidades),transmitir
do,lilaLemma:99970,02296153-v,posse,transmitir (conhecimento ou habilidades),comunicar
do,lilaLemma:99970,00742320-v,comunicação,transmitir informação,comunicar
do,lilaLemma:99970,00742320-v,comunicação,transmitir informação,transmitir
do,lilaLemma:99970,02316868-v,posse,"[cause to have, in the abstract sense or physical sense]",causar
do,lilaLemma:99970,02316868-v,posse,"[cause to have, in the abstract sense or physical sense]",dar
do,lilaLemma:99970,02316868-v,posse,"[cause to have, in the abstract sense or physical sense]",provocar
do,lilaLemma:99970,02316868-v,posse,"[cause to have, in the abstract sense or physical sense]",cadastrar
do,lilaLemma:99970,02316868-v,posse,"[cause to have, in the abstract sense or physical sense]",descadastrar
do,lilaLemma:99970,01752884-v,criação,"causar a acontecer, ocorrer ou existir",causar
do,lilaLemma:99970,01752884-v,criação,"causar a acontecer, ocorrer ou existir",fazer
do,lilaLemma:99970,01752884-v,criação,"causar a acontecer, ocorrer ou existir",produzir
do,lilaLemma:99970,01752884-v,criação,"causar a acontecer, ocorrer ou existir",provocar
do,lilaLemma:99970,01752884-v,criação,"causar a acontecer, ocorrer ou existir",acarrear
do,lilaLemma:99970,01752884-v,criação,"causar a acontecer, ocorrer ou existir",acarretar
do,lilaLemma:99970,01752884-v,criação,"causar a acontecer, ocorrer ou existir",motivar
do,lilaLemma:99970,01752884-v,criação,"causar a acontecer, ocorrer ou existir",ocasionar
do,lilaLemma:99970,01752884-v,criação,"causar a acontecer, ocorrer ou existir",semear
do,lilaLemma:99970,02316649-v,posse,Entregar-se; render-se ou renunciar seu controle físico a outro,ceder
do,lilaLemma:99970,02316649-v,posse,Entregar-se; render-se ou renunciar seu controle físico a outro,conceder
do,lilaLemma:99970,02316649-v,posse,Entregar-se; render-se ou renunciar seu controle físico a outro,entregar
do,lilaLemma:99970,02316649-v,posse,Entregar-se; render-se ou renunciar seu controle físico a outro,submeter-se
do,lilaLemma:99970,02316649-v,posse,Entregar-se; render-se ou renunciar seu controle físico a outro,sucumbir
do,lilaLemma:99970,02316649-v,posse,Entregar-se; render-se ou renunciar seu controle físico a outro,largar
do,lilaLemma:99970,02316649-v,posse,Entregar-se; render-se ou renunciar seu controle físico a outro,outorgar
do,lilaLemma:99970,02251743-v,posse,"[give money, usually in exchange for goods or services]",pagar
do,lilaLemma:99970,01955127-v,movimento,mandar embora para um objetivo designado,aviar
do,lilaLemma:99970,01955127-v,movimento,mandar embora para um objetivo designado,despachar
do,lilaLemma:99970,01955127-v,movimento,mandar embora para um objetivo designado,enviar
do,lilaLemma:99970,01955127-v,movimento,mandar embora para um objetivo designado,noticiar por despacho
do,lilaLemma:99970,01955127-v,movimento,mandar embora para um objetivo designado,endereçar
do,lilaLemma:99970,01955127-v,movimento,mandar embora para um objetivo designado,remeter
do,lilaLemma:99970,02423183-v,relação social,[make it possible through a specific action or lack of action for something to happen],deixar
do,lilaLemma:99970,02423183-v,relação social,[make it possible through a specific action or lack of action for something to happen],permitir
do,lilaLemma:99970,02423183-v,relação social,[make it possible through a specific action or lack of action for something to happen],possibilitar
do,lilaLemma:99970,00806049-v,comunicação,estar dispostos a concessão,conceder
do,lilaLemma:99970,00806049-v,comunicação,estar dispostos a concessão,outorgar
do,lilaLemma:99970,02253456-v,posse,[do or give something to somebody in return],compensar
do,lilaLemma:99970,02253456-v,posse,[do or give something to somebody in return],pagar
do,lilaLemma:99970,02263346-v,posse,[present],conceder
do,lilaLemma:99970,02263346-v,posse,[present],conferir
do,lilaLemma:99970,02263346-v,posse,[present],outorgar
do,lilaLemma:99970,02316304-v,posse,[part with a possession or right],abandonar
do,lilaLemma:99970,02316304-v,posse,[part with a possession or right],deixar
do,lilaLemma:99970,02316304-v,posse,[part with a possession or right],desistir
do,lilaLemma:99970,02316304-v,posse,[part with a possession or right],desobrigar
do,lilaLemma:99970,02316304-v,posse,[part with a possession or right],liberar
do,lilaLemma:99970,02316304-v,posse,[part with a possession or right],renunciar
do,lilaLemma:99970,02316304-v,posse,[part with a possession or right],libertar
do,lilaLemma:99970,02296726-v,posse,"[make available or accessible, provide or furnish]",oferecer
do,lilaLemma:99970,02079933-v,movimento,transmitir ou servir como meio de transmissão,conduzir
do,lilaLemma:99970,02079933-v,movimento,transmitir ou servir como meio de transmissão,transmitir
do,lilaLemma:99970,02079933-v,movimento,transmitir ou servir como meio de transmissão,trazer
do,lilaLemma:99970,02079933-v,movimento,transmitir ou servir como meio de transmissão,transportar
do,lilaLemma:99970,02079933-v,movimento,transmitir ou servir como meio de transmissão,veicular
do,lilaLemma:99970,01020005-v,comunicação,fazer menção de,comentar
do,lilaLemma:99970,01020005-v,comunicação,fazer menção de,mencionar
do,lilaLemma:99970,01020005-v,comunicação,fazer menção de,notar
do,lilaLemma:99970,01020005-v,comunicação,fazer menção de,remarcar
do,lilaLemma:99970,01020005-v,comunicação,fazer menção de,reparar
do,lilaLemma:99970,01020005-v,comunicação,fazer menção de,acatar
do,lilaLemma:99970,01020005-v,comunicação,fazer menção de,advertir
do,lilaLemma:99970,01020005-v,comunicação,fazer menção de,apontar
do,lilaLemma:99970,01020005-v,comunicação,fazer menção de,assistir
do,lilaLemma:99970,01020005-v,comunicação,fazer menção de,explorar
do,lilaLemma:99970,01020005-v,comunicação,fazer menção de,fazer_notar
do,lilaLemma:99970,01020005-v,comunicação,fazer menção de,fixar
do,lilaLemma:99970,01020005-v,comunicação,fazer menção de,mirar
do,lilaLemma:99970,01020005-v,comunicação,fazer menção de,observar
do,lilaLemma:99970,01020005-v,comunicação,fazer menção de,perscrutar
do,lilaLemma:99970,01020005-v,comunicação,fazer menção de,presenciar
do,lilaLemma:99970,01020005-v,comunicação,fazer menção de,sondar
do,lilaLemma:99970,01020005-v,comunicação,fazer menção de,tentear
do,lilaLemma:99970,00983824-v,comunicação,expressar de forma audível; emitir sons (não necessariamente palavras),emitir
do,lilaLemma:99970,00983824-v,comunicação,expressar de forma audível; emitir sons (não necessariamente palavras),soltar
do,lilaLemma:99970,00983824-v,comunicação,expressar de forma audível; emitir sons (não necessariamente palavras),pronunciar
do,lilaLemma:99970,02475922-v,relação social,"[assign a duty, responsibility or obligation to]",nomear
do,lilaLemma:99970,02475922-v,relação social,"[assign a duty, responsibility or obligation to]",responsabilizar
do,lilaLemma:99970,02475922-v,relação social,"[assign a duty, responsibility or obligation to]",designar
do,lilaLemma:99970,01647672-v,criação,trazer,estabelecer
do,lilaLemma:99970,01647672-v,criação,trazer,produzir
do,lilaLemma:99970,01647672-v,criação,trazer,dar
do,lilaLemma:99970,02255268-v,posse,[allow to have],conceder
do,lilaLemma:99970,02255268-v,posse,[allow to have],entregar
do,lilaLemma:99970,02255268-v,posse,[allow to have],outorgar
do,lilaLemma:99970,01621555-v,criação,criar ou fabricar um produto sintético,construir
do,lilaLemma:99970,01621555-v,criação,criar ou fabricar um produto sintético,criar
do,lilaLemma:99970,01621555-v,criação,criar ou fabricar um produto sintético,fazer
do,lilaLemma:99970,01621555-v,criação,criar ou fabricar um produto sintético,produzir
do,lilaLemma:99970,01621555-v,criação,criar ou fabricar um produto sintético,abrir
do,lilaLemma:99970,01621555-v,criação,criar ou fabricar um produto sintético,botar
do,lilaLemma:99970,01621555-v,criação,criar ou fabricar um produto sintético,conceber
do,lilaLemma:99970,01621555-v,criação,criar ou fabricar um produto sintético,confecionar
do,lilaLemma:99970,01621555-v,criação,criar ou fabricar um produto sintético,elaborar
do,lilaLemma:99970,01621555-v,criação,criar ou fabricar um produto sintético,fabricar
do,lilaLemma:99970,01621555-v,criação,criar ou fabricar um produto sintético,formar
do,lilaLemma:99970,01621555-v,criação,criar ou fabricar um produto sintético,manar
do,lilaLemma:99970,01621555-v,criação,criar ou fabricar um produto sintético,proceder
do,lilaLemma:99970,01621555-v,criação,criar ou fabricar um produto sintético,provir
do,lilaLemma:99970,01621555-v,criação,criar ou fabricar um produto sintético,realizar
do,lilaLemma:99970,01621555-v,criação,criar ou fabricar um produto sintético,tornar
do,lilaLemma:99970,02294436-v,posse,"[administer or bestow, as in small portions]",conceder
do,lilaLemma:99970,02294436-v,posse,"[administer or bestow, as in small portions]",entregar
do,lilaLemma:99970,02294436-v,posse,"[administer or bestow, as in small portions]",lidar
do,lilaLemma:99970,02294436-v,posse,"[administer or bestow, as in small portions]",atribuir
do,lilaLemma:99970,02294436-v,posse,"[administer or bestow, as in small portions]",distribuir
do,lilaLemma:99970,02294436-v,posse,"[administer or bestow, as in small portions]",repartir
do,lilaLemma:99970,02235842-v,posse,transmitir ou revelar informações,dar
do,lilaLemma:99970,02235842-v,posse,transmitir ou revelar informações,revelar
do,lilaLemma:99970,02327200-v,posse,[give something useful or necessary to],abastecer
do,lilaLemma:99970,02327200-v,posse,[give something useful or necessary to],fornecer
do,lilaLemma:99970,02327200-v,posse,[give something useful or necessary to],prover
do,lilaLemma:99970,02327200-v,posse,[give something useful or necessary to],suprir
do,lilaLemma:99970,02327200-v,posse,[give something useful or necessary to],aprovisionar
do,lilaLemma:99970,02327200-v,posse,[give something useful or necessary to],ceder
do,lilaLemma:99970,02327200-v,posse,[give something useful or necessary to],conceder
do,lilaLemma:99970,02327200-v,posse,[give something useful or necessary to],dotar
do,lilaLemma:99970,02327200-v,posse,[give something useful or necessary to],equipar
do,lilaLemma:99970,02327200-v,posse,[give something useful or necessary to],facilitar
do,lilaLemma:99970,02327200-v,posse,[give something useful or necessary to],facultar
do,lilaLemma:99970,02327200-v,posse,[give something useful or necessary to],franquear
do,lilaLemma:99970,02327200-v,posse,[give something useful or necessary to],guarnecer
do,lilaLemma:99970,02327200-v,posse,[give something useful or necessary to],habilitar
do,lilaLemma:99970,02327200-v,posse,[give something useful or necessary to],munir
do,lilaLemma:99970,02327200-v,posse,[give something useful or necessary to],oferecer
do,lilaLemma:99970,02327200-v,posse,[give something useful or necessary to],permitir
do,lilaLemma:99970,02327200-v,posse,[give something useful or necessary to],prestar
do,lilaLemma:99970,02327200-v,posse,[give something useful or necessary to],proporcionar
do,lilaLemma:99970,02327200-v,posse,[give something useful or necessary to],providenciar
do,lilaLemma:99970,00802318-v,comunicação,"consentir vom, dar permissão",consentir
do,lilaLemma:99970,00802318-v,comunicação,"consentir vom, dar permissão",deixar
do,lilaLemma:99970,00802318-v,comunicação,"consentir vom, dar permissão",permitir
do,lilaLemma:99970,00802318-v,comunicação,"consentir vom, dar permissão",aceder
do,lilaLemma:99970,00802318-v,comunicação,"consentir vom, dar permissão",aceitar
do,lilaLemma:99970,00802318-v,comunicação,"consentir vom, dar permissão",aprovar
do,lilaLemma:99970,00802318-v,comunicação,"consentir vom, dar permissão",autorizar
do,lilaLemma:99970,00802318-v,comunicação,"consentir vom, dar permissão",conceder
do,lilaLemma:99970,00802318-v,comunicação,"consentir vom, dar permissão",ousar
do,lilaLemma:99970,00802318-v,comunicação,"consentir vom, dar permissão",outorgar
do,lilaLemma:99970,00802318-v,comunicação,"consentir vom, dar permissão",querer
do,lilaLemma:99970,00802318-v,comunicação,"consentir vom, dar permissão",ratificar
do,lilaLemma:99970,00802318-v,comunicação,"consentir vom, dar permissão",sancionar
dominus,lilaLemma:98084,10298647-n,pessoa,orienta o trabalho dos outros,chefe
dominus,lilaLemma:98084,10298647-n,pessoa,orienta o trabalho dos outros,mestre
dominus,lilaLemma:98084,10298647-n,pessoa,orienta o trabalho dos outros,patrão
dominus,lilaLemma:98084,10388924-n,pessoa,(lei) alguém que é dono (é o proprietário legal) de um negócio,dono
dominus,lilaLemma:98084,10388924-n,pessoa,(lei) alguém que é dono (é o proprietário legal) de um negócio,proprietário
dominus,lilaLemma:98084,10388924-n,pessoa,(lei) alguém que é dono (é o proprietário legal) de um negócio,amo
dominus,lilaLemma:98084,10388924-n,pessoa,(lei) alguém que é dono (é o proprietário legal) de um negócio,titular
dominus,lilaLemma:98084,10389398-n,pessoa,uma pessoa que possui algo,amo
dominus,lilaLemma:98084,10389398-n,pessoa,uma pessoa que possui algo,dono
dominus,lilaLemma:98084,10389398-n,pessoa,uma pessoa que possui algo,possuidor
dominus,lilaLemma:98084,10389398-n,pessoa,uma pessoa que possui algo,proprietário
dominus,lilaLemma:98084,10389398-n,pessoa,uma pessoa que possui algo,fidalgo
dominus,lilaLemma:98084,10389398-n,pessoa,uma pessoa que possui algo,possessor
dominus,lilaLemma:98084,10389398-n,pessoa,uma pessoa que possui algo,senhor
dominus,lilaLemma:98084,10388440-n,pessoa,uma pessoa que tem autoridade geral sobre os outros,castelão
dominus,lilaLemma:98084,10388440-n,pessoa,uma pessoa que tem autoridade geral sobre os outros,senhor
dominus,lilaLemma:98084,10388440-n,pessoa,uma pessoa que tem autoridade geral sobre os outros,aio
dominus,lilaLemma:98084,10388440-n,pessoa,uma pessoa que tem autoridade geral sobre os outros,ama-seca
dominus,lilaLemma:98084,10388440-n,pessoa,uma pessoa que tem autoridade geral sobre os outros,ama_de_leite
dominus,lilaLemma:98084,10388440-n,pessoa,uma pessoa que tem autoridade geral sobre os outros,amo
dominus,lilaLemma:98084,10388440-n,pessoa,uma pessoa que tem autoridade geral sobre os outros,governanta
dominus,lilaLemma:98084,10388440-n,pessoa,uma pessoa que tem autoridade geral sobre os outros,mestre
dominus,lilaLemma:98084,10388440-n,pessoa,uma pessoa que tem autoridade geral sobre os outros,precetor
domus,lilaLemma:100071,08585158-n,lugar,lugar onde algo começou e floresceu,casa
domus,lilaLemma:100071,08585158-n,lugar,lugar onde algo começou e floresceu,lar
domus,lilaLemma:100071,08490199-n,lugar,"o país, estado ou cidade onde você mora",casa
domus,lilaLemma:100071,08490199-n,lugar,"o país, estado ou cidade onde você mora",lar
domus,lilaLemma:100071,08490199-n,lugar,"o país, estado ou cidade onde você mora",país
domus,lilaLemma:100071,08078020-n,grupo,uma unidade social que vivem juntos,casa
domus,lilaLemma:100071,08078020-n,grupo,uma unidade social que vivem juntos,família
domus,lilaLemma:100071,08078020-n,grupo,uma unidade social que vivem juntos,lar
domus,lilaLemma:100071,03259505-n,artefato,habitação que alguém está vivendo em,aposento
domus,lilaLemma:100071,03259505-n,artefato,habitação que alguém está vivendo em,casa
domus,lilaLemma:100071,03259505-n,artefato,habitação que alguém está vivendo em,domicílio
domus,lilaLemma:100071,03259505-n,artefato,habitação que alguém está vivendo em,habitação
domus,lilaLemma:100071,03259505-n,artefato,habitação que alguém está vivendo em,lar
domus,lilaLemma:100071,03259505-n,artefato,habitação que alguém está vivendo em,morada
domus,lilaLemma:100071,03259505-n,artefato,habitação que alguém está vivendo em,moradia
domus,lilaLemma:100071,03259505-n,artefato,habitação que alguém está vivendo em,residência
domus,lilaLemma:100071,03259505-n,artefato,habitação que alguém está vivendo em,alojamento
domus,lilaLemma:100071,03259505-n,artefato,habitação que alguém está vivendo em,andar
domus,lilaLemma:100071,03259505-n,artefato,habitação que alguém está vivendo em,aposentadoria
domus,lilaLemma:100071,03259505-n,artefato,habitação que alguém está vivendo em,chalé
domus,lilaLemma:100071,03259505-n,artefato,habitação que alguém está vivendo em,estância
domus,lilaLemma:100071,03259505-n,artefato,habitação que alguém está vivendo em,poisada
domus,lilaLemma:100071,03259505-n,artefato,habitação que alguém está vivendo em,pousada
domus,lilaLemma:100071,03259505-n,artefato,habitação que alguém está vivendo em,vila
domus,lilaLemma:100071,03259505-n,artefato,habitação que alguém está vivendo em,vivenda
domus,lilaLemma:100071,02913152-n,artefato,uma estrutura que tem um telhado e paredes e fica mais ou menos permanentemente em um só lugar,edifício
domus,lilaLemma:100071,02913152-n,artefato,uma estrutura que tem um telhado e paredes e fica mais ou menos permanentemente em um só lugar,prédio
domus,lilaLemma:100071,02913152-n,artefato,uma estrutura que tem um telhado e paredes e fica mais ou menos permanentemente em um só lugar,imóvel
domus,lilaLemma:100071,03544360-n,artefato,um edifício que serve como zona de habitação para uma ou mais famílias,casa
domus,lilaLemma:100071,03544360-n,artefato,um edifício que serve como zona de habitação para uma ou mais famílias,edifício residencial
domus,lilaLemma:100071,03544360-n,artefato,um edifício que serve como zona de habitação para uma ou mais famílias,habitação
domus,lilaLemma:100071,03544360-n,artefato,um edifício que serve como zona de habitação para uma ou mais famílias,vivenda
duo,lilaLemma:100246,02186470-s,adjetivo,[being one more than one],2
duo,lilaLemma:100246,02186470-s,adjetivo,[being one more than one],dois
eo,lilaLemma:101183,02014165-v,movimento,licença,departir
eo,lilaLemma:101183,02014165-v,movimento,licença,partir
eo,lilaLemma:101183,02014165-v,movimento,licença,sair
eo,lilaLemma:101183,02072849-v,movimento,passar rapidamente por,ir
eo,lilaLemma:101183,02072849-v,movimento,passar rapidamente por,passar
eo,lilaLemma:101183,02072849-v,movimento,passar rapidamente por,correr
eo,lilaLemma:101183,02072849-v,movimento,passar rapidamente por,decorrer
eo,lilaLemma:101183,02072849-v,movimento,passar rapidamente por,desaparecer
eo,lilaLemma:101183,02072849-v,movimento,passar rapidamente por,resvalar
eo,lilaLemma:101183,02072849-v,movimento,passar rapidamente por,transcorrer
eo,lilaLemma:101183,02016523-v,movimento,entra ou sai em,entrar
eo,lilaLemma:101183,02051694-v,movimento,seguir em frente,ir
eo,lilaLemma:101183,02051694-v,movimento,seguir em frente,passar de largo
eo,lilaLemma:101183,02051694-v,movimento,seguir em frente,passar
eo,lilaLemma:101183,02051694-v,movimento,seguir em frente,vistoriar
eo,lilaLemma:101183,01995549-v,movimento,Seguir em frente; viajar para a frente no tempo ou no espaço,avançar
eo,lilaLemma:101183,01995549-v,movimento,Seguir em frente; viajar para a frente no tempo ou no espaço,continuar
eo,lilaLemma:101183,01995549-v,movimento,Seguir em frente; viajar para a frente no tempo ou no espaço,ir
eo,lilaLemma:101183,01995549-v,movimento,Seguir em frente; viajar para a frente no tempo ou no espaço,progredir
eo,lilaLemma:101183,01995549-v,movimento,Seguir em frente; viajar para a frente no tempo ou no espaço,prosseguir
eo,lilaLemma:101183,01995549-v,movimento,Seguir em frente; viajar para a frente no tempo ou no espaço,seguir
eo,lilaLemma:101183,01995549-v,movimento,Seguir em frente; viajar para a frente no tempo ou no espaço,proceder
eo,lilaLemma:101183,02633881-v,estado,ser encontrado como tal,provar
eo,lilaLemma:101183,02633881-v,estado,ser encontrado como tal,resultar
eo,lilaLemma:101183,02633881-v,estado,ser encontrado como tal,demonstrar
eo,lilaLemma:101183,02633881-v,estado,ser encontrado como tal,testar
eo,lilaLemma:101183,00317888-v,mudança,prolongar no tempo; fazer com que seja ou dure mais tempo,extender
eo,lilaLemma:101183,00317888-v,mudança,prolongar no tempo; fazer com que seja ou dure mais tempo,prolongar
eo,lilaLemma:101183,00317888-v,mudança,prolongar no tempo; fazer com que seja ou dure mais tempo,prorrogar
eo,lilaLemma:101183,00317888-v,mudança,prolongar no tempo; fazer com que seja ou dure mais tempo,alongar
eo,lilaLemma:101183,02066939-v,movimento,"se mover, de líquidos",correr
eo,lilaLemma:101183,02066939-v,movimento,"se mover, de líquidos",fluir
eo,lilaLemma:101183,02066939-v,movimento,"se mover, de líquidos",manar
eo,lilaLemma:101183,02066939-v,movimento,"se mover, de líquidos",brotar
eo,lilaLemma:101183,02066939-v,movimento,"se mover, de líquidos",crescer
eo,lilaLemma:101183,02066939-v,movimento,"se mover, de líquidos",escorrer
eo,lilaLemma:101183,01915365-v,movimento,fazer uma viagem ou passagem de um lugar para outro,atravessar
eo,lilaLemma:101183,01915365-v,movimento,fazer uma viagem ou passagem de um lugar para outro,transitar
eo,lilaLemma:101183,01989053-v,movimento,"quebrar, literalmente ou metaforicamente",colapsar
eo,lilaLemma:101183,01989053-v,movimento,"quebrar, literalmente ou metaforicamente",desabar
eo,lilaLemma:101183,01989053-v,movimento,"quebrar, literalmente ou metaforicamente",desmoronar
eo,lilaLemma:101183,01989053-v,movimento,"quebrar, literalmente ou metaforicamente",quebrar
eo,lilaLemma:101183,01989053-v,movimento,"quebrar, literalmente ou metaforicamente",ruir
eo,lilaLemma:101183,01989053-v,movimento,"quebrar, literalmente ou metaforicamente",abater
eo,lilaLemma:101183,01989053-v,movimento,"quebrar, literalmente ou metaforicamente",cair
eo,lilaLemma:101183,01989053-v,movimento,"quebrar, literalmente ou metaforicamente",ceder
eo,lilaLemma:101183,01989053-v,movimento,"quebrar, literalmente ou metaforicamente",dar
eo,lilaLemma:101183,01989053-v,movimento,"quebrar, literalmente ou metaforicamente",partir
eo,lilaLemma:101183,00235110-v,mudança,continuar ou ampliar,estender
eo,lilaLemma:101183,00358431-v,mudança,"passar da vida física, perder todos os atributos corporais e funções necessárias para sustentar a vida",bater as botas
eo,lilaLemma:101183,00358431-v,mudança,"passar da vida física, perder todos os atributos corporais e funções necessárias para sustentar a vida",comer capim pela raiz
eo,lilaLemma:101183,00358431-v,mudança,"passar da vida física, perder todos os atributos corporais e funções necessárias para sustentar a vida",expirar
eo,lilaLemma:101183,00358431-v,mudança,"passar da vida física, perder todos os atributos corporais e funções necessárias para sustentar a vida",falecer
eo,lilaLemma:101183,00358431-v,mudança,"passar da vida física, perder todos os atributos corporais e funções necessárias para sustentar a vida",morrer
eo,lilaLemma:101183,00358431-v,mudança,"passar da vida física, perder todos os atributos corporais e funções necessárias para sustentar a vida",perecer
eo,lilaLemma:101183,00358431-v,mudança,"passar da vida física, perder todos os atributos corporais e funções necessárias para sustentar a vida",acabar
eo,lilaLemma:101183,00358431-v,mudança,"passar da vida física, perder todos os atributos corporais e funções necessárias para sustentar a vida",apagar
eo,lilaLemma:101183,00358431-v,mudança,"passar da vida física, perder todos os atributos corporais e funções necessárias para sustentar a vida",assoprar
eo,lilaLemma:101183,00358431-v,mudança,"passar da vida física, perder todos os atributos corporais e funções necessárias para sustentar a vida",caducar
eo,lilaLemma:101183,00358431-v,mudança,"passar da vida física, perder todos os atributos corporais e funções necessárias para sustentar a vida",cair
eo,lilaLemma:101183,00358431-v,mudança,"passar da vida física, perder todos os atributos corporais e funções necessárias para sustentar a vida",dar_a_vida
eo,lilaLemma:101183,00358431-v,mudança,"passar da vida física, perder todos os atributos corporais e funções necessárias para sustentar a vida",decair
eo,lilaLemma:101183,00358431-v,mudança,"passar da vida física, perder todos os atributos corporais e funções necessárias para sustentar a vida",desaparecer
eo,lilaLemma:101183,00358431-v,mudança,"passar da vida física, perder todos os atributos corporais e funções necessárias para sustentar a vida",descansar
eo,lilaLemma:101183,00358431-v,mudança,"passar da vida física, perder todos os atributos corporais e funções necessárias para sustentar a vida",desfalecer
eo,lilaLemma:101183,00358431-v,mudança,"passar da vida física, perder todos os atributos corporais e funções necessárias para sustentar a vida",despedir
eo,lilaLemma:101183,00358431-v,mudança,"passar da vida física, perder todos os atributos corporais e funções necessárias para sustentar a vida",embarcar
eo,lilaLemma:101183,00358431-v,mudança,"passar da vida física, perder todos os atributos corporais e funções necessárias para sustentar a vida",enfraquecer
eo,lilaLemma:101183,00358431-v,mudança,"passar da vida física, perder todos os atributos corporais e funções necessárias para sustentar a vida",esbater-se
eo,lilaLemma:101183,00358431-v,mudança,"passar da vida física, perder todos os atributos corporais e funções necessárias para sustentar a vida",escassear
eo,lilaLemma:101183,00358431-v,mudança,"passar da vida física, perder todos os atributos corporais e funções necessárias para sustentar a vida",esmorecer
eo,lilaLemma:101183,00358431-v,mudança,"passar da vida física, perder todos os atributos corporais e funções necessárias para sustentar a vida",espichar
eo,lilaLemma:101183,00358431-v,mudança,"passar da vida física, perder todos os atributos corporais e funções necessárias para sustentar a vida",esvair-se
eo,lilaLemma:101183,00358431-v,mudança,"passar da vida física, perder todos os atributos corporais e funções necessárias para sustentar a vida",exalar
eo,lilaLemma:101183,00358431-v,mudança,"passar da vida física, perder todos os atributos corporais e funções necessárias para sustentar a vida",extinguir
eo,lilaLemma:101183,00358431-v,mudança,"passar da vida física, perder todos os atributos corporais e funções necessárias para sustentar a vida",faltar
eo,lilaLemma:101183,00358431-v,mudança,"passar da vida física, perder todos os atributos corporais e funções necessárias para sustentar a vida",fanar
eo,lilaLemma:101183,00358431-v,mudança,"passar da vida física, perder todos os atributos corporais e funções necessárias para sustentar a vida",fenecer
eo,lilaLemma:101183,00358431-v,mudança,"passar da vida física, perder todos os atributos corporais e funções necessárias para sustentar a vida",ficar
eo,lilaLemma:101183,00358431-v,mudança,"passar da vida física, perder todos os atributos corporais e funções necessárias para sustentar a vida",finar-se
eo,lilaLemma:101183,00358431-v,mudança,"passar da vida física, perder todos os atributos corporais e funções necessárias para sustentar a vida",findar
eo,lilaLemma:101183,00358431-v,mudança,"passar da vida física, perder todos os atributos corporais e funções necessárias para sustentar a vida",matar
eo,lilaLemma:101183,00358431-v,mudança,"passar da vida física, perder todos os atributos corporais e funções necessárias para sustentar a vida",murchar
eo,lilaLemma:101183,00358431-v,mudança,"passar da vida física, perder todos os atributos corporais e funções necessárias para sustentar a vida",perder-se
eo,lilaLemma:101183,00358431-v,mudança,"passar da vida física, perder todos os atributos corporais e funções necessárias para sustentar a vida",precisar
eo,lilaLemma:101183,00358431-v,mudança,"passar da vida física, perder todos os atributos corporais e funções necessárias para sustentar a vida",soprar
eo,lilaLemma:101183,00358431-v,mudança,"passar da vida física, perder todos os atributos corporais e funções necessárias para sustentar a vida",sucumbir
eo,lilaLemma:101183,00358431-v,mudança,"passar da vida física, perder todos os atributos corporais e funções necessárias para sustentar a vida",terminar
eo,lilaLemma:101183,00358431-v,mudança,"passar da vida física, perder todos os atributos corporais e funções necessárias para sustentar a vida",tombar
eo,lilaLemma:101183,02066510-v,movimento,mover ou progredir livremente como se estivesse em um fluxo,escorrer
eo,lilaLemma:101183,02066510-v,movimento,mover ou progredir livremente como se estivesse em um fluxo,fluir
eo,lilaLemma:101183,02066510-v,movimento,mover ou progredir livremente como se estivesse em um fluxo,correr
eo,lilaLemma:101183,00341560-v,mudança,seguir um determinado curso,ir
eo,lilaLemma:101183,00341560-v,mudança,seguir um determinado curso,prosseguir
eo,lilaLemma:101183,02719399-v,estado,tem uma tendência ou disposição para fazer ou ser algo; ser inclinado,estar inclinado a
eo,lilaLemma:101183,02719399-v,estado,tem uma tendência ou disposição para fazer ou ser algo; ser inclinado,inclinar se
eo,lilaLemma:101183,02719399-v,estado,tem uma tendência ou disposição para fazer ou ser algo; ser inclinado,tender
eo,lilaLemma:101183,01992503-v,movimento,"seguir em frente, também no sentido metafórico",ganhar terreno
eo,lilaLemma:101183,01835496-v,movimento,"mudar de local; mover, viagens, ou prosseguir, também metaforicamente",andar
eo,lilaLemma:101183,01835496-v,movimento,"mudar de local; mover, viagens, ou prosseguir, também metaforicamente",caminhar
eo,lilaLemma:101183,01835496-v,movimento,"mudar de local; mover, viagens, ou prosseguir, também metaforicamente",ir
eo,lilaLemma:101183,01835496-v,movimento,"mudar de local; mover, viagens, ou prosseguir, também metaforicamente",viajar
eo,lilaLemma:101183,00150776-v,mudança,"se comportar de acordo, ou de acordo com",seguir
eo,lilaLemma:101183,01904930-v,movimento,usar os pés para avançar; avançar por etapas,andar
eo,lilaLemma:101183,01904930-v,movimento,usar os pés para avançar; avançar por etapas,caminhar
eo,lilaLemma:101183,01904930-v,movimento,usar os pés para avançar; avançar por etapas,ir
eo,lilaLemma:101183,02590072-v,relação social,[have recourse to],recorrer
eo,lilaLemma:101183,00969873-v,comunicação,tornar amplamente conhecido e repassados,circular
eo,lilaLemma:101183,00969873-v,comunicação,tornar amplamente conhecido e repassados,espalhar
eo,lilaLemma:101183,01380122-v,contato,tornar-se distribuído ou difundido,difundir
eo,lilaLemma:101183,01380122-v,contato,tornar-se distribuído ou difundido,propagar
eo,lilaLemma:101183,00149583-v,mudança,assumir um certo estado ou condiçã,estar
eo,lilaLemma:101183,00149583-v,mudança,assumir um certo estado ou condiçã,ficar
eo,lilaLemma:101183,00149583-v,mudança,assumir um certo estado ou condiçã,tornar
eo,lilaLemma:101183,02685951-v,estado,"[stretch out over a distance, space, time, or scope; run or extend between two points or beyond a certain point]",estender
eo,lilaLemma:101183,02685951-v,estado,"[stretch out over a distance, space, time, or scope; run or extend between two points or beyond a certain point]",ir
eo,lilaLemma:101183,02685951-v,estado,"[stretch out over a distance, space, time, or scope; run or extend between two points or beyond a certain point]",levar
eo,lilaLemma:101183,02685951-v,estado,"[stretch out over a distance, space, time, or scope; run or extend between two points or beyond a certain point]",passar
eo,lilaLemma:101183,02685951-v,estado,"[stretch out over a distance, space, time, or scope; run or extend between two points or beyond a certain point]",vistoriar
eo,lilaLemma:101183,02530167-v,relação social,fazer um esforço ou tentativa,procurar
eo,lilaLemma:101183,02530167-v,relação social,fazer um esforço ou tentativa,tentar
eo,lilaLemma:101183,02530167-v,relação social,fazer um esforço ou tentativa,arriscar-se
eo,lilaLemma:101183,02530167-v,relação social,fazer um esforço ou tentativa,atentar
eo,lilaLemma:101183,02530167-v,relação social,fazer um esforço ou tentativa,aventurar-se
eo,lilaLemma:101183,02530167-v,relação social,fazer um esforço ou tentativa,cativar
eo,lilaLemma:101183,02530167-v,relação social,fazer um esforço ou tentativa,di-ligenciar
eo,lilaLemma:101183,02530167-v,relação social,fazer um esforço ou tentativa,diligenciar
eo,lilaLemma:101183,02530167-v,relação social,fazer um esforço ou tentativa,ensaiar
eo,lilaLemma:101183,02530167-v,relação social,fazer um esforço ou tentativa,experimentar
eo,lilaLemma:101183,02530167-v,relação social,fazer um esforço ou tentativa,fazer
eo,lilaLemma:101183,02530167-v,relação social,fazer um esforço ou tentativa,intentar
eo,lilaLemma:101183,02530167-v,relação social,fazer um esforço ou tentativa,persuadir
eo,lilaLemma:101183,02530167-v,relação social,fazer um esforço ou tentativa,pretender
eo,lilaLemma:101183,02530167-v,relação social,fazer um esforço ou tentativa,seduzir
sum,lilaLemma:126689,02649830-v,estado,[inhabit or live in; be an inhabitant of],habitar
sum,lilaLemma:126689,02649830-v,estado,[inhabit or live in; be an inhabitant of],morar
sum,lilaLemma:126689,02649830-v,estado,[inhabit or live in; be an inhabitant of],povoar
sum,lilaLemma:126689,02649830-v,estado,[inhabit or live in; be an inhabitant of],viver
sum,lilaLemma:126689,02649830-v,estado,[inhabit or live in; be an inhabitant of],assistir
sum,lilaLemma:126689,02649830-v,estado,[inhabit or live in; be an inhabitant of],compreender
sum,lilaLemma:126689,02649830-v,estado,[inhabit or live in; be an inhabitant of],estanciar
sum,lilaLemma:126689,02649830-v,estado,[inhabit or live in; be an inhabitant of],foguear
sum,lilaLemma:126689,02649830-v,estado,[inhabit or live in; be an inhabitant of],ocupar
sum,lilaLemma:126689,02649830-v,estado,[inhabit or live in; be an inhabitant of],poisar
sum,lilaLemma:126689,02649830-v,estado,[inhabit or live in; be an inhabitant of],pousar
sum,lilaLemma:126689,02649830-v,estado,[inhabit or live in; be an inhabitant of],residir
sum,lilaLemma:126689,02614181-v,estado,"[have life, be alive]",estar vivo
sum,lilaLemma:126689,02614181-v,estado,"[have life, be alive]",viver
sum,lilaLemma:126689,02614181-v,estado,"[have life, be alive]",existir
sum,lilaLemma:126689,02614181-v,estado,"[have life, be alive]",morar
sum,lilaLemma:126689,02614181-v,estado,"[have life, be alive]",ser
sum,lilaLemma:126689,02301680-v,posse,[be owned by; be in the possession of],pertencer
sum,lilaLemma:126689,02664769-v,estado,[be identical or equivalent to],equivaler
sum,lilaLemma:126689,02664769-v,estado,[be identical or equivalent to],igualar
sum,lilaLemma:126689,02664769-v,estado,[be identical or equivalent to],ser
sum,lilaLemma:126689,02664769-v,estado,[be identical or equivalent to],significar
sum,lilaLemma:126689,02005948-v,movimento,chegar ao destino; chegar por movimento ou por progresso,chegar
sum,lilaLemma:126689,02005948-v,movimento,chegar ao destino; chegar por movimento ou por progresso,vir
sum,lilaLemma:126689,02005948-v,movimento,chegar ao destino; chegar por movimento ou por progresso,abastar
sum,lilaLemma:126689,02005948-v,movimento,chegar ao destino; chegar por movimento ou por progresso,aceder
sum,lilaLemma:126689,02005948-v,movimento,chegar ao destino; chegar por movimento ou por progresso,achegar
sum,lilaLemma:126689,02005948-v,movimento,chegar ao destino; chegar por movimento ou por progresso,aconchegar
sum,lilaLemma:126689,02005948-v,movimento,chegar ao destino; chegar por movimento ou por progresso,aproximar
sum,lilaLemma:126689,02005948-v,movimento,chegar ao destino; chegar por movimento ou por progresso,arribar
sum,lilaLemma:126689,02005948-v,movimento,chegar ao destino; chegar por movimento ou por progresso,atingir
sum,lilaLemma:126689,02005948-v,movimento,chegar ao destino; chegar por movimento ou por progresso,avizinhar
sum,lilaLemma:126689,02005948-v,movimento,chegar ao destino; chegar por movimento ou por progresso,bastar
sum,lilaLemma:126689,02005948-v,movimento,chegar ao destino; chegar por movimento ou por progresso,bater
sum,lilaLemma:126689,02005948-v,movimento,chegar ao destino; chegar por movimento ou por progresso,conchegar
sum,lilaLemma:126689,02005948-v,movimento,chegar ao destino; chegar por movimento ou por progresso,equiparar
sum,lilaLemma:126689,02005948-v,movimento,chegar ao destino; chegar por movimento ou por progresso,igualar
sum,lilaLemma:126689,02005948-v,movimento,chegar ao destino; chegar por movimento ou por progresso,manifestar-se
sum,lilaLemma:126689,02005948-v,movimento,chegar ao destino; chegar por movimento ou por progresso,perfazer
sum,lilaLemma:126689,02005948-v,movimento,chegar ao destino; chegar por movimento ou por progresso,sobrar
sum,lilaLemma:126689,02005948-v,movimento,chegar ao destino; chegar por movimento ou por progresso,sovar
sum,lilaLemma:126689,02072849-v,movimento,passar rapidamente por,ir
sum,lilaLemma:126689,02072849-v,movimento,passar rapidamente por,passar
sum,lilaLemma:126689,02072849-v,movimento,passar rapidamente por,correr
sum,lilaLemma:126689,02072849-v,movimento,passar rapidamente por,decorrer
sum,lilaLemma:126689,02072849-v,movimento,passar rapidamente por,desaparecer
sum,lilaLemma:126689,02072849-v,movimento,passar rapidamente por,resvalar
sum,lilaLemma:126689,02072849-v,movimento,passar rapidamente por,transcorrer
sum,lilaLemma:126689,00344643-v,mudança,"acontecer, ocorrer, ou ser o caso no curso dos acontecimentos ou por acaso",acontecer
sum,lilaLemma:126689,00344643-v,mudança,"acontecer, ocorrer, ou ser o caso no curso dos acontecimentos ou por acaso",calhar
sum,lilaLemma:126689,00344643-v,mudança,"acontecer, ocorrer, ou ser o caso no curso dos acontecimentos ou por acaso",ocorrer
sum,lilaLemma:126689,00344643-v,mudança,"acontecer, ocorrer, ou ser o caso no curso dos acontecimentos ou por acaso",suceder
sum,lilaLemma:126689,02603699-v,estado,"[have an existence, be extant]",existir
sum,lilaLemma:126689,02603699-v,estado,"[have an existence, be extant]",ser
sum,lilaLemma:126689,02603699-v,estado,"[have an existence, be extant]",haver
sum,lilaLemma:126689,02603699-v,estado,"[have an existence, be extant]",ter
sum,lilaLemma:126689,02603699-v,estado,"[have an existence, be extant]",verificar-se
exercitus,lilaLemma:101960,00624738-n,ação,a atividade de execitar seus músculos de várias maneiras para manter a forma,exercício fisico
exercitus,lilaLemma:101960,00624738-n,ação,a atividade de execitar seus músculos de várias maneiras para manter a forma,exercício físico
exercitus,lilaLemma:101960,00624738-n,ação,a atividade de execitar seus músculos de várias maneiras para manter a forma,adestramento
exercitus,lilaLemma:101960,00624738-n,ação,a atividade de execitar seus músculos de várias maneiras para manter a forma,exercício
exercitus,lilaLemma:101960,00624738-n,ação,a atividade de execitar seus músculos de várias maneiras para manter a forma,treinamento
exercitus,lilaLemma:101960,00624738-n,ação,a atividade de execitar seus músculos de várias maneiras para manter a forma,treino
exercitus,lilaLemma:101960,08191230-n,grupo,uma organização permanente das forças militares terrestres de uma nação ou estado,Exército
exercitus,lilaLemma:101960,08191230-n,grupo,uma organização permanente das forças militares terrestres de uma nação ou estado,exército
exercitus,lilaLemma:101960,08191230-n,grupo,uma organização permanente das forças militares terrestres de uma nação ou estado,forças armadas
exercitus,lilaLemma:101960,08183290-n,grupo,um grande número de pessoas unidas por algum propósito específico,exército
exercitus,lilaLemma:101960,08183290-n,grupo,um grande número de pessoas unidas por algum propósito específico,multidão
exercitus,lilaLemma:101960,08182716-n,grupo,um grande encontro de pessoas,massa
exercitus,lilaLemma:101960,08182716-n,grupo,um grande encontro de pessoas,multidão
exercitus,lilaLemma:101960,08182716-n,grupo,um grande encontro de pessoas,povo
exercitus,lilaLemma:101960,08182716-n,grupo,um grande encontro de pessoas,turba
exercitus,lilaLemma:101960,08184217-n,grupo,uma multidão em movimento,horda
exercitus,lilaLemma:101960,08184217-n,grupo,uma multidão em movimento,legião
exercitus,lilaLemma:101960,08184217-n,grupo,uma multidão em movimento,leva
exercitus,lilaLemma:101960,08184217-n,grupo,uma multidão em movimento,massa
exercitus,lilaLemma:101960,08184217-n,grupo,uma multidão em movimento,multidão
exercitus,lilaLemma:101960,08184217-n,grupo,uma multidão em movimento,turba
exercitus,lilaLemma:101960,08184217-n,grupo,uma multidão em movimento,enxame
exercitus,lilaLemma:101960,08390157-n,grupo,uma unidade do exército constituído de soldados que lutam a pé,infantaria
exercitus,lilaLemma:101960,08390157-n,grupo,uma unidade do exército constituído de soldados que lutam a pé,Infantaria
exercitus,lilaLemma:101960,08274565-n,grupo,uma multidão ordeira,tropa
facio,lilaLemma:102758,00631737-v,cognição,"imaginar, acreditar, ou supor",achar
facio,lilaLemma:102758,00631737-v,cognição,"imaginar, acreditar, ou supor",esperar
facio,lilaLemma:102758,00631737-v,cognição,"imaginar, acreditar, ou supor",pensar
facio,lilaLemma:102758,00631737-v,cognição,"imaginar, acreditar, ou supor",supor
facio,lilaLemma:102758,00631737-v,cognição,"imaginar, acreditar, ou supor",acreditar
facio,lilaLemma:102758,00631737-v,cognição,"imaginar, acreditar, ou supor",ajuizar
facio,lilaLemma:102758,00631737-v,cognição,"imaginar, acreditar, ou supor",conjeturar
facio,lilaLemma:102758,00631737-v,cognição,"imaginar, acreditar, ou supor",crer
facio,lilaLemma:102758,00631737-v,cognição,"imaginar, acreditar, ou supor",imaginar
facio,lilaLemma:102758,00631737-v,cognição,"imaginar, acreditar, ou supor",julgar
facio,lilaLemma:102758,00631737-v,cognição,"imaginar, acreditar, ou supor",pressupor
facio,lilaLemma:102758,00631737-v,cognição,"imaginar, acreditar, ou supor",presumir
facio,lilaLemma:102758,00631737-v,cognição,"imaginar, acreditar, ou supor",prever
facio,lilaLemma:102758,00631737-v,cognição,"imaginar, acreditar, ou supor",ter_ideia_(de)
facio,lilaLemma:102758,01733477-v,criação,organizar ou ser responsável por,dar
facio,lilaLemma:102758,01733477-v,criação,organizar ou ser responsável por,fazer
facio,lilaLemma:102758,01733477-v,criação,organizar ou ser responsável por,ter
facio,lilaLemma:102758,01224744-v,contato,controlar e causar o funcionamento,controlar
facio,lilaLemma:102758,01224744-v,contato,controlar e causar o funcionamento,operar
facio,lilaLemma:102758,02621395-v,estado,compor ou representar,compor
facio,lilaLemma:102758,02621395-v,estado,compor ou representar,constituir
facio,lilaLemma:102758,02621395-v,estado,compor ou representar,enquadrar
facio,lilaLemma:102758,02621395-v,estado,compor ou representar,estabelecer
facio,lilaLemma:102758,02621395-v,estado,compor ou representar,fazer
facio,lilaLemma:102758,02621395-v,estado,compor ou representar,formar
facio,lilaLemma:102758,02396716-v,relação social,designar com um cargo,nomear
facio,lilaLemma:102758,02396716-v,relação social,designar com um cargo,propor
facio,lilaLemma:102758,02396716-v,relação social,designar com um cargo,designar
facio,lilaLemma:102758,00253761-v,mudança,causar que crescem e se diferenciam em formas de acordo com o seu desenvolvimento natural,fazer crescer
facio,lilaLemma:102758,00253761-v,mudança,causar que crescem e se diferenciam em formas de acordo com o seu desenvolvimento natural,desenvolver
facio,lilaLemma:102758,02721031-v,estado,tornar-se sujeito a; trazer para si; tornar-se susceptível de,incorrer
facio,lilaLemma:102758,01698271-v,criação,produzir uma obra literária,compor
facio,lilaLemma:102758,01698271-v,criação,produzir uma obra literária,escrever
facio,lilaLemma:102758,01698271-v,criação,produzir uma obra literária,grafar
facio,lilaLemma:102758,01698271-v,criação,produzir uma obra literária,redigir
facio,lilaLemma:102758,01698271-v,criação,produzir uma obra literária,ziguezaguear
facio,lilaLemma:102758,00010435-v,corpo,agir de uma certa forma; comportar-se ou conduzir-se;,agir
facio,lilaLemma:102758,00010435-v,corpo,agir de uma certa forma; comportar-se ou conduzir-se;,atuar
facio,lilaLemma:102758,00010435-v,corpo,agir de uma certa forma; comportar-se ou conduzir-se;,comportar-se
facio,lilaLemma:102758,00010435-v,corpo,agir de uma certa forma; comportar-se ou conduzir-se;,parecer
facio,lilaLemma:102758,00010435-v,corpo,agir de uma certa forma; comportar-se ou conduzir-se;,actuar
facio,lilaLemma:102758,00010435-v,corpo,agir de uma certa forma; comportar-se ou conduzir-se;,fazer
facio,lilaLemma:102758,00010435-v,corpo,agir de uma certa forma; comportar-se ou conduzir-se;,operar
facio,lilaLemma:102758,00838043-v,comunicação,fazer crer com a intenção de enganar,aparentar
facio,lilaLemma:102758,00838043-v,comunicação,fazer crer com a intenção de enganar,fingir
facio,lilaLemma:102758,00838043-v,comunicação,fazer crer com a intenção de enganar,pretextar
facio,lilaLemma:102758,00838043-v,comunicação,fazer crer com a intenção de enganar,simular
facio,lilaLemma:102758,00838043-v,comunicação,fazer crer com a intenção de enganar,afectar
facio,lilaLemma:102758,00838043-v,comunicação,fazer crer com a intenção de enganar,afetar
facio,lilaLemma:102758,00838043-v,comunicação,fazer crer com a intenção de enganar,contrafazer
facio,lilaLemma:102758,00838043-v,comunicação,fazer crer com a intenção de enganar,dissimular
facio,lilaLemma:102758,00838043-v,comunicação,fazer crer com a intenção de enganar,forçar
facio,lilaLemma:102758,00838043-v,comunicação,fazer crer com a intenção de enganar,pretender
facio,lilaLemma:102758,02525447-v,relação social,[have an effect or outcome; often the one desired or expected],funcionar
facio,lilaLemma:102758,02525447-v,relação social,[have an effect or outcome; often the one desired or expected],trabalhar
facio,lilaLemma:102758,02678663-v,estado,[be of importance or consequence],interessar
facio,lilaLemma:102758,01654628-v,criação,Faça combinando materiais e peças,construir
facio,lilaLemma:102758,01654628-v,criação,Faça combinando materiais e peças,edificar
facio,lilaLemma:102758,00654625-v,cognição,organizar ou ordenar por classes ou categorias,classificar
facio,lilaLemma:102758,00654625-v,cognição,organizar ou ordenar por classes ou categorias,adjetivar
facio,lilaLemma:102758,00654625-v,cognição,organizar ou ordenar por classes ou categorias,catalogar
facio,lilaLemma:102758,00654625-v,cognição,organizar ou ordenar por classes ou categorias,categorizar
facio,lilaLemma:102758,00654625-v,cognição,organizar ou ordenar por classes ou categorias,separar
facio,lilaLemma:102758,00654625-v,cognição,organizar ou ordenar por classes ou categorias,tachar
facio,lilaLemma:102758,02514187-v,relação social,[interact in a certain way],tratar
facio,lilaLemma:102758,02561995-v,relação social,[get (something) done],cumprir
facio,lilaLemma:102758,02561995-v,relação social,[get (something) done],desempenhar
facio,lilaLemma:102758,02561995-v,relação social,[get (something) done],realizar
facio,lilaLemma:102758,02561995-v,relação social,[get (something) done],abrir
facio,lilaLemma:102758,02561995-v,relação social,[get (something) done],fazer
facio,lilaLemma:102758,02561995-v,relação social,[get (something) done],tornar
facio,lilaLemma:102758,02327200-v,posse,[give something useful or necessary to],abastecer
facio,lilaLemma:102758,02327200-v,posse,[give something useful or necessary to],fornecer
facio,lilaLemma:102758,02327200-v,posse,[give something useful or necessary to],prover
facio,lilaLemma:102758,02327200-v,posse,[give something useful or necessary to],suprir
facio,lilaLemma:102758,02327200-v,posse,[give something useful or necessary to],aprovisionar
facio,lilaLemma:102758,02327200-v,posse,[give something useful or necessary to],ceder
facio,lilaLemma:102758,02327200-v,posse,[give something useful or necessary to],conceder
facio,lilaLemma:102758,02327200-v,posse,[give something useful or necessary to],dotar
facio,lilaLemma:102758,02327200-v,posse,[give something useful or necessary to],equipar
facio,lilaLemma:102758,02327200-v,posse,[give something useful or necessary to],facilitar
facio,lilaLemma:102758,02327200-v,posse,[give something useful or necessary to],facultar
facio,lilaLemma:102758,02327200-v,posse,[give something useful or necessary to],franquear
facio,lilaLemma:102758,02327200-v,posse,[give something useful or necessary to],guarnecer
facio,lilaLemma:102758,02327200-v,posse,[give something useful or necessary to],habilitar
facio,lilaLemma:102758,02327200-v,posse,[give something useful or necessary to],munir
facio,lilaLemma:102758,02327200-v,posse,[give something useful or necessary to],oferecer
facio,lilaLemma:102758,02327200-v,posse,[give something useful or necessary to],permitir
facio,lilaLemma:102758,02327200-v,posse,[give something useful or necessary to],prestar
facio,lilaLemma:102758,02327200-v,posse,[give something useful or necessary to],proporcionar
facio,lilaLemma:102758,02327200-v,posse,[give something useful or necessary to],providenciar
facio,lilaLemma:102758,02526085-v,relação social,obter com esforço,alcançar
facio,lilaLemma:102758,02526085-v,relação social,obter com esforço,atingir
facio,lilaLemma:102758,02526085-v,relação social,obter com esforço,chegar a
facio,lilaLemma:102758,02526085-v,relação social,obter com esforço,efectuar
facio,lilaLemma:102758,02526085-v,relação social,obter com esforço,efetuar
facio,lilaLemma:102758,02526085-v,relação social,obter com esforço,obter
facio,lilaLemma:102758,02526085-v,relação social,obter com esforço,realizar
facio,lilaLemma:102758,02526085-v,relação social,obter com esforço,conseguir
facio,lilaLemma:102758,02708420-v,estado,[pass time in a specific way],passar
facio,lilaLemma:102758,02708420-v,estado,[pass time in a specific way],vistoriar
facio,lilaLemma:102758,01712704-v,criação,realizar ou executar uma ação,desempenhar
facio,lilaLemma:102758,01712704-v,criação,realizar ou executar uma ação,executar
facio,lilaLemma:102758,01712704-v,criação,realizar ou executar uma ação,fazer
facio,lilaLemma:102758,01712704-v,criação,realizar ou executar uma ação,abrir
facio,lilaLemma:102758,01712704-v,criação,realizar ou executar uma ação,tornar
facio,lilaLemma:102758,01621555-v,criação,criar ou fabricar um produto sintético,construir
facio,lilaLemma:102758,01621555-v,criação,criar ou fabricar um produto sintético,criar
facio,lilaLemma:102758,01621555-v,criação,criar ou fabricar um produto sintético,fazer
facio,lilaLemma:102758,01621555-v,criação,criar ou fabricar um produto sintético,produzir
facio,lilaLemma:102758,01621555-v,criação,criar ou fabricar um produto sintético,abrir
facio,lilaLemma:102758,01621555-v,criação,criar ou fabricar um produto sintético,botar
facio,lilaLemma:102758,01621555-v,criação,criar ou fabricar um produto sintético,conceber
facio,lilaLemma:102758,01621555-v,criação,criar ou fabricar um produto sintético,confecionar
facio,lilaLemma:102758,01621555-v,criação,criar ou fabricar um produto sintético,elaborar
facio,lilaLemma:102758,01621555-v,criação,criar ou fabricar um produto sintético,fabricar
facio,lilaLemma:102758,01621555-v,criação,criar ou fabricar um produto sintético,formar
facio,lilaLemma:102758,01621555-v,criação,criar ou fabricar um produto sintético,manar
facio,lilaLemma:102758,01621555-v,criação,criar ou fabricar um produto sintético,proceder
facio,lilaLemma:102758,01621555-v,criação,criar ou fabricar um produto sintético,provir
facio,lilaLemma:102758,01621555-v,criação,criar ou fabricar um produto sintético,realizar
facio,lilaLemma:102758,01621555-v,criação,criar ou fabricar um produto sintético,tornar
facio,lilaLemma:102758,01752884-v,criação,"causar a acontecer, ocorrer ou existir",causar
facio,lilaLemma:102758,01752884-v,criação,"causar a acontecer, ocorrer ou existir",fazer
facio,lilaLemma:102758,01752884-v,criação,"causar a acontecer, ocorrer ou existir",produzir
facio,lilaLemma:102758,01752884-v,criação,"causar a acontecer, ocorrer ou existir",provocar
facio,lilaLemma:102758,01752884-v,criação,"causar a acontecer, ocorrer ou existir",acarrear
facio,lilaLemma:102758,01752884-v,criação,"causar a acontecer, ocorrer ou existir",acarretar
facio,lilaLemma:102758,01752884-v,criação,"causar a acontecer, ocorrer ou existir",motivar
facio,lilaLemma:102758,01752884-v,criação,"causar a acontecer, ocorrer ou existir",ocasionar
facio,lilaLemma:102758,01752884-v,criação,"causar a acontecer, ocorrer ou existir",semear
facio,lilaLemma:102758,01753788-v,criação,trazer à existência,criar
facio,lilaLemma:102758,01753788-v,criação,trazer à existência,abrir
facio,lilaLemma:102758,01753788-v,criação,trazer à existência,fazer
facio,lilaLemma:102758,01753788-v,criação,trazer à existência,produzir
facio,lilaLemma:102758,01753788-v,criação,trazer à existência,tornar
facio,lilaLemma:102758,01645601-v,criação,dar origem a,causar
facio,lilaLemma:102758,01645601-v,criação,dar origem a,fazer
facio,lilaLemma:102758,01645601-v,criação,dar origem a,provocar
facio,lilaLemma:102758,01645601-v,criação,dar origem a,abrir
facio,lilaLemma:102758,01645601-v,criação,dar origem a,tornar
facio,lilaLemma:102758,01648126-v,criação,"planejar, organizar e realizar (um evento)",arranjar
facio,lilaLemma:102758,01648126-v,criação,"planejar, organizar e realizar (um evento)",realizar
facio,lilaLemma:102758,01648126-v,criação,"planejar, organizar e realizar (um evento)",organizar
facio,lilaLemma:102758,01617192-v,criação,fazer ou causar a ser ou tornar-se,causar
facio,lilaLemma:102758,01617192-v,criação,fazer ou causar a ser ou tornar-se,criar
facio,lilaLemma:102758,01617192-v,criação,fazer ou causar a ser ou tornar-se,fazer
facio,lilaLemma:102758,01617192-v,criação,fazer ou causar a ser ou tornar-se,provocar
facio,lilaLemma:102758,01617192-v,criação,fazer ou causar a ser ou tornar-se,abrir
facio,lilaLemma:102758,01617192-v,criação,fazer ou causar a ser ou tornar-se,realizar
facio,lilaLemma:102758,01617192-v,criação,fazer ou causar a ser ou tornar-se,tornar
facio,lilaLemma:102758,02339171-v,posse,ser a causa ou fonte de,dar
facio,lilaLemma:102758,02339171-v,posse,ser a causa ou fonte de,prover
facio,lilaLemma:102758,02339171-v,posse,ser a causa ou fonte de,ceder
facio,lilaLemma:102758,00665476-v,cognição,"instituir, promulgar, ou estabelecer",estabelecer
facio,lilaLemma:102758,00665476-v,cognição,"instituir, promulgar, ou estabelecer",fazer
facio,lilaLemma:102758,00665476-v,cognição,"instituir, promulgar, ou estabelecer",instituir
facio,lilaLemma:102758,00665476-v,cognição,"instituir, promulgar, ou estabelecer",por
facio,lilaLemma:102758,00665476-v,cognição,"instituir, promulgar, ou estabelecer",construir
facio,lilaLemma:102758,00665476-v,cognição,"instituir, promulgar, ou estabelecer",colocar
facio,lilaLemma:102758,00665476-v,cognição,"instituir, promulgar, ou estabelecer",deitar
facio,lilaLemma:102758,00665476-v,cognição,"instituir, promulgar, ou estabelecer",delinear
facio,lilaLemma:102758,00665476-v,cognição,"instituir, promulgar, ou estabelecer",pôr
facio,lilaLemma:102758,00120675-v,mudança,provocar a se tornar,abrir
facio,lilaLemma:102758,00120675-v,mudança,provocar a se tornar,fazer
facio,lilaLemma:102758,00120675-v,mudança,provocar a se tornar,tornar
facio,lilaLemma:102758,01688771-v,criação,"representar abstratamente, por exemplo, em uma pintura, desenho ou escultura",representar
facio,lilaLemma:102758,01688771-v,criação,"representar abstratamente, por exemplo, em uma pintura, desenho ou escultura",retratar
facio,lilaLemma:102758,01688771-v,criação,"representar abstratamente, por exemplo, em uma pintura, desenho ou escultura",apresentar
facio,lilaLemma:102758,00406243-v,mudança,"ficar pronto ou adequado, ou equipar tendo um propósito particular ou para algum uso, evento, etc",aprontar
facio,lilaLemma:102758,00406243-v,mudança,"ficar pronto ou adequado, ou equipar tendo um propósito particular ou para algum uso, evento, etc",preparar
facio,lilaLemma:102758,00406243-v,mudança,"ficar pronto ou adequado, ou equipar tendo um propósito particular ou para algum uso, evento, etc",abusador
facio,lilaLemma:102758,00406243-v,mudança,"ficar pronto ou adequado, ou equipar tendo um propósito particular ou para algum uso, evento, etc",dispor
facio,lilaLemma:102758,00406243-v,mudança,"ficar pronto ou adequado, ou equipar tendo um propósito particular ou para algum uso, evento, etc",disposto
facio,lilaLemma:102758,00406243-v,mudança,"ficar pronto ou adequado, ou equipar tendo um propósito particular ou para algum uso, evento, etc",habilitar
facio,lilaLemma:102758,00406243-v,mudança,"ficar pronto ou adequado, ou equipar tendo um propósito particular ou para algum uso, evento, etc",prevenido
facio,lilaLemma:102758,00406243-v,mudança,"ficar pronto ou adequado, ou equipar tendo um propósito particular ou para algum uso, evento, etc",pronto
facio,lilaLemma:102758,00065639-v,corpo,ser acometido de lesões e doenças,contrair
facio,lilaLemma:102758,00065639-v,corpo,ser acometido de lesões e doenças,sofrer
facio,lilaLemma:102758,00065639-v,corpo,ser acometido de lesões e doenças,ter
facio,lilaLemma:102758,00120316-v,mudança,dar certa propriedades a algo,deixar
facio,lilaLemma:102758,00120316-v,mudança,dar certa propriedades a algo,fazer
facio,lilaLemma:102758,00120316-v,mudança,dar certa propriedades a algo,converter
facio,lilaLemma:102758,00120316-v,mudança,dar certa propriedades a algo,obter
facio,lilaLemma:102758,00120316-v,mudança,dar certa propriedades a algo,recrescer
facio,lilaLemma:102758,00120316-v,mudança,dar certa propriedades a algo,recriar
facio,lilaLemma:102758,00120316-v,mudança,dar certa propriedades a algo,tornar
facio,lilaLemma:102758,00120316-v,mudança,dar certa propriedades a algo,voltar
facio,lilaLemma:102758,01640855-v,criação,colocar em vigor,atingir
facio,lilaLemma:102758,01640855-v,criação,colocar em vigor,cumprir
facio,lilaLemma:102758,01640855-v,criação,colocar em vigor,efetuar
facio,lilaLemma:102758,01640855-v,criação,colocar em vigor,executar
facio,lilaLemma:102758,01640855-v,criação,colocar em vigor,levar a cabo
facio,lilaLemma:102758,01640855-v,criação,colocar em vigor,realizar
facio,lilaLemma:102758,01640855-v,criação,colocar em vigor,completar
facio,lilaLemma:102758,01640855-v,criação,colocar em vigor,desempenhar
facio,lilaLemma:102758,01640855-v,criação,colocar em vigor,implementar
facio,lilaLemma:102758,02645007-v,estado,somar em número ou quantidade ate chegar num total,adicionar
facio,lilaLemma:102758,02645007-v,estado,somar em número ou quantidade ate chegar num total,chegar
facio,lilaLemma:102758,02645007-v,estado,somar em número ou quantidade ate chegar num total,totalizar
facio,lilaLemma:102758,02645007-v,estado,somar em número ou quantidade ate chegar num total,somar
facio,lilaLemma:102758,00014549-v,corpo,estar em um estado de ação,mover
facio,lilaLemma:102758,00014549-v,corpo,estar em um estado de ação,em atividade
facio,lilaLemma:102758,00014549-v,corpo,estar em um estado de ação,se movimentando
facio,lilaLemma:102758,00014549-v,corpo,estar em um estado de ação,ser_ativo
facio,lilaLemma:102758,01647229-v,criação,criar ou estabelecer as bases,constituir
facio,lilaLemma:102758,01647229-v,criação,criar ou estabelecer as bases,estabelecer
facio,lilaLemma:102758,01647229-v,criação,criar ou estabelecer as bases,fundar
facio,lilaLemma:102758,01647229-v,criação,criar ou estabelecer as bases,acertar
facio,lilaLemma:102758,01647229-v,criação,criar ou estabelecer as bases,afundar
facio,lilaLemma:102758,01647229-v,criação,criar ou estabelecer as bases,aprazar
facio,lilaLemma:102758,01647229-v,criação,criar ou estabelecer as bases,assentar
facio,lilaLemma:102758,01647229-v,criação,criar ou estabelecer as bases,cavar
facio,lilaLemma:102758,01647229-v,criação,criar ou estabelecer as bases,celebrar
facio,lilaLemma:102758,01647229-v,criação,criar ou estabelecer as bases,combinar
facio,lilaLemma:102758,01647229-v,criação,criar ou estabelecer as bases,começar
facio,lilaLemma:102758,01647229-v,criação,criar ou estabelecer as bases,consignar
facio,lilaLemma:102758,01647229-v,criação,criar ou estabelecer as bases,criar
facio,lilaLemma:102758,01647229-v,criação,criar ou estabelecer as bases,edificar
facio,lilaLemma:102758,01647229-v,criação,criar ou estabelecer as bases,erguer
facio,lilaLemma:102758,01647229-v,criação,criar ou estabelecer as bases,fazer
facio,lilaLemma:102758,01647229-v,criação,criar ou estabelecer as bases,firmar
facio,lilaLemma:102758,01647229-v,criação,criar ou estabelecer as bases,fixar
facio,lilaLemma:102758,01647229-v,criação,criar ou estabelecer as bases,instaurar
facio,lilaLemma:102758,01647229-v,criação,criar ou estabelecer as bases,instituir
facio,lilaLemma:102758,01647229-v,criação,criar ou estabelecer as bases,marcar
facio,lilaLemma:102758,01647229-v,criação,criar ou estabelecer as bases,plantar
facio,lilaLemma:102758,02568672-v,relação social,[carry out or practice; as of jobs and professions],exercer
facio,lilaLemma:102758,02568672-v,relação social,[carry out or practice; as of jobs and professions],praticar
facio,lilaLemma:102758,02568672-v,relação social,[carry out or practice; as of jobs and professions],exercitar
facio,lilaLemma:102758,02568672-v,relação social,[carry out or practice; as of jobs and professions],fazer
facio,lilaLemma:102758,00983824-v,comunicação,expressar de forma audível; emitir sons (não necessariamente palavras),emitir
facio,lilaLemma:102758,00983824-v,comunicação,expressar de forma audível; emitir sons (não necessariamente palavras),soltar
facio,lilaLemma:102758,00983824-v,comunicação,expressar de forma audível; emitir sons (não necessariamente palavras),pronunciar
fero,lilaLemma:103126,00522751-v,mudança,receber um tratamento específico,incorrer
fero,lilaLemma:103126,00522751-v,mudança,receber um tratamento específico,obter
fero,lilaLemma:103126,00522751-v,mudança,receber um tratamento específico,receber
fero,lilaLemma:103126,00680841-v,cognição,fazer receptivo ou disposto no sentido de uma ação ou atitude ou crença,dispor
fero,lilaLemma:103126,00680841-v,cognição,fazer receptivo ou disposto no sentido de uma ação ou atitude ou crença,inclinar
fero,lilaLemma:103126,00680841-v,cognição,fazer receptivo ou disposto no sentido de uma ação ou atitude ou crença,predispor
fero,lilaLemma:103126,00059019-v,corpo,estar grávida com,carregar
fero,lilaLemma:103126,00059019-v,corpo,estar grávida com,esperar
fero,lilaLemma:103126,01433294-v,contato,ir ou vir depois e trazer ou levar de volta,pegar
fero,lilaLemma:103126,01433294-v,contato,ir ou vir depois e trazer ou levar de volta,transmitir
fero,lilaLemma:103126,01433294-v,contato,ir ou vir depois e trazer ou levar de volta,trazer
fero,lilaLemma:103126,01433294-v,contato,ir ou vir depois e trazer ou levar de volta,levar
fero,lilaLemma:103126,01433294-v,contato,ir ou vir depois e trazer ou levar de volta,segurar
fero,lilaLemma:103126,02141146-v,percepção,trazer para a exposição,mostrar
fero,lilaLemma:103126,01438902-v,contato,causar a entrar em um estado ou condição especial,causar
fero,lilaLemma:103126,01438902-v,contato,causar a entrar em um estado ou condição especial,fazer
fero,lilaLemma:103126,01438902-v,contato,causar a entrar em um estado ou condição especial,levar
fero,lilaLemma:103126,01438902-v,contato,causar a entrar em um estado ou condição especial,produzir
fero,lilaLemma:103126,01438902-v,contato,causar a entrar em um estado ou condição especial,provocar
fero,lilaLemma:103126,00027705-v,corpo,impulso ou estender para fora,estender
fero,lilaLemma:103126,00027705-v,corpo,impulso ou estender para fora,esticar
fero,lilaLemma:103126,00900583-v,comunicação,cumprimentar à chegada,acolher
fero,lilaLemma:103126,00900583-v,comunicação,cumprimentar à chegada,receber
fero,lilaLemma:103126,00900583-v,comunicação,cumprimentar à chegada,recepcionar
fero,lilaLemma:103126,02292125-v,posse,[obtain],auferir
fero,lilaLemma:103126,02292125-v,posse,[obtain],ganhar
fero,lilaLemma:103126,02292125-v,posse,[obtain],receber
fero,lilaLemma:103126,01629000-v,criação,dar ou fornecimento,fazer
fero,lilaLemma:103126,01629000-v,criação,dar ou fornecimento,gerar
fero,lilaLemma:103126,01629000-v,criação,dar ou fornecimento,trazer
fero,lilaLemma:103126,01629000-v,criação,dar ou fornecimento,dar
fero,lilaLemma:103126,01629000-v,criação,dar ou fornecimento,produzir
fero,lilaLemma:103126,00748282-v,comunicação,impor algo desagradável,ditar
fero,lilaLemma:103126,00748282-v,comunicação,impor algo desagradável,impor
fero,lilaLemma:103126,00748282-v,comunicação,impor algo desagradável,infligir
fero,lilaLemma:103126,00875394-v,comunicação,"fazer uma proposta, declarar um projeto para alguma coisa",aconselhar
fero,lilaLemma:103126,00875394-v,comunicação,"fazer uma proposta, declarar um projeto para alguma coisa",propor
fero,lilaLemma:103126,00875394-v,comunicação,"fazer uma proposta, declarar um projeto para alguma coisa",sugerir
fero,lilaLemma:103126,00875394-v,comunicação,"fazer uma proposta, declarar um projeto para alguma coisa",aventar
fero,lilaLemma:103126,00065639-v,corpo,ser acometido de lesões e doenças,contrair
fero,lilaLemma:103126,00065639-v,corpo,ser acometido de lesões e doenças,sofrer
fero,lilaLemma:103126,00065639-v,corpo,ser acometido de lesões e doenças,ter
fero,lilaLemma:103126,02288295-v,posse,ganhar algo através de seus esforços,adquirir
fero,lilaLemma:103126,02288295-v,posse,ganhar algo através de seus esforços,atingir
fero,lilaLemma:103126,02288295-v,posse,ganhar algo através de seus esforços,ganhar
fero,lilaLemma:103126,02288295-v,posse,ganhar algo através de seus esforços,auferir
fero,lilaLemma:103126,02288295-v,posse,ganhar algo através de seus esforços,lucrar
fero,lilaLemma:103126,02288295-v,posse,ganhar algo através de seus esforços,receber
fero,lilaLemma:103126,02288295-v,posse,ganhar algo através de seus esforços,comprar
fero,lilaLemma:103126,02288295-v,posse,ganhar algo através de seus esforços,obter
fero,lilaLemma:103126,02288295-v,posse,ganhar algo através de seus esforços,vencer
fero,lilaLemma:103126,00668099-v,cognição,aturar algo ou alguém desagradável,aguentar
fero,lilaLemma:103126,00668099-v,cognição,aturar algo ou alguém desagradável,aturar
fero,lilaLemma:103126,00668099-v,cognição,aturar algo ou alguém desagradável,suportar
fero,lilaLemma:103126,00668099-v,cognição,aturar algo ou alguém desagradável,tolerar
fero,lilaLemma:103126,00668099-v,cognição,aturar algo ou alguém desagradável,acomodar-se
fero,lilaLemma:103126,00668099-v,cognição,aturar algo ou alguém desagradável,admitir
fero,lilaLemma:103126,00668099-v,cognição,aturar algo ou alguém desagradável,agonizar
fero,lilaLemma:103126,00668099-v,cognição,aturar algo ou alguém desagradável,agüentar
fero,lilaLemma:103126,00668099-v,cognição,aturar algo ou alguém desagradável,amargar
fero,lilaLemma:103126,00668099-v,cognição,aturar algo ou alguém desagradável,amochar
fero,lilaLemma:103126,00668099-v,cognição,aturar algo ou alguém desagradável,aparar
fero,lilaLemma:103126,00668099-v,cognição,aturar algo ou alguém desagradável,apoiar
fero,lilaLemma:103126,00668099-v,cognição,aturar algo ou alguém desagradável,coadunar-se
fero,lilaLemma:103126,00668099-v,cognição,aturar algo ou alguém desagradável,compadecer
fero,lilaLemma:103126,00668099-v,cognição,aturar algo ou alguém desagradável,comportar
fero,lilaLemma:103126,00668099-v,cognição,aturar algo ou alguém desagradável,condescender
fero,lilaLemma:103126,00668099-v,cognição,aturar algo ou alguém desagradável,confranger
fero,lilaLemma:103126,00668099-v,cognição,aturar algo ou alguém desagradável,consentir
fero,lilaLemma:103126,00668099-v,cognição,aturar algo ou alguém desagradável,conter-se
fero,lilaLemma:103126,00668099-v,cognição,aturar algo ou alguém desagradável,curtir
fero,lilaLemma:103126,00668099-v,cognição,aturar algo ou alguém desagradável,digerir
fero,lilaLemma:103126,00668099-v,cognição,aturar algo ou alguém desagradável,engolir
fero,lilaLemma:103126,00668099-v,cognição,aturar algo ou alguém desagradável,esmoer
fero,lilaLemma:103126,00668099-v,cognição,aturar algo ou alguém desagradável,experimentar
fero,lilaLemma:103126,00668099-v,cognição,aturar algo ou alguém desagradável,gramar
fero,lilaLemma:103126,00668099-v,cognição,aturar algo ou alguém desagradável,lidar
fero,lilaLemma:103126,00668099-v,cognição,aturar algo ou alguém desagradável,padecer
fero,lilaLemma:103126,00668099-v,cognição,aturar algo ou alguém desagradável,passar
fero,lilaLemma:103126,00668099-v,cognição,aturar algo ou alguém desagradável,penar
fero,lilaLemma:103126,00668099-v,cognição,aturar algo ou alguém desagradável,receber
fero,lilaLemma:103126,00668099-v,cognição,aturar algo ou alguém desagradável,reprimir-se
fero,lilaLemma:103126,00668099-v,cognição,aturar algo ou alguém desagradável,sobrelevar
fero,lilaLemma:103126,00668099-v,cognição,aturar algo ou alguém desagradável,sofrer
fero,lilaLemma:103126,00668099-v,cognição,aturar algo ou alguém desagradável,tragar
fero,lilaLemma:103126,00668099-v,cognição,aturar algo ou alguém desagradável,transigir
fero,lilaLemma:103126,02706816-v,estado,resistir ou confrontar com resistência,afrontar
fero,lilaLemma:103126,02706816-v,estado,resistir ou confrontar com resistência,aguentar
fero,lilaLemma:103126,02706816-v,estado,resistir ou confrontar com resistência,arrostar
fero,lilaLemma:103126,02706816-v,estado,resistir ou confrontar com resistência,desafiar
fero,lilaLemma:103126,02706816-v,estado,resistir ou confrontar com resistência,fazer frente a
fero,lilaLemma:103126,02706816-v,estado,resistir ou confrontar com resistência,relutar
fero,lilaLemma:103126,02706816-v,estado,resistir ou confrontar com resistência,resistir
fero,lilaLemma:103126,02706816-v,estado,resistir ou confrontar com resistência,suportar
fero,lilaLemma:103126,02630871-v,estado,[have],portar
fero,lilaLemma:103126,02630871-v,estado,[have],ter
fero,lilaLemma:103126,02423183-v,relação social,[make it possible through a specific action or lack of action for something to happen],deixar
fero,lilaLemma:103126,02423183-v,relação social,[make it possible through a specific action or lack of action for something to happen],permitir
fero,lilaLemma:103126,02423183-v,relação social,[make it possible through a specific action or lack of action for something to happen],possibilitar
fero,lilaLemma:103126,00952524-v,comunicação,fazer com que algo seja conhecido,contar
fero,lilaLemma:103126,00952524-v,comunicação,fazer com que algo seja conhecido,informar
fero,lilaLemma:103126,00952524-v,comunicação,fazer com que algo seja conhecido,dizer
fero,lilaLemma:103126,01434278-v,contato,"remover a partir de um determinado local, ambiente ou estado mental ou emocional; transporte em um novo local ou estadual",sacar
fero,lilaLemma:103126,01434278-v,contato,"remover a partir de um determinado local, ambiente ou estado mental ou emocional; transporte em um novo local ou estadual",tirar
fero,lilaLemma:103126,01028294-v,comunicação,usar um nome para designar,referir
fero,lilaLemma:103126,02700867-v,estado,conter ou deter; ter dentro,compreender
fero,lilaLemma:103126,02700867-v,estado,conter ou deter; ter dentro,conter
fero,lilaLemma:103126,02700867-v,estado,conter ou deter; ter dentro,incluir
fero,lilaLemma:103126,02700867-v,estado,conter ou deter; ter dentro,ter
fero,lilaLemma:103126,02700867-v,estado,conter ou deter; ter dentro,levar
fero,lilaLemma:103126,02700867-v,estado,conter ou deter; ter dentro,portar
fero,lilaLemma:103126,02700867-v,estado,conter ou deter; ter dentro,possuir
fero,lilaLemma:103126,02700867-v,estado,conter ou deter; ter dentro,suportar
fero,lilaLemma:103126,02700867-v,estado,conter ou deter; ter dentro,sustentar
fero,lilaLemma:103126,01449974-v,contato,"movimentar-se segurando algo, tanto em um veículo quanto com as mãos ou em um corpo",carregar
fero,lilaLemma:103126,01449974-v,contato,"movimentar-se segurando algo, tanto em um veículo quanto com as mãos ou em um corpo",levar
fero,lilaLemma:103126,01449974-v,contato,"movimentar-se segurando algo, tanto em um veículo quanto com as mãos ou em um corpo",transportar
fero,lilaLemma:103126,02107248-v,percepção,Registo (perceptual input),captar
fero,lilaLemma:103126,02107248-v,percepção,Registo (perceptual input),pegar
fero,lilaLemma:103126,02107248-v,percepção,Registo (perceptual input),receber
fero,lilaLemma:103126,02263692-v,posse,[give as a gift],conceder
fero,lilaLemma:103126,02263692-v,posse,[give as a gift],entregar
fero,lilaLemma:103126,02263692-v,posse,[give as a gift],outorgar
fero,lilaLemma:103126,02263692-v,posse,[give as a gift],dar
fero,lilaLemma:103126,01016002-v,comunicação,informar ou manter,afirmar
fero,lilaLemma:103126,01016002-v,comunicação,informar ou manter,alegar
fero,lilaLemma:103126,01016002-v,comunicação,informar ou manter,declarar
fero,lilaLemma:103126,01016002-v,comunicação,informar ou manter,achacar
fero,lilaLemma:103126,01016002-v,comunicação,informar ou manter,arguir
fero,lilaLemma:103126,01016002-v,comunicação,informar ou manter,argumentar
fero,lilaLemma:103126,01016002-v,comunicação,informar ou manter,dar_como_razão
fero,lilaLemma:103126,01016002-v,comunicação,informar ou manter,desculpar-se_com
fero,lilaLemma:103126,01016002-v,comunicação,informar ou manter,dizer
fero,lilaLemma:103126,01016002-v,comunicação,informar ou manter,dizer_que
fero,lilaLemma:103126,01016002-v,comunicação,informar ou manter,objetar
fero,lilaLemma:103126,01016002-v,comunicação,informar ou manter,pretextar
fero,lilaLemma:103126,02077656-v,movimento,"levar algo ou alguém consigo mesmo, um lugar",levar
fero,lilaLemma:103126,02077656-v,movimento,"levar algo ou alguém consigo mesmo, um lugar",tirar
fero,lilaLemma:103126,02077656-v,movimento,"levar algo ou alguém consigo mesmo, um lugar",transportar
fero,lilaLemma:103126,02077656-v,movimento,"levar algo ou alguém consigo mesmo, um lugar",trazer
fero,lilaLemma:103126,00054628-v,corpo,fazer crianças,conceber
fero,lilaLemma:103126,00054628-v,corpo,fazer crianças,gerar
fero,lilaLemma:103126,00054628-v,corpo,fazer crianças,procriar
fero,lilaLemma:103126,00054628-v,corpo,fazer crianças,ter filho
fero,lilaLemma:103126,00054628-v,corpo,fazer crianças,engendrar
fero,lilaLemma:103126,02210119-v,posse,[get something; come into possession of],receber
fero,lilaLemma:103126,02210119-v,posse,[get something; come into possession of],ter
fero,lilaLemma:103126,00706243-v,cognição,"apresentar para consideração, análise, crítica, etc",propor
fero,lilaLemma:103126,00706243-v,cognição,"apresentar para consideração, análise, crítica, etc",projectar
fero,lilaLemma:103126,00706557-v,cognição,Apresentar para consideração,oferecer
fero,lilaLemma:103126,00717358-v,cognição,mostrar uma resposta ou uma reação a algo,reagir
fero,lilaLemma:103126,00717358-v,cognição,mostrar uma resposta ou uma reação a algo,responder
fero,lilaLemma:103126,01024190-v,comunicação,fazer referência a,aludir
fero,lilaLemma:103126,01024190-v,comunicação,fazer referência a,citar
fero,lilaLemma:103126,01024190-v,comunicação,fazer referência a,mencionar
fero,lilaLemma:103126,01024190-v,comunicação,fazer referência a,apontar
fero,lilaLemma:103126,01024190-v,comunicação,fazer referência a,enumerar
fero,lilaLemma:103126,01024190-v,comunicação,fazer referência a,identificar
fero,lilaLemma:103126,01024190-v,comunicação,fazer referência a,lançar
fero,lilaLemma:103126,01024190-v,comunicação,fazer referência a,lembrar
fero,lilaLemma:103126,01024190-v,comunicação,fazer referência a,levantar
fero,lilaLemma:103126,01024190-v,comunicação,fazer referência a,mexer
fero,lilaLemma:103126,01024190-v,comunicação,fazer referência a,nomear
fero,lilaLemma:103126,01024190-v,comunicação,fazer referência a,puxar
fero,lilaLemma:103126,01024190-v,comunicação,fazer referência a,referenciar
fero,lilaLemma:103126,01024190-v,comunicação,fazer referência a,referir
fero,lilaLemma:103126,01024190-v,comunicação,fazer referência a,referir-se
fero,lilaLemma:103126,01024190-v,comunicação,fazer referência a,remeter
fero,lilaLemma:103126,01024190-v,comunicação,fazer referência a,reportar
fero,lilaLemma:103126,01024190-v,comunicação,fazer referência a,reportar-se
fero,lilaLemma:103126,01974062-v,movimento,levantar-se de um menor para uma posição mais elevada,alçar
fero,lilaLemma:103126,01974062-v,movimento,levantar-se de um menor para uma posição mais elevada,elevar
fero,lilaLemma:103126,01974062-v,movimento,levantar-se de um menor para uma posição mais elevada,erguer
fero,lilaLemma:103126,01974062-v,movimento,levantar-se de um menor para uma posição mais elevada,levantar
fero,lilaLemma:103126,01974062-v,movimento,levantar-se de um menor para uma posição mais elevada,subir
fero,lilaLemma:103126,00544549-v,mudança,elevar em posição ou condição,elevar
fero,lilaLemma:103126,00953058-v,comunicação,dar conta de,narrar
fero,lilaLemma:103126,00953058-v,comunicação,dar conta de,relatar
fero,lilaLemma:103126,01752884-v,criação,"causar a acontecer, ocorrer ou existir",causar
fero,lilaLemma:103126,01752884-v,criação,"causar a acontecer, ocorrer ou existir",fazer
fero,lilaLemma:103126,01752884-v,criação,"causar a acontecer, ocorrer ou existir",produzir
fero,lilaLemma:103126,01752884-v,criação,"causar a acontecer, ocorrer ou existir",provocar
fero,lilaLemma:103126,01752884-v,criação,"causar a acontecer, ocorrer ou existir",acarrear
fero,lilaLemma:103126,01752884-v,criação,"causar a acontecer, ocorrer ou existir",acarretar
fero,lilaLemma:103126,01752884-v,criação,"causar a acontecer, ocorrer ou existir",motivar
fero,lilaLemma:103126,01752884-v,criação,"causar a acontecer, ocorrer ou existir",ocasionar
fero,lilaLemma:103126,01752884-v,criação,"causar a acontecer, ocorrer ou existir",semear
fero,lilaLemma:103126,02108654-v,percepção,receber como um castigo ou punição,pegar
fero,lilaLemma:103126,02108654-v,percepção,receber como um castigo ou punição,receber
fero,lilaLemma:103126,02108654-v,percepção,receber como um castigo ou punição,cobrar
fero,lilaLemma:103126,01621555-v,criação,criar ou fabricar um produto sintético,construir
fero,lilaLemma:103126,01621555-v,criação,criar ou fabricar um produto sintético,criar
fero,lilaLemma:103126,01621555-v,criação,criar ou fabricar um produto sintético,fazer
fero,lilaLemma:103126,01621555-v,criação,criar ou fabricar um produto sintético,produzir
fero,lilaLemma:103126,01621555-v,criação,criar ou fabricar um produto sintético,abrir
fero,lilaLemma:103126,01621555-v,criação,criar ou fabricar um produto sintético,botar
fero,lilaLemma:103126,01621555-v,criação,criar ou fabricar um produto sintético,conceber
fero,lilaLemma:103126,01621555-v,criação,criar ou fabricar um produto sintético,confecionar
fero,lilaLemma:103126,01621555-v,criação,criar ou fabricar um produto sintético,elaborar
fero,lilaLemma:103126,01621555-v,criação,criar ou fabricar um produto sintético,fabricar
fero,lilaLemma:103126,01621555-v,criação,criar ou fabricar um produto sintético,formar
fero,lilaLemma:103126,01621555-v,criação,criar ou fabricar um produto sintético,manar
fero,lilaLemma:103126,01621555-v,criação,criar ou fabricar um produto sintético,proceder
fero,lilaLemma:103126,01621555-v,criação,criar ou fabricar um produto sintético,provir
fero,lilaLemma:103126,01621555-v,criação,criar ou fabricar um produto sintético,realizar
fero,lilaLemma:103126,01621555-v,criação,criar ou fabricar um produto sintético,tornar
fero,lilaLemma:103126,00689344-v,cognição,julgar ou reparar; considerar,achar
fero,lilaLemma:103126,00689344-v,cognição,julgar ou reparar; considerar,pensar
fero,lilaLemma:103126,00689344-v,cognição,julgar ou reparar; considerar,acreditar
fero,lilaLemma:103126,00689344-v,cognição,julgar ou reparar; considerar,conceber
fero,lilaLemma:103126,00689344-v,cognição,julgar ou reparar; considerar,confiar
fero,lilaLemma:103126,00689344-v,cognição,julgar ou reparar; considerar,considerar
fero,lilaLemma:103126,00689344-v,cognição,julgar ou reparar; considerar,crer
fero,lilaLemma:103126,00689344-v,cognição,julgar ou reparar; considerar,dar_crédito
fero,lilaLemma:103126,00689344-v,cognição,julgar ou reparar; considerar,estar
fero,lilaLemma:103126,00689344-v,cognição,julgar ou reparar; considerar,ficar
fero,lilaLemma:103126,00689344-v,cognição,julgar ou reparar; considerar,julgar
fero,lilaLemma:103126,00689344-v,cognição,julgar ou reparar; considerar,supor
fero,lilaLemma:103126,01992503-v,movimento,"seguir em frente, também no sentido metafórico",ganhar terreno
fero,lilaLemma:103126,00047745-v,corpo,ter sobre a sua pessoa,portar
fero,lilaLemma:103126,00047745-v,corpo,ter sobre a sua pessoa,usar
fero,lilaLemma:103126,00047745-v,corpo,ter sobre a sua pessoa,levar
fero,lilaLemma:103126,00047745-v,corpo,ter sobre a sua pessoa,vestir
fero,lilaLemma:103126,02618149-v,estado,[continue to live through hardship or adversity],perseverar
fero,lilaLemma:103126,02618149-v,estado,[continue to live through hardship or adversity],resistir
fero,lilaLemma:103126,02618149-v,estado,[continue to live through hardship or adversity],sobreviver
fero,lilaLemma:103126,02618149-v,estado,[continue to live through hardship or adversity],durar
fero,lilaLemma:103126,02618149-v,estado,[continue to live through hardship or adversity],ir
fero,lilaLemma:103126,02618149-v,estado,[continue to live through hardship or adversity],perdurar
fero,lilaLemma:103126,02618149-v,estado,[continue to live through hardship or adversity],persistir
fero,lilaLemma:103126,00341560-v,mudança,seguir um determinado curso,ir
fero,lilaLemma:103126,00341560-v,mudança,seguir um determinado curso,prosseguir
fero,lilaLemma:103126,01719302-v,criação,desempenhar um papel ou parte,atuar
fero,lilaLemma:103126,01719302-v,criação,desempenhar um papel ou parte,fazer
fero,lilaLemma:103126,01719302-v,criação,desempenhar um papel ou parte,representar
fero,lilaLemma:103126,02210855-v,posse,[come into the possession of something concrete or abstract],adquirir
fero,lilaLemma:103126,02210855-v,posse,[come into the possession of something concrete or abstract],comprar
fero,lilaLemma:103126,02210855-v,posse,[come into the possession of something concrete or abstract],obter
fero,lilaLemma:103126,02210855-v,posse,[come into the possession of something concrete or abstract],receber
fero,lilaLemma:103126,02210855-v,posse,[come into the possession of something concrete or abstract],alcançar
fero,lilaLemma:103126,02210855-v,posse,[come into the possession of something concrete or abstract],atingir
fero,lilaLemma:103126,02210855-v,posse,[come into the possession of something concrete or abstract],conseguir
fero,lilaLemma:103126,02210855-v,posse,[come into the possession of something concrete or abstract],haver
fero,lilaLemma:103126,02210855-v,posse,[come into the possession of something concrete or abstract],tomar
fero,lilaLemma:103126,01182709-v,consumo,"dar o que é desejado ou necessário, especialmente apoio, alimento ou sustento",abastecer
fero,lilaLemma:103126,01182709-v,consumo,"dar o que é desejado ou necessário, especialmente apoio, alimento ou sustento",fornecer
fero,lilaLemma:103126,01182709-v,consumo,"dar o que é desejado ou necessário, especialmente apoio, alimento ou sustento",prover
fero,lilaLemma:103126,01182709-v,consumo,"dar o que é desejado ou necessário, especialmente apoio, alimento ou sustento",provisionar
fero,lilaLemma:103126,01182709-v,consumo,"dar o que é desejado ou necessário, especialmente apoio, alimento ou sustento",servir
fero,lilaLemma:103126,01182709-v,consumo,"dar o que é desejado ou necessário, especialmente apoio, alimento ou sustento",proporcionar
fero,lilaLemma:103126,00967098-v,comunicação,"ser responsável por informar os detalhes de, como no jornalismo",relatar
fero,lilaLemma:103126,00967098-v,comunicação,"ser responsável por informar os detalhes de, como no jornalismo",cobrir
fero,lilaLemma:103126,00965035-v,comunicação,dar um relato ou representar em palavras,descrever
fero,lilaLemma:103126,00965035-v,comunicação,dar um relato ou representar em palavras,relatar
fero,lilaLemma:103126,00965035-v,comunicação,dar um relato ou representar em palavras,assinalar
fero,lilaLemma:103126,00965035-v,comunicação,dar um relato ou representar em palavras,denunciar
fero,lilaLemma:103126,00965035-v,comunicação,dar um relato ou representar em palavras,explicar
fero,lilaLemma:103126,00965035-v,comunicação,dar um relato ou representar em palavras,informar
fero,lilaLemma:103126,00965035-v,comunicação,dar um relato ou representar em palavras,notificar
fero,lilaLemma:103126,00965035-v,comunicação,dar um relato ou representar em palavras,reportar
fero,lilaLemma:103126,01999798-v,movimento,levar alguém a algum lugar,carregar
fero,lilaLemma:103126,01999798-v,movimento,levar alguém a algum lugar,conduzir
fero,lilaLemma:103126,01999798-v,movimento,levar alguém a algum lugar,dirigir
fero,lilaLemma:103126,01999798-v,movimento,levar alguém a algum lugar,guiar
fero,lilaLemma:103126,01999798-v,movimento,levar alguém a algum lugar,levar
fero,lilaLemma:103126,01999798-v,movimento,levar alguém a algum lugar,comandar
fero,lilaLemma:103126,01999798-v,movimento,levar alguém a algum lugar,coordenar
fero,lilaLemma:103126,01999798-v,movimento,levar alguém a algum lugar,encaminhar
fero,lilaLemma:103126,01999798-v,movimento,levar alguém a algum lugar,governar
fero,lilaLemma:103126,01999798-v,movimento,levar alguém a algum lugar,nortear
fero,lilaLemma:103126,01999798-v,movimento,levar alguém a algum lugar,orientar
fero,lilaLemma:103126,00931852-v,comunicação,denotar ou conotar,significar
fero,lilaLemma:103126,00931852-v,comunicação,denotar ou conotar,traduzir-se_em
fero,lilaLemma:103126,00770437-v,comunicação,induzir a fazer; fazer agir de uma forma específica,induzir
fero,lilaLemma:103126,00770437-v,comunicação,induzir a fazer; fazer agir de uma forma específica,abrir
fero,lilaLemma:103126,00770437-v,comunicação,induzir a fazer; fazer agir de uma forma específica,causar
fero,lilaLemma:103126,00770437-v,comunicação,induzir a fazer; fazer agir de uma forma específica,estimular
fero,lilaLemma:103126,00770437-v,comunicação,induzir a fazer; fazer agir de uma forma específica,fazer
fero,lilaLemma:103126,00770437-v,comunicação,induzir a fazer; fazer agir de uma forma específica,levar
fero,lilaLemma:103126,00770437-v,comunicação,induzir a fazer; fazer agir de uma forma específica,provocar
fero,lilaLemma:103126,00770437-v,comunicação,induzir a fazer; fazer agir de uma forma específica,resultar_(em)
fero,lilaLemma:103126,00770437-v,comunicação,induzir a fazer; fazer agir de uma forma específica,tornar
fero,lilaLemma:103126,01649999-v,criação,dar um incentivo para a ação,estimular
fero,lilaLemma:103126,01649999-v,criação,dar um incentivo para a ação,incentivar
fero,lilaLemma:103126,01649999-v,criação,dar um incentivo para a ação,motivar
fero,lilaLemma:103126,01649999-v,criação,dar um incentivo para a ação,propulsar
fero,lilaLemma:103126,01649999-v,criação,dar um incentivo para a ação,provocar
fero,lilaLemma:103126,00690614-v,cognição,julgar ser,achar
fero,lilaLemma:103126,00690614-v,cognição,julgar ser,considerar
fero,lilaLemma:103126,00690614-v,cognição,julgar ser,ver
fero,lilaLemma:103126,00690614-v,cognição,julgar ser,contar
fides,lilaLemma:103260,05697363-n,cognição,liberdade de dúvida; crença em si mesmo e suas habilidades,altivez
fides,lilaLemma:103260,05697363-n,cognição,liberdade de dúvida; crença em si mesmo e suas habilidades,aprumo
fides,lilaLemma:103260,05697363-n,cognição,liberdade de dúvida; crença em si mesmo e suas habilidades,certeza
fides,lilaLemma:103260,05697363-n,cognição,liberdade de dúvida; crença em si mesmo e suas habilidades,confiança
fides,lilaLemma:103260,05697363-n,cognição,liberdade de dúvida; crença em si mesmo e suas habilidades,fé
fides,lilaLemma:103260,05697363-n,cognição,liberdade de dúvida; crença em si mesmo e suas habilidades,pose
fides,lilaLemma:103260,05697363-n,cognição,liberdade de dúvida; crença em si mesmo e suas habilidades,desembaraço
fides,lilaLemma:103260,05697363-n,cognição,liberdade de dúvida; crença em si mesmo e suas habilidades,autoridade
fides,lilaLemma:103260,05697363-n,cognição,liberdade de dúvida; crença em si mesmo e suas habilidades,evidência
fides,lilaLemma:103260,05697363-n,cognição,liberdade de dúvida; crença em si mesmo e suas habilidades,garantia
fides,lilaLemma:103260,05697363-n,cognição,liberdade de dúvida; crença em si mesmo e suas habilidades,segurança
fides,lilaLemma:103260,07226545-n,comunicação,um compromisso verbal de uma pessoa para outra concordar em fazer (ou não fazer) algo no futuro,promessa
fides,lilaLemma:103260,05941423-n,cognição,qualquer conteúdo cognitivo tido como verdadeiro,convicção
fides,lilaLemma:103260,05941423-n,cognição,qualquer conteúdo cognitivo tido como verdadeiro,crença
fides,lilaLemma:103260,05941423-n,cognição,qualquer conteúdo cognitivo tido como verdadeiro,fé
fides,lilaLemma:103260,05941423-n,cognição,qualquer conteúdo cognitivo tido como verdadeiro,opinião
fides,lilaLemma:103260,05941423-n,cognição,qualquer conteúdo cognitivo tido como verdadeiro,convencimento
fides,lilaLemma:103260,05941423-n,cognição,qualquer conteúdo cognitivo tido como verdadeiro,persuasão
fides,lilaLemma:103260,04782878-n,atributo,a qualidade de ser crível ou confiável,credibilidade
fides,lilaLemma:103260,07526505-n,sentimento,um sentimento de confiança (em alguém ou alguma coisa),confiança
fides,lilaLemma:103260,14483744-n,estado,um estado de esperança confiante de que os eventos serão favoráveis,confiança
fides,lilaLemma:103260,04867130-n,atributo,a qualidade de ser aberto e verdadeiro; não enganosa ou hipócrita,sinceridade
fides,lilaLemma:103260,05943066-n,cognição,total confiança em uma pessoa ou plano etc,confiança
fides,lilaLemma:103260,05943066-n,cognição,total confiança em uma pessoa ou plano etc,fé
fides,lilaLemma:103260,05946687-n,cognição,uma forte crença em um poder ou poderes sobrenaturais que controlam o destino humano,Crença religiosa
fides,lilaLemma:103260,05946687-n,cognição,uma forte crença em um poder ou poderes sobrenaturais que controlam o destino humano,fé
fides,lilaLemma:103260,05946687-n,cognição,uma forte crença em um poder ou poderes sobrenaturais que controlam o destino humano,religião
fides,lilaLemma:103260,05946687-n,cognição,uma forte crença em um poder ou poderes sobrenaturais que controlam o destino humano,confissão
fides,lilaLemma:103260,05946687-n,cognição,uma forte crença em um poder ou poderes sobrenaturais que controlam o destino humano,credo
fides,lilaLemma:103260,05946687-n,cognição,uma forte crença em um poder ou poderes sobrenaturais que controlam o destino humano,crença
fides,lilaLemma:103260,05946687-n,cognição,uma forte crença em um poder ou poderes sobrenaturais que controlam o destino humano,culto
fides,lilaLemma:103260,05946687-n,cognição,uma forte crença em um poder ou poderes sobrenaturais que controlam o destino humano,doutrina
fides,lilaLemma:103260,05946687-n,cognição,uma forte crença em um poder ou poderes sobrenaturais que controlam o destino humano,rito
fides,lilaLemma:103260,05946687-n,cognição,uma forte crença em um poder ou poderes sobrenaturais que controlam o destino humano,seita
fides,lilaLemma:103260,04895246-n,atributo,a característica de acreditar na honestidade e confiabilidade dos outros,confiança
filius,lilaLemma:103307,10624074-n,pessoa,Um descendente humano masculino,filho
filius,lilaLemma:103307,10624074-n,pessoa,Um descendente humano masculino,garoto
filius,lilaLemma:103307,10624074-n,pessoa,Um descendente humano masculino,menino
filius,lilaLemma:103307,09918248-n,pessoa,um filho ou filha de qualquer idade,criança
filius,lilaLemma:103307,09918248-n,pessoa,um filho ou filha de qualquer idade,filho
filius,lilaLemma:103307,09918248-n,pessoa,um filho ou filha de qualquer idade,menino
filius,lilaLemma:103307,10006511-n,pessoa,uma pessoa considerada como descendentes de um ancestral ou corrida,descendente
filius,lilaLemma:103307,10285938-n,pessoa,uma criança que é masculina,menino
filius,lilaLemma:103307,10285938-n,pessoa,uma criança que é masculina,rapaz
fio,lilaLemma:103328,00339934-v,mudança,chegar a acorrer,acontecer
fio,lilaLemma:103328,00339934-v,mudança,chegar a acorrer,ocorrer
fio,lilaLemma:103328,00339934-v,mudança,chegar a acorrer,passar
fio,lilaLemma:103328,00339934-v,mudança,chegar a acorrer,suceder
fio,lilaLemma:103328,00339934-v,mudança,chegar a acorrer,acorrer
fio,lilaLemma:103328,00339934-v,mudança,chegar a acorrer,acudir
fio,lilaLemma:103328,00339934-v,mudança,chegar a acorrer,advir
fio,lilaLemma:103328,00339934-v,mudança,chegar a acorrer,afluir
fio,lilaLemma:103328,00339934-v,mudança,chegar a acorrer,assomar
fio,lilaLemma:103328,00339934-v,mudança,chegar a acorrer,concorrer
fio,lilaLemma:103328,00339934-v,mudança,chegar a acorrer,correr
fio,lilaLemma:103328,00339934-v,mudança,chegar a acorrer,dar
fio,lilaLemma:103328,00339934-v,mudança,chegar a acorrer,dar-se
fio,lilaLemma:103328,00339934-v,mudança,chegar a acorrer,decorrer
fio,lilaLemma:103328,00339934-v,mudança,chegar a acorrer,desenrolar-se
fio,lilaLemma:103328,00339934-v,mudança,chegar a acorrer,efetuar-se
fio,lilaLemma:103328,00339934-v,mudança,chegar a acorrer,emergir
fio,lilaLemma:103328,00339934-v,mudança,chegar a acorrer,haver
fio,lilaLemma:103328,00339934-v,mudança,chegar a acorrer,operar
fio,lilaLemma:103328,00339934-v,mudança,chegar a acorrer,passar-se
fio,lilaLemma:103328,00339934-v,mudança,chegar a acorrer,processar-se
fio,lilaLemma:103328,00339934-v,mudança,chegar a acorrer,realizar
fio,lilaLemma:103328,00339934-v,mudança,chegar a acorrer,realizar-se
fio,lilaLemma:103328,00339934-v,mudança,chegar a acorrer,remediar
fio,lilaLemma:103328,00339934-v,mudança,chegar a acorrer,resultar
fio,lilaLemma:103328,00339934-v,mudança,chegar a acorrer,rolar
fio,lilaLemma:103328,00339934-v,mudança,chegar a acorrer,ser
fio,lilaLemma:103328,00339934-v,mudança,chegar a acorrer,sobrevir
fio,lilaLemma:103328,00339934-v,mudança,chegar a acorrer,verificar
fio,lilaLemma:103328,00339934-v,mudança,chegar a acorrer,verificar-se
fio,lilaLemma:103328,00339934-v,mudança,chegar a acorrer,vistoriar
fio,lilaLemma:103328,00344643-v,mudança,"acontecer, ocorrer, ou ser o caso no curso dos acontecimentos ou por acaso",acontecer
fio,lilaLemma:103328,00344643-v,mudança,"acontecer, ocorrer, ou ser o caso no curso dos acontecimentos ou por acaso",calhar
fio,lilaLemma:103328,00344643-v,mudança,"acontecer, ocorrer, ou ser o caso no curso dos acontecimentos ou por acaso",ocorrer
fio,lilaLemma:103328,00344643-v,mudança,"acontecer, ocorrer, ou ser o caso no curso dos acontecimentos ou por acaso",suceder
fio,lilaLemma:103328,00149583-v,mudança,assumir um certo estado ou condiçã,estar
fio,lilaLemma:103328,00149583-v,mudança,assumir um certo estado ou condiçã,ficar
fio,lilaLemma:103328,00149583-v,mudança,assumir um certo estado ou condiçã,tornar
fio,lilaLemma:103328,02624263-v,estado,[come into existence; take on form or shape],originar-se
fio,lilaLemma:103328,02624263-v,estado,[come into existence; take on form or shape],provir
fio,lilaLemma:103328,02624263-v,estado,[come into existence; take on form or shape],surgir
fio,lilaLemma:103328,02626604-v,estado,[undergo a change or development],acontecer
fio,lilaLemma:103328,02626604-v,estado,[undergo a change or development],tornar-se
fio,lilaLemma:103328,02626604-v,estado,[undergo a change or development],transformar
fio,lilaLemma:103328,02626604-v,estado,[undergo a change or development],transformar-se
fio,lilaLemma:103328,02626604-v,estado,[undergo a change or development],virar
fio,lilaLemma:103328,02626604-v,estado,[undergo a change or development],tornar
fio,lilaLemma:103328,02593912-v,relação social,"chance de ser ou fazer algo, sem intenção ou nexo de causalidade",acontecer
fio,lilaLemma:103328,02593912-v,relação social,"chance de ser ou fazer algo, sem intenção ou nexo de causalidade",ocorrer
fio,lilaLemma:103328,02593912-v,relação social,"chance de ser ou fazer algo, sem intenção ou nexo de causalidade",passar
fio,lilaLemma:103328,02593912-v,relação social,"chance de ser ou fazer algo, sem intenção ou nexo de causalidade",suceder
fio,lilaLemma:103328,02593912-v,relação social,"chance de ser ou fazer algo, sem intenção ou nexo de causalidade",vistoriar
fortuna,lilaLemma:103696,13920835-n,estado,um estado em um determinado momento,Estado
fortuna,lilaLemma:103696,13920835-n,estado,um estado em um determinado momento,condição
fortuna,lilaLemma:103696,13920835-n,estado,um estado em um determinado momento,estado
fortuna,lilaLemma:103696,13920835-n,estado,um estado em um determinado momento,situação
fortuna,lilaLemma:103696,13920835-n,estado,um estado em um determinado momento,estatuto
fortuna,lilaLemma:103696,11418138-n,fenômeno,um fenômeno desconhecido e imprevisível que faz com que um evento de resultar de uma maneira e não de outra,azar
fortuna,lilaLemma:103696,11418138-n,fenômeno,um fenômeno desconhecido e imprevisível que faz com que um evento de resultar de uma maneira e não de outra,ensejo
fortuna,lilaLemma:103696,11418138-n,fenômeno,um fenômeno desconhecido e imprevisível que faz com que um evento de resultar de uma maneira e não de outra,sorte
fortuna,lilaLemma:103696,11418138-n,fenômeno,um fenômeno desconhecido e imprevisível que faz com que um evento de resultar de uma maneira e não de outra,acaso
fortuna,lilaLemma:103696,11418138-n,fenômeno,um fenômeno desconhecido e imprevisível que faz com que um evento de resultar de uma maneira e não de outra,casualidade
fortuna,lilaLemma:103696,11418138-n,fenômeno,um fenômeno desconhecido e imprevisível que faz com que um evento de resultar de uma maneira e não de outra,coincidência
fortuna,lilaLemma:103696,11418138-n,fenômeno,um fenômeno desconhecido e imprevisível que faz com que um evento de resultar de uma maneira e não de outra,contingência
fortuna,lilaLemma:103696,11418138-n,fenômeno,um fenômeno desconhecido e imprevisível que faz com que um evento de resultar de uma maneira e não de outra,fortuna
fortuna,lilaLemma:103696,11418138-n,fenômeno,um fenômeno desconhecido e imprevisível que faz com que um evento de resultar de uma maneira e não de outra,inadvertidamente
fortuna,lilaLemma:103696,11418138-n,fenômeno,um fenômeno desconhecido e imprevisível que faz com que um evento de resultar de uma maneira e não de outra,irrefletidamente
fortuna,lilaLemma:103696,11418460-n,fenômeno,um fenómeno desconhecido e imprevisível que leva a um resultado favorável,fortuna
fortuna,lilaLemma:103696,11418460-n,fenômeno,um fenómeno desconhecido e imprevisível que leva a um resultado favorável,sorte
fortuna,lilaLemma:103696,14483917-n,estado,"uma possibilidade de, devido a uma combinação favorável de circunstâncias",chance
fortuna,lilaLemma:103696,14483917-n,estado,"uma possibilidade de, devido a uma combinação favorável de circunstâncias",oportunidade
fortuna,lilaLemma:103696,14483917-n,estado,"uma possibilidade de, devido a uma combinação favorável de circunstâncias",aberta
fortuna,lilaLemma:103696,14483917-n,estado,"uma possibilidade de, devido a uma combinação favorável de circunstâncias",ensejo
fortuna,lilaLemma:103696,14483917-n,estado,"uma possibilidade de, devido a uma combinação favorável de circunstâncias",fuga
fortuna,lilaLemma:103696,14483917-n,estado,"uma possibilidade de, devido a uma combinação favorável de circunstâncias",ocasião
fortuna,lilaLemma:103696,14483917-n,estado,"uma possibilidade de, devido a uma combinação favorável de circunstâncias",sazão
fortuna,lilaLemma:103696,14473222-n,estado,suas circunstâncias ou situação na vida em geral (incluindo tudo o que acontece com você),circunstâncias
fortuna,lilaLemma:103696,14473222-n,estado,suas circunstâncias ou situação na vida em geral (incluindo tudo o que acontece com você),destino
fortuna,lilaLemma:103696,14473222-n,estado,suas circunstâncias ou situação na vida em geral (incluindo tudo o que acontece com você),sina
fortuna,lilaLemma:103696,14473222-n,estado,suas circunstâncias ou situação na vida em geral (incluindo tudo o que acontece com você),sorte
fortuna,lilaLemma:103696,14473222-n,estado,suas circunstâncias ou situação na vida em geral (incluindo tudo o que acontece com você),acaso
fortuna,lilaLemma:103696,14473222-n,estado,suas circunstâncias ou situação na vida em geral (incluindo tudo o que acontece com você),adversidade
fortuna,lilaLemma:103696,14473222-n,estado,suas circunstâncias ou situação na vida em geral (incluindo tudo o que acontece com você),azar
fortuna,lilaLemma:103696,14473222-n,estado,suas circunstâncias ou situação na vida em geral (incluindo tudo o que acontece com você),bambúrrio
fortuna,lilaLemma:103696,14473222-n,estado,suas circunstâncias ou situação na vida em geral (incluindo tudo o que acontece com você),classe
fortuna,lilaLemma:103696,14473222-n,estado,suas circunstâncias ou situação na vida em geral (incluindo tudo o que acontece com você),destinação
fortuna,lilaLemma:103696,14473222-n,estado,suas circunstâncias ou situação na vida em geral (incluindo tudo o que acontece com você),direção
fortuna,lilaLemma:103696,14473222-n,estado,suas circunstâncias ou situação na vida em geral (incluindo tudo o que acontece com você),dita
fortuna,lilaLemma:103696,14473222-n,estado,suas circunstâncias ou situação na vida em geral (incluindo tudo o que acontece com você),espécie
fortuna,lilaLemma:103696,14473222-n,estado,suas circunstâncias ou situação na vida em geral (incluindo tudo o que acontece com você),estofa
fortuna,lilaLemma:103696,14473222-n,estado,suas circunstâncias ou situação na vida em geral (incluindo tudo o que acontece com você),estofo
fortuna,lilaLemma:103696,14473222-n,estado,suas circunstâncias ou situação na vida em geral (incluindo tudo o que acontece com você),estreia
fortuna,lilaLemma:103696,14473222-n,estado,suas circunstâncias ou situação na vida em geral (incluindo tudo o que acontece com você),estrela
fortuna,lilaLemma:103696,14473222-n,estado,suas circunstâncias ou situação na vida em geral (incluindo tudo o que acontece com você),existência
fortuna,lilaLemma:103696,14473222-n,estado,suas circunstâncias ou situação na vida em geral (incluindo tudo o que acontece com você),fado
fortuna,lilaLemma:103696,14473222-n,estado,suas circunstâncias ou situação na vida em geral (incluindo tudo o que acontece com você),fatalidade
fortuna,lilaLemma:103696,14473222-n,estado,suas circunstâncias ou situação na vida em geral (incluindo tudo o que acontece com você),fatalismo
fortuna,lilaLemma:103696,14473222-n,estado,suas circunstâncias ou situação na vida em geral (incluindo tudo o que acontece com você),fortuna
fortuna,lilaLemma:103696,14473222-n,estado,suas circunstâncias ou situação na vida em geral (incluindo tudo o que acontece com você),futuro
fortuna,lilaLemma:103696,14473222-n,estado,suas circunstâncias ou situação na vida em geral (incluindo tudo o que acontece com você),género
fortuna,lilaLemma:103696,14473222-n,estado,suas circunstâncias ou situação na vida em geral (incluindo tudo o que acontece com você),infortúnio
fortuna,lilaLemma:103696,14473222-n,estado,suas circunstâncias ou situação na vida em geral (incluindo tudo o que acontece com você),laia
fortuna,lilaLemma:103696,14473222-n,estado,suas circunstâncias ou situação na vida em geral (incluindo tudo o que acontece com você),presságio
fortuna,lilaLemma:103696,14473222-n,estado,suas circunstâncias ou situação na vida em geral (incluindo tudo o que acontece com você),providência
fortuna,lilaLemma:103696,14473222-n,estado,suas circunstâncias ou situação na vida em geral (incluindo tudo o que acontece com você),sestro
fortuna,lilaLemma:103696,14473222-n,estado,suas circunstâncias ou situação na vida em geral (incluindo tudo o que acontece com você),sortilégio
fortuna,lilaLemma:103696,14473222-n,estado,suas circunstâncias ou situação na vida em geral (incluindo tudo o que acontece com você),ventura
fortuna,lilaLemma:103696,14473222-n,estado,suas circunstâncias ou situação na vida em geral (incluindo tudo o que acontece com você),vida
fortuna,lilaLemma:103696,14473655-n,estado,um estado auspicioso resultante de resultados favoráveis,boa sorte
fortuna,lilaLemma:103696,14473655-n,estado,um estado auspicioso resultante de resultados favoráveis,sorte
fortuna,lilaLemma:103696,07330007-n,evento,um evento (ou uma série de acontecimentos) que vai inevitavelmente acontecer no futuro,destino
fortuna,lilaLemma:103696,07330007-n,evento,um evento (ou uma série de acontecimentos) que vai inevitavelmente acontecer no futuro,fado
fortuna,lilaLemma:103696,07330007-n,evento,um evento (ou uma série de acontecimentos) que vai inevitavelmente acontecer no futuro,sorte
fortuna,lilaLemma:103696,13370938-n,posse,uma grande quantidade de riqueza,fortuna
hostis,lilaLemma:105757,10661216-n,pessoa,um indivíduo com quem não se está familiarizado,desconhecido
hostis,lilaLemma:105757,10661216-n,pessoa,um indivíduo com quem não se está familiarizado,estrangeiro
hostis,lilaLemma:105757,10661002-n,pessoa,qualquer um que não pertencem ao ambiente em que se encontram,estrangeiro
hostis,lilaLemma:105757,10661002-n,pessoa,qualquer um que não pertencem ao ambiente em que se encontram,estranho
hostis,lilaLemma:105757,10055847-n,pessoa,um adversário armado (especialmente um membro de uma força militar de oposição),inimigo
hostis,lilaLemma:105757,10098710-n,pessoa,um inimigo pessoal,inimigo
hostis,lilaLemma:105757,10098710-n,pessoa,um inimigo pessoal,opositor
hostis,lilaLemma:105757,10098710-n,pessoa,um inimigo pessoal,contrário
hostis,lilaLemma:105757,10103485-n,pessoa,uma pessoa que vem de um país estrangeiro; alguém que não devo lealdade a seu país,estrangeira
hostis,lilaLemma:105757,10103485-n,pessoa,uma pessoa que vem de um país estrangeiro; alguém que não devo lealdade a seu país,estrangeiro
hostis,lilaLemma:105757,07946851-n,grupo,qualquer grupo hostil de pessoas,inimigo
hostis,lilaLemma:105757,08190482-n,grupo,uma força militar de oposição,inimigo
genus,lilaLemma:104504,08368907-n,grupo,grupo de organismos geneticamente relacionados que constituem um único passo na linha de descendência,geração
genus,lilaLemma:104504,07949463-n,grupo,pessoas com origens e tradições comuns e muitas vezes compreendendo uma nação,nacionalidade
genus,lilaLemma:104504,07997703-n,grupo,uma coleção de coisas partilha de um atributo comum,categoria
genus,lilaLemma:104504,07997703-n,grupo,uma coleção de coisas partilha de um atributo comum,classe
genus,lilaLemma:104504,07997703-n,grupo,uma coleção de coisas partilha de um atributo comum,família
genus,lilaLemma:104504,07997703-n,grupo,uma coleção de coisas partilha de um atributo comum,grupo
genus,lilaLemma:104504,07997703-n,grupo,uma coleção de coisas partilha de um atributo comum,cartel
genus,lilaLemma:104504,07997703-n,grupo,uma coleção de coisas partilha de um atributo comum,número
genus,lilaLemma:104504,07997703-n,grupo,uma coleção de coisas partilha de um atributo comum,rol
genus,lilaLemma:104504,07323922-n,evento,um evento que é um começo; uma primeira parte ou estágio de eventos subsequentes,começo
genus,lilaLemma:104504,07323922-n,evento,um evento que é um começo; uma primeira parte ou estágio de eventos subsequentes,gênese
genus,lilaLemma:104504,07323922-n,evento,um evento que é um começo; uma primeira parte ou estágio de eventos subsequentes,iniciação
genus,lilaLemma:104504,07323922-n,evento,um evento que é um começo; uma primeira parte ou estágio de eventos subsequentes,origem
genus,lilaLemma:104504,04923743-n,atributo,propriedades atribuíveis à sua ascendência,extração
genus,lilaLemma:104504,04923743-n,atributo,propriedades atribuíveis à sua ascendência,origem
genus,lilaLemma:104504,08227916-n,grupo,uma associação de pessoas que compartilham crenças ou atividades comuns,compania
genus,lilaLemma:104504,04928903-n,atributo,como algo é feito ou como isso acontece,estilo
genus,lilaLemma:104504,04928903-n,atributo,como algo é feito ou como isso acontece,maneira
genus,lilaLemma:104504,04928903-n,atributo,como algo é feito ou como isso acontece,forma
genus,lilaLemma:104504,04928903-n,atributo,como algo é feito ou como isso acontece,modo
genus,lilaLemma:104504,08107499-n,grupo,(Biologia) um grupo taxonómico contendo um ou mais géneros,classe
genus,lilaLemma:104504,08107499-n,grupo,(Biologia) um grupo taxonómico contendo um ou mais géneros,família
genus,lilaLemma:104504,07950920-n,grupo,pessoas que compartilham alguma relação social,grupos sociais
genus,lilaLemma:104504,13813042-n,relação,a relação de parentesco entre um indivíduo e progenitores do indivíduo,descendência
genus,lilaLemma:104504,13813042-n,relação,a relação de parentesco entre um indivíduo e progenitores do indivíduo,linhagem
genus,lilaLemma:104504,05839024-n,cognição,uma categoria de coisas distinguidos por alguma característica ou qualidade comum,categoria
genus,lilaLemma:104504,05839024-n,cognição,uma categoria de coisas distinguidos por alguma característica ou qualidade comum,classe
genus,lilaLemma:104504,05839024-n,cognição,uma categoria de coisas distinguidos por alguma característica ou qualidade comum,espécies
genus,lilaLemma:104504,05839024-n,cognição,uma categoria de coisas distinguidos por alguma característica ou qualidade comum,género
genus,lilaLemma:104504,05839024-n,cognição,uma categoria de coisas distinguidos por alguma característica ou qualidade comum,raça
genus,lilaLemma:104504,05839024-n,cognição,uma categoria de coisas distinguidos por alguma característica ou qualidade comum,tipo
genus,lilaLemma:104504,05839024-n,cognição,uma categoria de coisas distinguidos por alguma característica ou qualidade comum,casta
genus,lilaLemma:104504,05839024-n,cognição,uma categoria de coisas distinguidos por alguma característica ou qualidade comum,condição
genus,lilaLemma:104504,05839024-n,cognição,uma categoria de coisas distinguidos por alguma característica ou qualidade comum,espécie
genus,lilaLemma:104504,05839024-n,cognição,uma categoria de coisas distinguidos por alguma característica ou qualidade comum,forma
genus,lilaLemma:104504,05839024-n,cognição,uma categoria de coisas distinguidos por alguma característica ou qualidade comum,nação
genus,lilaLemma:104504,05839024-n,cognição,uma categoria de coisas distinguidos por alguma característica ou qualidade comum,simulacro
genus,lilaLemma:104504,05839024-n,cognição,uma categoria de coisas distinguidos por alguma característica ou qualidade comum,sorte
genus,lilaLemma:104504,07967982-n,grupo,pessoas que se acredita pertencer ao mesmo estoque genético,linhagem
genus,lilaLemma:104504,07967982-n,grupo,pessoas que se acredita pertencer ao mesmo estoque genético,povo
genus,lilaLemma:104504,07967982-n,grupo,pessoas que se acredita pertencer ao mesmo estoque genético,raça
genus,lilaLemma:104504,07967982-n,grupo,pessoas que se acredita pertencer ao mesmo estoque genético,raças humanas
genus,lilaLemma:104504,06328643-n,comunicação,"uma categoria gramatical em línguas flexionadas regem o acordo entre substantivos e pronomes e adjetivos; em algumas línguas é bastante arbitrária, mas em línguas indo-européias, geralmente, é baseada no sexo ou animateness",género
genus,lilaLemma:104504,06328643-n,comunicação,"uma categoria gramatical em línguas flexionadas regem o acordo entre substantivos e pronomes e adjetivos; em algumas línguas é bastante arbitrária, mas em línguas indo-européias, geralmente, é baseada no sexo ou animateness",género gramatical
genus,lilaLemma:104504,06328643-n,comunicação,"uma categoria gramatical em línguas flexionadas regem o acordo entre substantivos e pronomes e adjetivos; em algumas línguas é bastante arbitrária, mas em línguas indo-européias, geralmente, é baseada no sexo ou animateness",gênero
genus,lilaLemma:104504,06328643-n,comunicação,"uma categoria gramatical em línguas flexionadas regem o acordo entre substantivos e pronomes e adjetivos; em algumas línguas é bastante arbitrária, mas em línguas indo-européias, geralmente, é baseada no sexo ou animateness",gênero gramatical
genus,lilaLemma:104504,07320302-n,evento,o evento de nascer,nascimento
genus,lilaLemma:104504,07974025-n,grupo,"pessoas que têm a mesma ou status social, econômico, educacional",classe
genus,lilaLemma:104504,07974025-n,grupo,"pessoas que têm a mesma ou status social, econômico, educacional",classe social
genus,lilaLemma:104504,07974025-n,grupo,"pessoas que têm a mesma ou status social, econômico, educacional",estrato
genus,lilaLemma:104504,08166552-n,grupo,as pessoas que vivem em uma nação ou país,gente
genus,lilaLemma:104504,08166552-n,grupo,as pessoas que vivem em uma nação ou país,nação
genus,lilaLemma:104504,08166552-n,grupo,as pessoas que vivem em uma nação ou país,povo
genus,lilaLemma:104504,08166552-n,grupo,as pessoas que vivem em uma nação ou país,país
genus,lilaLemma:104504,08166552-n,grupo,as pessoas que vivem em uma nação ou país,terra
genus,lilaLemma:104504,05660268-n,cognição,"uma maneira de fazer algo, especialmente uma forma sistemática; implica um arranjo lógico ordenado (geralmente em etapas)",Método
genus,lilaLemma:104504,05660268-n,cognição,"uma maneira de fazer algo, especialmente uma forma sistemática; implica um arranjo lógico ordenado (geralmente em etapas)",metodo
genus,lilaLemma:104504,05660268-n,cognição,"uma maneira de fazer algo, especialmente uma forma sistemática; implica um arranjo lógico ordenado (geralmente em etapas)",método
genus,lilaLemma:104504,05660268-n,cognição,"uma maneira de fazer algo, especialmente uma forma sistemática; implica um arranjo lógico ordenado (geralmente em etapas)",métodos
genus,lilaLemma:104504,05660268-n,cognição,"uma maneira de fazer algo, especialmente uma forma sistemática; implica um arranjo lógico ordenado (geralmente em etapas)",técnica
genus,lilaLemma:104504,09918248-n,pessoa,um filho ou filha de qualquer idade,criança
genus,lilaLemma:104504,09918248-n,pessoa,um filho ou filha de qualquer idade,filho
genus,lilaLemma:104504,09918248-n,pessoa,um filho ou filha de qualquer idade,menino
genus,lilaLemma:104504,08101937-n,grupo,os descendentes de um indivíduo,descendência
genus,lilaLemma:104504,08101937-n,grupo,os descendentes de um indivíduo,família
genus,lilaLemma:104504,08101937-n,grupo,os descendentes de um indivíduo,linhagem
genus,lilaLemma:104504,08101937-n,grupo,os descendentes de um indivíduo,sangue
genus,lilaLemma:104504,08101937-n,grupo,os descendentes de um indivíduo,aniagem
genus,lilaLemma:104504,08101937-n,grupo,os descendentes de um indivíduo,ascedência
genus,lilaLemma:104504,08101937-n,grupo,os descendentes de um indivíduo,ascendência
genus,lilaLemma:104504,08101937-n,grupo,os descendentes de um indivíduo,casta
genus,lilaLemma:104504,08101937-n,grupo,os descendentes de um indivíduo,cepa
genus,lilaLemma:104504,08101937-n,grupo,os descendentes de um indivíduo,estema
genus,lilaLemma:104504,08101937-n,grupo,os descendentes de um indivíduo,estirpe
genus,lilaLemma:104504,08101937-n,grupo,os descendentes de um indivíduo,filiação
genus,lilaLemma:104504,08101937-n,grupo,os descendentes de um indivíduo,genealogia
genus,lilaLemma:104504,08101937-n,grupo,os descendentes de um indivíduo,linha
genus,lilaLemma:104504,08101937-n,grupo,os descendentes de um indivíduo,origem
genus,lilaLemma:104504,08101937-n,grupo,os descendentes de um indivíduo,parentela
genus,lilaLemma:104504,08101937-n,grupo,os descendentes de um indivíduo,parentesco
genus,lilaLemma:104504,08101937-n,grupo,os descendentes de um indivíduo,procedência
genus,lilaLemma:104504,08101937-n,grupo,os descendentes de um indivíduo,prosápia
genus,lilaLemma:104504,08101937-n,grupo,os descendentes de um indivíduo,ramo
genus,lilaLemma:104504,08101937-n,grupo,os descendentes de um indivíduo,raça
genus,lilaLemma:104504,08101937-n,grupo,os descendentes de um indivíduo,serapilheira
genus,lilaLemma:104504,04931733-n,atributo,uma maneira de fazer ou ser,forma
genus,lilaLemma:104504,04931733-n,atributo,uma maneira de fazer ou ser,jeito
genus,lilaLemma:104504,04931733-n,atributo,uma maneira de fazer ou ser,maneira
genus,lilaLemma:104504,00172710-n,ação,como um resultado é obtido ou um fim é alcançado,caminho
genus,lilaLemma:104504,00172710-n,ação,como um resultado é obtido ou um fim é alcançado,ferramenta
genus,lilaLemma:104504,00172710-n,ação,como um resultado é obtido ou um fim é alcançado,jeito
genus,lilaLemma:104504,00172710-n,ação,como um resultado é obtido ou um fim é alcançado,maneira
genus,lilaLemma:104504,00172710-n,ação,como um resultado é obtido ou um fim é alcançado,meio
genus,lilaLemma:104504,00172710-n,ação,como um resultado é obtido ou um fim é alcançado,modo
genus,lilaLemma:104504,00172710-n,ação,como um resultado é obtido ou um fim é alcançado,forma
genus,lilaLemma:104504,07970721-n,grupo,pessoas descendem de um ancestral comum,família
genus,lilaLemma:104504,07970406-n,grupo,grupo social primário; pais e filhos,família
genus,lilaLemma:104504,08103777-n,grupo,(Biologia) um grupo taxonômico contendo uma ou mais ordens,classe
genus,lilaLemma:104504,08103777-n,grupo,(Biologia) um grupo taxonômico contendo uma ou mais ordens,espécies
genus,lilaLemma:104504,05844881-n,cognição,um tipo específico de algo,classe
genus,lilaLemma:104504,05844881-n,cognição,um tipo específico de algo,espécie
genus,lilaLemma:104504,05844881-n,cognição,um tipo específico de algo,espécies
genus,lilaLemma:104504,05844881-n,cognição,um tipo específico de algo,género
genus,lilaLemma:104504,05844881-n,cognição,um tipo específico de algo,tipo
genus,lilaLemma:104504,05844881-n,cognição,um tipo específico de algo,variedade
genus,lilaLemma:104504,10373998-n,pessoa,os descendentes imediatos de uma pessoa,descendente
genus,lilaLemma:104504,10373998-n,pessoa,os descendentes imediatos de uma pessoa,descendência
genus,lilaLemma:104504,10373998-n,pessoa,os descendentes imediatos de uma pessoa,filho
genus,lilaLemma:104504,10373998-n,pessoa,os descendentes imediatos de uma pessoa,geração
genus,lilaLemma:104504,10373998-n,pessoa,os descendentes imediatos de uma pessoa,prole
genus,lilaLemma:104504,10373998-n,pessoa,os descendentes imediatos de uma pessoa,ramo
gero,lilaLemma:104536,02700867-v,estado,conter ou deter; ter dentro,compreender
gero,lilaLemma:104536,02700867-v,estado,conter ou deter; ter dentro,conter
gero,lilaLemma:104536,02700867-v,estado,conter ou deter; ter dentro,incluir
gero,lilaLemma:104536,02700867-v,estado,conter ou deter; ter dentro,ter
gero,lilaLemma:104536,02700867-v,estado,conter ou deter; ter dentro,levar
gero,lilaLemma:104536,02700867-v,estado,conter ou deter; ter dentro,portar
gero,lilaLemma:104536,02700867-v,estado,conter ou deter; ter dentro,possuir
gero,lilaLemma:104536,02700867-v,estado,conter ou deter; ter dentro,suportar
gero,lilaLemma:104536,02700867-v,estado,conter ou deter; ter dentro,sustentar
gero,lilaLemma:104536,02630871-v,estado,[have],portar
gero,lilaLemma:104536,02630871-v,estado,[have],ter
gero,lilaLemma:104536,02302220-v,posse,"ter por direito; diz-de direitos, títulos e escritórios",manter
gero,lilaLemma:104536,02302220-v,posse,"ter por direito; diz-de direitos, títulos e escritórios",ter
gero,lilaLemma:104536,01449974-v,contato,"movimentar-se segurando algo, tanto em um veículo quanto com as mãos ou em um corpo",carregar
gero,lilaLemma:104536,01449974-v,contato,"movimentar-se segurando algo, tanto em um veículo quanto com as mãos ou em um corpo",levar
gero,lilaLemma:104536,01449974-v,contato,"movimentar-se segurando algo, tanto em um veículo quanto com as mãos ou em um corpo",transportar
gero,lilaLemma:104536,00047745-v,corpo,ter sobre a sua pessoa,portar
gero,lilaLemma:104536,00047745-v,corpo,ter sobre a sua pessoa,usar
gero,lilaLemma:104536,00047745-v,corpo,ter sobre a sua pessoa,levar
gero,lilaLemma:104536,00047745-v,corpo,ter sobre a sua pessoa,vestir
gero,lilaLemma:104536,02586619-v,relação social,[exercise authority over; as of nations],gerir
gero,lilaLemma:104536,02586619-v,relação social,[exercise authority over; as of nations],governar
gero,lilaLemma:104536,02586619-v,relação social,[exercise authority over; as of nations],reger
gero,lilaLemma:104536,02586619-v,relação social,[exercise authority over; as of nations],reinar
gero,lilaLemma:104536,00010435-v,corpo,agir de uma certa forma; comportar-se ou conduzir-se;,agir
gero,lilaLemma:104536,00010435-v,corpo,agir de uma certa forma; comportar-se ou conduzir-se;,atuar
gero,lilaLemma:104536,00010435-v,corpo,agir de uma certa forma; comportar-se ou conduzir-se;,comportar-se
gero,lilaLemma:104536,00010435-v,corpo,agir de uma certa forma; comportar-se ou conduzir-se;,parecer
gero,lilaLemma:104536,00010435-v,corpo,agir de uma certa forma; comportar-se ou conduzir-se;,actuar
gero,lilaLemma:104536,00010435-v,corpo,agir de uma certa forma; comportar-se ou conduzir-se;,fazer
gero,lilaLemma:104536,00010435-v,corpo,agir de uma certa forma; comportar-se ou conduzir-se;,operar
gero,lilaLemma:104536,02079933-v,movimento,transmitir ou servir como meio de transmissão,conduzir
gero,lilaLemma:104536,02079933-v,movimento,transmitir ou servir como meio de transmissão,transmitir
gero,lilaLemma:104536,02079933-v,movimento,transmitir ou servir como meio de transmissão,trazer
gero,lilaLemma:104536,02079933-v,movimento,transmitir ou servir como meio de transmissão,transportar
gero,lilaLemma:104536,02079933-v,movimento,transmitir ou servir como meio de transmissão,veicular
gero,lilaLemma:104536,02301825-v,posse,assumir como próprias as despesas ou dívidas de outra pessoa,aceitar
gero,lilaLemma:104536,02301825-v,posse,assumir como próprias as despesas ou dívidas de outra pessoa,assumir
gero,lilaLemma:104536,01218084-v,contato,"ter ou ser capaz de suportar o peso, pressão ou responsabilidade de",levar
gero,lilaLemma:104536,00668099-v,cognição,aturar algo ou alguém desagradável,aguentar
gero,lilaLemma:104536,00668099-v,cognição,aturar algo ou alguém desagradável,aturar
gero,lilaLemma:104536,00668099-v,cognição,aturar algo ou alguém desagradável,suportar
gero,lilaLemma:104536,00668099-v,cognição,aturar algo ou alguém desagradável,tolerar
gero,lilaLemma:104536,00668099-v,cognição,aturar algo ou alguém desagradável,acomodar-se
gero,lilaLemma:104536,00668099-v,cognição,aturar algo ou alguém desagradável,admitir
gero,lilaLemma:104536,00668099-v,cognição,aturar algo ou alguém desagradável,agonizar
gero,lilaLemma:104536,00668099-v,cognição,aturar algo ou alguém desagradável,agüentar
gero,lilaLemma:104536,00668099-v,cognição,aturar algo ou alguém desagradável,amargar
gero,lilaLemma:104536,00668099-v,cognição,aturar algo ou alguém desagradável,amochar
gero,lilaLemma:104536,00668099-v,cognição,aturar algo ou alguém desagradável,aparar
gero,lilaLemma:104536,00668099-v,cognição,aturar algo ou alguém desagradável,apoiar
gero,lilaLemma:104536,00668099-v,cognição,aturar algo ou alguém desagradável,coadunar-se
gero,lilaLemma:104536,00668099-v,cognição,aturar algo ou alguém desagradável,compadecer
gero,lilaLemma:104536,00668099-v,cognição,aturar algo ou alguém desagradável,comportar
gero,lilaLemma:104536,00668099-v,cognição,aturar algo ou alguém desagradável,condescender
gero,lilaLemma:104536,00668099-v,cognição,aturar algo ou alguém desagradável,confranger
gero,lilaLemma:104536,00668099-v,cognição,aturar algo ou alguém desagradável,consentir
gero,lilaLemma:104536,00668099-v,cognição,aturar algo ou alguém desagradável,conter-se
gero,lilaLemma:104536,00668099-v,cognição,aturar algo ou alguém desagradável,curtir
gero,lilaLemma:104536,00668099-v,cognição,aturar algo ou alguém desagradável,digerir
gero,lilaLemma:104536,00668099-v,cognição,aturar algo ou alguém desagradável,engolir
gero,lilaLemma:104536,00668099-v,cognição,aturar algo ou alguém desagradável,esmoer
gero,lilaLemma:104536,00668099-v,cognição,aturar algo ou alguém desagradável,experimentar
gero,lilaLemma:104536,00668099-v,cognição,aturar algo ou alguém desagradável,gramar
gero,lilaLemma:104536,00668099-v,cognição,aturar algo ou alguém desagradável,lidar
gero,lilaLemma:104536,00668099-v,cognição,aturar algo ou alguém desagradável,padecer
gero,lilaLemma:104536,00668099-v,cognição,aturar algo ou alguém desagradável,passar
gero,lilaLemma:104536,00668099-v,cognição,aturar algo ou alguém desagradável,penar
gero,lilaLemma:104536,00668099-v,cognição,aturar algo ou alguém desagradável,receber
gero,lilaLemma:104536,00668099-v,cognição,aturar algo ou alguém desagradável,reprimir-se
gero,lilaLemma:104536,00668099-v,cognição,aturar algo ou alguém desagradável,sobrelevar
gero,lilaLemma:104536,00668099-v,cognição,aturar algo ou alguém desagradável,sofrer
gero,lilaLemma:104536,00668099-v,cognição,aturar algo ou alguém desagradável,tragar
gero,lilaLemma:104536,00668099-v,cognição,aturar algo ou alguém desagradável,transigir
gero,lilaLemma:104536,01773130-v,emoção,"manter (a teoria, pensamentos, ou sentimentos)",considerar
gero,lilaLemma:104536,01773130-v,emoção,"manter (a teoria, pensamentos, ou sentimentos)",entreter
gero,lilaLemma:104536,01773130-v,emoção,"manter (a teoria, pensamentos, ou sentimentos)",guardar
gero,lilaLemma:104536,01773130-v,emoção,"manter (a teoria, pensamentos, ou sentimentos)",manter
gero,lilaLemma:104536,01773130-v,emoção,"manter (a teoria, pensamentos, ou sentimentos)",sustentar
gero,lilaLemma:104536,02445509-v,relação social,dirigir o curso de; gerenciar ou controlar,conduzir
gero,lilaLemma:104536,02445509-v,relação social,dirigir o curso de; gerenciar ou controlar,lidar
gero,lilaLemma:104536,00052374-v,corpo,estar vestida,usar
gero,lilaLemma:104536,00052374-v,corpo,estar vestida,vestir
gero,lilaLemma:104536,00052374-v,corpo,estar vestida,levar
gero,lilaLemma:104536,00052374-v,corpo,estar vestida,ter
gero,lilaLemma:104536,00050652-v,corpo,colocar roupas no corpo,caber
gero,lilaLemma:104536,00050652-v,corpo,colocar roupas no corpo,colocar
gero,lilaLemma:104536,00050652-v,corpo,colocar roupas no corpo,pôr
gero,lilaLemma:104536,00050652-v,corpo,colocar roupas no corpo,usar
gero,lilaLemma:104536,00050652-v,corpo,colocar roupas no corpo,vestir
gero,lilaLemma:104536,02708420-v,estado,[pass time in a specific way],passar
gero,lilaLemma:104536,02708420-v,estado,[pass time in a specific way],vistoriar
gero,lilaLemma:104536,02137132-v,percepção,fazer visível ou perceptível,apresentar
gero,lilaLemma:104536,02137132-v,percepção,fazer visível ou perceptível,mostrar
gero,lilaLemma:104536,02137132-v,percepção,fazer visível ou perceptível,afetar
gero,lilaLemma:104536,02137132-v,percepção,fazer visível ou perceptível,afigurar
gero,lilaLemma:104536,02137132-v,percepção,fazer visível ou perceptível,assumir
gero,lilaLemma:104536,02137132-v,percepção,fazer visível ou perceptível,badalar
gero,lilaLemma:104536,02137132-v,percepção,fazer visível ou perceptível,descobrir
gero,lilaLemma:104536,02137132-v,percepção,fazer visível ou perceptível,desenfardar
gero,lilaLemma:104536,02137132-v,percepção,fazer visível ou perceptível,desfraldar
gero,lilaLemma:104536,02137132-v,percepção,fazer visível ou perceptível,desinternar
gero,lilaLemma:104536,02137132-v,percepção,fazer visível ou perceptível,divulgar
gero,lilaLemma:104536,02137132-v,percepção,fazer visível ou perceptível,ensinar
gero,lilaLemma:104536,02137132-v,percepção,fazer visível ou perceptível,estampar
gero,lilaLemma:104536,02137132-v,percepção,fazer visível ou perceptível,exibir
gero,lilaLemma:104536,02137132-v,percepção,fazer visível ou perceptível,expandir
gero,lilaLemma:104536,02137132-v,percepção,fazer visível ou perceptível,exteriorizar
gero,lilaLemma:104536,02137132-v,percepção,fazer visível ou perceptível,fazer_ver
gero,lilaLemma:104536,02137132-v,percepção,fazer visível ou perceptível,franquear
gero,lilaLemma:104536,02137132-v,percepção,fazer visível ou perceptível,manifestar
gero,lilaLemma:104536,02137132-v,percepção,fazer visível ou perceptível,patentear
gero,lilaLemma:104536,02137132-v,percepção,fazer visível ou perceptível,representar
gero,lilaLemma:104536,02137132-v,percepção,fazer visível ou perceptível,reproduzir
gero,lilaLemma:104536,02137132-v,percepção,fazer visível ou perceptível,revelar-se
gero,lilaLemma:104536,02137132-v,percepção,fazer visível ou perceptível,revestir
gero,lilaLemma:104536,02137132-v,percepção,fazer visível ou perceptível,simular
gero,lilaLemma:104536,02137132-v,percepção,fazer visível ou perceptível,soltar
gero,lilaLemma:104536,02137132-v,percepção,fazer visível ou perceptível,suar
gero,lilaLemma:104536,02137132-v,percepção,fazer visível ou perceptível,vestir
gero,lilaLemma:104536,01432601-v,contato,mover-se enquanto segura ou apoia algo,carregar
gero,lilaLemma:104536,01432601-v,contato,mover-se enquanto segura ou apoia algo,nascer
gero,lilaLemma:104536,01432601-v,contato,mover-se enquanto segura ou apoia algo,trazer
gero,lilaLemma:104536,01719302-v,criação,desempenhar um papel ou parte,atuar
gero,lilaLemma:104536,01719302-v,criação,desempenhar um papel ou parte,fazer
gero,lilaLemma:104536,01719302-v,criação,desempenhar um papel ou parte,representar
habeo,lilaLemma:105044,02283324-v,posse,reter e manter para possível uso futuro ou aplicação,deter
habeo,lilaLemma:105044,02283324-v,posse,reter e manter para possível uso futuro ou aplicação,reter
habeo,lilaLemma:105044,02514187-v,relação social,[interact in a certain way],tratar
habeo,lilaLemma:105044,02108377-v,percepção,passar por uma mudanca,experimentar
habeo,lilaLemma:105044,02108377-v,percepção,passar por uma mudanca,receber
habeo,lilaLemma:105044,02108377-v,percepção,passar por uma mudanca,sofrer
habeo,lilaLemma:105044,02648639-v,estado,[live (in a certain place)],morar
habeo,lilaLemma:105044,02648639-v,estado,[live (in a certain place)],ocupar
habeo,lilaLemma:105044,02648639-v,estado,[live (in a certain place)],residir
habeo,lilaLemma:105044,02648639-v,estado,[live (in a certain place)],viver
habeo,lilaLemma:105044,00052374-v,corpo,estar vestida,usar
habeo,lilaLemma:105044,00052374-v,corpo,estar vestida,vestir
habeo,lilaLemma:105044,00052374-v,corpo,estar vestida,levar
habeo,lilaLemma:105044,00052374-v,corpo,estar vestida,ter
habeo,lilaLemma:105044,02700867-v,estado,conter ou deter; ter dentro,compreender
habeo,lilaLemma:105044,02700867-v,estado,conter ou deter; ter dentro,conter
habeo,lilaLemma:105044,02700867-v,estado,conter ou deter; ter dentro,incluir
habeo,lilaLemma:105044,02700867-v,estado,conter ou deter; ter dentro,ter
habeo,lilaLemma:105044,02700867-v,estado,conter ou deter; ter dentro,levar
habeo,lilaLemma:105044,02700867-v,estado,conter ou deter; ter dentro,portar
habeo,lilaLemma:105044,02700867-v,estado,conter ou deter; ter dentro,possuir
habeo,lilaLemma:105044,02700867-v,estado,conter ou deter; ter dentro,suportar
habeo,lilaLemma:105044,02700867-v,estado,conter ou deter; ter dentro,sustentar
habeo,lilaLemma:105044,02204692-v,posse,[have ownership or possession of],fruir
habeo,lilaLemma:105044,02204692-v,posse,[have ownership or possession of],possuir
habeo,lilaLemma:105044,02204692-v,posse,[have ownership or possession of],ter
habeo,lilaLemma:105044,02204692-v,posse,[have ownership or possession of],desfrutar
habeo,lilaLemma:105044,02204692-v,posse,[have ownership or possession of],fazer
habeo,lilaLemma:105044,02204692-v,posse,[have ownership or possession of],gozar
habeo,lilaLemma:105044,02204692-v,posse,[have ownership or possession of],usufruir
habeo,lilaLemma:105044,00594621-v,cognição,estar cientes ou conhecer um fato ou uma parte específica de informação,conhecer
habeo,lilaLemma:105044,00594621-v,cognição,estar cientes ou conhecer um fato ou uma parte específica de informação,entender
habeo,lilaLemma:105044,00594621-v,cognição,estar cientes ou conhecer um fato ou uma parte específica de informação,saber
habeo,lilaLemma:105044,02630189-v,estado,ter como uma característica,apresenta
habeo,lilaLemma:105044,02630189-v,estado,ter como uma característica,dispõe
habeo,lilaLemma:105044,02630189-v,estado,ter como uma característica,apresentar
habeo,lilaLemma:105044,02630189-v,estado,ter como uma característica,fazer
habeo,lilaLemma:105044,02630189-v,estado,ter como uma característica,ter
habeo,lilaLemma:105044,02604760-v,estado,"(cópula, usada com um adjetivo ou um substantivo predicativo)",estar
habeo,lilaLemma:105044,02604760-v,estado,"(cópula, usada com um adjetivo ou um substantivo predicativo)",ser
habeo,lilaLemma:105044,00522751-v,mudança,receber um tratamento específico,incorrer
habeo,lilaLemma:105044,00522751-v,mudança,receber um tratamento específico,obter
habeo,lilaLemma:105044,00522751-v,mudança,receber um tratamento específico,receber
habeo,lilaLemma:105044,02647311-v,estado,"[enter into and control, as of emotions or ideas]",possuir
habeo,lilaLemma:105044,00137313-v,mudança,ter um efeito sobre,afetar
habeo,lilaLemma:105044,00137313-v,mudança,ter um efeito sobre,impactar
habeo,lilaLemma:105044,00137313-v,mudança,ter um efeito sobre,comover
habeo,lilaLemma:105044,00137313-v,mudança,ter um efeito sobre,tocar
habeo,lilaLemma:105044,00689950-v,cognição,observar ou considerar,considerar
habeo,lilaLemma:105044,00689950-v,cognição,observar ou considerar,reputar
habeo,lilaLemma:105044,00689950-v,cognição,observar ou considerar,estimar
habeo,lilaLemma:105044,02445509-v,relação social,dirigir o curso de; gerenciar ou controlar,conduzir
habeo,lilaLemma:105044,02445509-v,relação social,dirigir o curso de; gerenciar ou controlar,lidar
habeo,lilaLemma:105044,02205272-v,posse,levar para a sua posse,levar
habeo,lilaLemma:105044,02205272-v,posse,levar para a sua posse,tomar
habeo,lilaLemma:105044,02636132-v,estado,[have as a necessary feature],implicar
habeo,lilaLemma:105044,02636132-v,estado,[have as a necessary feature],involver
habeo,lilaLemma:105044,02203362-v,posse,ter ou possuir num sentido concreto ou abstrato,ter
habeo,lilaLemma:105044,02203362-v,posse,ter ou possuir num sentido concreto ou abstrato,fazer
habeo,lilaLemma:105044,02203362-v,posse,ter ou possuir num sentido concreto ou abstrato,possuir
habeo,lilaLemma:105044,00065639-v,corpo,ser acometido de lesões e doenças,contrair
habeo,lilaLemma:105044,00065639-v,corpo,ser acometido de lesões e doenças,sofrer
habeo,lilaLemma:105044,00065639-v,corpo,ser acometido de lesões e doenças,ter
habeo,lilaLemma:105044,01192628-v,consumo,ser capaz de ceder ou entregar,dispor
habeo,lilaLemma:105044,01192628-v,consumo,ser capaz de ceder ou entregar,poder
habeo,lilaLemma:105044,02649830-v,estado,[inhabit or live in; be an inhabitant of],habitar
habeo,lilaLemma:105044,02649830-v,estado,[inhabit or live in; be an inhabitant of],morar
habeo,lilaLemma:105044,02649830-v,estado,[inhabit or live in; be an inhabitant of],povoar
habeo,lilaLemma:105044,02649830-v,estado,[inhabit or live in; be an inhabitant of],viver
habeo,lilaLemma:105044,02649830-v,estado,[inhabit or live in; be an inhabitant of],assistir
habeo,lilaLemma:105044,02649830-v,estado,[inhabit or live in; be an inhabitant of],compreender
habeo,lilaLemma:105044,02649830-v,estado,[inhabit or live in; be an inhabitant of],estanciar
habeo,lilaLemma:105044,02649830-v,estado,[inhabit or live in; be an inhabitant of],foguear
habeo,lilaLemma:105044,02649830-v,estado,[inhabit or live in; be an inhabitant of],ocupar
habeo,lilaLemma:105044,02649830-v,estado,[inhabit or live in; be an inhabitant of],poisar
habeo,lilaLemma:105044,02649830-v,estado,[inhabit or live in; be an inhabitant of],pousar
habeo,lilaLemma:105044,02649830-v,estado,[inhabit or live in; be an inhabitant of],residir
habeo,lilaLemma:105044,00047745-v,corpo,ter sobre a sua pessoa,portar
habeo,lilaLemma:105044,00047745-v,corpo,ter sobre a sua pessoa,usar
habeo,lilaLemma:105044,00047745-v,corpo,ter sobre a sua pessoa,levar
habeo,lilaLemma:105044,00047745-v,corpo,ter sobre a sua pessoa,vestir
habeo,lilaLemma:105044,02255462-v,posse,deixar ter,conceder
habeo,lilaLemma:105044,02255462-v,posse,deixar ter,dar
habeo,lilaLemma:105044,02255462-v,posse,deixar ter,outorgar
habeo,lilaLemma:105044,02255462-v,posse,deixar ter,permitir
hinc,lilaLemma:105454,00098959-r,advérbio,o grau ou extensão que,na medida em que
hinc,lilaLemma:105454,00098959-r,advérbio,o grau ou extensão que,na medida que
hinc,lilaLemma:105454,00098959-r,advérbio,o grau ou extensão que,tanto quanto
hinc,lilaLemma:105454,00098959-r,advérbio,o grau ou extensão que,na_medida
hinc,lilaLemma:105454,00108647-r,advérbio,a este lugar (especialmente em direção ao alto-falante),aqui
hinc,lilaLemma:105454,00108647-r,advérbio,a este lugar (especialmente em direção ao alto-falante),cá
homo,lilaLemma:105624,00007846-n,conceito,ser humano,alguém
homo,lilaLemma:105624,00007846-n,conceito,ser humano,alma
homo,lilaLemma:105624,00007846-n,conceito,ser humano,indivíduo
homo,lilaLemma:105624,00007846-n,conceito,ser humano,pessoa
homo,lilaLemma:105624,00007846-n,conceito,ser humano,ser humano
homo,lilaLemma:105624,00007846-n,conceito,ser humano,cidadão
homo,lilaLemma:105624,00007846-n,conceito,ser humano,corpo
homo,lilaLemma:105624,00007846-n,conceito,ser humano,humano
homo,lilaLemma:105624,00007846-n,conceito,ser humano,individualidade
homo,lilaLemma:105624,00007846-n,conceito,ser humano,indíviduo
homo,lilaLemma:105624,00007846-n,conceito,ser humano,mortal
homo,lilaLemma:105624,00007846-n,conceito,ser humano,sujeito
homo,lilaLemma:105624,10287213-n,pessoa,uma pessoa adulta que é masculina (ao contrário de uma mulher),homem
homo,lilaLemma:105624,10287213-n,pessoa,uma pessoa adulta que é masculina (ao contrário de uma mulher),varão
homo,lilaLemma:105624,10582746-n,pessoa,alguém que serve nas forças armadas; um membro de uma força militar,militar
homo,lilaLemma:105624,02472293-n,animal,"qualquer membro vivo ou extinto da família Hominidae caracteriza-se por uma inteligência superior, fala articulada e andar ereto",humano
homo,lilaLemma:105624,02472293-n,animal,"qualquer membro vivo ou extinto da família Hominidae caracteriza-se por uma inteligência superior, fala articulada e andar ereto",ser humano
homo,lilaLemma:105624,02472293-n,animal,"qualquer membro vivo ou extinto da família Hominidae caracteriza-se por uma inteligência superior, fala articulada e andar ereto",homem
homo,lilaLemma:105624,05217688-n,corpo,um corpo humano (geralmente incluindo o vestuário),pessoa
imperium,lilaLemma:106532,00803617-n,ação,a atividade de manejar ou exercer controle sobre algo,controle
imperium,lilaLemma:106532,00803617-n,ação,a atividade de manejar ou exercer controle sobre algo,controlo
imperium,lilaLemma:106532,05194043-n,atributo,influência controladora,domínio
imperium,lilaLemma:106532,05194043-n,atributo,influência controladora,influência
imperium,lilaLemma:106532,05663671-n,cognição,"(governo), o sistema ou a forma pela qual uma comunidade ou outra unidade política rege-se",governo
imperium,lilaLemma:106532,14514805-n,estado,um domínio em que algo é dominante,domínio
imperium,lilaLemma:106532,08557482-n,lugar,o domínio governado por um imperador ou imperatriz; a região sobre a qual o domínio imperial é exercido,império
imperium,lilaLemma:106532,05198427-n,atributo,(lei) o direito e o poder de interpretar e aplicar a lei,jurisdição
imperium,lilaLemma:106532,14443532-n,estado,autoridade real; o domínio de um monarca,soberania
imperium,lilaLemma:106532,14443532-n,estado,autoridade real; o domínio de um monarca,reino
imperium,lilaLemma:106532,08590369-n,lugar,em lei; o território em que o poder pode ser exercido,jurisdição
imperium,lilaLemma:106532,08558155-n,lugar,o domínio governado por um rei ou rainha,reino
imperium,lilaLemma:106532,10317007-n,pessoa,"qualquer pessoa nas forças armadas, que detém uma posição de autoridade ou de comando",oficial
imperium,lilaLemma:106532,14442933-n,estado,dominação ou poder por meio da autoridade legal,domínio
imperium,lilaLemma:106532,06786629-n,comunicação,uma mensagem que descreve como algo que deve ser feito,instrução
imperium,lilaLemma:106532,06786629-n,comunicação,uma mensagem que descreve como algo que deve ser feito,conselho
imperium,lilaLemma:106532,06786629-n,comunicação,uma mensagem que descreve como algo que deve ser feito,orientação
imperium,lilaLemma:106532,09824361-n,pessoa,um perito cujas opiniões são tomadas como definitivas,autoridade
imperium,lilaLemma:106532,09824361-n,pessoa,um perito cujas opiniões são tomadas como definitivas,chefia
imperium,lilaLemma:106532,08050678-n,grupo,a organização que é a autoridade governante de uma unidade política,autoridades
imperium,lilaLemma:106532,08050678-n,grupo,a organização que é a autoridade governante de uma unidade política,governo
imperium,lilaLemma:106532,08050678-n,grupo,a organização que é a autoridade governante de uma unidade política,regime
imperium,lilaLemma:106532,08050678-n,grupo,a organização que é a autoridade governante de uma unidade política,administração
imperium,lilaLemma:106532,08050678-n,grupo,a organização que é a autoridade governante de uma unidade política,arranjo
imperium,lilaLemma:106532,08050678-n,grupo,a organização que é a autoridade governante de uma unidade política,autoridade
imperium,lilaLemma:106532,08050678-n,grupo,a organização que é a autoridade governante de uma unidade política,chefia
imperium,lilaLemma:106532,08050678-n,grupo,a organização que é a autoridade governante de uma unidade política,dieta
imperium,lilaLemma:106532,08050678-n,grupo,a organização que é a autoridade governante de uma unidade política,direção
imperium,lilaLemma:106532,08050678-n,grupo,a organização que é a autoridade governante de uma unidade política,governação
imperium,lilaLemma:106532,08050678-n,grupo,a organização que é a autoridade governante de uma unidade política,mandato
imperium,lilaLemma:106532,08050678-n,grupo,a organização que é a autoridade governante de uma unidade política,meneio
imperium,lilaLemma:106532,08050678-n,grupo,a organização que é a autoridade governante de uma unidade política,orientação
imperium,lilaLemma:106532,08050678-n,grupo,a organização que é a autoridade governante de uma unidade política,poder
imperium,lilaLemma:106532,08050678-n,grupo,a organização que é a autoridade governante de uma unidade política,poleiro
imperium,lilaLemma:106532,08050678-n,grupo,a organização que é a autoridade governante de uma unidade política,regimento
imperium,lilaLemma:106532,08050678-n,grupo,a organização que é a autoridade governante de uma unidade política,sistema
imperium,lilaLemma:106532,07168623-n,comunicação,"(geralmente plural) um comando fornecido por um superior (por exemplo, um oficial militar ou um oficial de policia) que devem ser obedecidas",ordem
imperium,lilaLemma:106532,05196375-n,atributo,poder de dirigir ou determinar,controle
imperium,lilaLemma:106532,05196375-n,atributo,poder de dirigir ou determinar,controlo
imperium,lilaLemma:106532,08405723-n,grupo,uma monarquia com um imperador como chefe de Estado,império
imperium,lilaLemma:106532,07168131-n,comunicação,uma direção autoritária ou instrução para fazer algo,Comando
imperium,lilaLemma:106532,07168131-n,comunicação,uma direção autoritária ou instrução para fazer algo,ordem
imperium,lilaLemma:106532,07168131-n,comunicação,uma direção autoritária ou instrução para fazer algo,orden
imperium,lilaLemma:106532,09824609-n,pessoa,pessoas (geralmente no plural) que exercem controle (administrativo) sobre outros,autoridade
imperium,lilaLemma:106532,00594738-n,ação,o cargo de magistrado,magistratura
imperium,lilaLemma:106532,05196582-n,atributo,o poder ou direito de dar ordens ou tomar decisões,autoridade
imperium,lilaLemma:106532,05196582-n,atributo,o poder ou direito de dar ordens ou tomar decisões,autorização
imperium,lilaLemma:106532,05196582-n,atributo,o poder ou direito de dar ordens ou tomar decisões,poder
imperium,lilaLemma:106532,05196582-n,atributo,o poder ou direito de dar ordens ou tomar decisões,chefia
imperium,lilaLemma:106532,05196582-n,atributo,o poder ou direito de dar ordens ou tomar decisões,domínio
imperium,lilaLemma:106532,05196582-n,atributo,o poder ou direito de dar ordens ou tomar decisões,jurisdição
imperium,lilaLemma:106532,05196582-n,atributo,o poder ou direito de dar ordens ou tomar decisões,potência
imperium,lilaLemma:106532,05196582-n,atributo,o poder ou direito de dar ordens ou tomar decisões,senhorio
imperium,lilaLemma:106532,13945102-n,estado,ter um cargo significa estar no poder,cargo
imperium,lilaLemma:106532,13945102-n,estado,ter um cargo significa estar no poder,ofício
imperium,lilaLemma:106532,13945102-n,estado,ter um cargo significa estar no poder,poder
imperium,lilaLemma:106532,05197797-n,atributo,o poder ou a autoridade de comando,domínio
imperium,lilaLemma:106532,10162991-n,pessoa,uma pessoa que tem a seu cargo,cabeça
imperium,lilaLemma:106532,10162991-n,pessoa,uma pessoa que tem a seu cargo,chefe
imperium,lilaLemma:106532,10162991-n,pessoa,uma pessoa que tem a seu cargo,liderança
imperium,lilaLemma:106532,10162991-n,pessoa,uma pessoa que tem a seu cargo,líder
imperium,lilaLemma:106532,10162991-n,pessoa,uma pessoa que tem a seu cargo,responsável
imperium,lilaLemma:106532,15295416-n,tempo,a duração do poder de um monarca ou o governo de,reinado
inquam,lilaLemma:108033,00928959-v,comunicação,comunicar ou expressar de forma não verbal,dizer
inquam,lilaLemma:108033,00928959-v,comunicação,comunicar ou expressar de forma não verbal,expressar
inquam,lilaLemma:108033,00928959-v,comunicação,comunicar ou expressar de forma não verbal,falar
inquam,lilaLemma:108033,01009240-v,comunicação,expressar em palavras,contar
inquam,lilaLemma:108033,01009240-v,comunicação,expressar em palavras,dizer
inquam,lilaLemma:108033,01009240-v,comunicação,expressar em palavras,falar
inquam,lilaLemma:108033,01009240-v,comunicação,expressar em palavras,manifestar
iubeo,lilaLemma:109152,00747135-v,comunicação,emitir comandos ou ordens para,comandar
iubeo,lilaLemma:109152,00747135-v,comunicação,emitir comandos ou ordens para,ditar
iubeo,lilaLemma:109152,00747135-v,comunicação,emitir comandos ou ordens para,ordenar
iubeo,lilaLemma:109152,00747135-v,comunicação,emitir comandos ou ordens para,prescrever
iubeo,lilaLemma:109152,00747135-v,comunicação,emitir comandos ou ordens para,receitar
iubeo,lilaLemma:109152,00747135-v,comunicação,emitir comandos ou ordens para,impor
iubeo,lilaLemma:109152,00747135-v,comunicação,emitir comandos ou ordens para,mandar
iubeo,lilaLemma:109152,00715868-v,cognição,decidir com autoridade,decretar
iubeo,lilaLemma:109152,00715868-v,cognição,decidir com autoridade,governar
iubeo,lilaLemma:109152,00793580-v,comunicação,pedir a alguém de uma forma amigável para fazer algo,convidar
iubeo,lilaLemma:109152,00793580-v,comunicação,pedir a alguém de uma forma amigável para fazer algo,pedir
iubeo,lilaLemma:109152,00746718-v,comunicação,"dar instruções a ou diretamente a alguém para fazer algo, com autoridade",impetrar
iubeo,lilaLemma:109152,00746718-v,comunicação,"dar instruções a ou diretamente a alguém para fazer algo, com autoridade",intimar
iubeo,lilaLemma:109152,00746718-v,comunicação,"dar instruções a ou diretamente a alguém para fazer algo, com autoridade",mandar
iubeo,lilaLemma:109152,00746718-v,comunicação,"dar instruções a ou diretamente a alguém para fazer algo, com autoridade",ordenar
iubeo,lilaLemma:109152,00746718-v,comunicação,"dar instruções a ou diretamente a alguém para fazer algo, com autoridade",determinar
iubeo,lilaLemma:109152,00746718-v,comunicação,"dar instruções a ou diretamente a alguém para fazer algo, com autoridade",dizer
iubeo,lilaLemma:109152,00749205-v,comunicação,comando com autoridade,dirigir
iubeo,lilaLemma:109152,00749205-v,comunicação,comando com autoridade,ordenar
iubeo,lilaLemma:109152,00754942-v,comunicação,pedido com urgência e força,demandar
iubeo,lilaLemma:109152,00754942-v,comunicação,pedido com urgência e força,exigir
iubeo,lilaLemma:109152,00754942-v,comunicação,pedido com urgência e força,reclamar
iudex,lilaLemma:109161,09803429-n,pessoa,Alguém escolhido para julgar e decidir um tema polêmico,juiz
iudex,lilaLemma:109161,09803429-n,pessoa,Alguém escolhido para julgar e decidir um tema polêmico,árbitro
iudex,lilaLemma:109161,10225219-n,pessoa,um funcionário público autorizado a decidir questões apresentadas perante um tribunal de justiça,juiz
iudex,lilaLemma:109161,10225219-n,pessoa,um funcionário público autorizado a decidir questões apresentadas perante um tribunal de justiça,jurista
iudex,lilaLemma:109161,10225219-n,pessoa,um funcionário público autorizado a decidir questões apresentadas perante um tribunal de justiça,magistrado
iudex,lilaLemma:109161,10225219-n,pessoa,um funcionário público autorizado a decidir questões apresentadas perante um tribunal de justiça,official de justiça
iudex,lilaLemma:109161,10225219-n,pessoa,um funcionário público autorizado a decidir questões apresentadas perante um tribunal de justiça,justiça
iudex,lilaLemma:109161,10066732-n,pessoa,uma autoridade que é capaz de estimar o valor ou qualidade,avaliador
iudex,lilaLemma:109161,10066732-n,pessoa,uma autoridade que é capaz de estimar o valor ou qualidade,julgador
iudex,lilaLemma:109161,10066732-n,pessoa,uma autoridade que é capaz de estimar o valor ou qualidade,juíza
iudex,lilaLemma:109161,10066732-n,pessoa,uma autoridade que é capaz de estimar o valor ou qualidade,julgadora
iudicium,lilaLemma:109170,01182654-n,ação,um termo abrangente para qualquer processo em um tribunal de direito segundo o qual um indivíduo procura uma solução jurídica,causa
iudicium,lilaLemma:109170,01182654-n,ação,um termo abrangente para qualquer processo em um tribunal de direito segundo o qual um indivíduo procura uma solução jurídica,pleito
iudicium,lilaLemma:109170,01182654-n,ação,um termo abrangente para qualquer processo em um tribunal de direito segundo o qual um indivíduo procura uma solução jurídica,processo
iudicium,lilaLemma:109170,01182654-n,ação,um termo abrangente para qualquer processo em um tribunal de direito segundo o qual um indivíduo procura uma solução jurídica,processo judicial
iudicium,lilaLemma:109170,06727616-n,comunicação,uma declaração de autoridade,pronunciamento
iudicium,lilaLemma:109170,06727616-n,comunicação,uma declaração de autoridade,acórdão
iudicium,lilaLemma:109170,06727616-n,comunicação,uma declaração de autoridade,declaração
iudicium,lilaLemma:109170,05749619-n,cognição,discriminação delicada (especialmente de valores estéticos),sabor
iudicium,lilaLemma:109170,05749619-n,cognição,discriminação delicada (especialmente de valores estéticos),apreciação
iudicium,lilaLemma:109170,05749619-n,cognição,discriminação delicada (especialmente de valores estéticos),apreço
iudicium,lilaLemma:109170,05749619-n,cognição,discriminação delicada (especialmente de valores estéticos),gosto
iudicium,lilaLemma:109170,00874067-n,ação,"o ato de julgar ou avaliar uma pessoa, situação ou acontecimento",critica
iudicium,lilaLemma:109170,00874067-n,ação,"o ato de julgar ou avaliar uma pessoa, situação ou acontecimento",julgamento
iudicium,lilaLemma:109170,00874067-n,ação,"o ato de julgar ou avaliar uma pessoa, situação ou acontecimento",juízo
iudicium,lilaLemma:109170,00874067-n,ação,"o ato de julgar ou avaliar uma pessoa, situação ou acontecimento",avaliação
iudicium,lilaLemma:109170,00874067-n,ação,"o ato de julgar ou avaliar uma pessoa, situação ou acontecimento",valoração
iudicium,lilaLemma:109170,01192150-n,ação,(Direito) os resultados de um júri sobre questões de fato enviadas a ele para decisão; pode ser usado na formulação de um julgamento,veredicto
iudicium,lilaLemma:109170,01192150-n,ação,(Direito) os resultados de um júri sobre questões de fato enviadas a ele para decisão; pode ser usado na formulação de um julgamento,veredito
iudicium,lilaLemma:109170,06206800-n,cognição,uma atitude de admiração ou de estima,deferência
iudicium,lilaLemma:109170,06206800-n,cognição,uma atitude de admiração ou de estima,respeito
iudicium,lilaLemma:109170,06206800-n,cognição,uma atitude de admiração ou de estima,consideração
iudicium,lilaLemma:109170,06206800-n,cognição,uma atitude de admiração ou de estima,estima
iudicium,lilaLemma:109170,05614175-n,cognição,a capacidade mental de compreender e distinguir as relações,critério
iudicium,lilaLemma:109170,05614175-n,cognição,a capacidade mental de compreender e distinguir as relações,discernimento
iudicium,lilaLemma:109170,05614175-n,cognição,a capacidade mental de compreender e distinguir as relações,julgamento
iudicium,lilaLemma:109170,05614175-n,cognição,a capacidade mental de compreender e distinguir as relações,juízo
iudicium,lilaLemma:109170,03120778-n,artefato,uma sala em que uma corte de justiça se reune,corte
iudicium,lilaLemma:109170,03120778-n,artefato,uma sala em que uma corte de justiça se reune,tribunal
iudicium,lilaLemma:109170,05941423-n,cognição,qualquer conteúdo cognitivo tido como verdadeiro,convicção
iudicium,lilaLemma:109170,05941423-n,cognição,qualquer conteúdo cognitivo tido como verdadeiro,crença
iudicium,lilaLemma:109170,05941423-n,cognição,qualquer conteúdo cognitivo tido como verdadeiro,fé
iudicium,lilaLemma:109170,05941423-n,cognição,qualquer conteúdo cognitivo tido como verdadeiro,opinião
iudicium,lilaLemma:109170,05941423-n,cognição,qualquer conteúdo cognitivo tido como verdadeiro,convencimento
iudicium,lilaLemma:109170,05941423-n,cognição,qualquer conteúdo cognitivo tido como verdadeiro,persuasão
iudicium,lilaLemma:109170,01189282-n,ação,(direito penal) um julgamento final de culpa em um caso criminal e a punição que é imposta,condenação
iudicium,lilaLemma:109170,06284777-n,comunicação,expressão verbal estendida no discurso ou escrita,discurso
iudicium,lilaLemma:109170,05198427-n,atributo,(lei) o direito e o poder de interpretar e aplicar a lei,jurisdição
iudicium,lilaLemma:109170,06511874-n,comunicação,uma expressão formal de uma reunião; acordado por um voto,resolução
iudicium,lilaLemma:109170,06511874-n,comunicação,uma expressão formal de uma reunião; acordado por um voto,declaração
iudicium,lilaLemma:109170,01187810-n,ação,(lei) a determinação por um tribunal com uma jurisdição competente em assuntos que lhe são submetidos,julgamento
iudicium,lilaLemma:109170,01187810-n,ação,(lei) a determinação por um tribunal com uma jurisdição competente em assuntos que lhe são submetidos,sentença
iudicium,lilaLemma:109170,01187810-n,ação,(lei) a determinação por um tribunal com uma jurisdição competente em assuntos que lhe são submetidos,acórdão
iudicium,lilaLemma:109170,01187810-n,ação,(lei) a determinação por um tribunal com uma jurisdição competente em assuntos que lhe são submetidos,juízo
iudicium,lilaLemma:109170,01195867-n,ação,"(Lei) a determinação da culpa ou inocência de uma pessoa, atraves do processo legal apropriado",julgamento
iudicium,lilaLemma:109170,01195867-n,ação,"(Lei) a determinação da culpa ou inocência de uma pessoa, atraves do processo legal apropriado",juízo
iudicium,lilaLemma:109170,01195867-n,ação,"(Lei) a determinação da culpa ou inocência de uma pessoa, atraves do processo legal apropriado",processo
iudicium,lilaLemma:109170,05916739-n,cognição,uma vaga idéia de que alguma confiança é colocado,crença
iudicium,lilaLemma:109170,05916739-n,cognição,uma vaga idéia de que alguma confiança é colocado,ideia
iudicium,lilaLemma:109170,05916739-n,cognição,uma vaga idéia de que alguma confiança é colocado,idéia
iudicium,lilaLemma:109170,05916739-n,cognição,uma vaga idéia de que alguma confiança é colocado,impressão
iudicium,lilaLemma:109170,05916739-n,cognição,uma vaga idéia de que alguma confiança é colocado,opinião
iudicium,lilaLemma:109170,05916739-n,cognição,uma vaga idéia de que alguma confiança é colocado,sentimento
iudicium,lilaLemma:109170,08329453-n,grupo,"um conjunto de um ou mais juízes, que conduzem situacoes judiciais",corte
iudicium,lilaLemma:109170,08329453-n,grupo,"um conjunto de um ou mais juízes, que conduzem situacoes judiciais",juizado
iudicium,lilaLemma:109170,08329453-n,grupo,"um conjunto de um ou mais juízes, que conduzem situacoes judiciais",tribunal
iudicium,lilaLemma:109170,08329453-n,grupo,"um conjunto de um ou mais juízes, que conduzem situacoes judiciais",tribunal de justiça
iudicium,lilaLemma:109170,05838176-n,cognição,Uma posição ou opinião ou decisão chegada após consideração,decisão
iudicium,lilaLemma:109170,05838176-n,cognição,Uma posição ou opinião ou decisão chegada após consideração,determinação
iudicium,lilaLemma:109170,05838176-n,cognição,Uma posição ou opinião ou decisão chegada após consideração,resolução
iudicium,lilaLemma:109170,00633864-n,ação,verificaçaõ minuciosa e sitemática de algo,investigação
iudicium,lilaLemma:109170,00633864-n,ação,verificaçaõ minuciosa e sitemática de algo,inquérito
iudicium,lilaLemma:109170,00633864-n,ação,verificaçaõ minuciosa e sitemática de algo,pesquisa
ita,lilaLemma:109126,00117620-r,advérbio,"posteriormente, ou logo depois (muitas vezes utilizados como conectores de frases)",depois
ita,lilaLemma:109126,00117620-r,advérbio,"posteriormente, ou logo depois (muitas vezes utilizados como conectores de frases)",em seguida
ita,lilaLemma:109126,00117620-r,advérbio,"posteriormente, ou logo depois (muitas vezes utilizados como conectores de frases)",mais tarde
ita,lilaLemma:109126,00117620-r,advérbio,"posteriormente, ou logo depois (muitas vezes utilizados como conectores de frases)",ali
ita,lilaLemma:109126,00117620-r,advérbio,"posteriormente, ou logo depois (muitas vezes utilizados como conectores de frases)",aí
ita,lilaLemma:109126,00117620-r,advérbio,"posteriormente, ou logo depois (muitas vezes utilizados como conectores de frases)",de_então
ita,lilaLemma:109126,00117620-r,advérbio,"posteriormente, ou logo depois (muitas vezes utilizados como conectores de frases)",então
ita,lilaLemma:109126,00117620-r,advérbio,"posteriormente, ou logo depois (muitas vezes utilizados como conectores de frases)",nessa_altura
ita,lilaLemma:109126,00117620-r,advérbio,"posteriormente, ou logo depois (muitas vezes utilizados como conectores de frases)",nesse_caso
ita,lilaLemma:109126,00117620-r,advérbio,"posteriormente, ou logo depois (muitas vezes utilizados como conectores de frases)",nesse_momento
ita,lilaLemma:109126,00098959-r,advérbio,o grau ou extensão que,na medida em que
ita,lilaLemma:109126,00098959-r,advérbio,o grau ou extensão que,na medida que
ita,lilaLemma:109126,00098959-r,advérbio,o grau ou extensão que,tanto quanto
ita,lilaLemma:109126,00098959-r,advérbio,o grau ou extensão que,na_medida
ita,lilaLemma:109126,00043003-r,advérbio,(usado para introduzir uma conclusão lógica) do que o fato ou motivo ou como um resultado,assim
ita,lilaLemma:109126,00043003-r,advérbio,(usado para introduzir uma conclusão lógica) do que o fato ou motivo ou como um resultado,por isto
ita,lilaLemma:109126,00043003-r,advérbio,(usado para introduzir uma conclusão lógica) do que o fato ou motivo ou como um resultado,portanto
ita,lilaLemma:109126,00043003-r,advérbio,(usado para introduzir uma conclusão lógica) do que o fato ou motivo ou como um resultado,assim sendo
ita,lilaLemma:109126,00043003-r,advérbio,(usado para introduzir uma conclusão lógica) do que o fato ou motivo ou como um resultado,consequentemente
ita,lilaLemma:109126,00043003-r,advérbio,(usado para introduzir uma conclusão lógica) do que o fato ou motivo ou como um resultado,daqui
ita,lilaLemma:109126,00043003-r,advérbio,(usado para introduzir uma conclusão lógica) do que o fato ou motivo ou como um resultado,de tal modo
ita,lilaLemma:109126,00043003-r,advérbio,(usado para introduzir uma conclusão lógica) do que o fato ou motivo ou como um resultado,dessa forma
ita,lilaLemma:109126,00043003-r,advérbio,(usado para introduzir uma conclusão lógica) do que o fato ou motivo ou como um resultado,desse jeito
ita,lilaLemma:109126,00043003-r,advérbio,(usado para introduzir uma conclusão lógica) do que o fato ou motivo ou como um resultado,em vista disso
ita,lilaLemma:109126,00043003-r,advérbio,(usado para introduzir uma conclusão lógica) do que o fato ou motivo ou como um resultado,por este motivo
ita,lilaLemma:109126,00146594-r,advérbio,"em uma medida muito grande, ou grau",tão
ita,lilaLemma:109126,00121135-r,advérbio,da maneira indicada,assim
ita,lilaLemma:109126,00121135-r,advérbio,da maneira indicada,deste_modo
ita,lilaLemma:109126,00037641-r,advérbio,na verdade (muitas vezes tende a intensificar),de_facto
itaque,lilaLemma:109129,00103664-r,advérbio,continuando da mesma maneira,etc
itaque,lilaLemma:109129,00103664-r,advérbio,continuando da mesma maneira,etc.
itaque,lilaLemma:109129,00103664-r,advérbio,continuando da mesma maneira,etcetera
itaque,lilaLemma:109129,00103664-r,advérbio,continuando da mesma maneira,etcétera
itaque,lilaLemma:109129,00103664-r,advérbio,continuando da mesma maneira,e_por_aí_fora
itaque,lilaLemma:109129,00294459-r,advérbio,como consequência,conseqüentemente
itaque,lilaLemma:109129,00294459-r,advérbio,como consequência,consequentemente
itaque,lilaLemma:109129,00043003-r,advérbio,(usado para introduzir uma conclusão lógica) do que o fato ou motivo ou como um resultado,assim
itaque,lilaLemma:109129,00043003-r,advérbio,(usado para introduzir uma conclusão lógica) do que o fato ou motivo ou como um resultado,por isto
itaque,lilaLemma:109129,00043003-r,advérbio,(usado para introduzir uma conclusão lógica) do que o fato ou motivo ou como um resultado,portanto
itaque,lilaLemma:109129,00043003-r,advérbio,(usado para introduzir uma conclusão lógica) do que o fato ou motivo ou como um resultado,assim sendo
itaque,lilaLemma:109129,00043003-r,advérbio,(usado para introduzir uma conclusão lógica) do que o fato ou motivo ou como um resultado,consequentemente
itaque,lilaLemma:109129,00043003-r,advérbio,(usado para introduzir uma conclusão lógica) do que o fato ou motivo ou como um resultado,daqui
itaque,lilaLemma:109129,00043003-r,advérbio,(usado para introduzir uma conclusão lógica) do que o fato ou motivo ou como um resultado,de tal modo
itaque,lilaLemma:109129,00043003-r,advérbio,(usado para introduzir uma conclusão lógica) do que o fato ou motivo ou como um resultado,dessa forma
itaque,lilaLemma:109129,00043003-r,advérbio,(usado para introduzir uma conclusão lógica) do que o fato ou motivo ou como um resultado,desse jeito
itaque,lilaLemma:109129,00043003-r,advérbio,(usado para introduzir uma conclusão lógica) do que o fato ou motivo ou como um resultado,em vista disso
itaque,lilaLemma:109129,00043003-r,advérbio,(usado para introduzir uma conclusão lógica) do que o fato ou motivo ou como um resultado,por este motivo
itaque,lilaLemma:109129,00117620-r,advérbio,"posteriormente, ou logo depois (muitas vezes utilizados como conectores de frases)",depois
itaque,lilaLemma:109129,00117620-r,advérbio,"posteriormente, ou logo depois (muitas vezes utilizados como conectores de frases)",em seguida
itaque,lilaLemma:109129,00117620-r,advérbio,"posteriormente, ou logo depois (muitas vezes utilizados como conectores de frases)",mais tarde
itaque,lilaLemma:109129,00117620-r,advérbio,"posteriormente, ou logo depois (muitas vezes utilizados como conectores de frases)",ali
itaque,lilaLemma:109129,00117620-r,advérbio,"posteriormente, ou logo depois (muitas vezes utilizados como conectores de frases)",aí
itaque,lilaLemma:109129,00117620-r,advérbio,"posteriormente, ou logo depois (muitas vezes utilizados como conectores de frases)",de_então
itaque,lilaLemma:109129,00117620-r,advérbio,"posteriormente, ou logo depois (muitas vezes utilizados como conectores de frases)",então
itaque,lilaLemma:109129,00117620-r,advérbio,"posteriormente, ou logo depois (muitas vezes utilizados como conectores de frases)",nessa_altura
itaque,lilaLemma:109129,00117620-r,advérbio,"posteriormente, ou logo depois (muitas vezes utilizados como conectores de frases)",nesse_caso
itaque,lilaLemma:109129,00117620-r,advérbio,"posteriormente, ou logo depois (muitas vezes utilizados como conectores de frases)",nesse_momento
itaque,lilaLemma:109129,00062857-r,advérbio,(conectores de frase) por causa da razão dada,conformemente
itaque,lilaLemma:109129,00062857-r,advérbio,(conectores de frase) por causa da razão dada,consequentemente
itaque,lilaLemma:109129,00062857-r,advérbio,(conectores de frase) por causa da razão dada,correspondentemente
legio,lilaLemma:110166,08183290-n,grupo,um grande número de pessoas unidas por algum propósito específico,exército
legio,lilaLemma:110166,08183290-n,grupo,um grande número de pessoas unidas por algum propósito específico,multidão
legio,lilaLemma:110166,08191230-n,grupo,uma organização permanente das forças militares terrestres de uma nação ou estado,Exército
legio,lilaLemma:110166,08191230-n,grupo,uma organização permanente das forças militares terrestres de uma nação ou estado,exército
legio,lilaLemma:110166,08191230-n,grupo,uma organização permanente das forças militares terrestres de uma nação ou estado,forças armadas
legio,lilaLemma:110166,08397255-n,grupo,soldados coletivamente,exército
legio,lilaLemma:110166,08397255-n,grupo,soldados coletivamente,forças armadas
legio,lilaLemma:110166,08397255-n,grupo,soldados coletivamente,milícia
legio,lilaLemma:110166,08397255-n,grupo,soldados coletivamente,tropas
legio,lilaLemma:110166,08397255-n,grupo,soldados coletivamente,tropa
legio,lilaLemma:110166,08182962-n,grupo,uma vasta multidão,horda
legio,lilaLemma:110166,08183802-n,grupo,termos arcaicos para o exército,exército
legio,lilaLemma:110166,08183802-n,grupo,termos arcaicos para o exército,hoste
legio,lilaLemma:110166,08183802-n,grupo,termos arcaicos para o exército,legião
lex,lilaLemma:110351,06770875-n,comunicação,(geralmente plural) uma declaração do que é necessário como parte de um acordo,condição
lex,lilaLemma:110351,06770875-n,comunicação,(geralmente plural) uma declaração do que é necessário como parte de um acordo,termo
lex,lilaLemma:110351,06770875-n,comunicação,(geralmente plural) uma declaração do que é necessário como parte de um acordo,término
lex,lilaLemma:110351,14442933-n,estado,dominação ou poder por meio da autoridade legal,domínio
lex,lilaLemma:110351,06770275-n,comunicação,a declaração (oral ou escrita) de troca de promessas,acordo
lex,lilaLemma:110351,06770275-n,comunicação,a declaração (oral ou escrita) de troca de promessas,pacto
lex,lilaLemma:110351,06770275-n,comunicação,a declaração (oral ou escrita) de troca de promessas,compromisso
lex,lilaLemma:110351,05913538-n,cognição,uma generalização de base que é aceite como verdadeira e que pode ser usado como uma base para o raciocínio ou conduta,princípio
lex,lilaLemma:110351,05913538-n,cognição,uma generalização de base que é aceite como verdadeira e que pode ser usado como uma base para o raciocínio ou conduta,regra
lex,lilaLemma:110351,05846054-n,cognição,um princípio ou condição que habitualmente governa o comportamento,lei
lex,lilaLemma:110351,05846054-n,cognição,um princípio ou condição que habitualmente governa o comportamento,norma
lex,lilaLemma:110351,05846054-n,cognição,um princípio ou condição que habitualmente governa o comportamento,regra
lex,lilaLemma:110351,05846054-n,cognição,um princípio ou condição que habitualmente governa o comportamento,regulamento
lex,lilaLemma:110351,05846054-n,cognição,um princípio ou condição que habitualmente governa o comportamento,regulamentação
lex,lilaLemma:110351,05846054-n,cognição,um princípio ou condição que habitualmente governa o comportamento,regulação
lex,lilaLemma:110351,06772260-n,comunicação,um acordo escrito celebrado entre duas ou mais partes para executar alguma ação,concordata
lex,lilaLemma:110351,06772260-n,comunicação,um acordo escrito celebrado entre duas ou mais partes para executar alguma ação,pacto
lex,lilaLemma:110351,06772260-n,comunicação,um acordo escrito celebrado entre duas ou mais partes para executar alguma ação,tratado
lex,lilaLemma:110351,06772260-n,comunicação,um acordo escrito celebrado entre duas ou mais partes para executar alguma ação,acordo
lex,lilaLemma:110351,06772260-n,comunicação,um acordo escrito celebrado entre duas ou mais partes para executar alguma ação,contrato
lex,lilaLemma:110351,06772260-n,comunicação,um acordo escrito celebrado entre duas ou mais partes para executar alguma ação,convenção
lex,lilaLemma:110351,06772260-n,comunicação,um acordo escrito celebrado entre duas ou mais partes para executar alguma ação,convênio
lex,lilaLemma:110351,06772260-n,comunicação,um acordo escrito celebrado entre duas ou mais partes para executar alguma ação,trato
lex,lilaLemma:110351,06652242-n,comunicação,guia prescrito por conduta ou ação,norma
lex,lilaLemma:110351,06652242-n,comunicação,guia prescrito por conduta ou ação,normas jurídicas
lex,lilaLemma:110351,06652242-n,comunicação,guia prescrito por conduta ou ação,prescrição
lex,lilaLemma:110351,06652242-n,comunicação,guia prescrito por conduta ou ação,regra
lex,lilaLemma:110351,06652242-n,comunicação,guia prescrito por conduta ou ação,regulamento
lex,lilaLemma:110351,05667613-n,cognição,algo considerado como um exemplo de normativo,pauta
lex,lilaLemma:110351,05667613-n,cognição,algo considerado como um exemplo de normativo,convenção
lex,lilaLemma:110351,05667613-n,cognição,algo considerado como um exemplo de normativo,fórmula
lex,lilaLemma:110351,05667613-n,cognição,algo considerado como um exemplo de normativo,modelo
lex,lilaLemma:110351,05667613-n,cognição,algo considerado como um exemplo de normativo,norma
lex,lilaLemma:110351,05667613-n,cognição,algo considerado como um exemplo de normativo,regra
lex,lilaLemma:110351,05870916-n,cognição,uma regra ou conjunto de regras de conduta inerentes à natureza humana e essenciais ou que vinculem a sociedade humana,Direito Natural
lex,lilaLemma:110351,05870916-n,cognição,uma regra ou conjunto de regras de conduta inerentes à natureza humana e essenciais ou que vinculem a sociedade humana,direito natural
lex,lilaLemma:110351,05870916-n,cognição,uma regra ou conjunto de regras de conduta inerentes à natureza humana e essenciais ou que vinculem a sociedade humana,legislação sobre a natureza
lex,lilaLemma:110351,05870916-n,cognição,uma regra ou conjunto de regras de conduta inerentes à natureza humana e essenciais ou que vinculem a sociedade humana,lei
lex,lilaLemma:110351,05822746-n,cognição,informação que deve ser mantido em mente quando tomar uma decisão,circunstância
lex,lilaLemma:110351,05822746-n,cognição,informação que deve ser mantido em mente quando tomar uma decisão,consideração
lex,lilaLemma:110351,05822746-n,cognição,informação que deve ser mantido em mente quando tomar uma decisão,condição
lex,lilaLemma:110351,06655388-n,comunicação,regra de conduta pessoal,preceito
lex,lilaLemma:110351,06655388-n,comunicação,regra de conduta pessoal,princípio
lex,lilaLemma:110351,13920835-n,estado,um estado em um determinado momento,Estado
lex,lilaLemma:110351,13920835-n,estado,um estado em um determinado momento,condição
lex,lilaLemma:110351,13920835-n,estado,um estado em um determinado momento,estado
lex,lilaLemma:110351,13920835-n,estado,um estado em um determinado momento,situação
lex,lilaLemma:110351,13920835-n,estado,um estado em um determinado momento,estatuto
lex,lilaLemma:110351,06536853-n,comunicação,um estatuto de projecto antes de se tornar lei,projecto de lei
lex,lilaLemma:110351,06532330-n,comunicação,"documento legal, estabelecendo regras que regem um determinado tipo de atividade",actos legislativos
lex,lilaLemma:110351,06532330-n,comunicação,"documento legal, estabelecendo regras que regem um determinado tipo de atividade",lei
lex,lilaLemma:110351,06532330-n,comunicação,"documento legal, estabelecendo regras que regem um determinado tipo de atividade",leis
lex,lilaLemma:110351,04928903-n,atributo,como algo é feito ou como isso acontece,estilo
lex,lilaLemma:110351,04928903-n,atributo,como algo é feito ou como isso acontece,maneira
lex,lilaLemma:110351,04928903-n,atributo,como algo é feito ou como isso acontece,forma
lex,lilaLemma:110351,04928903-n,atributo,como algo é feito ou como isso acontece,modo
lex,lilaLemma:110351,06664051-n,comunicação,uma regra autoritária,ordenamento
lex,lilaLemma:110351,01149303-n,ação,uma restrição que se insiste como condição para um acordo,especificação
lex,lilaLemma:110351,01149303-n,ação,uma restrição que se insiste como condição para um acordo,estipulação
lex,lilaLemma:110351,01149303-n,ação,uma restrição que se insiste como condição para um acordo,determinação
lex,lilaLemma:110351,06533648-n,comunicação,lei que determina os princípios políticos fundamentais de um governo,constituição
lex,lilaLemma:110351,06185955-n,cognição,uma doutrina que é ensinada,preceito
lex,lilaLemma:110351,06185955-n,cognição,uma doutrina que é ensinada,mandamento
lex,lilaLemma:110351,08441203-n,grupo,o conjunto de regras impostas pela autoridade,ciências jurídicas
lex,lilaLemma:110351,08441203-n,grupo,o conjunto de regras impostas pela autoridade,jurisprudência
lex,lilaLemma:110351,08441203-n,grupo,o conjunto de regras impostas pela autoridade,lei
lex,lilaLemma:110351,06520944-n,comunicação,um acordo vinculativo entre duas ou mais pessoas que é obrigatório por lei,acordo
lex,lilaLemma:110351,06520944-n,comunicação,um acordo vinculativo entre duas ou mais pessoas que é obrigatório por lei,contrato
lex,lilaLemma:110351,05874232-n,cognição,uma regra ou lei relativo a um fenômeno natural ou a função de um sistema complexo,princípio
lex,lilaLemma:110351,05874232-n,cognição,uma regra ou lei relativo a um fenômeno natural ou a função de um sistema complexo,regra
locus,lilaLemma:110019,14483917-n,estado,"uma possibilidade de, devido a uma combinação favorável de circunstâncias",chance
locus,lilaLemma:110019,14483917-n,estado,"uma possibilidade de, devido a uma combinação favorável de circunstâncias",oportunidade
locus,lilaLemma:110019,14483917-n,estado,"uma possibilidade de, devido a uma combinação favorável de circunstâncias",aberta
locus,lilaLemma:110019,14483917-n,estado,"uma possibilidade de, devido a uma combinação favorável de circunstâncias",ensejo
locus,lilaLemma:110019,14483917-n,estado,"uma possibilidade de, devido a uma combinação favorável de circunstâncias",fuga
locus,lilaLemma:110019,14483917-n,estado,"uma possibilidade de, devido a uma combinação favorável de circunstâncias",ocasião
locus,lilaLemma:110019,14483917-n,estado,"uma possibilidade de, devido a uma combinação favorável de circunstâncias",sazão
locus,lilaLemma:110019,05999134-n,cognição,uma área de conhecimento ou interesse,área
locus,lilaLemma:110019,08620061-n,lugar,a localização precisa de alguma coisa; uma localização espacialmente limitada,lugar
locus,lilaLemma:110019,08620061-n,lugar,a localização precisa de alguma coisa; uma localização espacialmente limitada,ponto
locus,lilaLemma:110019,05814291-n,cognição,alguma situação ou evento que é pensado,assunto
locus,lilaLemma:110019,05814291-n,cognição,alguma situação ou evento que é pensado,matéria
locus,lilaLemma:110019,05814291-n,cognição,alguma situação ou evento que é pensado,tema
locus,lilaLemma:110019,05814291-n,cognição,alguma situação ou evento que é pensado,tópico
locus,lilaLemma:110019,05814291-n,cognição,alguma situação ou evento que é pensado,carne
locus,lilaLemma:110019,05814291-n,cognição,alguma situação ou evento que é pensado,corpo
locus,lilaLemma:110019,05814291-n,cognição,alguma situação ou evento que é pensado,justa
locus,lilaLemma:110019,05814291-n,cognição,alguma situação ou evento que é pensado,pendência
locus,lilaLemma:110019,05814291-n,cognição,alguma situação ou evento que é pensado,pretexto
locus,lilaLemma:110019,05814291-n,cognição,alguma situação ou evento que é pensado,questão
locus,lilaLemma:110019,05814291-n,cognição,alguma situação ou evento que é pensado,qüestão
locus,lilaLemma:110019,00721431-n,ação,o cargo ou função propriamente ou habitualmente ocupada ou atendida por outro,lugar
locus,lilaLemma:110019,00721431-n,ação,o cargo ou função propriamente ou habitualmente ocupada ou atendida por outro,posição
locus,lilaLemma:110019,00721431-n,ação,o cargo ou função propriamente ou habitualmente ocupada ou atendida por outro,posto
locus,lilaLemma:110019,03259505-n,artefato,habitação que alguém está vivendo em,aposento
locus,lilaLemma:110019,03259505-n,artefato,habitação que alguém está vivendo em,casa
locus,lilaLemma:110019,03259505-n,artefato,habitação que alguém está vivendo em,domicílio
locus,lilaLemma:110019,03259505-n,artefato,habitação que alguém está vivendo em,habitação
locus,lilaLemma:110019,03259505-n,artefato,habitação que alguém está vivendo em,lar
locus,lilaLemma:110019,03259505-n,artefato,habitação que alguém está vivendo em,morada
locus,lilaLemma:110019,03259505-n,artefato,habitação que alguém está vivendo em,moradia
locus,lilaLemma:110019,03259505-n,artefato,habitação que alguém está vivendo em,residência
locus,lilaLemma:110019,03259505-n,artefato,habitação que alguém está vivendo em,alojamento
locus,lilaLemma:110019,03259505-n,artefato,habitação que alguém está vivendo em,andar
locus,lilaLemma:110019,03259505-n,artefato,habitação que alguém está vivendo em,aposentadoria
locus,lilaLemma:110019,03259505-n,artefato,habitação que alguém está vivendo em,chalé
locus,lilaLemma:110019,03259505-n,artefato,habitação que alguém está vivendo em,estância
locus,lilaLemma:110019,03259505-n,artefato,habitação que alguém está vivendo em,poisada
locus,lilaLemma:110019,03259505-n,artefato,habitação que alguém está vivendo em,pousada
locus,lilaLemma:110019,03259505-n,artefato,habitação que alguém está vivendo em,vila
locus,lilaLemma:110019,03259505-n,artefato,habitação que alguém está vivendo em,vivenda
locus,lilaLemma:110019,08431942-n,grupo,uma linha ou fila de pessoas (especialmente os soldados ou policiais) que está a par um do outro,bicha
locus,lilaLemma:110019,08431942-n,grupo,uma linha ou fila de pessoas (especialmente os soldados ou policiais) que está a par um do outro,fila
locus,lilaLemma:110019,05189946-n,atributo,o direito de sentar-se como um membro em um corpo legislativo ou similar,cadeira
locus,lilaLemma:110019,13920429-n,estado,um modo de ser ou forma de existência de uma pessoa ou coisa,estado
locus,lilaLemma:110019,13920429-n,estado,um modo de ser ou forma de existência de uma pessoa ou coisa,condição
locus,lilaLemma:110019,08622586-n,lugar,um ponto ocupado por tropas por razões táticas,posição
locus,lilaLemma:110019,08622586-n,lugar,um ponto ocupado por tropas por razões táticas,posição militar
locus,lilaLemma:110019,00722479-n,ação,(em esportes de equipe) a função atribuída a um jogador individual,posição
locus,lilaLemma:110019,14473222-n,estado,suas circunstâncias ou situação na vida em geral (incluindo tudo o que acontece com você),circunstâncias
locus,lilaLemma:110019,14473222-n,estado,suas circunstâncias ou situação na vida em geral (incluindo tudo o que acontece com você),destino
locus,lilaLemma:110019,14473222-n,estado,suas circunstâncias ou situação na vida em geral (incluindo tudo o que acontece com você),sina
locus,lilaLemma:110019,14473222-n,estado,suas circunstâncias ou situação na vida em geral (incluindo tudo o que acontece com você),sorte
locus,lilaLemma:110019,14473222-n,estado,suas circunstâncias ou situação na vida em geral (incluindo tudo o que acontece com você),acaso
locus,lilaLemma:110019,14473222-n,estado,suas circunstâncias ou situação na vida em geral (incluindo tudo o que acontece com você),adversidade
locus,lilaLemma:110019,14473222-n,estado,suas circunstâncias ou situação na vida em geral (incluindo tudo o que acontece com você),azar
locus,lilaLemma:110019,14473222-n,estado,suas circunstâncias ou situação na vida em geral (incluindo tudo o que acontece com você),bambúrrio
locus,lilaLemma:110019,14473222-n,estado,suas circunstâncias ou situação na vida em geral (incluindo tudo o que acontece com você),classe
locus,lilaLemma:110019,14473222-n,estado,suas circunstâncias ou situação na vida em geral (incluindo tudo o que acontece com você),destinação
locus,lilaLemma:110019,14473222-n,estado,suas circunstâncias ou situação na vida em geral (incluindo tudo o que acontece com você),direção
locus,lilaLemma:110019,14473222-n,estado,suas circunstâncias ou situação na vida em geral (incluindo tudo o que acontece com você),dita
locus,lilaLemma:110019,14473222-n,estado,suas circunstâncias ou situação na vida em geral (incluindo tudo o que acontece com você),espécie
locus,lilaLemma:110019,14473222-n,estado,suas circunstâncias ou situação na vida em geral (incluindo tudo o que acontece com você),estofa
locus,lilaLemma:110019,14473222-n,estado,suas circunstâncias ou situação na vida em geral (incluindo tudo o que acontece com você),estofo
locus,lilaLemma:110019,14473222-n,estado,suas circunstâncias ou situação na vida em geral (incluindo tudo o que acontece com você),estreia
locus,lilaLemma:110019,14473222-n,estado,suas circunstâncias ou situação na vida em geral (incluindo tudo o que acontece com você),estrela
locus,lilaLemma:110019,14473222-n,estado,suas circunstâncias ou situação na vida em geral (incluindo tudo o que acontece com você),existência
locus,lilaLemma:110019,14473222-n,estado,suas circunstâncias ou situação na vida em geral (incluindo tudo o que acontece com você),fado
locus,lilaLemma:110019,14473222-n,estado,suas circunstâncias ou situação na vida em geral (incluindo tudo o que acontece com você),fatalidade
locus,lilaLemma:110019,14473222-n,estado,suas circunstâncias ou situação na vida em geral (incluindo tudo o que acontece com você),fatalismo
locus,lilaLemma:110019,14473222-n,estado,suas circunstâncias ou situação na vida em geral (incluindo tudo o que acontece com você),fortuna
locus,lilaLemma:110019,14473222-n,estado,suas circunstâncias ou situação na vida em geral (incluindo tudo o que acontece com você),futuro
locus,lilaLemma:110019,14473222-n,estado,suas circunstâncias ou situação na vida em geral (incluindo tudo o que acontece com você),género
locus,lilaLemma:110019,14473222-n,estado,suas circunstâncias ou situação na vida em geral (incluindo tudo o que acontece com você),infortúnio
locus,lilaLemma:110019,14473222-n,estado,suas circunstâncias ou situação na vida em geral (incluindo tudo o que acontece com você),laia
locus,lilaLemma:110019,14473222-n,estado,suas circunstâncias ou situação na vida em geral (incluindo tudo o que acontece com você),presságio
locus,lilaLemma:110019,14473222-n,estado,suas circunstâncias ou situação na vida em geral (incluindo tudo o que acontece com você),providência
locus,lilaLemma:110019,14473222-n,estado,suas circunstâncias ou situação na vida em geral (incluindo tudo o que acontece com você),sestro
locus,lilaLemma:110019,14473222-n,estado,suas circunstâncias ou situação na vida em geral (incluindo tudo o que acontece com você),sortilégio
locus,lilaLemma:110019,14473222-n,estado,suas circunstâncias ou situação na vida em geral (incluindo tudo o que acontece com você),ventura
locus,lilaLemma:110019,14473222-n,estado,suas circunstâncias ou situação na vida em geral (incluindo tudo o que acontece com você),vida
locus,lilaLemma:110019,04161981-n,artefato,mobiliário que é projetado para sentar-se em,assento
locus,lilaLemma:110019,04161981-n,artefato,mobiliário que é projetado para sentar-se em,cadeira
locus,lilaLemma:110019,04161981-n,artefato,mobiliário que é projetado para sentar-se em,banco
locus,lilaLemma:110019,13939892-n,estado,uma posição específica identificável num contínuo ou em série ou em um processo especialmente,fase
locus,lilaLemma:110019,13939892-n,estado,uma posição específica identificável num contínuo ou em série ou em um processo especialmente,grau
locus,lilaLemma:110019,13939892-n,estado,uma posição específica identificável num contínuo ou em série ou em um processo especialmente,nível
locus,lilaLemma:110019,13939892-n,estado,uma posição específica identificável num contínuo ou em série ou em um processo especialmente,ápice
locus,lilaLemma:110019,13939892-n,estado,uma posição específica identificável num contínuo ou em série ou em um processo especialmente,etapa
locus,lilaLemma:110019,13939892-n,estado,uma posição específica identificável num contínuo ou em série ou em um processo especialmente,ponto
locus,lilaLemma:110019,06599788-n,comunicação,o assunto de uma conversa ou discussão,assunto
locus,lilaLemma:110019,06599788-n,comunicação,o assunto de uma conversa ou discussão,matéria
locus,lilaLemma:110019,06599788-n,comunicação,o assunto de uma conversa ou discussão,tema
locus,lilaLemma:110019,06599788-n,comunicação,o assunto de uma conversa ou discussão,tópico
locus,lilaLemma:110019,06599788-n,comunicação,o assunto de uma conversa ou discussão,conteúdo
locus,lilaLemma:110019,06599788-n,comunicação,o assunto de uma conversa ou discussão,fundo
locus,lilaLemma:110019,06599788-n,comunicação,o assunto de uma conversa ou discussão,ideia
locus,lilaLemma:110019,06599788-n,comunicação,o assunto de uma conversa ou discussão,objeto
locus,lilaLemma:110019,06599788-n,comunicação,o assunto de uma conversa ou discussão,temática
locus,lilaLemma:110019,06599788-n,comunicação,o assunto de uma conversa ou discussão,terreno
locus,lilaLemma:110019,03679384-n,artefato,habitação disponível para as pessoas viverem em,apartamento
locus,lilaLemma:110019,03679384-n,artefato,habitação disponível para as pessoas viverem em,habitação
locus,lilaLemma:110019,03679384-n,artefato,habitação disponível para as pessoas viverem em,moradia
locus,lilaLemma:110019,03679384-n,artefato,habitação disponível para as pessoas viverem em,quartos
locus,lilaLemma:110019,13947415-n,estado,posição na hierarquia social,condições sociais
locus,lilaLemma:110019,13947415-n,estado,posição na hierarquia social,lugar
locus,lilaLemma:110019,13947415-n,estado,posição na hierarquia social,posto
locus,lilaLemma:110019,13947415-n,estado,posição na hierarquia social,status social
locus,lilaLemma:110019,04161358-n,artefato,qualquer suporte onde você pode sentar-se (especialmente a parte de uma cadeira ou banco etc. em que você se senta),assento
locus,lilaLemma:110019,04161358-n,artefato,qualquer suporte onde você pode sentar-se (especialmente a parte de uma cadeira ou banco etc. em que você se senta),cadeira
locus,lilaLemma:110019,04161358-n,artefato,qualquer suporte onde você pode sentar-se (especialmente a parte de uma cadeira ou banco etc. em que você se senta),banco
locus,lilaLemma:110019,08647616-n,lugar,um espaço reservado para a sessão (como em um teatro ou em um trem ou avião),assento
locus,lilaLemma:110019,08647616-n,lugar,um espaço reservado para a sessão (como em um teatro ou em um trem ou avião),cadeira
locus,lilaLemma:110019,08647616-n,lugar,um espaço reservado para a sessão (como em um teatro ou em um trem ou avião),lugar
locus,lilaLemma:110019,08647616-n,lugar,um espaço reservado para a sessão (como em um teatro ou em um trem ou avião),banco
locus,lilaLemma:110019,08647616-n,lugar,um espaço reservado para a sessão (como em um teatro ou em um trem ou avião),localidade
locus,lilaLemma:110019,08647616-n,lugar,um espaço reservado para a sessão (como em um teatro ou em um trem ou avião),praça
locus,lilaLemma:110019,13945919-n,estado,a posição relativa ou pé de coisas ou pessoas especialmente em uma sociedade,classe
locus,lilaLemma:110019,13945919-n,estado,a posição relativa ou pé de coisas ou pessoas especialmente em uma sociedade,condição
locus,lilaLemma:110019,13945919-n,estado,a posição relativa ou pé de coisas ou pessoas especialmente em uma sociedade,estado
locus,lilaLemma:110019,13945919-n,estado,a posição relativa ou pé de coisas ou pessoas especialmente em uma sociedade,posição
locus,lilaLemma:110019,13945919-n,estado,a posição relativa ou pé de coisas ou pessoas especialmente em uma sociedade,status
locus,lilaLemma:110019,13945919-n,estado,a posição relativa ou pé de coisas ou pessoas especialmente em uma sociedade,estatuto
locus,lilaLemma:110019,13945919-n,estado,a posição relativa ou pé de coisas ou pessoas especialmente em uma sociedade,lugar
locus,lilaLemma:110019,00027167-n,conceito,um ponto ou extensão no espaço,localização
locus,lilaLemma:110019,00027167-n,conceito,um ponto ou extensão no espaço,locação
locus,lilaLemma:110019,00027167-n,conceito,um ponto ou extensão no espaço,lugar
locus,lilaLemma:110019,00027167-n,conceito,um ponto ou extensão no espaço,ponto
locus,lilaLemma:110019,13953936-n,estado,estatuto relativamente às relações entre pessoas ou grupos,termos
locus,lilaLemma:110019,13925752-n,estado,uma condição ou posição em que você se encontra,posição
locus,lilaLemma:110019,13925752-n,estado,uma condição ou posição em que você se encontra,situação
locus,lilaLemma:110019,15180528-n,tempo,instante no tempo,instante
locus,lilaLemma:110019,15180528-n,tempo,instante no tempo,momento
locus,lilaLemma:110019,15180528-n,tempo,instante no tempo,ponto
locus,lilaLemma:110019,03455033-n,artefato,um lugar para o enterro de um cadáver (especialmente debaixo da terra e marcado por uma lápide),sepultura
locus,lilaLemma:110019,03455033-n,artefato,um lugar para o enterro de um cadáver (especialmente debaixo da terra e marcado por uma lápide),tumba
locus,lilaLemma:110019,03455033-n,artefato,um lugar para o enterro de um cadáver (especialmente debaixo da terra e marcado por uma lápide),túmulo
locus,lilaLemma:110019,08497294-n,lugar,"uma determinada região geográfica de fronteira indefinida (geralmente servindo algum propósito especial ou distinguido pelo seu povo, cultura ou geografia)",ambiente
locus,lilaLemma:110019,08497294-n,lugar,"uma determinada região geográfica de fronteira indefinida (geralmente servindo algum propósito especial ou distinguido pelo seu povo, cultura ou geografia)",região
locus,lilaLemma:110019,08497294-n,lugar,"uma determinada região geográfica de fronteira indefinida (geralmente servindo algum propósito especial ou distinguido pelo seu povo, cultura ou geografia)",território
locus,lilaLemma:110019,08497294-n,lugar,"uma determinada região geográfica de fronteira indefinida (geralmente servindo algum propósito especial ou distinguido pelo seu povo, cultura ou geografia)",área
locus,lilaLemma:110019,08497294-n,lugar,"uma determinada região geográfica de fronteira indefinida (geralmente servindo algum propósito especial ou distinguido pelo seu povo, cultura ou geografia)",país
locus,lilaLemma:110019,08497294-n,lugar,"uma determinada região geográfica de fronteira indefinida (geralmente servindo algum propósito especial ou distinguido pelo seu povo, cultura ou geografia)",zona
locus,lilaLemma:110019,08651247-n,lugar,o pedaço de terra em que algo está localizado (ou será colocado),locação
locus,lilaLemma:110019,08651247-n,lugar,o pedaço de terra em que algo está localizado (ou será colocado),lugar
locus,lilaLemma:110019,08651247-n,lugar,o pedaço de terra em que algo está localizado (ou será colocado),sítio
locus,lilaLemma:110019,08621598-n,lugar,a porção particular do espaço ocupado por algo,local
locus,lilaLemma:110019,08621598-n,lugar,a porção particular do espaço ocupado por algo,lugar
locus,lilaLemma:110019,08621598-n,lugar,a porção particular do espaço ocupado por algo,posição
locus,lilaLemma:110019,08621598-n,lugar,a porção particular do espaço ocupado por algo,posto
locus,lilaLemma:110019,15292069-n,tempo,um tempo para trabalhar (após o qual você será aliviado por outra pessoa),turno
locus,lilaLemma:110019,15292069-n,tempo,um tempo para trabalhar (após o qual você será aliviado por outra pessoa),vez
locus,lilaLemma:110019,15292069-n,tempo,um tempo para trabalhar (após o qual você será aliviado por outra pessoa),período
locus,lilaLemma:110019,00586262-n,ação,um trabalho em uma organização,cargo
locus,lilaLemma:110019,00586262-n,ação,um trabalho em uma organização,posição
locus,lilaLemma:110019,00586262-n,ação,um trabalho em uma organização,posto
locus,lilaLemma:110019,00586262-n,ação,um trabalho em uma organização,função
locus,lilaLemma:110019,00586262-n,ação,um trabalho em uma organização,local
locus,lilaLemma:110019,00586262-n,ação,um trabalho em uma organização,lugar
locus,lilaLemma:110019,00586262-n,ação,um trabalho em uma organização,situação
locus,lilaLemma:110019,06400271-n,comunicação,uma seção de texto; particularmente uma secção de comprimento médio,passagem
locus,lilaLemma:110019,06400271-n,comunicação,uma seção de texto; particularmente uma secção de comprimento médio,bilhete
locus,lilaLemma:110019,06400271-n,comunicação,uma seção de texto; particularmente uma secção de comprimento médio,trecho
locus,lilaLemma:110019,08641113-n,lugar,num ambiente ou nas proximidades da região,anexo
locus,lilaLemma:110019,08641113-n,lugar,num ambiente ou nas proximidades da região,bairro
locus,lilaLemma:110019,08641113-n,lugar,num ambiente ou nas proximidades da região,cercania
locus,lilaLemma:110019,08641113-n,lugar,num ambiente ou nas proximidades da região,proximidade
locus,lilaLemma:110019,08641113-n,lugar,num ambiente ou nas proximidades da região,vizinhança
locus,lilaLemma:110019,08641113-n,lugar,num ambiente ou nas proximidades da região,vizinho
locus,lilaLemma:110019,08641113-n,lugar,num ambiente ou nas proximidades da região,aba
locus,lilaLemma:110019,08641113-n,lugar,num ambiente ou nas proximidades da região,arrabalde
locus,lilaLemma:110019,08641113-n,lugar,num ambiente ou nas proximidades da região,arrabaldes
locus,lilaLemma:110019,08641113-n,lugar,num ambiente ou nas proximidades da região,arredores
locus,lilaLemma:110019,08641113-n,lugar,num ambiente ou nas proximidades da região,beira
locus,lilaLemma:110019,08641113-n,lugar,num ambiente ou nas proximidades da região,cercanias
locus,lilaLemma:110019,08641113-n,lugar,num ambiente ou nas proximidades da região,contacto
locus,lilaLemma:110019,08641113-n,lugar,num ambiente ou nas proximidades da região,contiguidade
locus,lilaLemma:110019,08641113-n,lugar,num ambiente ou nas proximidades da região,imediação
locus,lilaLemma:110019,08641113-n,lugar,num ambiente ou nas proximidades da região,lugar
locus,lilaLemma:110019,08641113-n,lugar,num ambiente ou nas proximidades da região,periferia
locus,lilaLemma:110019,08641113-n,lugar,num ambiente ou nas proximidades da região,propinquidade
locus,lilaLemma:110019,08641113-n,lugar,num ambiente ou nas proximidades da região,proximidades
locus,lilaLemma:110019,08641113-n,lugar,num ambiente ou nas proximidades da região,redondeza
locus,lilaLemma:110019,08558963-n,lugar,qualquer endereço em que você mora mais do que temporariamente,casa
locus,lilaLemma:110019,08558963-n,lugar,qualquer endereço em que você mora mais do que temporariamente,domicílio
locus,lilaLemma:110019,08558963-n,lugar,qualquer endereço em que você mora mais do que temporariamente,residência
locus,lilaLemma:110019,14429985-n,estado,status relativo,classe
locus,lilaLemma:110019,14429985-n,estado,status relativo,hierarquia
locus,lilaLemma:110019,14429985-n,estado,status relativo,posição
locus,lilaLemma:110019,14429985-n,estado,status relativo,posto
locus,lilaLemma:110019,14429985-n,estado,status relativo,categoria
locus,lilaLemma:110019,14429985-n,estado,status relativo,escala
locus,lilaLemma:110019,14429985-n,estado,status relativo,estatuto
locus,lilaLemma:110019,14429985-n,estado,status relativo,gabarito
locus,lilaLemma:110019,14429985-n,estado,status relativo,nível
locus,lilaLemma:110019,14429985-n,estado,status relativo,série
magis,lilaLemma:111271,00099712-r,advérbio,comparativa de muita; a um maior grau ou extensão,mais
magis,lilaLemma:111271,00099341-r,advérbio,usado para formar o comparativo de alguns adjetivos e advérbios,mais
magis,lilaLemma:111271,00115554-r,advérbio,mais facilmente ou de boa vontade,de preferência
magis,lilaLemma:111271,00115554-r,advérbio,mais facilmente ou de boa vontade,preferencialmente
magis,lilaLemma:111271,00115554-r,advérbio,mais facilmente ou de boa vontade,preferivelmente
manus,lilaLemma:111585,04857083-n,atributo,uma qualidade de espírito que lhe permite enfrentar o perigo ou a dor sem demonstrar medo,coragem
manus,lilaLemma:111585,04857083-n,atributo,uma qualidade de espírito que lhe permite enfrentar o perigo ou a dor sem demonstrar medo,denodo
manus,lilaLemma:111585,04857083-n,atributo,uma qualidade de espírito que lhe permite enfrentar o perigo ou a dor sem demonstrar medo,ânimo
manus,lilaLemma:111585,04857083-n,atributo,uma qualidade de espírito que lhe permite enfrentar o perigo ou a dor sem demonstrar medo,afoiteza
manus,lilaLemma:111585,04857083-n,atributo,uma qualidade de espírito que lhe permite enfrentar o perigo ou a dor sem demonstrar medo,arrojo
manus,lilaLemma:111585,04857083-n,atributo,uma qualidade de espírito que lhe permite enfrentar o perigo ou a dor sem demonstrar medo,braveza
manus,lilaLemma:111585,04857083-n,atributo,uma qualidade de espírito que lhe permite enfrentar o perigo ou a dor sem demonstrar medo,bravura
manus,lilaLemma:111585,04857083-n,atributo,uma qualidade de espírito que lhe permite enfrentar o perigo ou a dor sem demonstrar medo,esforço
manus,lilaLemma:111585,04857083-n,atributo,uma qualidade de espírito que lhe permite enfrentar o perigo ou a dor sem demonstrar medo,heroicidade
manus,lilaLemma:111585,04857083-n,atributo,uma qualidade de espírito que lhe permite enfrentar o perigo ou a dor sem demonstrar medo,heroísmo
manus,lilaLemma:111585,04857083-n,atributo,uma qualidade de espírito que lhe permite enfrentar o perigo ou a dor sem demonstrar medo,intrepidez
manus,lilaLemma:111585,04857083-n,atributo,uma qualidade de espírito que lhe permite enfrentar o perigo ou a dor sem demonstrar medo,peito
manus,lilaLemma:111585,04857083-n,atributo,uma qualidade de espírito que lhe permite enfrentar o perigo ou a dor sem demonstrar medo,valentia
manus,lilaLemma:111585,04857083-n,atributo,uma qualidade de espírito que lhe permite enfrentar o perigo ou a dor sem demonstrar medo,valor
manus,lilaLemma:111585,02452967-n,animal,[a long flexible snout as of an elephant],Proboscide
manus,lilaLemma:111585,02452967-n,animal,[a long flexible snout as of an elephant],probóscide
manus,lilaLemma:111585,02452967-n,animal,[a long flexible snout as of an elephant],tromba
manus,lilaLemma:111585,05564590-n,corpo,a extremidade (preênsil) do membro superior,mão
manus,lilaLemma:111585,05564590-n,corpo,a extremidade (preênsil) do membro superior,pata
manus,lilaLemma:111585,08212527-n,grupo,uma unidade do exército que consiste geralmente em dois ou mais divisões e o seu apoio,corpo
manus,lilaLemma:111585,08212347-n,grupo,a força de trabalhadores disponíveis,força de trabalho
manus,lilaLemma:111585,08212347-n,grupo,a força de trabalhadores disponíveis,homens
manus,lilaLemma:111585,08212347-n,grupo,a força de trabalhadores disponíveis,mão-de-obra
manus,lilaLemma:111585,05637965-n,cognição,Capacidade,habilidade
manus,lilaLemma:111585,10461424-n,pessoa,algo que possui poder ou influencia ou autoridade,força
manus,lilaLemma:111585,10461424-n,pessoa,algo que possui poder ou influencia ou autoridade,poder
manus,lilaLemma:111585,10461424-n,pessoa,algo que possui poder ou influencia ou autoridade,valentia
manus,lilaLemma:111585,10461424-n,pessoa,algo que possui poder ou influencia ou autoridade,vigor
manus,lilaLemma:111585,06403393-n,comunicação,algo escrito à mão,caligrafia
manus,lilaLemma:111585,06403393-n,comunicação,algo escrito à mão,escrita
manus,lilaLemma:111585,06403393-n,comunicação,algo escrito à mão,escritura
manus,lilaLemma:111585,06403393-n,comunicação,algo escrito à mão,lado
manus,lilaLemma:111585,06403393-n,comunicação,algo escrito à mão,letra
manus,lilaLemma:111585,05638063-n,cognição,habilidade em uma ocupação ou comércio,arte
manus,lilaLemma:111585,05638063-n,cognição,habilidade em uma ocupação ou comércio,habilidade
manus,lilaLemma:111585,05638063-n,cognição,habilidade em uma ocupação ou comércio,artesanato
manus,lilaLemma:111585,02737833-n,artefato,qualquer projeção que é pensada para se parecer com um braço humano,braço
manus,lilaLemma:111585,02737833-n,artefato,qualquer projeção que é pensada para se parecer com um braço humano,membro
manus,lilaLemma:111585,02737833-n,artefato,qualquer projeção que é pensada para se parecer com um braço humano,ramo
manus,lilaLemma:111585,05035353-n,atributo,energia física ou intensidade,força
manus,lilaLemma:111585,05035353-n,atributo,energia física ou intensidade,violência
manus,lilaLemma:111585,05035353-n,atributo,energia física ou intensidade,vigor
miles,lilaLemma:112318,08397255-n,grupo,soldados coletivamente,exército
miles,lilaLemma:112318,08397255-n,grupo,soldados coletivamente,forças armadas
miles,lilaLemma:112318,08397255-n,grupo,soldados coletivamente,milícia
miles,lilaLemma:112318,08397255-n,grupo,soldados coletivamente,tropas
miles,lilaLemma:112318,08397255-n,grupo,soldados coletivamente,tropa
miles,lilaLemma:112318,08183290-n,grupo,um grande número de pessoas unidas por algum propósito específico,exército
miles,lilaLemma:112318,08183290-n,grupo,um grande número de pessoas unidas por algum propósito específico,multidão
miles,lilaLemma:112318,03901750-n,artefato,(Xadrez) a peça menos poderosos; só se move para frente e captura apenas para o lado; ele pode ser promovido a uma peça mais poderosa se atingir o oitavo posto,peão
miles,lilaLemma:112318,08191230-n,grupo,uma organização permanente das forças militares terrestres de uma nação ou estado,Exército
miles,lilaLemma:112318,08191230-n,grupo,uma organização permanente das forças militares terrestres de uma nação ou estado,exército
miles,lilaLemma:112318,08191230-n,grupo,uma organização permanente das forças militares terrestres de uma nação ou estado,forças armadas
miles,lilaLemma:112318,08390157-n,grupo,uma unidade do exército constituído de soldados que lutam a pé,infantaria
miles,lilaLemma:112318,08390157-n,grupo,uma unidade do exército constituído de soldados que lutam a pé,Infantaria
miles,lilaLemma:112318,10622053-n,pessoa,um homem ou uma mulher que serve alistado no exército,militar
miles,lilaLemma:112318,10622053-n,pessoa,um homem ou uma mulher que serve alistado no exército,soldado
miles,lilaLemma:112318,10204921-n,pessoa,alguem que luta a pé com armas reduzidas,soldado de infantaria
miles,lilaLemma:112318,10204921-n,pessoa,alguem que luta a pé com armas reduzidas,infante
mitto,lilaLemma:112499,01508368-v,contato,impulsionar através do ar,atirar
mitto,lilaLemma:112499,01508368-v,contato,impulsionar através do ar,jogar
mitto,lilaLemma:112499,01508368-v,contato,impulsionar através do ar,lançar
mitto,lilaLemma:112499,01632897-v,criação,colocar ou enviar para trás,jogar
mitto,lilaLemma:112499,01632897-v,criação,colocar ou enviar para trás,lançar
mitto,lilaLemma:112499,01632897-v,criação,colocar ou enviar para trás,projetar
mitto,lilaLemma:112499,01632897-v,criação,colocar ou enviar para trás,projectar
mitto,lilaLemma:112499,01507143-v,contato,Jogue com força,arremessar
mitto,lilaLemma:112499,01507143-v,contato,Jogue com força,atirar
mitto,lilaLemma:112499,01507143-v,contato,Jogue com força,lançar
mitto,lilaLemma:112499,01955127-v,movimento,mandar embora para um objetivo designado,aviar
mitto,lilaLemma:112499,01955127-v,movimento,mandar embora para um objetivo designado,despachar
mitto,lilaLemma:112499,01955127-v,movimento,mandar embora para um objetivo designado,enviar
mitto,lilaLemma:112499,01955127-v,movimento,mandar embora para um objetivo designado,noticiar por despacho
mitto,lilaLemma:112499,01955127-v,movimento,mandar embora para um objetivo designado,endereçar
mitto,lilaLemma:112499,01955127-v,movimento,mandar embora para um objetivo designado,remeter
mitto,lilaLemma:112499,01951480-v,movimento,causar para algum lugar,enviar
mitto,lilaLemma:112499,01951480-v,movimento,causar para algum lugar,lançar
mitto,lilaLemma:112499,01977701-v,movimento,Deixe cair no chão,deixar cair
mitto,lilaLemma:112499,01977701-v,movimento,Deixe cair no chão,largar
mitto,lilaLemma:112499,01977701-v,movimento,Deixe cair no chão,soltar
mitto,lilaLemma:112499,02403920-v,relação social,[terminate an association with],tirar
mitto,lilaLemma:112499,01527754-v,contato,fazer cair,derrubar
mitto,lilaLemma:112499,01527754-v,contato,fazer cair,desmontar
mitto,lilaLemma:112499,01377032-v,contato,derramar ou liberar,derramar
mitto,lilaLemma:112499,01377032-v,contato,derramar ou liberar,desaguar
mitto,lilaLemma:112499,01377032-v,contato,derramar ou liberar,descarregar
mitto,lilaLemma:112499,00027705-v,corpo,impulso ou estender para fora,estender
mitto,lilaLemma:112499,00027705-v,corpo,impulso ou estender para fora,esticar
mitto,lilaLemma:112499,01489465-v,contato,sair ou descarregar,deixar
mitto,lilaLemma:112499,01489465-v,contato,sair ou descarregar,descarregar
mitto,lilaLemma:112499,00983824-v,comunicação,expressar de forma audível; emitir sons (não necessariamente palavras),emitir
mitto,lilaLemma:112499,00983824-v,comunicação,expressar de forma audível; emitir sons (não necessariamente palavras),soltar
mitto,lilaLemma:112499,00983824-v,comunicação,expressar de forma audível; emitir sons (não necessariamente palavras),pronunciar
mitto,lilaLemma:112499,00616857-v,cognição,dar pouca ou nenhuma atenção para,desatender
mitto,lilaLemma:112499,00616857-v,cognição,dar pouca ou nenhuma atenção para,ignorar
mitto,lilaLemma:112499,00616857-v,cognição,dar pouca ou nenhuma atenção para,negligenciar
mitto,lilaLemma:112499,01437254-v,contato,causar ou fazer com que algo seja dirigido ou transmitido para outro lugar;,despachar
mitto,lilaLemma:112499,01437254-v,contato,causar ou fazer com que algo seja dirigido ou transmitido para outro lugar;,enviar
mitto,lilaLemma:112499,01437254-v,contato,causar ou fazer com que algo seja dirigido ou transmitido para outro lugar;,remeter
mitto,lilaLemma:112499,01437254-v,contato,causar ou fazer com que algo seja dirigido ou transmitido para outro lugar;,transmitir
mitto,lilaLemma:112499,01967373-v,movimento,cair abruptamente,mergulhar
mitto,lilaLemma:112499,02346409-v,posse,[sell or transfer abroad],exportar
mitto,lilaLemma:112499,02680814-v,estado,pôr fim a um estado ou uma atividade,acabar
mitto,lilaLemma:112499,02680814-v,estado,pôr fim a um estado ou uma atividade,cessar
mitto,lilaLemma:112499,02680814-v,estado,pôr fim a um estado ou uma atividade,deixar
mitto,lilaLemma:112499,02680814-v,estado,pôr fim a um estado ou uma atividade,descontinuar
mitto,lilaLemma:112499,02680814-v,estado,pôr fim a um estado ou uma atividade,desistir
mitto,lilaLemma:112499,02680814-v,estado,pôr fim a um estado ou uma atividade,finalizar
mitto,lilaLemma:112499,02680814-v,estado,pôr fim a um estado ou uma atividade,parar
mitto,lilaLemma:112499,02680814-v,estado,pôr fim a um estado ou uma atividade,terminar
mitto,lilaLemma:112499,02680814-v,estado,pôr fim a um estado ou uma atividade,interromper
mitto,lilaLemma:112499,02680814-v,estado,pôr fim a um estado ou uma atividade,suspender
mitto,lilaLemma:112499,02680814-v,estado,pôr fim a um estado ou uma atividade,sustar
mitto,lilaLemma:112499,02421374-v,relação social,[grant freedom to; free from confinement],aforrar
mitto,lilaLemma:112499,02421374-v,relação social,[grant freedom to; free from confinement],alforriar
mitto,lilaLemma:112499,02421374-v,relação social,[grant freedom to; free from confinement],liberar
mitto,lilaLemma:112499,02421374-v,relação social,[grant freedom to; free from confinement],libertar
mitto,lilaLemma:112499,02421374-v,relação social,[grant freedom to; free from confinement],soltar
mitto,lilaLemma:112499,02421374-v,relação social,[grant freedom to; free from confinement],desencarcerar
mitto,lilaLemma:112499,02231661-v,posse,[transfer to another],enviar
mitto,lilaLemma:112499,02231661-v,posse,[transfer to another],comunicar
mitto,lilaLemma:112499,02231661-v,posse,[transfer to another],transmitir
mitto,lilaLemma:112499,02228031-v,posse,"[forsake, leave behind]",abandonar
mitto,lilaLemma:112499,01133825-v,competição,fazer disparar uma arma,atirar
mitto,lilaLemma:112499,01133825-v,competição,fazer disparar uma arma,descarregar
mitto,lilaLemma:112499,01133825-v,competição,fazer disparar uma arma,despedir
mitto,lilaLemma:112499,01133825-v,competição,fazer disparar uma arma,lançar
mitto,lilaLemma:112499,02402825-v,relação social,terminar o emprego de; demitir de um cargo ou posição,demitir
mitto,lilaLemma:112499,02402825-v,relação social,terminar o emprego de; demitir de um cargo ou posição,desempregar
mitto,lilaLemma:112499,02402825-v,relação social,terminar o emprego de; demitir de um cargo ou posição,despedir
mitto,lilaLemma:112499,02402825-v,relação social,terminar o emprego de; demitir de um cargo ou posição,destituir
mitto,lilaLemma:112499,02402825-v,relação social,terminar o emprego de; demitir de um cargo ou posição,aviar
mitto,lilaLemma:112499,02402825-v,relação social,terminar o emprego de; demitir de um cargo ou posição,correr
mitto,lilaLemma:112499,02402825-v,relação social,terminar o emprego de; demitir de um cargo ou posição,depor
mitto,lilaLemma:112499,02402825-v,relação social,terminar o emprego de; demitir de um cargo ou posição,despachar
mitto,lilaLemma:112499,02402825-v,relação social,terminar o emprego de; demitir de um cargo ou posição,destronar
mitto,lilaLemma:112499,02402825-v,relação social,terminar o emprego de; demitir de um cargo ou posição,exonerar
mitto,lilaLemma:112499,02402825-v,relação social,terminar o emprego de; demitir de um cargo ou posição,impor
mitto,lilaLemma:112499,02402825-v,relação social,terminar o emprego de; demitir de um cargo ou posição,lançar
mitto,lilaLemma:112499,02402825-v,relação social,terminar o emprego de; demitir de um cargo ou posição,largar
mitto,lilaLemma:112499,02402825-v,relação social,terminar o emprego de; demitir de um cargo ou posição,licenciar
mitto,lilaLemma:112499,01474550-v,contato,"liberar, a partir de seu aperto",deixar
mitto,lilaLemma:112499,01474550-v,contato,"liberar, a partir de seu aperto",soltar
mitto,lilaLemma:112499,00348746-v,mudança,"em movimento, causando para iniciar",começar
mitto,lilaLemma:112499,00348746-v,mudança,"em movimento, causando para iniciar",iniciar
mitto,lilaLemma:112499,00348746-v,mudança,"em movimento, causando para iniciar",partir
mitto,lilaLemma:112499,01031256-v,comunicação,causa de ser dirigido ou transmitido para outro lugar,enviar
mitto,lilaLemma:112499,01031256-v,comunicação,causa de ser dirigido ou transmitido para outro lugar,mandar
mitto,lilaLemma:112499,01031256-v,comunicação,causa de ser dirigido ou transmitido para outro lugar,jogar
mitto,lilaLemma:112499,01031256-v,comunicação,causa de ser dirigido ou transmitido para outro lugar,remeter
modus,lilaLemma:112553,06652242-n,comunicação,guia prescrito por conduta ou ação,norma
modus,lilaLemma:112553,06652242-n,comunicação,guia prescrito por conduta ou ação,normas jurídicas
modus,lilaLemma:112553,06652242-n,comunicação,guia prescrito por conduta ou ação,prescrição
modus,lilaLemma:112553,06652242-n,comunicação,guia prescrito por conduta ou ação,regra
modus,lilaLemma:112553,06652242-n,comunicação,guia prescrito por conduta ou ação,regulamento
modus,lilaLemma:112553,05660268-n,cognição,"uma maneira de fazer algo, especialmente uma forma sistemática; implica um arranjo lógico ordenado (geralmente em etapas)",Método
modus,lilaLemma:112553,05660268-n,cognição,"uma maneira de fazer algo, especialmente uma forma sistemática; implica um arranjo lógico ordenado (geralmente em etapas)",metodo
modus,lilaLemma:112553,05660268-n,cognição,"uma maneira de fazer algo, especialmente uma forma sistemática; implica um arranjo lógico ordenado (geralmente em etapas)",método
modus,lilaLemma:112553,05660268-n,cognição,"uma maneira de fazer algo, especialmente uma forma sistemática; implica um arranjo lógico ordenado (geralmente em etapas)",métodos
modus,lilaLemma:112553,05660268-n,cognição,"uma maneira de fazer algo, especialmente uma forma sistemática; implica um arranjo lógico ordenado (geralmente em etapas)",técnica
modus,lilaLemma:112553,13758296-n,quantidade,a maior quantidade de algo que é possível ou permitido,extremo
modus,lilaLemma:112553,13758296-n,quantidade,a maior quantidade de algo que é possível ou permitido,limitação
modus,lilaLemma:112553,13758296-n,quantidade,a maior quantidade de algo que é possível ou permitido,limite
modus,lilaLemma:112553,05124057-n,atributo,o maior grau possível de algo,fronteira
modus,lilaLemma:112553,05124057-n,atributo,o maior grau possível de algo,limitação
modus,lilaLemma:112553,05124057-n,atributo,o maior grau possível de algo,limite
modus,lilaLemma:112553,05124057-n,atributo,o maior grau possível de algo,arraia
modus,lilaLemma:112553,05124057-n,atributo,o maior grau possível de algo,raia
modus,lilaLemma:112553,04984180-n,atributo,uma propriedade do som agradável,harmonia
modus,lilaLemma:112553,07260623-n,comunicação,uma base de comparação; um ponto de referência contra o qual outras coisas podem ser avaliados,critério
modus,lilaLemma:112553,07260623-n,comunicação,uma base de comparação; um ponto de referência contra o qual outras coisas podem ser avaliados,padrões
modus,lilaLemma:112553,07260623-n,comunicação,uma base de comparação; um ponto de referência contra o qual outras coisas podem ser avaliados,medida
modus,lilaLemma:112553,07260623-n,comunicação,uma base de comparação; um ponto de referência contra o qual outras coisas podem ser avaliados,norma
modus,lilaLemma:112553,07260623-n,comunicação,uma base de comparação; um ponto de referência contra o qual outras coisas podem ser avaliados,pauta
modus,lilaLemma:112553,07260623-n,comunicação,uma base de comparação; um ponto de referência contra o qual outras coisas podem ser avaliados,regra
modus,lilaLemma:112553,07260623-n,comunicação,uma base de comparação; um ponto de referência contra o qual outras coisas podem ser avaliados,regular
modus,lilaLemma:112553,07260623-n,comunicação,uma base de comparação; um ponto de referência contra o qual outras coisas podem ser avaliados,standard
modus,lilaLemma:112553,00172710-n,ação,como um resultado é obtido ou um fim é alcançado,caminho
modus,lilaLemma:112553,00172710-n,ação,como um resultado é obtido ou um fim é alcançado,ferramenta
modus,lilaLemma:112553,00172710-n,ação,como um resultado é obtido ou um fim é alcançado,jeito
modus,lilaLemma:112553,00172710-n,ação,como um resultado é obtido ou um fim é alcançado,maneira
modus,lilaLemma:112553,00172710-n,ação,como um resultado é obtido ou um fim é alcançado,meio
modus,lilaLemma:112553,00172710-n,ação,como um resultado é obtido ou um fim é alcançado,modo
modus,lilaLemma:112553,00172710-n,ação,como um resultado é obtido ou um fim é alcançado,forma
modus,lilaLemma:112553,04883243-n,atributo,exibindo restrição imposta ao auto,autodomínio
modus,lilaLemma:112553,13941125-n,estado,o ponto ou o grau para o qual se estende algo,alcance
modus,lilaLemma:112553,13941125-n,estado,o ponto ou o grau para o qual se estende algo,medida
modus,lilaLemma:112553,13801424-n,relação,inflexões verbais que expressam a forma como a ação ou estado é concebido pelo alto-falante,modalidade
modus,lilaLemma:112553,13801424-n,relação,inflexões verbais que expressam a forma como a ação ou estado é concebido pelo alto-falante,modo
modus,lilaLemma:112553,04931733-n,atributo,uma maneira de fazer ou ser,forma
modus,lilaLemma:112553,04931733-n,atributo,uma maneira de fazer ou ser,jeito
modus,lilaLemma:112553,04931733-n,atributo,uma maneira de fazer ou ser,maneira
modus,lilaLemma:112553,05846054-n,cognição,um princípio ou condição que habitualmente governa o comportamento,lei
modus,lilaLemma:112553,05846054-n,cognição,um princípio ou condição que habitualmente governa o comportamento,norma
modus,lilaLemma:112553,05846054-n,cognição,um princípio ou condição que habitualmente governa o comportamento,regra
modus,lilaLemma:112553,05846054-n,cognição,um princípio ou condição que habitualmente governa o comportamento,regulamento
modus,lilaLemma:112553,05846054-n,cognição,um princípio ou condição que habitualmente governa o comportamento,regulamentação
modus,lilaLemma:112553,05846054-n,cognição,um princípio ou condição que habitualmente governa o comportamento,regulação
modus,lilaLemma:112553,08512259-n,lugar,a linha ou avião indicando o limite ou a extensão de algo,fronteira
modus,lilaLemma:112553,08512259-n,lugar,a linha ou avião indicando o limite ou a extensão de algo,fronteiras
modus,lilaLemma:112553,08512259-n,lugar,a linha ou avião indicando o limite ou a extensão de algo,limite
modus,lilaLemma:112553,05095691-n,atributo,a propriedade resultante da sendo um de uma série de medições graduadas (a partir de roupas),dimensão
modus,lilaLemma:112553,05095691-n,atributo,a propriedade resultante da sendo um de uma série de medições graduadas (a partir de roupas),talha
modus,lilaLemma:112553,13803782-n,relação,uma alteração na forma de uma palavra (geralmente por adição de um sufixo) para indicar uma alteração na sua função gramatical,inflexão
modus,lilaLemma:112553,13803782-n,relação,uma alteração na forma de uma palavra (geralmente por adição de um sufixo) para indicar uma alteração na sua função gramatical,acidente
modus,lilaLemma:112553,05839024-n,cognição,uma categoria de coisas distinguidos por alguma característica ou qualidade comum,categoria
modus,lilaLemma:112553,05839024-n,cognição,uma categoria de coisas distinguidos por alguma característica ou qualidade comum,classe
modus,lilaLemma:112553,05839024-n,cognição,uma categoria de coisas distinguidos por alguma característica ou qualidade comum,espécies
modus,lilaLemma:112553,05839024-n,cognição,uma categoria de coisas distinguidos por alguma característica ou qualidade comum,género
modus,lilaLemma:112553,05839024-n,cognição,uma categoria de coisas distinguidos por alguma característica ou qualidade comum,raça
modus,lilaLemma:112553,05839024-n,cognição,uma categoria de coisas distinguidos por alguma característica ou qualidade comum,tipo
modus,lilaLemma:112553,05839024-n,cognição,uma categoria de coisas distinguidos por alguma característica ou qualidade comum,casta
modus,lilaLemma:112553,05839024-n,cognição,uma categoria de coisas distinguidos por alguma característica ou qualidade comum,condição
modus,lilaLemma:112553,05839024-n,cognição,uma categoria de coisas distinguidos por alguma característica ou qualidade comum,espécie
modus,lilaLemma:112553,05839024-n,cognição,uma categoria de coisas distinguidos por alguma característica ou qualidade comum,forma
modus,lilaLemma:112553,05839024-n,cognição,uma categoria de coisas distinguidos por alguma característica ou qualidade comum,nação
modus,lilaLemma:112553,05839024-n,cognição,uma categoria de coisas distinguidos por alguma característica ou qualidade comum,simulacro
modus,lilaLemma:112553,05839024-n,cognição,uma categoria de coisas distinguidos por alguma característica ou qualidade comum,sorte
modus,lilaLemma:112553,04883614-n,atributo,o traço de evitar excessos,moderação
modus,lilaLemma:112553,04883614-n,atributo,o traço de evitar excessos,temperança
modus,lilaLemma:112553,05840188-n,cognição,uma subdivisão de um determinado tipo de coisa,classe
modus,lilaLemma:112553,05840188-n,cognição,uma subdivisão de um determinado tipo de coisa,espécie
modus,lilaLemma:112553,05840188-n,cognição,uma subdivisão de um determinado tipo de coisa,género
modus,lilaLemma:112553,05840188-n,cognição,uma subdivisão de um determinado tipo de coisa,tipo
modus,lilaLemma:112553,05840188-n,cognição,uma subdivisão de um determinado tipo de coisa,variedade
modus,lilaLemma:112553,06864725-n,comunicação,notação musical para um padrão de repetição de batidas musicais,barra
modus,lilaLemma:112553,06864725-n,comunicação,notação musical para um padrão de repetição de batidas musicais,medição
modus,lilaLemma:112553,06864725-n,comunicação,notação musical para um padrão de repetição de batidas musicais,Metrologia
modus,lilaLemma:112553,05711915-n,cognição,a percepção do agradáveis arranjos de notas musicais,melodia
modus,lilaLemma:112553,07028373-n,comunicação,uma sucessão de notas formação de uma sequência distinta,aria
modus,lilaLemma:112553,07028373-n,comunicação,uma sucessão de notas formação de uma sequência distinta,melodia
modus,lilaLemma:112553,07028373-n,comunicação,uma sucessão de notas formação de uma sequência distinta,toada
modus,lilaLemma:112553,07028373-n,comunicação,uma sucessão de notas formação de uma sequência distinta,ar
modus,lilaLemma:112553,08593130-n,lugar,tao longe quanto alguma coisa pode ir,limite
modus,lilaLemma:112553,13583724-n,quantidade,qualquer divisão da quantidade admitida como um padrão de medida ou troca,Medida
modus,lilaLemma:112553,13583724-n,quantidade,qualquer divisão da quantidade admitida como um padrão de medida ou troca,Medição
modus,lilaLemma:112553,13583724-n,quantidade,qualquer divisão da quantidade admitida como um padrão de medida ou troca,unidade
modus,lilaLemma:112553,13583724-n,quantidade,qualquer divisão da quantidade admitida como um padrão de medida ou troca,unidade de medida
modus,lilaLemma:112553,13903079-n,forma,uma linha de determinar os limites de uma área,borda
modus,lilaLemma:112553,13903079-n,forma,uma linha de determinar os limites de uma área,fronteira
modus,lilaLemma:112553,13903079-n,forma,uma linha de determinar os limites de uma área,limite
modus,lilaLemma:112553,13903079-n,forma,uma linha de determinar os limites de uma área,margem interior
modus,lilaLemma:112553,15268857-n,tempo,final ou último ponto limitante,limiar
modus,lilaLemma:112553,15268857-n,tempo,final ou último ponto limitante,ponto final
modus,lilaLemma:112553,15268857-n,tempo,final ou último ponto limitante,limite
modus,lilaLemma:112553,15268857-n,tempo,final ou último ponto limitante,ombreira
modus,lilaLemma:112553,15268857-n,tempo,final ou último ponto limitante,umbral
modus,lilaLemma:112553,05101261-n,atributo,o tamanho de algo como determinado pela distância em torno dele,circunferência
modus,lilaLemma:112553,05101261-n,atributo,o tamanho de algo como determinado pela distância em torno dele,comprimento da circunferência
modus,lilaLemma:112553,05101261-n,atributo,o tamanho de algo como determinado pela distância em torno dele,perímetro
modus,lilaLemma:112553,06865345-n,comunicação,uma notação que representa o lance e duração de um som musical,nota
modus,lilaLemma:112553,06865345-n,comunicação,uma notação que representa o lance e duração de um som musical,tom
modus,lilaLemma:112553,05123416-n,atributo,a distância ou a área ou o volume sobre a qual algo se estende,alcance
modus,lilaLemma:112553,05123416-n,atributo,a distância ou a área ou o volume sobre a qual algo se estende,extensão
modus,lilaLemma:112553,04987620-n,atributo,(Música) a propriedade distintiva de um som complexo (a voz ou ruído ou som musical),som
modus,lilaLemma:112553,04987620-n,atributo,(Música) a propriedade distintiva de um som complexo (a voz ou ruído ou som musical),timbre
modus,lilaLemma:112553,04987620-n,atributo,(Música) a propriedade distintiva de um som complexo (a voz ou ruído ou som musical),qualidade
modus,lilaLemma:112553,08592656-n,lugar,a fronteira de uma área específica,fronteira
modus,lilaLemma:112553,08592656-n,lugar,a fronteira de uma área específica,limite
modus,lilaLemma:112553,05846355-n,cognição,um princípio que limita a extensão de algo,limitação
modus,lilaLemma:112553,05846355-n,cognição,um princípio que limita a extensão de algo,restrição
modus,lilaLemma:112553,00033615-n,conceito,quanto lá é ou quantos são de algo que você pode quantificar,medida
modus,lilaLemma:112553,00033615-n,conceito,quanto lá é ou quantos são de algo que você pode quantificar,quantia
modus,lilaLemma:112553,00033615-n,conceito,quanto lá é ou quantos são de algo que você pode quantificar,quantidade
modus,lilaLemma:112553,00033615-n,conceito,quanto lá é ou quantos são de algo que você pode quantificar,quantitativo
modus,lilaLemma:112553,00033615-n,conceito,quanto lá é ou quantos são de algo que você pode quantificar,montante
modus,lilaLemma:112553,00033615-n,conceito,quanto lá é ou quantos são de algo que você pode quantificar,mundo
modus,lilaLemma:112553,00033615-n,conceito,quanto lá é ou quantos são de algo que você pode quantificar,profusão
modus,lilaLemma:112553,04928903-n,atributo,como algo é feito ou como isso acontece,estilo
modus,lilaLemma:112553,04928903-n,atributo,como algo é feito ou como isso acontece,maneira
modus,lilaLemma:112553,04928903-n,atributo,como algo é feito ou como isso acontece,forma
modus,lilaLemma:112553,04928903-n,atributo,como algo é feito ou como isso acontece,modo
modus,lilaLemma:112553,05913538-n,cognição,uma generalização de base que é aceite como verdadeira e que pode ser usado como uma base para o raciocínio ou conduta,princípio
modus,lilaLemma:112553,05913538-n,cognição,uma generalização de base que é aceite como verdadeira e que pode ser usado como uma base para o raciocínio ou conduta,regra
modus,lilaLemma:112553,05117660-n,atributo,qualidade de ser moderados e evitando extremos,moderação
modus,lilaLemma:112553,05117660-n,atributo,qualidade de ser moderados e evitando extremos,temperança
modus,lilaLemma:112553,04991738-n,atributo,ritmo como dado pela divisão em partes de igual duração,medidor
modus,lilaLemma:112553,05129201-n,atributo,a medida linear no espaço de um lado para o outro; a maior dimensão de algo que se fixa no lugar,comprimento
modus,lilaLemma:112553,04882968-n,atributo,disciplina em atividades pessoais e sociais,controle
modus,lilaLemma:112553,04882968-n,atributo,disciplina em atividades pessoais e sociais,controlo
modus,lilaLemma:112553,04882968-n,atributo,disciplina em atividades pessoais e sociais,moderação
mors,lilaLemma:112807,15143276-n,tempo,o momento em que a vida termina; continuando até mortos,morte
mors,lilaLemma:112807,07355491-n,evento,caso de morte ou partida de vida,falecimento
mors,lilaLemma:112807,07355491-n,evento,caso de morte ou partida de vida,morte
mors,lilaLemma:112807,07355491-n,evento,caso de morte ou partida de vida,desaparecimento
mors,lilaLemma:112807,07355491-n,evento,caso de morte ou partida de vida,finamento
mors,lilaLemma:112807,07355491-n,evento,caso de morte ou partida de vida,óbito
mors,lilaLemma:112807,14562960-n,estado,um estado final,destruição
mors,lilaLemma:112807,14562960-n,estado,um estado final,morte
mors,lilaLemma:112807,14562960-n,estado,um estado final,final
mors,lilaLemma:112807,00218208-n,ação,destruição por aniquilar algo,obliteração
mors,lilaLemma:112807,11444117-n,fenômeno,a extremidade permanente de todas as funções da vida de um organismo ou parte de um organismo,morte
mors,lilaLemma:112807,13962498-n,estado,a ausência de vida ou estado de ser morto,morte
mors,lilaLemma:112807,15143477-n,tempo,o momento em que termina algo,fim
mors,lilaLemma:112807,15143477-n,tempo,o momento em que termina algo,morte
mors,lilaLemma:112807,15143477-n,tempo,o momento em que termina algo,queda
mors,lilaLemma:112807,09488259-n,pessoa,a personificação da morte,Morte
mors,lilaLemma:112807,07330828-n,evento,inutilização total,aniquilamento
mors,lilaLemma:112807,07330828-n,evento,inutilização total,aniquilação
mors,lilaLemma:112807,07330828-n,evento,inutilização total,desintegração
mors,lilaLemma:112807,05218119-n,corpo,o cadáver de um ser humano,cadáver
mors,lilaLemma:112807,05218119-n,corpo,o cadáver de um ser humano,corpo
mors,lilaLemma:112807,05218119-n,corpo,o cadáver de um ser humano,defunto
mors,lilaLemma:112807,05218119-n,corpo,o cadáver de um ser humano,restos mortais
mors,lilaLemma:112807,05218119-n,corpo,o cadáver de um ser humano,credor
mors,lilaLemma:112807,05218119-n,corpo,o cadáver de um ser humano,despojo
mors,lilaLemma:112807,05218119-n,corpo,o cadáver de um ser humano,morto
mors,lilaLemma:112807,05218119-n,corpo,o cadáver de um ser humano,presunto
mors,lilaLemma:112807,05218119-n,corpo,o cadáver de um ser humano,ruína
mos,lilaLemma:112831,04928903-n,atributo,como algo é feito ou como isso acontece,estilo
mos,lilaLemma:112831,04928903-n,atributo,como algo é feito ou como isso acontece,maneira
mos,lilaLemma:112831,04928903-n,atributo,como algo é feito ou como isso acontece,forma
mos,lilaLemma:112831,04928903-n,atributo,como algo é feito ou como isso acontece,modo
mos,lilaLemma:112831,06655388-n,comunicação,regra de conduta pessoal,preceito
mos,lilaLemma:112831,06655388-n,comunicação,regra de conduta pessoal,princípio
mos,lilaLemma:112831,09183693-n,motivo,motivação baseada em idéias de certo e errado,morais
mos,lilaLemma:112831,09183693-n,motivo,motivação baseada em idéias de certo e errado,moral
mos,lilaLemma:112831,09183693-n,motivo,motivação baseada em idéias de certo e errado,moralidade
mos,lilaLemma:112831,09183693-n,motivo,motivação baseada em idéias de certo e errado,ética
mos,lilaLemma:112831,09183693-n,motivo,motivação baseada em idéias de certo e errado,costumes
mos,lilaLemma:112831,09183693-n,motivo,motivação baseada em idéias de certo e errado,deontologia
mos,lilaLemma:112831,05870916-n,cognição,uma regra ou conjunto de regras de conduta inerentes à natureza humana e essenciais ou que vinculem a sociedade humana,Direito Natural
mos,lilaLemma:112831,05870916-n,cognição,uma regra ou conjunto de regras de conduta inerentes à natureza humana e essenciais ou que vinculem a sociedade humana,direito natural
mos,lilaLemma:112831,05870916-n,cognição,uma regra ou conjunto de regras de conduta inerentes à natureza humana e essenciais ou que vinculem a sociedade humana,legislação sobre a natureza
mos,lilaLemma:112831,05870916-n,cognição,uma regra ou conjunto de regras de conduta inerentes à natureza humana e essenciais ou que vinculem a sociedade humana,lei
mos,lilaLemma:112831,04620216-n,atributo,o complexo inerente de atributos que determina uma pessoas ações e reações morais e éticos,caráter
mos,lilaLemma:112831,04620216-n,atributo,o complexo inerente de atributos que determina uma pessoas ações e reações morais e éticos,personalidade
mos,lilaLemma:112831,05667613-n,cognição,algo considerado como um exemplo de normativo,pauta
mos,lilaLemma:112831,05667613-n,cognição,algo considerado como um exemplo de normativo,convenção
mos,lilaLemma:112831,05667613-n,cognição,algo considerado como um exemplo de normativo,fórmula
mos,lilaLemma:112831,05667613-n,cognição,algo considerado como um exemplo de normativo,modelo
mos,lilaLemma:112831,05667613-n,cognição,algo considerado como um exemplo de normativo,norma
mos,lilaLemma:112831,05667613-n,cognição,algo considerado como um exemplo de normativo,regra
mos,lilaLemma:112831,05809745-n,cognição,um padrão herdado de pensamento ou ação,tradição
mos,lilaLemma:112831,04726724-n,atributo,as qualidades essenciais ou características pelas quais algo é reconhecido,natureza
mos,lilaLemma:112831,05667404-n,cognição,uma prática específica de longa data,Tradições
mos,lilaLemma:112831,05667404-n,cognição,uma prática específica de longa data,costume
mos,lilaLemma:112831,05667404-n,cognição,uma prática específica de longa data,costumes
mos,lilaLemma:112831,05667404-n,cognição,uma prática específica de longa data,hábito
mos,lilaLemma:112831,05667404-n,cognição,uma prática específica de longa data,tradição
mos,lilaLemma:112831,01220984-n,ação,maneira de agir ou controlar a si mesmo,comportamento
mos,lilaLemma:112831,01220984-n,ação,maneira de agir ou controlar a si mesmo,conduta
mos,lilaLemma:112831,01220984-n,ação,maneira de agir ou controlar a si mesmo,atuação
mos,lilaLemma:112831,01220984-n,ação,maneira de agir ou controlar a si mesmo,obra
mos,lilaLemma:112831,04723816-n,atributo,um atributo essencial e distintiva de algo ou alguém,qualidade
mos,lilaLemma:112831,00413239-n,ação,prática comum ou habitual,costume
mos,lilaLemma:112831,00413239-n,ação,prática comum ou habitual,emprego
mos,lilaLemma:112831,00413239-n,ação,prática comum ou habitual,hábito
mos,lilaLemma:112831,00413239-n,ação,prática comum ou habitual,uso
mos,lilaLemma:112831,05846054-n,cognição,um princípio ou condição que habitualmente governa o comportamento,lei
mos,lilaLemma:112831,05846054-n,cognição,um princípio ou condição que habitualmente governa o comportamento,norma
mos,lilaLemma:112831,05846054-n,cognição,um princípio ou condição que habitualmente governa o comportamento,regra
mos,lilaLemma:112831,05846054-n,cognição,um princípio ou condição que habitualmente governa o comportamento,regulamento
mos,lilaLemma:112831,05846054-n,cognição,um princípio ou condição que habitualmente governa o comportamento,regulamentação
mos,lilaLemma:112831,05846054-n,cognição,um princípio ou condição que habitualmente governa o comportamento,regulação
mos,lilaLemma:112831,07490579-n,sentimento,um desejo repentino,capricho
mos,lilaLemma:112831,07490579-n,sentimento,um desejo repentino,caprichoso
mos,lilaLemma:112831,07490579-n,sentimento,um desejo repentino,desejo
mos,lilaLemma:112831,07490579-n,sentimento,um desejo repentino,fantasia
mos,lilaLemma:112831,07490579-n,sentimento,um desejo repentino,impertinência
mos,lilaLemma:112831,07490579-n,sentimento,um desejo repentino,arbítrio
mos,lilaLemma:112831,07490579-n,sentimento,um desejo repentino,birra
mos,lilaLemma:112831,07490579-n,sentimento,um desejo repentino,devaneio
mos,lilaLemma:112831,07490579-n,sentimento,um desejo repentino,extravagância
mos,lilaLemma:112831,07490579-n,sentimento,um desejo repentino,impulso
mos,lilaLemma:112831,07490579-n,sentimento,um desejo repentino,mania
mos,lilaLemma:112831,07490579-n,sentimento,um desejo repentino,mercê
mos,lilaLemma:112831,07490579-n,sentimento,um desejo repentino,opinião
mos,lilaLemma:112831,07490579-n,sentimento,um desejo repentino,paixão
mos,lilaLemma:112831,07490579-n,sentimento,um desejo repentino,paranoia
mos,lilaLemma:112831,07490579-n,sentimento,um desejo repentino,veleidade
mos,lilaLemma:112831,07490579-n,sentimento,um desejo repentino,vontade
mos,lilaLemma:112831,00410247-n,ação,uma forma habitual de funcionamento ou comportamento,costume
mos,lilaLemma:112831,00410247-n,ação,uma forma habitual de funcionamento ou comportamento,hábito
mos,lilaLemma:112831,00410247-n,ação,uma forma habitual de funcionamento ou comportamento,prática
mos,lilaLemma:112831,04897762-n,atributo,(Atributos comportamentais) a forma como uma pessoa se comporta em relação a outras pessoas,comportamento
mos,lilaLemma:112831,04897762-n,atributo,(Atributos comportamentais) a forma como uma pessoa se comporta em relação a outras pessoas,conduta
mos,lilaLemma:112831,04897762-n,atributo,(Atributos comportamentais) a forma como uma pessoa se comporta em relação a outras pessoas,maneira
mos,lilaLemma:112831,04897762-n,atributo,(Atributos comportamentais) a forma como uma pessoa se comporta em relação a outras pessoas,procedimento
mos,lilaLemma:112831,04897762-n,atributo,(Atributos comportamentais) a forma como uma pessoa se comporta em relação a outras pessoas,porte
mos,lilaLemma:112831,06532330-n,comunicação,"documento legal, estabelecendo regras que regem um determinado tipo de atividade",actos legislativos
mos,lilaLemma:112831,06532330-n,comunicação,"documento legal, estabelecendo regras que regem um determinado tipo de atividade",lei
mos,lilaLemma:112831,06532330-n,comunicação,"documento legal, estabelecendo regras que regem um determinado tipo de atividade",leis
mos,lilaLemma:112831,04910135-n,atributo,um modo de agir ou se comportar,jeito pessoal
mos,lilaLemma:112831,04910135-n,atributo,um modo de agir ou se comportar,maneira pessoal
mos,lilaLemma:112831,06185955-n,cognição,uma doutrina que é ensinada,preceito
mos,lilaLemma:112831,06185955-n,cognição,uma doutrina que é ensinada,mandamento
mos,lilaLemma:112831,05669034-n,cognição,um costume estabelecido,costume
mos,lilaLemma:112831,05669034-n,cognição,um costume estabelecido,costumes
mos,lilaLemma:112831,05669034-n,cognição,um costume estabelecido,hábito
mos,lilaLemma:112831,05669034-n,cognição,um costume estabelecido,tradição
mos,lilaLemma:112831,05669034-n,cognição,um costume estabelecido,uso
natura,lilaLemma:113421,04623612-n,atributo,seu humor habitual,disposição
natura,lilaLemma:113421,04623612-n,atributo,seu humor habitual,temperamento
natura,lilaLemma:113421,04623612-n,atributo,seu humor habitual,caráter
natura,lilaLemma:113421,04623612-n,atributo,seu humor habitual,compleição
natura,lilaLemma:113421,04623612-n,atributo,seu humor habitual,feitio
natura,lilaLemma:113421,04623612-n,atributo,seu humor habitual,génio
natura,lilaLemma:113421,04623612-n,atributo,seu humor habitual,natureza
natura,lilaLemma:113421,04623612-n,atributo,seu humor habitual,personalidade
natura,lilaLemma:113421,04623612-n,atributo,seu humor habitual,índole
natura,lilaLemma:113421,07320302-n,evento,o evento de nascer,nascimento
natura,lilaLemma:113421,14622893-n,substância,qualquer uma das mais de 100 substâncias conhecidas (das quais 92 ocorrem naturalmente) que não podem ser separadas em substâncias mais simples e que constituem isoladamente ou em combinação toda a matéria,elemento químico
natura,lilaLemma:113421,14622893-n,substância,qualquer uma das mais de 100 substâncias conhecidas (das quais 92 ocorrem naturalmente) que não podem ser separadas em substâncias mais simples e que constituem isoladamente ou em combinação toda a matéria,elemento
natura,lilaLemma:113421,04785908-n,atributo,"a qualidade de ser natural, ou com base em princípios naturais",naturalidade
natura,lilaLemma:113421,05624042-n,cognição,habilidades naturais ou qualidades,dom
natura,lilaLemma:113421,05624042-n,cognição,habilidades naturais ou qualidades,talento
natura,lilaLemma:113421,13920835-n,estado,um estado em um determinado momento,Estado
natura,lilaLemma:113421,13920835-n,estado,um estado em um determinado momento,condição
natura,lilaLemma:113421,13920835-n,estado,um estado em um determinado momento,estado
natura,lilaLemma:113421,13920835-n,estado,um estado em um determinado momento,situação
natura,lilaLemma:113421,13920835-n,estado,um estado em um determinado momento,estatuto
natura,lilaLemma:113421,05514081-n,corpo,órgão sexual externo,genitália
natura,lilaLemma:113421,05514081-n,corpo,órgão sexual externo,sexo
natura,lilaLemma:113421,00019613-n,conceito,o físico real importa-se de que uma pessoa ou coisa consiste,substância
natura,lilaLemma:113421,07551052-n,sentimento,um estado característica (habitual ou relativamente temporário) de sentimento,humor
natura,lilaLemma:113421,00020090-n,conceito,um determinado tipo ou espécie de matéria com propriedades uniformes,substância
natura,lilaLemma:113421,13945919-n,estado,a posição relativa ou pé de coisas ou pessoas especialmente em uma sociedade,classe
natura,lilaLemma:113421,13945919-n,estado,a posição relativa ou pé de coisas ou pessoas especialmente em uma sociedade,condição
natura,lilaLemma:113421,13945919-n,estado,a posição relativa ou pé de coisas ou pessoas especialmente em uma sociedade,estado
natura,lilaLemma:113421,13945919-n,estado,a posição relativa ou pé de coisas ou pessoas especialmente em uma sociedade,posição
natura,lilaLemma:113421,13945919-n,estado,a posição relativa ou pé de coisas ou pessoas especialmente em uma sociedade,status
natura,lilaLemma:113421,13945919-n,estado,a posição relativa ou pé de coisas ou pessoas especialmente em uma sociedade,estatuto
natura,lilaLemma:113421,13945919-n,estado,a posição relativa ou pé de coisas ou pessoas especialmente em uma sociedade,lugar
natura,lilaLemma:113421,11408559-n,fenômeno,todos os fenômenos que não são artificiais,Fenómeno natural
natura,lilaLemma:113421,11408559-n,fenômeno,todos os fenômenos que não são artificiais,Fenômeno natural
natura,lilaLemma:113421,04620216-n,atributo,o complexo inerente de atributos que determina uma pessoas ações e reações morais e éticos,caráter
natura,lilaLemma:113421,04620216-n,atributo,o complexo inerente de atributos que determina uma pessoas ações e reações morais e éticos,personalidade
natura,lilaLemma:113421,04726724-n,atributo,as qualidades essenciais ou características pelas quais algo é reconhecido,natureza
natura,lilaLemma:113421,07997703-n,grupo,uma coleção de coisas partilha de um atributo comum,categoria
natura,lilaLemma:113421,07997703-n,grupo,uma coleção de coisas partilha de um atributo comum,classe
natura,lilaLemma:113421,07997703-n,grupo,uma coleção de coisas partilha de um atributo comum,família
natura,lilaLemma:113421,07997703-n,grupo,uma coleção de coisas partilha de um atributo comum,grupo
natura,lilaLemma:113421,07997703-n,grupo,uma coleção de coisas partilha de um atributo comum,cartel
natura,lilaLemma:113421,07997703-n,grupo,uma coleção de coisas partilha de um atributo comum,número
natura,lilaLemma:113421,07997703-n,grupo,uma coleção de coisas partilha de um atributo comum,rol
natura,lilaLemma:113421,04623113-n,atributo,o complexo de atributos emocionais e intelectuais que determinam as ações e reações características de uma pessoa,natureza
natura,lilaLemma:113421,04623113-n,atributo,o complexo de atributos emocionais e intelectuais que determinam as ações e reações características de uma pessoa,índole
natura,lilaLemma:113421,04623113-n,atributo,o complexo de atributos emocionais e intelectuais que determinam as ações e reações características de uma pessoa,naturaleza
natura,lilaLemma:113421,05849284-n,cognição,uma propriedade característica que define a natureza individual aparente de algo,qualidade
natura,lilaLemma:113421,05849284-n,cognição,uma propriedade característica que define a natureza individual aparente de algo,característica
natura,lilaLemma:113421,05849284-n,cognição,uma propriedade característica que define a natureza individual aparente de algo,carácter
natura,lilaLemma:113421,04920867-n,atributo,o total de atributos herdados,herança
natura,lilaLemma:113421,04920867-n,atributo,o total de atributos herdados,hereditariedade
natura,lilaLemma:113421,09366762-n,objeto,"o mundo físico natural, incluindo plantas e animais e paisagens etc.",Natureza
natura,lilaLemma:113421,00038262-n,ação,curso de ação,caminho
natura,lilaLemma:113421,00038262-n,ação,curso de ação,conduta
natura,lilaLemma:113421,00038262-n,ação,curso de ação,corrente
natura,lilaLemma:113421,00038262-n,ação,curso de ação,curso
natura,lilaLemma:113421,00038262-n,ação,curso de ação,curso de ação
natura,lilaLemma:113421,00038262-n,ação,curso de ação,trâmite
natura,lilaLemma:113421,09387222-n,objeto,uma linha ou rota ao longo do qual algo viaja ou se move,caminho
natura,lilaLemma:113421,09387222-n,objeto,uma linha ou rota ao longo do qual algo viaja ou se move,curso
natura,lilaLemma:113421,09387222-n,objeto,uma linha ou rota ao longo do qual algo viaja ou se move,direcção
natura,lilaLemma:113421,09387222-n,objeto,uma linha ou rota ao longo do qual algo viaja ou se move,trajetória
nec,lilaLemma:113512,00024073-r,advérbio,negação de uma palavra ou grupo de palavras,nem
nec,lilaLemma:113512,00024073-r,advérbio,negação de uma palavra ou grupo de palavras,não
nec,lilaLemma:113512,00024073-r,advérbio,negação de uma palavra ou grupo de palavras,tampouco
nec,lilaLemma:113512,00024073-r,advérbio,negação de uma palavra ou grupo de palavras,tão-pouco
nomen,lilaLemma:113797,07970721-n,grupo,pessoas descendem de um ancestral comum,família
nomen,lilaLemma:113797,06319293-n,comunicação,"uma palavra de conteúdo que pode ser usada para se referir a uma pessoa, lugar, coisa, qualidade ou ação",nome
nomen,lilaLemma:113797,06319293-n,comunicação,"uma palavra de conteúdo que pode ser usada para se referir a uma pessoa, lugar, coisa, qualidade ou ação",substantivo
nomen,lilaLemma:113797,08078020-n,grupo,uma unidade social que vivem juntos,casa
nomen,lilaLemma:113797,08078020-n,grupo,uma unidade social que vivem juntos,família
nomen,lilaLemma:113797,08078020-n,grupo,uma unidade social que vivem juntos,lar
nomen,lilaLemma:113797,13398953-n,posse,a prestação temporária de dinheiro (geralmente a juros),crédito
nomen,lilaLemma:113797,13398953-n,posse,a prestação temporária de dinheiro (geralmente a juros),empréstimo
nomen,lilaLemma:113797,14438788-n,estado,A reputação de uma pessoa,nome
nomen,lilaLemma:113797,10344443-n,pessoa,uma pessoa bem conhecida ou notável,figura publica
nomen,lilaLemma:113797,10344443-n,pessoa,uma pessoa bem conhecida ou notável,nome
nomen,lilaLemma:113797,10344443-n,pessoa,uma pessoa bem conhecida ou notável,pessoa
nomen,lilaLemma:113797,10344443-n,pessoa,uma pessoa bem conhecida ou notável,figura
nomen,lilaLemma:113797,00007846-n,conceito,ser humano,alguém
nomen,lilaLemma:113797,00007846-n,conceito,ser humano,alma
nomen,lilaLemma:113797,00007846-n,conceito,ser humano,indivíduo
nomen,lilaLemma:113797,00007846-n,conceito,ser humano,pessoa
nomen,lilaLemma:113797,00007846-n,conceito,ser humano,ser humano
nomen,lilaLemma:113797,00007846-n,conceito,ser humano,cidadão
nomen,lilaLemma:113797,00007846-n,conceito,ser humano,corpo
nomen,lilaLemma:113797,00007846-n,conceito,ser humano,humano
nomen,lilaLemma:113797,00007846-n,conceito,ser humano,individualidade
nomen,lilaLemma:113797,00007846-n,conceito,ser humano,indíviduo
nomen,lilaLemma:113797,00007846-n,conceito,ser humano,mortal
nomen,lilaLemma:113797,00007846-n,conceito,ser humano,sujeito
nomen,lilaLemma:113797,14437552-n,estado,a condição de ser honrado (estimado ou respeitado ou bem visto),estima
nomen,lilaLemma:113797,14437552-n,estado,a condição de ser honrado (estimado ou respeitado ou bem visto),respeito
nomen,lilaLemma:113797,14437552-n,estado,a condição de ser honrado (estimado ou respeitado ou bem visto),apreço
nomen,lilaLemma:113797,14437552-n,estado,a condição de ser honrado (estimado ou respeitado ou bem visto),consideração
nomen,lilaLemma:113797,14437552-n,estado,a condição de ser honrado (estimado ou respeitado ou bem visto),estimação
nomen,lilaLemma:113797,07997703-n,grupo,uma coleção de coisas partilha de um atributo comum,categoria
nomen,lilaLemma:113797,07997703-n,grupo,uma coleção de coisas partilha de um atributo comum,classe
nomen,lilaLemma:113797,07997703-n,grupo,uma coleção de coisas partilha de um atributo comum,família
nomen,lilaLemma:113797,07997703-n,grupo,uma coleção de coisas partilha de um atributo comum,grupo
nomen,lilaLemma:113797,07997703-n,grupo,uma coleção de coisas partilha de um atributo comum,cartel
nomen,lilaLemma:113797,07997703-n,grupo,uma coleção de coisas partilha de um atributo comum,número
nomen,lilaLemma:113797,07997703-n,grupo,uma coleção de coisas partilha de um atributo comum,rol
nomen,lilaLemma:113797,13417410-n,posse,"um certificado de dívida (em geral com juros ou com desconto) que é emitido por um governo ou corporação, a fim de arrecadar dinheiro; o emitente é obrigado a pagar uma quantia fixa anualmente, até o vencimento e, em seguida, um montante fixo para reembolsar o capital",Obrigação
nomen,lilaLemma:113797,13417410-n,posse,"um certificado de dívida (em geral com juros ou com desconto) que é emitido por um governo ou corporação, a fim de arrecadar dinheiro; o emitente é obrigado a pagar uma quantia fixa anualmente, até o vencimento e, em seguida, um montante fixo para reembolsar o capital",Títulos financeiros
nomen,lilaLemma:113797,13417410-n,posse,"um certificado de dívida (em geral com juros ou com desconto) que é emitido por um governo ou corporação, a fim de arrecadar dinheiro; o emitente é obrigado a pagar uma quantia fixa anualmente, até o vencimento e, em seguida, um montante fixo para reembolsar o capital",obrigação
nomen,lilaLemma:113797,06343971-n,comunicação,uma linha de texto que serve para indicar que a passagem abaixo é sobre,encabeçamento
nomen,lilaLemma:113797,06338908-n,comunicação,identificação ou mais palavras por que alguém ou alguma coisa é chamado e classificados ou distinguem dos outros,antenome
nomen,lilaLemma:113797,06338908-n,comunicação,identificação ou mais palavras por que alguém ou alguma coisa é chamado e classificados ou distinguem dos outros,denominação
nomen,lilaLemma:113797,06338908-n,comunicação,identificação ou mais palavras por que alguém ou alguma coisa é chamado e classificados ou distinguem dos outros,nome
nomen,lilaLemma:113797,06338908-n,comunicação,identificação ou mais palavras por que alguém ou alguma coisa é chamado e classificados ou distinguem dos outros,nome de batismo
nomen,lilaLemma:113797,06338908-n,comunicação,identificação ou mais palavras por que alguém ou alguma coisa é chamado e classificados ou distinguem dos outros,nome próprio
nomen,lilaLemma:113797,06338908-n,comunicação,identificação ou mais palavras por que alguém ou alguma coisa é chamado e classificados ou distinguem dos outros,prenome
nomen,lilaLemma:113797,06338908-n,comunicação,identificação ou mais palavras por que alguém ou alguma coisa é chamado e classificados ou distinguem dos outros,primeiro nome
nomen,lilaLemma:113797,06338908-n,comunicação,identificação ou mais palavras por que alguém ou alguma coisa é chamado e classificados ou distinguem dos outros,título
nomen,lilaLemma:113797,06338908-n,comunicação,identificação ou mais palavras por que alguém ou alguma coisa é chamado e classificados ou distinguem dos outros,designação
nomen,lilaLemma:113797,06336904-n,comunicação,o nome usado para identificar os membros de uma família,apelido
nomen,lilaLemma:113797,06336904-n,comunicação,o nome usado para identificar os membros de uma família,cognome
nomen,lilaLemma:113797,06336904-n,comunicação,o nome usado para identificar os membros de uma família,nome de família
nomen,lilaLemma:113797,06336904-n,comunicação,o nome usado para identificar os membros de uma família,sobrenome
nomen,lilaLemma:113797,07972279-n,grupo,família baseada na descendência masculina,Gens
nomen,lilaLemma:113797,07972279-n,grupo,família baseada na descendência masculina,gens
nomen,lilaLemma:113797,06317862-n,comunicação,"a classe de palavra que pode servir como o assunto ou o objeto de um verbo, o objeto de uma preposição, ou em aposição",nominal
nomen,lilaLemma:113797,06317862-n,comunicação,"a classe de palavra que pode servir como o assunto ou o objeto de um verbo, o objeto de uma preposição, ou em aposição",substantivo
nomen,lilaLemma:113797,06317862-n,comunicação,"a classe de palavra que pode servir como o assunto ou o objeto de um verbo, o objeto de uma preposição, ou em aposição",nome
nomen,lilaLemma:113797,06333653-n,comunicação,uma unidade de linguagem pela qual uma pessoa ou coisa é conhecida,antenome
nomen,lilaLemma:113797,06333653-n,comunicação,uma unidade de linguagem pela qual uma pessoa ou coisa é conhecida,nome
nomen,lilaLemma:113797,06333653-n,comunicação,uma unidade de linguagem pela qual uma pessoa ou coisa é conhecida,nome de batismo
nomen,lilaLemma:113797,06333653-n,comunicação,uma unidade de linguagem pela qual uma pessoa ou coisa é conhecida,nome próprio
nomen,lilaLemma:113797,06333653-n,comunicação,uma unidade de linguagem pela qual uma pessoa ou coisa é conhecida,prenome
nomen,lilaLemma:113797,06333653-n,comunicação,uma unidade de linguagem pela qual uma pessoa ou coisa é conhecida,primeiro nome
nomen,lilaLemma:113797,08101937-n,grupo,os descendentes de um indivíduo,descendência
nomen,lilaLemma:113797,08101937-n,grupo,os descendentes de um indivíduo,família
nomen,lilaLemma:113797,08101937-n,grupo,os descendentes de um indivíduo,linhagem
nomen,lilaLemma:113797,08101937-n,grupo,os descendentes de um indivíduo,sangue
nomen,lilaLemma:113797,08101937-n,grupo,os descendentes de um indivíduo,aniagem
nomen,lilaLemma:113797,08101937-n,grupo,os descendentes de um indivíduo,ascedência
nomen,lilaLemma:113797,08101937-n,grupo,os descendentes de um indivíduo,ascendência
nomen,lilaLemma:113797,08101937-n,grupo,os descendentes de um indivíduo,casta
nomen,lilaLemma:113797,08101937-n,grupo,os descendentes de um indivíduo,cepa
nomen,lilaLemma:113797,08101937-n,grupo,os descendentes de um indivíduo,estema
nomen,lilaLemma:113797,08101937-n,grupo,os descendentes de um indivíduo,estirpe
nomen,lilaLemma:113797,08101937-n,grupo,os descendentes de um indivíduo,filiação
nomen,lilaLemma:113797,08101937-n,grupo,os descendentes de um indivíduo,genealogia
nomen,lilaLemma:113797,08101937-n,grupo,os descendentes de um indivíduo,linha
nomen,lilaLemma:113797,08101937-n,grupo,os descendentes de um indivíduo,origem
nomen,lilaLemma:113797,08101937-n,grupo,os descendentes de um indivíduo,parentela
nomen,lilaLemma:113797,08101937-n,grupo,os descendentes de um indivíduo,parentesco
nomen,lilaLemma:113797,08101937-n,grupo,os descendentes de um indivíduo,procedência
nomen,lilaLemma:113797,08101937-n,grupo,os descendentes de um indivíduo,prosápia
nomen,lilaLemma:113797,08101937-n,grupo,os descendentes de um indivíduo,ramo
nomen,lilaLemma:113797,08101937-n,grupo,os descendentes de um indivíduo,raça
nomen,lilaLemma:113797,08101937-n,grupo,os descendentes de um indivíduo,serapilheira
nomen,lilaLemma:113797,05838765-n,cognição,um conceito geral que marca divisões ou coordenações em um esquema conceitual,categoria
nomen,lilaLemma:113797,05838765-n,cognição,um conceito geral que marca divisões ou coordenações em um esquema conceitual,classe
nomen,lilaLemma:113797,05838765-n,cognição,um conceito geral que marca divisões ou coordenações em um esquema conceitual,família
nomen,lilaLemma:113797,07970406-n,grupo,grupo social primário; pais e filhos,família
nomen,lilaLemma:113797,06303540-n,comunicação,"qualquer palavra ou grupo de palavras, funcionando como um substantivo",substantivo
pars,lilaLemma:116084,13809207-n,relação,algo determinado em relação a algo que o inclui,categoria
pars,lilaLemma:116084,13809207-n,relação,algo determinado em relação a algo que o inclui,componente
pars,lilaLemma:116084,13809207-n,relação,algo determinado em relação a algo que o inclui,parte
pars,lilaLemma:116084,13809207-n,relação,algo determinado em relação a algo que o inclui,porção
pars,lilaLemma:116084,00787465-n,ação,o papel desempenhado por uma pessoa em trazer um resultado,contribuição
pars,lilaLemma:116084,00787465-n,ação,o papel desempenhado por uma pessoa em trazer um resultado,contributo
pars,lilaLemma:116084,00787465-n,ação,o papel desempenhado por uma pessoa em trazer um resultado,parte
pars,lilaLemma:116084,00787465-n,ação,o papel desempenhado por uma pessoa em trazer um resultado,participação
pars,lilaLemma:116084,10402824-n,pessoa,uma pessoa envolvida em processos judiciais,parte
pars,lilaLemma:116084,08256968-n,grupo,uma organização para ganhar poder político,chapa
pars,lilaLemma:116084,08256968-n,grupo,uma organização para ganhar poder político,legenda
pars,lilaLemma:116084,08256968-n,grupo,uma organização para ganhar poder político,partido
pars,lilaLemma:116084,08256968-n,grupo,uma organização para ganhar poder político,partido político
pars,lilaLemma:116084,08256968-n,grupo,uma organização para ganhar poder político,parte
pars,lilaLemma:116084,03932203-n,artefato,uma parte separada de um todo,pedaço
pars,lilaLemma:116084,03932203-n,artefato,uma parte separada de um todo,peça
pars,lilaLemma:116084,14473222-n,estado,suas circunstâncias ou situação na vida em geral (incluindo tudo o que acontece com você),circunstâncias
pars,lilaLemma:116084,14473222-n,estado,suas circunstâncias ou situação na vida em geral (incluindo tudo o que acontece com você),destino
pars,lilaLemma:116084,14473222-n,estado,suas circunstâncias ou situação na vida em geral (incluindo tudo o que acontece com você),sina
pars,lilaLemma:116084,14473222-n,estado,suas circunstâncias ou situação na vida em geral (incluindo tudo o que acontece com você),sorte
pars,lilaLemma:116084,14473222-n,estado,suas circunstâncias ou situação na vida em geral (incluindo tudo o que acontece com você),acaso
pars,lilaLemma:116084,14473222-n,estado,suas circunstâncias ou situação na vida em geral (incluindo tudo o que acontece com você),adversidade
pars,lilaLemma:116084,14473222-n,estado,suas circunstâncias ou situação na vida em geral (incluindo tudo o que acontece com você),azar
pars,lilaLemma:116084,14473222-n,estado,suas circunstâncias ou situação na vida em geral (incluindo tudo o que acontece com você),bambúrrio
pars,lilaLemma:116084,14473222-n,estado,suas circunstâncias ou situação na vida em geral (incluindo tudo o que acontece com você),classe
pars,lilaLemma:116084,14473222-n,estado,suas circunstâncias ou situação na vida em geral (incluindo tudo o que acontece com você),destinação
pars,lilaLemma:116084,14473222-n,estado,suas circunstâncias ou situação na vida em geral (incluindo tudo o que acontece com você),direção
pars,lilaLemma:116084,14473222-n,estado,suas circunstâncias ou situação na vida em geral (incluindo tudo o que acontece com você),dita
pars,lilaLemma:116084,14473222-n,estado,suas circunstâncias ou situação na vida em geral (incluindo tudo o que acontece com você),espécie
pars,lilaLemma:116084,14473222-n,estado,suas circunstâncias ou situação na vida em geral (incluindo tudo o que acontece com você),estofa
pars,lilaLemma:116084,14473222-n,estado,suas circunstâncias ou situação na vida em geral (incluindo tudo o que acontece com você),estofo
pars,lilaLemma:116084,14473222-n,estado,suas circunstâncias ou situação na vida em geral (incluindo tudo o que acontece com você),estreia
pars,lilaLemma:116084,14473222-n,estado,suas circunstâncias ou situação na vida em geral (incluindo tudo o que acontece com você),estrela
pars,lilaLemma:116084,14473222-n,estado,suas circunstâncias ou situação na vida em geral (incluindo tudo o que acontece com você),existência
pars,lilaLemma:116084,14473222-n,estado,suas circunstâncias ou situação na vida em geral (incluindo tudo o que acontece com você),fado
pars,lilaLemma:116084,14473222-n,estado,suas circunstâncias ou situação na vida em geral (incluindo tudo o que acontece com você),fatalidade
pars,lilaLemma:116084,14473222-n,estado,suas circunstâncias ou situação na vida em geral (incluindo tudo o que acontece com você),fatalismo
pars,lilaLemma:116084,14473222-n,estado,suas circunstâncias ou situação na vida em geral (incluindo tudo o que acontece com você),fortuna
pars,lilaLemma:116084,14473222-n,estado,suas circunstâncias ou situação na vida em geral (incluindo tudo o que acontece com você),futuro
pars,lilaLemma:116084,14473222-n,estado,suas circunstâncias ou situação na vida em geral (incluindo tudo o que acontece com você),género
pars,lilaLemma:116084,14473222-n,estado,suas circunstâncias ou situação na vida em geral (incluindo tudo o que acontece com você),infortúnio
pars,lilaLemma:116084,14473222-n,estado,suas circunstâncias ou situação na vida em geral (incluindo tudo o que acontece com você),laia
pars,lilaLemma:116084,14473222-n,estado,suas circunstâncias ou situação na vida em geral (incluindo tudo o que acontece com você),presságio
pars,lilaLemma:116084,14473222-n,estado,suas circunstâncias ou situação na vida em geral (incluindo tudo o que acontece com você),providência
pars,lilaLemma:116084,14473222-n,estado,suas circunstâncias ou situação na vida em geral (incluindo tudo o que acontece com você),sestro
pars,lilaLemma:116084,14473222-n,estado,suas circunstâncias ou situação na vida em geral (incluindo tudo o que acontece com você),sortilégio
pars,lilaLemma:116084,14473222-n,estado,suas circunstâncias ou situação na vida em geral (incluindo tudo o que acontece com você),ventura
pars,lilaLemma:116084,14473222-n,estado,suas circunstâncias ou situação na vida em geral (incluindo tudo o que acontece com você),vida
pars,lilaLemma:116084,03892891-n,artefato,algo menos do que a totalidade de um artefato humano,parte
pars,lilaLemma:116084,03892891-n,artefato,algo menos do que a totalidade de um artefato humano,porção
pars,lilaLemma:116084,08408709-n,grupo,um de dois ou mais grupos de impugnação,ala
pars,lilaLemma:116084,08408709-n,grupo,um de dois ou mais grupos de impugnação,asa
pars,lilaLemma:116084,08408709-n,grupo,um de dois ou mais grupos de impugnação,facção
pars,lilaLemma:116084,08251877-n,grupo,uma panelinha dissidente,facção
pars,lilaLemma:116084,08251877-n,grupo,uma panelinha dissidente,seita
pars,lilaLemma:116084,08251877-n,grupo,uma panelinha dissidente,fação
pars,lilaLemma:116084,08251877-n,grupo,uma panelinha dissidente,partido
pars,lilaLemma:116084,01085098-n,ação,"a distribuição de uma certa quantia, dividindo alguma coisa",parcela
pars,lilaLemma:116084,01085098-n,ação,"a distribuição de uma certa quantia, dividindo alguma coisa",parte
pars,lilaLemma:116084,05929008-n,cognição,A interpretação de um ator de alguém em um jogo,papel
pars,lilaLemma:116084,05929008-n,cognição,A interpretação de um ator de alguém em um jogo,personagem
pars,lilaLemma:116084,05929008-n,cognição,A interpretação de um ator de alguém em um jogo,parte
pars,lilaLemma:116084,05149325-n,atributo,o que uma coisa é usada para,função
pars,lilaLemma:116084,05149325-n,atributo,o que uma coisa é usada para,propósito
pars,lilaLemma:116084,05149325-n,atributo,o que uma coisa é usada para,papel
pars,lilaLemma:116084,10307234-n,pessoa,uma das pessoas que a compõem um grupo social (especialmente os indivíduos que se juntaram e participar de uma organização do grupo),membro
pars,lilaLemma:116084,00586262-n,ação,um trabalho em uma organização,cargo
pars,lilaLemma:116084,00586262-n,ação,um trabalho em uma organização,posição
pars,lilaLemma:116084,00586262-n,ação,um trabalho em uma organização,posto
pars,lilaLemma:116084,00586262-n,ação,um trabalho em uma organização,função
pars,lilaLemma:116084,00586262-n,ação,um trabalho em uma organização,local
pars,lilaLemma:116084,00586262-n,ação,um trabalho em uma organização,lugar
pars,lilaLemma:116084,00586262-n,ação,um trabalho em uma organização,situação
pars,lilaLemma:116084,07578363-n,comida,uma quantidade individual de comida ou bebida tomada como parte de uma refeição,porção
pars,lilaLemma:116084,08630985-n,lugar,um grande local indeterminado na superfície da terra,região
pars,lilaLemma:116084,00720565-n,ação,ações e atividades atribuídas ou necessárias ou esperadas de uma pessoa ou grupo,função
pars,lilaLemma:116084,00720565-n,ação,ações e atividades atribuídas ou necessárias ou esperadas de uma pessoa ou grupo,papel
pars,lilaLemma:116084,00720565-n,ação,ações e atividades atribuídas ou necessárias ou esperadas de uma pessoa ou grupo,ofício
pars,lilaLemma:116084,08252602-n,grupo,um grupo de pessoas se reuniram para o prazer,festa
pars,lilaLemma:116084,05221895-n,corpo,Uma parte de um animal que tem uma função especial ou é alimentada por uma determinada artéria ou nervo,região
pars,lilaLemma:116084,05221895-n,corpo,Uma parte de um animal que tem uma função especial ou é alimentada por uma determinada artéria ou nervo,espaço
pars,lilaLemma:116084,05221895-n,corpo,Uma parte de um animal que tem uma função especial ou é alimentada por uma determinada artéria ou nervo,extensão
pars,lilaLemma:116084,05221895-n,corpo,Uma parte de um animal que tem uma função especial ou é alimentada por uma determinada artéria ou nervo,termo
pars,lilaLemma:116084,05221895-n,corpo,Uma parte de um animal que tem uma função especial ou é alimentada por uma determinada artéria ou nervo,território
pars,lilaLemma:116084,05221895-n,corpo,Uma parte de um animal que tem uma função especial ou é alimentada por uma determinada artéria ou nervo,zona
pars,lilaLemma:116084,05221895-n,corpo,Uma parte de um animal que tem uma função especial ou é alimentada por uma determinada artéria ou nervo,área
parum,lilaLemma:116130,00100002-r,advérbio,não muito,pouco
parum,lilaLemma:116130,00145854-r,advérbio,a um grau insuficiente,insuficientemente
pater,lilaLemma:116203,10399491-n,pessoa,um pai ou mãe; aquele que gera ou aquele que dá à luz ou nutre e levanta uma criança; um parente que desempenha o papel de guardião,genitor
pater,lilaLemma:116203,10399491-n,pessoa,um pai ou mãe; aquele que gera ou aquele que dá à luz ou nutre e levanta uma criança; um parente que desempenha o papel de guardião,mãe
pater,lilaLemma:116203,10399491-n,pessoa,um pai ou mãe; aquele que gera ou aquele que dá à luz ou nutre e levanta uma criança; um parente que desempenha o papel de guardião,pai
pater,lilaLemma:116203,10399491-n,pessoa,um pai ou mãe; aquele que gera ou aquele que dá à luz ou nutre e levanta uma criança; um parente que desempenha o papel de guardião,progenitor
pater,lilaLemma:116203,10080869-n,pessoa,um pai masculino (também usado como um termo de endereço de seu pai),pai
pater,lilaLemma:116203,10080869-n,pessoa,um pai masculino (também usado como um termo de endereço de seu pai),painho
pater,lilaLemma:116203,10080869-n,pessoa,um pai masculino (também usado como um termo de endereço de seu pai),papai
pater,lilaLemma:116203,10080869-n,pessoa,um pai masculino (também usado como um termo de endereço de seu pai),papá
pater,lilaLemma:116203,10080869-n,pessoa,um pai masculino (também usado como um termo de endereço de seu pai),padre
pater,lilaLemma:116203,10080869-n,pessoa,um pai masculino (também usado como um termo de endereço de seu pai),papa
pater,lilaLemma:116203,09536973-n,pessoa,Deus quando considerado como a primeira pessoa na Trindade,Pai
pater,lilaLemma:116203,10102800-n,pessoa,o fundador de uma família,antepassado
pater,lilaLemma:116203,10102800-n,pessoa,o fundador de uma família,padre
pater,lilaLemma:116203,10102800-n,pessoa,o fundador de uma família,pai
pater,lilaLemma:116203,09807754-n,pessoa,um membro da aristocracia,aristocrata
pater,lilaLemma:116203,09807754-n,pessoa,um membro da aristocracia,patrício
pater,lilaLemma:116203,01323355-n,animal,"progenitor masculino de um animal, especialmente um animal doméstico tal como um cavalo",padre
pater,lilaLemma:116203,01323355-n,animal,"progenitor masculino de um animal, especialmente um animal doméstico tal como um cavalo",pai
pater,lilaLemma:116203,10081456-n,pessoa,uma pessoa que tem uma posição importante ou distinto em alguma organização,padre
pater,lilaLemma:116203,10081456-n,pessoa,uma pessoa que tem uma posição importante ou distinto em alguma organização,pai
pater,lilaLemma:116203,10578471-n,pessoa,um membro de um senado,senador
pater,lilaLemma:116203,10578471-n,pessoa,um membro de um senado,senadora
pater,lilaLemma:116203,10107303-n,pessoa,uma pessoa que funda ou estabelece alguma instituição,fundador
pater,lilaLemma:116203,10107303-n,pessoa,uma pessoa que funda ou estabelece alguma instituição,idealizador
pater,lilaLemma:116203,10107303-n,pessoa,uma pessoa que funda ou estabelece alguma instituição,iniciador
pater,lilaLemma:116203,10107303-n,pessoa,uma pessoa que funda ou estabelece alguma instituição,pai
pater,lilaLemma:116203,10107303-n,pessoa,uma pessoa que funda ou estabelece alguma instituição,padre
pecunia,lilaLemma:116369,13384557-n,posse,o meio mais comum de troca; funciona como moeda legal,dinheiro
pecunia,lilaLemma:116369,13384557-n,posse,o meio mais comum de troca; funciona como moeda legal,divisa
pecunia,lilaLemma:116369,13384557-n,posse,o meio mais comum de troca; funciona como moeda legal,moeda
pecunia,lilaLemma:116369,13353280-n,posse,uma abundância de bens e recursos materiais,Riqueza
pecunia,lilaLemma:116369,13353280-n,posse,uma abundância de bens e recursos materiais,riqueza
pecunia,lilaLemma:116369,13353280-n,posse,uma abundância de bens e recursos materiais,bens
pecunia,lilaLemma:116369,13353280-n,posse,uma abundância de bens e recursos materiais,dinheiro
pecunia,lilaLemma:116369,13353280-n,posse,uma abundância de bens e recursos materiais,faculdade
pecunia,lilaLemma:116369,13353280-n,posse,uma abundância de bens e recursos materiais,posses
pecunia,lilaLemma:116369,13353280-n,posse,uma abundância de bens e recursos materiais,riquezas
pecunia,lilaLemma:116369,13353280-n,posse,uma abundância de bens e recursos materiais,volume
pecunia,lilaLemma:116369,13384877-n,posse,a moeda oficial emitida por um governo ou banco nacional,dinheiro
pecunia,lilaLemma:116369,13384877-n,posse,a moeda oficial emitida por um governo ou banco nacional,divisa
pecunia,lilaLemma:116369,13384877-n,posse,a moeda oficial emitida por um governo ou banco nacional,moeda
pecunia,lilaLemma:116369,13245626-n,posse,bens móveis (como distinguir imobiliário),bem
pecunia,lilaLemma:116369,13245626-n,posse,bens móveis (como distinguir imobiliário),património
pecunia,lilaLemma:116369,13245626-n,posse,bens móveis (como distinguir imobiliário),patrimônio
pecunia,lilaLemma:116369,13245626-n,posse,bens móveis (como distinguir imobiliário),pertence
pecunia,lilaLemma:116369,13331198-n,posse,uma quantidade de dinheiro,custo
pecunia,lilaLemma:116369,13331198-n,posse,uma quantidade de dinheiro,montante
pecunia,lilaLemma:116369,13331198-n,posse,uma quantidade de dinheiro,quantidade
pecunia,lilaLemma:116369,13331198-n,posse,uma quantidade de dinheiro,soma
pecunia,lilaLemma:116369,13250398-n,posse,propriedade que tem utilidade econômica: um valor monetário ou um valor de troca,bem
pecunia,lilaLemma:116369,13250398-n,posse,propriedade que tem utilidade econômica: um valor monetário ou um valor de troca,possessão
pecunia,lilaLemma:116369,13250398-n,posse,propriedade que tem utilidade econômica: um valor monetário ou um valor de troca,riqueza
pecunia,lilaLemma:116369,13250398-n,posse,propriedade que tem utilidade econômica: um valor monetário ou um valor de troca,fortuna
pecunia,lilaLemma:116369,14491271-n,estado,o estado de ser rico e afluente; ter uma oferta abundante de bens materiais e dinheiro,abundancia
pecunia,lilaLemma:116369,14491271-n,estado,o estado de ser rico e afluente; ter uma oferta abundante de bens materiais e dinheiro,poder
pecunia,lilaLemma:116369,14491271-n,estado,o estado de ser rico e afluente; ter uma oferta abundante de bens materiais e dinheiro,riqueza
pecunia,lilaLemma:116369,14491271-n,estado,o estado de ser rico e afluente; ter uma oferta abundante de bens materiais e dinheiro,abastança
pecunia,lilaLemma:116369,14491271-n,estado,o estado de ser rico e afluente; ter uma oferta abundante de bens materiais e dinheiro,abundância
pecunia,lilaLemma:116369,14491271-n,estado,o estado de ser rico e afluente; ter uma oferta abundante de bens materiais e dinheiro,fartura
pecunia,lilaLemma:116369,13250542-n,posse,riqueza contada em termos de dinheiro,dinheiro
periculum,lilaLemma:116930,14530403-n,estado,o estado de ser legalmente obrigado e responsável,responsabilidade
periculum,lilaLemma:116930,14530403-n,estado,o estado de ser legalmente obrigado e responsável,responsabilização
periculum,lilaLemma:116930,14541852-n,estado,uma fonte de perigo; a possibilidade de ocorrência de perda ou infortúnio,ameaça
periculum,lilaLemma:116930,14541852-n,estado,uma fonte de perigo; a possibilidade de ocorrência de perda ou infortúnio,perigo
periculum,lilaLemma:116930,14541852-n,estado,uma fonte de perigo; a possibilidade de ocorrência de perda ou infortúnio,risco
periculum,lilaLemma:116930,14541852-n,estado,uma fonte de perigo; a possibilidade de ocorrência de perda ou infortúnio,aperto
periculum,lilaLemma:116930,14541852-n,estado,uma fonte de perigo; a possibilidade de ocorrência de perda ou infortúnio,cachopo
periculum,lilaLemma:116930,14541852-n,estado,uma fonte de perigo; a possibilidade de ocorrência de perda ou infortúnio,contratempo
periculum,lilaLemma:116930,14541852-n,estado,uma fonte de perigo; a possibilidade de ocorrência de perda ou infortúnio,debuxo
periculum,lilaLemma:116930,14541852-n,estado,uma fonte de perigo; a possibilidade de ocorrência de perda ou infortúnio,defeito
periculum,lilaLemma:116930,14541852-n,estado,uma fonte de perigo; a possibilidade de ocorrência de perda ou infortúnio,desenho
periculum,lilaLemma:116930,14541852-n,estado,uma fonte de perigo; a possibilidade de ocorrência de perda ou infortúnio,desvantagem
periculum,lilaLemma:116930,14541852-n,estado,uma fonte de perigo; a possibilidade de ocorrência de perda ou infortúnio,esboço
periculum,lilaLemma:116930,14541852-n,estado,uma fonte de perigo; a possibilidade de ocorrência de perda ou infortúnio,estorvo
periculum,lilaLemma:116930,14541852-n,estado,uma fonte de perigo; a possibilidade de ocorrência de perda ou infortúnio,facada
periculum,lilaLemma:116930,14541852-n,estado,uma fonte de perigo; a possibilidade de ocorrência de perda ou infortúnio,inconveniente
periculum,lilaLemma:116930,14541852-n,estado,uma fonte de perigo; a possibilidade de ocorrência de perda ou infortúnio,incómodo
periculum,lilaLemma:116930,14541852-n,estado,uma fonte de perigo; a possibilidade de ocorrência de perda ou infortúnio,lance
periculum,lilaLemma:116930,14541852-n,estado,uma fonte de perigo; a possibilidade de ocorrência de perda ou infortúnio,mal
periculum,lilaLemma:116930,14541852-n,estado,uma fonte de perigo; a possibilidade de ocorrência de perda ou infortúnio,navalhada
periculum,lilaLemma:116930,14541852-n,estado,uma fonte de perigo; a possibilidade de ocorrência de perda ou infortúnio,novidade
periculum,lilaLemma:116930,14541852-n,estado,uma fonte de perigo; a possibilidade de ocorrência de perda ou infortúnio,prejuízo
periculum,lilaLemma:116930,14541852-n,estado,uma fonte de perigo; a possibilidade de ocorrência de perda ou infortúnio,problema
periculum,lilaLemma:116930,14541852-n,estado,uma fonte de perigo; a possibilidade de ocorrência de perda ou infortúnio,raio
periculum,lilaLemma:116930,14541852-n,estado,uma fonte de perigo; a possibilidade de ocorrência de perda ou infortúnio,revés
periculum,lilaLemma:116930,14541852-n,estado,uma fonte de perigo; a possibilidade de ocorrência de perda ou infortúnio,risca
periculum,lilaLemma:116930,14541852-n,estado,uma fonte de perigo; a possibilidade de ocorrência de perda ou infortúnio,transtorno
periculum,lilaLemma:116930,14541852-n,estado,uma fonte de perigo; a possibilidade de ocorrência de perda ou infortúnio,traça
periculum,lilaLemma:116930,14541852-n,estado,uma fonte de perigo; a possibilidade de ocorrência de perda ou infortúnio,traçado
periculum,lilaLemma:116930,00639556-n,ação,o ato de conduzir um teste ou investigação controlada,experimento
periculum,lilaLemma:116930,00639556-n,ação,o ato de conduzir um teste ou investigação controlada,experiência
periculum,lilaLemma:116930,00639556-n,ação,o ato de conduzir um teste ou investigação controlada,experimentação
periculum,lilaLemma:116930,00802238-n,ação,um risco empreendido sem levar em conta possíveis perdas ou danos,perigo
periculum,lilaLemma:116930,00802238-n,ação,um risco empreendido sem levar em conta possíveis perdas ou danos,risco
periculum,lilaLemma:116930,00786195-n,ação,atividade séria e consciente intencionada a fazer ou realizar algo,esforço
periculum,lilaLemma:116930,00786195-n,ação,atividade séria e consciente intencionada a fazer ou realizar algo,tentativa
periculum,lilaLemma:116930,05799212-n,cognição,tentando algo para descobrir sobre isso,ensaio
periculum,lilaLemma:116930,05799212-n,cognição,tentando algo para descobrir sobre isso,experiência
periculum,lilaLemma:116930,05799212-n,cognição,tentando algo para descobrir sobre isso,prova
periculum,lilaLemma:116930,05799212-n,cognição,tentando algo para descobrir sobre isso,teste
periculum,lilaLemma:116930,00785959-n,ação,um empreendimento em algo novo ou diferente,experimento
periculum,lilaLemma:116930,00785959-n,ação,um empreendimento em algo novo ou diferente,experiência
periculum,lilaLemma:116930,00785959-n,ação,um empreendimento em algo novo ou diferente,tentativa
periculum,lilaLemma:116930,00785959-n,ação,um empreendimento em algo novo ou diferente,prova
periculum,lilaLemma:116930,00785959-n,ação,um empreendimento em algo novo ou diferente,teste
periculum,lilaLemma:116930,01182654-n,ação,um termo abrangente para qualquer processo em um tribunal de direito segundo o qual um indivíduo procura uma solução jurídica,causa
periculum,lilaLemma:116930,01182654-n,ação,um termo abrangente para qualquer processo em um tribunal de direito segundo o qual um indivíduo procura uma solução jurídica,pleito
periculum,lilaLemma:116930,01182654-n,ação,um termo abrangente para qualquer processo em um tribunal de direito segundo o qual um indivíduo procura uma solução jurídica,processo
periculum,lilaLemma:116930,01182654-n,ação,um termo abrangente para qualquer processo em um tribunal de direito segundo o qual um indivíduo procura uma solução jurídica,processo judicial
periculum,lilaLemma:116930,00794367-n,ação,o ato de testes passando,esforço
periculum,lilaLemma:116930,00794367-n,ação,o ato de testes passando,tentativa
periculum,lilaLemma:116930,00794367-n,ação,o ato de testes passando,teste
periculum,lilaLemma:116930,00794367-n,ação,o ato de testes passando,exame
periculum,lilaLemma:116930,00794367-n,ação,o ato de testes passando,prova
periculum,lilaLemma:116930,00791078-n,ação,ato de testar algo,teste
periculum,lilaLemma:116930,00791078-n,ação,ato de testar algo,ensaio
periculum,lilaLemma:116930,00791078-n,ação,ato de testar algo,prova
periculum,lilaLemma:116930,01195867-n,ação,"(Lei) a determinação da culpa ou inocência de uma pessoa, atraves do processo legal apropriado",julgamento
periculum,lilaLemma:116930,01195867-n,ação,"(Lei) a determinação da culpa ou inocência de uma pessoa, atraves do processo legal apropriado",juízo
periculum,lilaLemma:116930,01195867-n,ação,"(Lei) a determinação da culpa ou inocência de uma pessoa, atraves do processo legal apropriado",processo
periculum,lilaLemma:116930,00787218-n,ação,uma tentativa provisória,ensaio
periculum,lilaLemma:116930,00787218-n,ação,uma tentativa provisória,tentativa
periculum,lilaLemma:116930,05824739-n,cognição,qualquer evidência factual que ajude a estabelecer a verdade de algo,confirmação
periculum,lilaLemma:116930,05824739-n,cognição,qualquer evidência factual que ajude a estabelecer a verdade de algo,prova
periculum,lilaLemma:116930,05798043-n,cognição,o teste de uma idéia,experimento
periculum,lilaLemma:116930,05798043-n,cognição,o teste de uma idéia,experiência
periculum,lilaLemma:116930,05798043-n,cognição,o teste de uma idéia,experiência científica
periculum,lilaLemma:116930,05798043-n,cognição,o teste de uma idéia,teste
periculum,lilaLemma:116930,05798043-n,cognição,o teste de uma idéia,ensaio
periculum,lilaLemma:116930,05798043-n,cognição,o teste de uma idéia,exame
periculum,lilaLemma:116930,05798043-n,cognição,o teste de uma idéia,experimentação
periculum,lilaLemma:116930,05798043-n,cognição,o teste de uma idéia,prova
periculum,lilaLemma:116930,06647614-n,comunicação,"uma série formal das declarações mostrando que, se uma coisa é verdade outra coisa segue necessariamente a partir dele",demonstração
periculum,lilaLemma:116930,06647614-n,comunicação,"uma série formal das declarações mostrando que, se uma coisa é verdade outra coisa segue necessariamente a partir dele",evidência
periculum,lilaLemma:116930,06647614-n,comunicação,"uma série formal das declarações mostrando que, se uma coisa é verdade outra coisa segue necessariamente a partir dele",prova
periculum,lilaLemma:116930,06647614-n,comunicação,"uma série formal das declarações mostrando que, se uma coisa é verdade outra coisa segue necessariamente a partir dele",teste
peto,lilaLemma:117549,02627934-v,estado,"requerer como util, correto ou apropriado.",demandar
peto,lilaLemma:117549,02627934-v,estado,"requerer como util, correto ou apropriado.",exigir
peto,lilaLemma:117549,02627934-v,estado,"requerer como util, correto ou apropriado.",precisar
peto,lilaLemma:117549,02627934-v,estado,"requerer como util, correto ou apropriado.",requerer
peto,lilaLemma:117549,02627934-v,estado,"requerer como util, correto ou apropriado.",requisitar
peto,lilaLemma:117549,02627934-v,estado,"requerer como util, correto ou apropriado.",clamar
peto,lilaLemma:117549,02627934-v,estado,"requerer como util, correto ou apropriado.",implicar
peto,lilaLemma:117549,02627934-v,estado,"requerer como util, correto ou apropriado.",instar
peto,lilaLemma:117549,02627934-v,estado,"requerer como util, correto ou apropriado.",intimar
peto,lilaLemma:117549,02627934-v,estado,"requerer como util, correto ou apropriado.",levar
peto,lilaLemma:117549,02627934-v,estado,"requerer como util, correto ou apropriado.",necessitar
peto,lilaLemma:117549,02627934-v,estado,"requerer como util, correto ou apropriado.",obrigar
peto,lilaLemma:117549,02627934-v,estado,"requerer como util, correto ou apropriado.",ordenar
peto,lilaLemma:117549,02627934-v,estado,"requerer como util, correto ou apropriado.",pedir
peto,lilaLemma:117549,02627934-v,estado,"requerer como util, correto ou apropriado.",pressupor
peto,lilaLemma:117549,02627934-v,estado,"requerer como util, correto ou apropriado.",pretender
peto,lilaLemma:117549,02627934-v,estado,"requerer como util, correto ou apropriado.",querer
peto,lilaLemma:117549,02627934-v,estado,"requerer como util, correto ou apropriado.",reclamar
peto,lilaLemma:117549,02627934-v,estado,"requerer como util, correto ou apropriado.",reivindicar
peto,lilaLemma:117549,02627934-v,estado,"requerer como util, correto ou apropriado.",rogar
peto,lilaLemma:117549,02627934-v,estado,"requerer como util, correto ou apropriado.",solicitar
peto,lilaLemma:117549,02627934-v,estado,"requerer como util, correto ou apropriado.",urgir
peto,lilaLemma:117549,00759269-v,comunicação,invocar em súplica; rogar,implorar
peto,lilaLemma:117549,00759269-v,comunicação,invocar em súplica; rogar,rogar
peto,lilaLemma:117549,00759269-v,comunicação,invocar em súplica; rogar,suplicar
peto,lilaLemma:117549,00759269-v,comunicação,invocar em súplica; rogar,pedir
peto,lilaLemma:117549,00759269-v,comunicação,invocar em súplica; rogar,rezar
peto,lilaLemma:117549,00755745-v,comunicação,considerar obrigatória; pedir e esperar,exigir
peto,lilaLemma:117549,00755745-v,comunicação,considerar obrigatória; pedir e esperar,requerer
peto,lilaLemma:117549,00755745-v,comunicação,considerar obrigatória; pedir e esperar,pedir
peto,lilaLemma:117549,01120069-v,competição,atacar alguém fisicamente ou emocionalmente,agredir
peto,lilaLemma:117549,01120069-v,competição,atacar alguém fisicamente ou emocionalmente,assaltar
peto,lilaLemma:117549,01120069-v,competição,atacar alguém fisicamente ou emocionalmente,atacar
peto,lilaLemma:117549,01120069-v,competição,atacar alguém fisicamente ou emocionalmente,acometer
peto,lilaLemma:117549,01120069-v,competição,atacar alguém fisicamente ou emocionalmente,arremeter
peto,lilaLemma:117549,01120069-v,competição,atacar alguém fisicamente ou emocionalmente,atirar
peto,lilaLemma:117549,01120069-v,competição,atacar alguém fisicamente ou emocionalmente,hostilizar
peto,lilaLemma:117549,01120069-v,competição,atacar alguém fisicamente ou emocionalmente,insultar
peto,lilaLemma:117549,01120069-v,competição,atacar alguém fisicamente ou emocionalmente,investir
peto,lilaLemma:117549,01120069-v,competição,atacar alguém fisicamente ou emocionalmente,opugnar
peto,lilaLemma:117549,01120069-v,competição,atacar alguém fisicamente ou emocionalmente,saltear
peto,lilaLemma:117549,01315613-v,contato,"tentar localizar ou descobrir, ou tentar estabelecer a existência de algo",buscar
peto,lilaLemma:117549,01315613-v,contato,"tentar localizar ou descobrir, ou tentar estabelecer a existência de algo",procurar
peto,lilaLemma:117549,01315613-v,contato,"tentar localizar ou descobrir, ou tentar estabelecer a existência de algo",explorar
peto,lilaLemma:117549,01315613-v,contato,"tentar localizar ou descobrir, ou tentar estabelecer a existência de algo",registar
peto,lilaLemma:117549,01315613-v,contato,"tentar localizar ou descobrir, ou tentar estabelecer a existência de algo",registrar
peto,lilaLemma:117549,01826378-v,emoção,expressar um desejo de,desejar
peto,lilaLemma:117549,00752493-v,comunicação,fazer um pedido ou a procura de algo para alguém,pedir
peto,lilaLemma:117549,02286687-v,posse,[find unexpectedly],achar
peto,lilaLemma:117549,02286687-v,posse,[find unexpectedly],descobrir
peto,lilaLemma:117549,02286687-v,posse,[find unexpectedly],encontrar
peto,lilaLemma:117549,00784342-v,comunicação,questionar sobre,indagar
peto,lilaLemma:117549,00784342-v,comunicação,questionar sobre,perguntar
peto,lilaLemma:117549,00784342-v,comunicação,questionar sobre,interrogar
peto,lilaLemma:117549,00784342-v,comunicação,questionar sobre,pedir
peto,lilaLemma:117549,00784342-v,comunicação,questionar sobre,solicitar
peto,lilaLemma:117549,00655555-v,cognição,"pensar, respeito, ou classificar sob um princípio subsumir ou com um grupo geral ou em relação a outro",referir
peto,lilaLemma:117549,01317533-v,contato,ir em busca de caça ou para,procurar
peto,lilaLemma:117549,01317533-v,contato,ir em busca de caça ou para,perseguir
peto,lilaLemma:117549,01839963-v,movimento,deslocar-se; ir de um local para outro,viagem
peto,lilaLemma:117549,00753734-v,comunicação,fazer uma solicitação ou pedido de algo desejado,pedir
peto,lilaLemma:117549,01433294-v,contato,ir ou vir depois e trazer ou levar de volta,pegar
peto,lilaLemma:117549,01433294-v,contato,ir ou vir depois e trazer ou levar de volta,transmitir
peto,lilaLemma:117549,01433294-v,contato,ir ou vir depois e trazer ou levar de volta,trazer
peto,lilaLemma:117549,01433294-v,contato,ir ou vir depois e trazer ou levar de volta,levar
peto,lilaLemma:117549,01433294-v,contato,ir ou vir depois e trazer ou levar de volta,segurar
peto,lilaLemma:117549,01825237-v,emoção,sentir ou ter desejo por; querer fortemente;,ansiar
peto,lilaLemma:117549,01825237-v,emoção,sentir ou ter desejo por; querer fortemente;,desejar
peto,lilaLemma:117549,01825237-v,emoção,sentir ou ter desejo por; querer fortemente;,querer
peto,lilaLemma:117549,01119169-v,competição,lançar um ataque ou assalto a; começar hostilidades ou iniciar uma guerra com,assaltar
peto,lilaLemma:117549,01119169-v,competição,lançar um ataque ou assalto a; começar hostilidades ou iniciar uma guerra com,atacar
peto,lilaLemma:117549,00341560-v,mudança,seguir um determinado curso,ir
peto,lilaLemma:117549,00341560-v,mudança,seguir um determinado curso,prosseguir
pono,lilaLemma:118414,02310855-v,posse,[put into a bank account],depositar
pono,lilaLemma:118414,02310855-v,posse,[put into a bank account],internar
pono,lilaLemma:118414,01647229-v,criação,criar ou estabelecer as bases,constituir
pono,lilaLemma:118414,01647229-v,criação,criar ou estabelecer as bases,estabelecer
pono,lilaLemma:118414,01647229-v,criação,criar ou estabelecer as bases,fundar
pono,lilaLemma:118414,01647229-v,criação,criar ou estabelecer as bases,acertar
pono,lilaLemma:118414,01647229-v,criação,criar ou estabelecer as bases,afundar
pono,lilaLemma:118414,01647229-v,criação,criar ou estabelecer as bases,aprazar
pono,lilaLemma:118414,01647229-v,criação,criar ou estabelecer as bases,assentar
pono,lilaLemma:118414,01647229-v,criação,criar ou estabelecer as bases,cavar
pono,lilaLemma:118414,01647229-v,criação,criar ou estabelecer as bases,celebrar
pono,lilaLemma:118414,01647229-v,criação,criar ou estabelecer as bases,combinar
pono,lilaLemma:118414,01647229-v,criação,criar ou estabelecer as bases,começar
pono,lilaLemma:118414,01647229-v,criação,criar ou estabelecer as bases,consignar
pono,lilaLemma:118414,01647229-v,criação,criar ou estabelecer as bases,criar
pono,lilaLemma:118414,01647229-v,criação,criar ou estabelecer as bases,edificar
pono,lilaLemma:118414,01647229-v,criação,criar ou estabelecer as bases,erguer
pono,lilaLemma:118414,01647229-v,criação,criar ou estabelecer as bases,fazer
pono,lilaLemma:118414,01647229-v,criação,criar ou estabelecer as bases,firmar
pono,lilaLemma:118414,01647229-v,criação,criar ou estabelecer as bases,fixar
pono,lilaLemma:118414,01647229-v,criação,criar ou estabelecer as bases,instaurar
pono,lilaLemma:118414,01647229-v,criação,criar ou estabelecer as bases,instituir
pono,lilaLemma:118414,01647229-v,criação,criar ou estabelecer as bases,marcar
pono,lilaLemma:118414,01647229-v,criação,criar ou estabelecer as bases,plantar
pono,lilaLemma:118414,00636888-v,cognição,utilizar como base para; encontrado no,alicerçar
pono,lilaLemma:118414,00636888-v,cognição,utilizar como base para; encontrado no,basear
pono,lilaLemma:118414,00636888-v,cognição,utilizar como base para; encontrado no,fundamentar
pono,lilaLemma:118414,00636888-v,cognição,utilizar como base para; encontrado no,alicerçar-se
pono,lilaLemma:118414,00636888-v,cognição,utilizar como base para; encontrado no,ancorar
pono,lilaLemma:118414,00636888-v,cognição,utilizar como base para; encontrado no,apoiar
pono,lilaLemma:118414,00636888-v,cognição,utilizar como base para; encontrado no,assentar
pono,lilaLemma:118414,00636888-v,cognição,utilizar como base para; encontrado no,chapar
pono,lilaLemma:118414,00636888-v,cognição,utilizar como base para; encontrado no,condizer
pono,lilaLemma:118414,00636888-v,cognição,utilizar como base para; encontrado no,depositar-se
pono,lilaLemma:118414,00636888-v,cognição,utilizar como base para; encontrado no,estabelecer
pono,lilaLemma:118414,00636888-v,cognição,utilizar como base para; encontrado no,estampar
pono,lilaLemma:118414,00636888-v,cognição,utilizar como base para; encontrado no,estribar
pono,lilaLemma:118414,00636888-v,cognição,utilizar como base para; encontrado no,firmar
pono,lilaLemma:118414,00636888-v,cognição,utilizar como base para; encontrado no,firmar-se
pono,lilaLemma:118414,00636888-v,cognição,utilizar como base para; encontrado no,fundar
pono,lilaLemma:118414,00636888-v,cognição,utilizar como base para; encontrado no,harmonizar-se
pono,lilaLemma:118414,00636888-v,cognição,utilizar como base para; encontrado no,jazer
pono,lilaLemma:118414,00636888-v,cognição,utilizar como base para; encontrado no,pespegar
pono,lilaLemma:118414,00636888-v,cognição,utilizar como base para; encontrado no,pregar_com
pono,lilaLemma:118414,00636888-v,cognição,utilizar como base para; encontrado no,repoisar
pono,lilaLemma:118414,00636888-v,cognição,utilizar como base para; encontrado no,repousar
pono,lilaLemma:118414,02345647-v,posse,doar o que não é estritamente necessário,dispensar
pono,lilaLemma:118414,02345647-v,posse,doar o que não é estritamente necessário,doar
pono,lilaLemma:118414,01489465-v,contato,sair ou descarregar,deixar
pono,lilaLemma:118414,01489465-v,contato,sair ou descarregar,descarregar
pono,lilaLemma:118414,00869931-v,comunicação,apresentar uma acusação formal contra,acusar
pono,lilaLemma:118414,00715541-v,cognição,definir claramente,especificar
pono,lilaLemma:118414,00715541-v,cognição,definir claramente,reduzir
pono,lilaLemma:118414,01575675-v,contato,colocar (algo em algum lugar) firmemente,pôr
pono,lilaLemma:118414,01575675-v,contato,colocar (algo em algum lugar) firmemente,situar
pono,lilaLemma:118414,01494310-v,contato,colocar em um determinado lugar ou num lugar abstrato,botar
pono,lilaLemma:118414,01494310-v,contato,colocar em um determinado lugar ou num lugar abstrato,carregar
pono,lilaLemma:118414,01494310-v,contato,colocar em um determinado lugar ou num lugar abstrato,colocar
pono,lilaLemma:118414,01494310-v,contato,colocar em um determinado lugar ou num lugar abstrato,pôr
pono,lilaLemma:118414,01494310-v,contato,colocar em um determinado lugar ou num lugar abstrato,aplicar
pono,lilaLemma:118414,01494310-v,contato,colocar em um determinado lugar ou num lugar abstrato,assentar
pono,lilaLemma:118414,01494310-v,contato,colocar em um determinado lugar ou num lugar abstrato,chegar
pono,lilaLemma:118414,01494310-v,contato,colocar em um determinado lugar ou num lugar abstrato,cobrir
pono,lilaLemma:118414,01494310-v,contato,colocar em um determinado lugar ou num lugar abstrato,começar_a
pono,lilaLemma:118414,01494310-v,contato,colocar em um determinado lugar ou num lugar abstrato,considerar
pono,lilaLemma:118414,01494310-v,contato,colocar em um determinado lugar ou num lugar abstrato,dedicar
pono,lilaLemma:118414,01494310-v,contato,colocar em um determinado lugar ou num lugar abstrato,deitar
pono,lilaLemma:118414,01494310-v,contato,colocar em um determinado lugar ou num lugar abstrato,deixar
pono,lilaLemma:118414,01494310-v,contato,colocar em um determinado lugar ou num lugar abstrato,depor
pono,lilaLemma:118414,01494310-v,contato,colocar em um determinado lugar ou num lugar abstrato,depositar
pono,lilaLemma:118414,01494310-v,contato,colocar em um determinado lugar ou num lugar abstrato,desatar_a
pono,lilaLemma:118414,01494310-v,contato,colocar em um determinado lugar ou num lugar abstrato,dispor
pono,lilaLemma:118414,01494310-v,contato,colocar em um determinado lugar ou num lugar abstrato,encaixar
pono,lilaLemma:118414,01494310-v,contato,colocar em um determinado lugar ou num lugar abstrato,enfiar
pono,lilaLemma:118414,01494310-v,contato,colocar em um determinado lugar ou num lugar abstrato,enfornar
pono,lilaLemma:118414,01494310-v,contato,colocar em um determinado lugar ou num lugar abstrato,expor
pono,lilaLemma:118414,01494310-v,contato,colocar em um determinado lugar ou num lugar abstrato,expressar
pono,lilaLemma:118414,01494310-v,contato,colocar em um determinado lugar ou num lugar abstrato,fazer_ficar
pono,lilaLemma:118414,01494310-v,contato,colocar em um determinado lugar ou num lugar abstrato,guardar
pono,lilaLemma:118414,01494310-v,contato,colocar em um determinado lugar ou num lugar abstrato,imprimir
pono,lilaLemma:118414,01494310-v,contato,colocar em um determinado lugar ou num lugar abstrato,inserir
pono,lilaLemma:118414,01494310-v,contato,colocar em um determinado lugar ou num lugar abstrato,introduzir
pono,lilaLemma:118414,01494310-v,contato,colocar em um determinado lugar ou num lugar abstrato,lançar
pono,lilaLemma:118414,01494310-v,contato,colocar em um determinado lugar ou num lugar abstrato,largar
pono,lilaLemma:118414,01494310-v,contato,colocar em um determinado lugar ou num lugar abstrato,levar
pono,lilaLemma:118414,01494310-v,contato,colocar em um determinado lugar ou num lugar abstrato,ligar
pono,lilaLemma:118414,01494310-v,contato,colocar em um determinado lugar ou num lugar abstrato,meter
pono,lilaLemma:118414,01494310-v,contato,colocar em um determinado lugar ou num lugar abstrato,poisar
pono,lilaLemma:118414,01494310-v,contato,colocar em um determinado lugar ou num lugar abstrato,pousar
pono,lilaLemma:118414,01494310-v,contato,colocar em um determinado lugar ou num lugar abstrato,vender
pono,lilaLemma:118414,01494310-v,contato,colocar em um determinado lugar ou num lugar abstrato,vestir
pono,lilaLemma:118414,01688256-v,criação,fazer um retrato de,representar
pono,lilaLemma:118414,00779601-v,comunicação,dar um descanso para,apoiar
pono,lilaLemma:118414,00779601-v,comunicação,dar um descanso para,descansar
pono,lilaLemma:118414,00779601-v,comunicação,dar um descanso para,repousar
pono,lilaLemma:118414,01567275-v,contato,"colocar ou conjunto (sementes, mudas ou plantas) para o chão",colocar
pono,lilaLemma:118414,01567275-v,contato,"colocar ou conjunto (sementes, mudas ou plantas) para o chão",plantar
pono,lilaLemma:118414,01567275-v,contato,"colocar ou conjunto (sementes, mudas ou plantas) para o chão",pôr
pono,lilaLemma:118414,01662771-v,criação,"moldar (por exemplo, metal quente ou cera), despejando num molde",fundir
pono,lilaLemma:118414,01662771-v,criação,"moldar (por exemplo, metal quente ou cera), despejando num molde",moldar
pono,lilaLemma:118414,00637115-v,cognição,encontrado ou terreno,construir
pono,lilaLemma:118414,02327200-v,posse,[give something useful or necessary to],abastecer
pono,lilaLemma:118414,02327200-v,posse,[give something useful or necessary to],fornecer
pono,lilaLemma:118414,02327200-v,posse,[give something useful or necessary to],prover
pono,lilaLemma:118414,02327200-v,posse,[give something useful or necessary to],suprir
pono,lilaLemma:118414,02327200-v,posse,[give something useful or necessary to],aprovisionar
pono,lilaLemma:118414,02327200-v,posse,[give something useful or necessary to],ceder
pono,lilaLemma:118414,02327200-v,posse,[give something useful or necessary to],conceder
pono,lilaLemma:118414,02327200-v,posse,[give something useful or necessary to],dotar
pono,lilaLemma:118414,02327200-v,posse,[give something useful or necessary to],equipar
pono,lilaLemma:118414,02327200-v,posse,[give something useful or necessary to],facilitar
pono,lilaLemma:118414,02327200-v,posse,[give something useful or necessary to],facultar
pono,lilaLemma:118414,02327200-v,posse,[give something useful or necessary to],franquear
pono,lilaLemma:118414,02327200-v,posse,[give something useful or necessary to],guarnecer
pono,lilaLemma:118414,02327200-v,posse,[give something useful or necessary to],habilitar
pono,lilaLemma:118414,02327200-v,posse,[give something useful or necessary to],munir
pono,lilaLemma:118414,02327200-v,posse,[give something useful or necessary to],oferecer
pono,lilaLemma:118414,02327200-v,posse,[give something useful or necessary to],permitir
pono,lilaLemma:118414,02327200-v,posse,[give something useful or necessary to],prestar
pono,lilaLemma:118414,02327200-v,posse,[give something useful or necessary to],proporcionar
pono,lilaLemma:118414,02327200-v,posse,[give something useful or necessary to],providenciar
pono,lilaLemma:118414,00050454-v,corpo,remover as roupas,despir
pono,lilaLemma:118414,02722663-v,estado,introduzir,apresentar
pono,lilaLemma:118414,02722663-v,estado,introduzir,propor
pono,lilaLemma:118414,02722663-v,estado,introduzir,formular
pono,lilaLemma:118414,00694068-v,cognição,respeitar muito; considerar muito bem,prezar
pono,lilaLemma:118414,00694068-v,cognição,respeitar muito; considerar muito bem,respeitar
pono,lilaLemma:118414,00694068-v,cognição,respeitar muito; considerar muito bem,venerar
pono,lilaLemma:118414,00694068-v,cognição,respeitar muito; considerar muito bem,apreciar
pono,lilaLemma:118414,00694068-v,cognição,respeitar muito; considerar muito bem,considerar
pono,lilaLemma:118414,00694068-v,cognição,respeitar muito; considerar muito bem,estimar
pono,lilaLemma:118414,00694068-v,cognição,respeitar muito; considerar muito bem,valorizar
pono,lilaLemma:118414,01661243-v,criação,"construir, construir ou erguer",construir
pono,lilaLemma:118414,01661243-v,criação,"construir, construir ou erguer",erigir
pono,lilaLemma:118414,01661243-v,criação,"construir, construir ou erguer",levantar
pono,lilaLemma:118414,00706557-v,cognição,Apresentar para consideração,oferecer
pono,lilaLemma:118414,01514126-v,contato,ereto e aperte,armar
pono,lilaLemma:118414,00717208-v,cognição,tomar algo como preexistente e dado,pressupor
pono,lilaLemma:118414,00717208-v,cognição,tomar algo como preexistente e dado,tomar como premissa
pono,lilaLemma:118414,00690614-v,cognição,julgar ser,achar
pono,lilaLemma:118414,00690614-v,cognição,julgar ser,considerar
pono,lilaLemma:118414,00690614-v,cognição,julgar ser,ver
pono,lilaLemma:118414,00690614-v,cognição,julgar ser,contar
pono,lilaLemma:118414,00739662-v,cognição,atribuir a uma classe ou tipo,classificar
pono,lilaLemma:118414,01088923-v,competição,chegar em um estação,situar
pono,lilaLemma:118414,01088923-v,competição,chegar em um estação,apostar
pono,lilaLemma:118414,01088923-v,competição,chegar em um estação,colocar
pono,lilaLemma:118414,02456493-v,relação social,[place in a grave or tomb],enterrar
pono,lilaLemma:118414,02456493-v,relação social,[place in a grave or tomb],sepultar
pono,lilaLemma:118414,02456493-v,relação social,[place in a grave or tomb],soterrar
pono,lilaLemma:118414,02456493-v,relação social,[place in a grave or tomb],inumar
pono,lilaLemma:118414,02456493-v,relação social,[place in a grave or tomb],subterrar
pono,lilaLemma:118414,02694933-v,estado,"[determine or indicate the place, site, or limits of, as if by an instrument or by a survey]",achar
pono,lilaLemma:118414,02694933-v,estado,"[determine or indicate the place, site, or limits of, as if by an instrument or by a survey]",localizar
pono,lilaLemma:118414,02694933-v,estado,"[determine or indicate the place, site, or limits of, as if by an instrument or by a survey]",situar
pono,lilaLemma:118414,01158572-v,consumo,"esgotar, consumir totalmente",despender
pono,lilaLemma:118414,01158572-v,consumo,"esgotar, consumir totalmente",esgotar
pono,lilaLemma:118414,01158572-v,consumo,"esgotar, consumir totalmente",gastar
pono,lilaLemma:118414,01158572-v,consumo,"esgotar, consumir totalmente",acabar
pono,lilaLemma:118414,01158572-v,consumo,"esgotar, consumir totalmente",usar
pono,lilaLemma:118414,01158572-v,consumo,"esgotar, consumir totalmente",utilizar
pono,lilaLemma:118414,00613393-v,cognição,parar de manter ou insistir em; idéias ou reivindicações,abandonar
pono,lilaLemma:118414,00613393-v,cognição,parar de manter ou insistir em; idéias ou reivindicações,desistir
pono,lilaLemma:118414,00613393-v,cognição,parar de manter ou insistir em; idéias ou reivindicações,largar mão
pono,lilaLemma:118414,00613393-v,cognição,parar de manter ou insistir em; idéias ou reivindicações,renunciar
pono,lilaLemma:118414,00746084-v,comunicação,emitir uma ordem,ordenar
pono,lilaLemma:118414,02560424-v,relação social,[compel to behave in a certain way],enforçar
pono,lilaLemma:118414,02560424-v,relação social,[compel to behave in a certain way],impor
pono,lilaLemma:118414,02560424-v,relação social,[compel to behave in a certain way],obrigar
populus,lilaLemma:118463,07942152-n,grupo,(Plural) qualquer grupo de seres humanos (homens ou mulheres ou crianças) coletivamente,gente
populus,lilaLemma:118463,07942152-n,grupo,(Plural) qualquer grupo de seres humanos (homens ou mulheres ou crianças) coletivamente,pessoal
populus,lilaLemma:118463,07942152-n,grupo,(Plural) qualquer grupo de seres humanos (homens ou mulheres ou crianças) coletivamente,população
populus,lilaLemma:118463,07942152-n,grupo,(Plural) qualquer grupo de seres humanos (homens ou mulheres ou crianças) coletivamente,povo
populus,lilaLemma:118463,08160276-n,grupo,o corpo de cidadãos de um estado ou país,gente
populus,lilaLemma:118463,08160276-n,grupo,o corpo de cidadãos de um estado ou país,população
populus,lilaLemma:118463,08160276-n,grupo,o corpo de cidadãos de um estado ou país,povo
populus,lilaLemma:118463,08160276-n,grupo,o corpo de cidadãos de um estado ou país,cidadania
populus,lilaLemma:118463,08179689-n,grupo,as pessoas em geral considerados como um todo,gente
populus,lilaLemma:118463,08179689-n,grupo,as pessoas em geral considerados como um todo,mundo
populus,lilaLemma:118463,08179689-n,grupo,as pessoas em geral considerados como um todo,povo
populus,lilaLemma:118463,08182379-n,grupo,um grande número de coisas ou pessoas consideradas em conjunto,montão
populus,lilaLemma:118463,08182379-n,grupo,um grande número de coisas ou pessoas consideradas em conjunto,multidão
populus,lilaLemma:118463,08182379-n,grupo,um grande número de coisas ou pessoas consideradas em conjunto,turba
populus,lilaLemma:118463,08182379-n,grupo,um grande número de coisas ou pessoas consideradas em conjunto,massa
populus,lilaLemma:118463,08182962-n,grupo,uma vasta multidão,horda
populus,lilaLemma:118463,08180190-n,grupo,as pessoas comuns em geral,gente
populus,lilaLemma:118463,08180190-n,grupo,as pessoas comuns em geral,massa
populus,lilaLemma:118463,08180190-n,grupo,as pessoas comuns em geral,povo
populus,lilaLemma:118463,08180190-n,grupo,as pessoas comuns em geral,multidão
populus,lilaLemma:118463,08180190-n,grupo,as pessoas comuns em geral,plebe
populus,lilaLemma:118463,08180190-n,grupo,as pessoas comuns em geral,povinho
populus,lilaLemma:118463,08180190-n,grupo,as pessoas comuns em geral,vulgo
populus,lilaLemma:118463,08223802-n,grupo,um grupo de pessoas que vivem em uma área local especial,comunidade
populus,lilaLemma:118463,08168978-n,grupo,um órgão politicamente organizado de pessoas sob um único governo,nação
populus,lilaLemma:118463,08168978-n,grupo,um órgão politicamente organizado de pessoas sob um único governo,país
populus,lilaLemma:118463,08168978-n,grupo,um órgão politicamente organizado de pessoas sob um único governo,república
populus,lilaLemma:118463,08168978-n,grupo,um órgão politicamente organizado de pessoas sob um único governo,estado
populus,lilaLemma:118463,08168978-n,grupo,um órgão politicamente organizado de pessoas sob um único governo,terra
populus,lilaLemma:118463,08166552-n,grupo,as pessoas que vivem em uma nação ou país,gente
populus,lilaLemma:118463,08166552-n,grupo,as pessoas que vivem em uma nação ou país,nação
populus,lilaLemma:118463,08166552-n,grupo,as pessoas que vivem em uma nação ou país,povo
populus,lilaLemma:118463,08166552-n,grupo,as pessoas que vivem em uma nação ou país,país
populus,lilaLemma:118463,08166552-n,grupo,as pessoas que vivem em uma nação ou país,terra
populus,lilaLemma:118463,08182716-n,grupo,um grande encontro de pessoas,massa
populus,lilaLemma:118463,08182716-n,grupo,um grande encontro de pessoas,multidão
populus,lilaLemma:118463,08182716-n,grupo,um grande encontro de pessoas,povo
populus,lilaLemma:118463,08182716-n,grupo,um grande encontro de pessoas,turba
primus,lilaLemma:119498,01277097-s,adjetivo,[serving as an essential component],básico
primus,lilaLemma:119498,01277097-s,adjetivo,[serving as an essential component],central
primus,lilaLemma:119498,01277097-s,adjetivo,[serving as an essential component],fundamental
primus,lilaLemma:119498,00125711-a,adjetivo,existente ou vir antes,precedente
primus,lilaLemma:119498,01856238-s,adjetivo,[of or being the essential or basic part],elementar
primus,lilaLemma:119498,01856238-s,adjetivo,[of or being the essential or basic part],rudimentar
primus,lilaLemma:119498,01643480-s,adjetivo,[being in its early stage],jovem
primus,lilaLemma:119498,01012990-s,adjetivo,[first in rank or degree],primeira
primus,lilaLemma:119498,01012990-s,adjetivo,[first in rank or degree],primeiro
primus,lilaLemma:119498,01012990-s,adjetivo,[first in rank or degree],principal
primus,lilaLemma:119498,02342899-s,adjetivo,[of superior grade],fino
primus,lilaLemma:119498,02342899-s,adjetivo,[of superior grade],primordial
primus,lilaLemma:119498,02342899-s,adjetivo,[of superior grade],seleto
primus,lilaLemma:119498,02342899-s,adjetivo,[of superior grade],superior
primus,lilaLemma:119498,01277426-s,adjetivo,[most important element],principal
primus,lilaLemma:119498,01277426-s,adjetivo,[most important element],proficiente
primus,lilaLemma:119498,00198904-a,adjetivo,vai ou processo ou com antecedência; mostrando o caminho,principal
primus,lilaLemma:119498,00814611-s,adjetivo,[(comparative and superlative of `early') more early than; most early],anterior
primus,lilaLemma:119498,00814611-s,adjetivo,[(comparative and superlative of `early') more early than; most early],mais cedo
primus,lilaLemma:119498,00814611-s,adjetivo,[(comparative and superlative of `early') more early than; most early],o mais cedo
primus,lilaLemma:119498,02202047-s,adjetivo,indicando a unidade inicial de uma série,1º
primus,lilaLemma:119498,02202047-s,adjetivo,indicando a unidade inicial de uma série,primeiro
primus,lilaLemma:119498,01010862-a,adjetivo,precede todos os outros em tempo ou espaço ou grau,primeiro
puto,lilaLemma:120610,00672433-v,cognição,julgar por tentativa ou formar uma estimativa de (quantidades ou tempo),adivinhar
puto,lilaLemma:120610,00672433-v,cognição,julgar por tentativa ou formar uma estimativa de (quantidades ou tempo),aproximar
puto,lilaLemma:120610,00672433-v,cognição,julgar por tentativa ou formar uma estimativa de (quantidades ou tempo),avaliar
puto,lilaLemma:120610,00672433-v,cognição,julgar por tentativa ou formar uma estimativa de (quantidades ou tempo),chutar
puto,lilaLemma:120610,00672433-v,cognição,julgar por tentativa ou formar uma estimativa de (quantidades ou tempo),estimar
puto,lilaLemma:120610,00672433-v,cognição,julgar por tentativa ou formar uma estimativa de (quantidades ou tempo),julgar
puto,lilaLemma:120610,00672433-v,cognição,julgar por tentativa ou formar uma estimativa de (quantidades ou tempo),calcular
puto,lilaLemma:120610,00660971-v,cognição,estimar o valor de,avaliar
puto,lilaLemma:120610,00660971-v,cognição,estimar o valor de,valorizar
puto,lilaLemma:120610,00689344-v,cognição,julgar ou reparar; considerar,achar
puto,lilaLemma:120610,00689344-v,cognição,julgar ou reparar; considerar,pensar
puto,lilaLemma:120610,00689344-v,cognição,julgar ou reparar; considerar,acreditar
puto,lilaLemma:120610,00689344-v,cognição,julgar ou reparar; considerar,conceber
puto,lilaLemma:120610,00689344-v,cognição,julgar ou reparar; considerar,confiar
puto,lilaLemma:120610,00689344-v,cognição,julgar ou reparar; considerar,considerar
puto,lilaLemma:120610,00689344-v,cognição,julgar ou reparar; considerar,crer
puto,lilaLemma:120610,00689344-v,cognição,julgar ou reparar; considerar,dar_crédito
puto,lilaLemma:120610,00689344-v,cognição,julgar ou reparar; considerar,estar
puto,lilaLemma:120610,00689344-v,cognição,julgar ou reparar; considerar,ficar
puto,lilaLemma:120610,00689344-v,cognição,julgar ou reparar; considerar,julgar
puto,lilaLemma:120610,00689344-v,cognição,julgar ou reparar; considerar,supor
puto,lilaLemma:120610,00684068-v,cognição,Você não pode acreditar nesse homem,acreditar
puto,lilaLemma:120610,00684068-v,cognição,Você não pode acreditar nesse homem,achar
puto,lilaLemma:120610,00684068-v,cognição,Você não pode acreditar nesse homem,crer
puto,lilaLemma:120610,00631737-v,cognição,"imaginar, acreditar, ou supor",achar
puto,lilaLemma:120610,00631737-v,cognição,"imaginar, acreditar, ou supor",esperar
puto,lilaLemma:120610,00631737-v,cognição,"imaginar, acreditar, ou supor",pensar
puto,lilaLemma:120610,00631737-v,cognição,"imaginar, acreditar, ou supor",supor
puto,lilaLemma:120610,00631737-v,cognição,"imaginar, acreditar, ou supor",acreditar
puto,lilaLemma:120610,00631737-v,cognição,"imaginar, acreditar, ou supor",ajuizar
puto,lilaLemma:120610,00631737-v,cognição,"imaginar, acreditar, ou supor",conjeturar
puto,lilaLemma:120610,00631737-v,cognição,"imaginar, acreditar, ou supor",crer
puto,lilaLemma:120610,00631737-v,cognição,"imaginar, acreditar, ou supor",imaginar
puto,lilaLemma:120610,00631737-v,cognição,"imaginar, acreditar, ou supor",julgar
puto,lilaLemma:120610,00631737-v,cognição,"imaginar, acreditar, ou supor",pressupor
puto,lilaLemma:120610,00631737-v,cognição,"imaginar, acreditar, ou supor",presumir
puto,lilaLemma:120610,00631737-v,cognição,"imaginar, acreditar, ou supor",prever
puto,lilaLemma:120610,00631737-v,cognição,"imaginar, acreditar, ou supor",ter_ideia_(de)
puto,lilaLemma:120610,01532589-v,contato,"fazer limpeza, removendo sujeira, sujeira ou substâncias indesejadas de",assear
puto,lilaLemma:120610,01532589-v,contato,"fazer limpeza, removendo sujeira, sujeira ou substâncias indesejadas de",limpar
puto,lilaLemma:120610,01532589-v,contato,"fazer limpeza, removendo sujeira, sujeira ou substâncias indesejadas de",purgar
puto,lilaLemma:120610,00739082-v,cognição,"ponderar; refletir sobre, ou raciocinar sobre",pensar
puto,lilaLemma:120610,00712135-v,cognição,julgar ser provável,achar
puto,lilaLemma:120610,00712135-v,cognição,julgar ser provável,avaliar
puto,lilaLemma:120610,00712135-v,cognição,julgar ser provável,considerar
puto,lilaLemma:120610,00712135-v,cognição,julgar ser provável,predizer
puto,lilaLemma:120610,00712135-v,cognição,julgar ser provável,prever
puto,lilaLemma:120610,00712135-v,cognição,julgar ser provável,prognosticar
puto,lilaLemma:120610,00712135-v,cognição,julgar ser provável,adivinhar
puto,lilaLemma:120610,00712135-v,cognição,julgar ser provável,antever
puto,lilaLemma:120610,00712135-v,cognição,julgar ser provável,augurar
puto,lilaLemma:120610,00712135-v,cognição,julgar ser provável,calcular
puto,lilaLemma:120610,00712135-v,cognição,julgar ser provável,dar
puto,lilaLemma:120610,00712135-v,cognição,julgar ser provável,entrever
puto,lilaLemma:120610,00712135-v,cognição,julgar ser provável,estimar
puto,lilaLemma:120610,00712135-v,cognição,julgar ser provável,pressentir
puto,lilaLemma:120610,00712135-v,cognição,julgar ser provável,supor
puto,lilaLemma:120610,00681429-v,cognição,"avaliar ou estimar a natureza, qualidade, capacidade, medida ou a importância de",avaliar
puto,lilaLemma:120610,00681429-v,cognição,"avaliar ou estimar a natureza, qualidade, capacidade, medida ou a importância de",estimar
puto,lilaLemma:120610,00681429-v,cognição,"avaliar ou estimar a natureza, qualidade, capacidade, medida ou a importância de",medir
puto,lilaLemma:120610,00681429-v,cognição,"avaliar ou estimar a natureza, qualidade, capacidade, medida ou a importância de",ajuizar
puto,lilaLemma:120610,00681429-v,cognição,"avaliar ou estimar a natureza, qualidade, capacidade, medida ou a importância de",analisar
puto,lilaLemma:120610,00681429-v,cognição,"avaliar ou estimar a natureza, qualidade, capacidade, medida ou a importância de",apreciar
puto,lilaLemma:120610,00681429-v,cognição,"avaliar ou estimar a natureza, qualidade, capacidade, medida ou a importância de",apreçar
puto,lilaLemma:120610,00681429-v,cognição,"avaliar ou estimar a natureza, qualidade, capacidade, medida ou a importância de",aquilatar
puto,lilaLemma:120610,00681429-v,cognição,"avaliar ou estimar a natureza, qualidade, capacidade, medida ou a importância de",calcular
puto,lilaLemma:120610,00681429-v,cognição,"avaliar ou estimar a natureza, qualidade, capacidade, medida ou a importância de",contabilizar
puto,lilaLemma:120610,00681429-v,cognição,"avaliar ou estimar a natureza, qualidade, capacidade, medida ou a importância de",cotar
puto,lilaLemma:120610,00681429-v,cognição,"avaliar ou estimar a natureza, qualidade, capacidade, medida ou a importância de",criticar
puto,lilaLemma:120610,00681429-v,cognição,"avaliar ou estimar a natureza, qualidade, capacidade, medida ou a importância de",equacionar
puto,lilaLemma:120610,00681429-v,cognição,"avaliar ou estimar a natureza, qualidade, capacidade, medida ou a importância de",imaginar
puto,lilaLemma:120610,00681429-v,cognição,"avaliar ou estimar a natureza, qualidade, capacidade, medida ou a importância de",julgar
puto,lilaLemma:120610,00681429-v,cognição,"avaliar ou estimar a natureza, qualidade, capacidade, medida ou a importância de",louvar
puto,lilaLemma:120610,00681429-v,cognição,"avaliar ou estimar a natureza, qualidade, capacidade, medida ou a importância de",orçar
puto,lilaLemma:120610,00681429-v,cognição,"avaliar ou estimar a natureza, qualidade, capacidade, medida ou a importância de",qualificar
puto,lilaLemma:120610,00681429-v,cognição,"avaliar ou estimar a natureza, qualidade, capacidade, medida ou a importância de",quilatar
puto,lilaLemma:120610,00681429-v,cognição,"avaliar ou estimar a natureza, qualidade, capacidade, medida ou a importância de",reputar
puto,lilaLemma:120610,00681429-v,cognição,"avaliar ou estimar a natureza, qualidade, capacidade, medida ou a importância de",sopesar
puto,lilaLemma:120610,00681429-v,cognição,"avaliar ou estimar a natureza, qualidade, capacidade, medida ou a importância de",suputar
puto,lilaLemma:120610,00681429-v,cognição,"avaliar ou estimar a natureza, qualidade, capacidade, medida ou a importância de",valorizar
puto,lilaLemma:120610,00694068-v,cognição,respeitar muito; considerar muito bem,prezar
puto,lilaLemma:120610,00694068-v,cognição,respeitar muito; considerar muito bem,respeitar
puto,lilaLemma:120610,00694068-v,cognição,respeitar muito; considerar muito bem,venerar
puto,lilaLemma:120610,00694068-v,cognição,respeitar muito; considerar muito bem,apreciar
puto,lilaLemma:120610,00694068-v,cognição,respeitar muito; considerar muito bem,considerar
puto,lilaLemma:120610,00694068-v,cognição,respeitar muito; considerar muito bem,estimar
puto,lilaLemma:120610,00694068-v,cognição,respeitar muito; considerar muito bem,valorizar
puto,lilaLemma:120610,01465921-v,contato,organizar ou fixar na ordem desejada,arrumar
puto,lilaLemma:120610,00630380-v,cognição,refletir profundamente sobre um assunto,cogitar
puto,lilaLemma:120610,00630380-v,cognição,refletir profundamente sobre um assunto,contemplar
puto,lilaLemma:120610,00630380-v,cognição,refletir profundamente sobre um assunto,especular
puto,lilaLemma:120610,00630380-v,cognição,refletir profundamente sobre um assunto,ponderar
puto,lilaLemma:120610,00630380-v,cognição,refletir profundamente sobre um assunto,refletir
puto,lilaLemma:120610,00630380-v,cognição,refletir profundamente sobre um assunto,ruminar
puto,lilaLemma:120610,00630380-v,cognição,refletir profundamente sobre um assunto,amadurar
puto,lilaLemma:120610,00630380-v,cognição,refletir profundamente sobre um assunto,amadurecer
puto,lilaLemma:120610,00630380-v,cognição,refletir profundamente sobre um assunto,amolar
puto,lilaLemma:120610,00630380-v,cognição,refletir profundamente sobre um assunto,balancear
puto,lilaLemma:120610,00630380-v,cognição,refletir profundamente sobre um assunto,balançar
puto,lilaLemma:120610,00630380-v,cognição,refletir profundamente sobre um assunto,banzar
puto,lilaLemma:120610,00630380-v,cognição,refletir profundamente sobre um assunto,cachimbar
puto,lilaLemma:120610,00630380-v,cognição,refletir profundamente sobre um assunto,cavar
puto,lilaLemma:120610,00630380-v,cognição,refletir profundamente sobre um assunto,cismar
puto,lilaLemma:120610,00630380-v,cognição,refletir profundamente sobre um assunto,congeminar
puto,lilaLemma:120610,00630380-v,cognição,refletir profundamente sobre um assunto,cuidar
puto,lilaLemma:120610,00630380-v,cognição,refletir profundamente sobre um assunto,deliberar
puto,lilaLemma:120610,00630380-v,cognição,refletir profundamente sobre um assunto,espelhar
puto,lilaLemma:120610,00630380-v,cognição,refletir profundamente sobre um assunto,excogitar
puto,lilaLemma:120610,00630380-v,cognição,refletir profundamente sobre um assunto,lucubrar
puto,lilaLemma:120610,00630380-v,cognição,refletir profundamente sobre um assunto,magicar
puto,lilaLemma:120610,00630380-v,cognição,refletir profundamente sobre um assunto,mascar
puto,lilaLemma:120610,00630380-v,cognição,refletir profundamente sobre um assunto,mastigar
puto,lilaLemma:120610,00630380-v,cognição,refletir profundamente sobre um assunto,matutar
puto,lilaLemma:120610,00630380-v,cognição,refletir profundamente sobre um assunto,meditar
puto,lilaLemma:120610,00630380-v,cognição,refletir profundamente sobre um assunto,parafusar
puto,lilaLemma:120610,00630380-v,cognição,refletir profundamente sobre um assunto,pensar
puto,lilaLemma:120610,00630380-v,cognição,refletir profundamente sobre um assunto,perscrutar
puto,lilaLemma:120610,00630380-v,cognição,refletir profundamente sobre um assunto,pesar
puto,lilaLemma:120610,00630380-v,cognição,refletir profundamente sobre um assunto,reflectir
puto,lilaLemma:120610,00630380-v,cognição,refletir profundamente sobre um assunto,reflexionar
puto,lilaLemma:120610,00630380-v,cognição,refletir profundamente sobre um assunto,remoer
puto,lilaLemma:120610,00630380-v,cognição,refletir profundamente sobre um assunto,repercutir
puto,lilaLemma:120610,00630380-v,cognição,refletir profundamente sobre um assunto,retratar
puto,lilaLemma:120610,00630380-v,cognição,refletir profundamente sobre um assunto,reverberar
puto,lilaLemma:120610,00630380-v,cognição,refletir profundamente sobre um assunto,verrumar
puto,lilaLemma:120610,00630380-v,cognição,refletir profundamente sobre um assunto,volver
puto,lilaLemma:120610,00628491-v,cognição,"usar ou exercitar a mente ou o poder do raciocínio, a fim de fazer inferência, tomar decisões ou chegar a soluções ou julgamentos",cogitar
puto,lilaLemma:120610,00628491-v,cognição,"usar ou exercitar a mente ou o poder do raciocínio, a fim de fazer inferência, tomar decisões ou chegar a soluções ou julgamentos",pensar
puto,lilaLemma:120610,00628491-v,cognição,"usar ou exercitar a mente ou o poder do raciocínio, a fim de fazer inferência, tomar decisões ou chegar a soluções ou julgamentos",raciocinar
puto,lilaLemma:120610,00628491-v,cognição,"usar ou exercitar a mente ou o poder do raciocínio, a fim de fazer inferência, tomar decisões ou chegar a soluções ou julgamentos",refletir
puto,lilaLemma:120610,00917300-v,comunicação,expressar uma suposição,dizer
puto,lilaLemma:120610,00917300-v,comunicação,expressar uma suposição,supor
puto,lilaLemma:120610,00921072-v,comunicação,imagino ser o caso ou verdadeiro ou provável,suspeitar
puto,lilaLemma:120610,01463963-v,contato,colocar em uma ordem adequada ou sistemática,arranjar
puto,lilaLemma:120610,01463963-v,contato,colocar em uma ordem adequada ou sistemática,dispor
puto,lilaLemma:120610,01463963-v,contato,colocar em uma ordem adequada ou sistemática,colocar
puto,lilaLemma:120610,00684273-v,cognição,Seguir um credo; ter uma fé; ser um crente,acreditar
puto,lilaLemma:120610,00684273-v,cognição,Seguir um credo; ter uma fé; ser um crente,crer
quaero,lilaLemma:121047,00729378-v,cognição,ter um desejo ou desejo saber algo,interrogar
quaero,lilaLemma:121047,00729378-v,cognição,ter um desejo ou desejo saber algo,perguntar-se
quaero,lilaLemma:121047,00729378-v,cognição,ter um desejo ou desejo saber algo,ponderar
quaero,lilaLemma:121047,00729378-v,cognição,ter um desejo ou desejo saber algo,questionar
quaero,lilaLemma:121047,02288295-v,posse,ganhar algo através de seus esforços,adquirir
quaero,lilaLemma:121047,02288295-v,posse,ganhar algo através de seus esforços,atingir
quaero,lilaLemma:121047,02288295-v,posse,ganhar algo através de seus esforços,ganhar
quaero,lilaLemma:121047,02288295-v,posse,ganhar algo através de seus esforços,auferir
quaero,lilaLemma:121047,02288295-v,posse,ganhar algo através de seus esforços,lucrar
quaero,lilaLemma:121047,02288295-v,posse,ganhar algo através de seus esforços,receber
quaero,lilaLemma:121047,02288295-v,posse,ganhar algo através de seus esforços,comprar
quaero,lilaLemma:121047,02288295-v,posse,ganhar algo através de seus esforços,obter
quaero,lilaLemma:121047,02288295-v,posse,ganhar algo através de seus esforços,vencer
quaero,lilaLemma:121047,01826378-v,emoção,expressar um desejo de,desejar
quaero,lilaLemma:121047,00754942-v,comunicação,pedido com urgência e força,demandar
quaero,lilaLemma:121047,00754942-v,comunicação,pedido com urgência e força,exigir
quaero,lilaLemma:121047,00754942-v,comunicação,pedido com urgência e força,reclamar
quaero,lilaLemma:121047,00755745-v,comunicação,considerar obrigatória; pedir e esperar,exigir
quaero,lilaLemma:121047,00755745-v,comunicação,considerar obrigatória; pedir e esperar,requerer
quaero,lilaLemma:121047,00755745-v,comunicação,considerar obrigatória; pedir e esperar,pedir
quaero,lilaLemma:121047,00752493-v,comunicação,fazer um pedido ou a procura de algo para alguém,pedir
quaero,lilaLemma:121047,00785962-v,comunicação,Realizar um inquérito ou investigação sobre,apurar
quaero,lilaLemma:121047,00785962-v,comunicação,Realizar um inquérito ou investigação sobre,averiguar
quaero,lilaLemma:121047,00785962-v,comunicação,Realizar um inquérito ou investigação sobre,investigar
quaero,lilaLemma:121047,00785962-v,comunicação,Realizar um inquérito ou investigação sobre,esquadrinhar
quaero,lilaLemma:121047,00785962-v,comunicação,Realizar um inquérito ou investigação sobre,pesquisar
quaero,lilaLemma:121047,01315613-v,contato,"tentar localizar ou descobrir, ou tentar estabelecer a existência de algo",buscar
quaero,lilaLemma:121047,01315613-v,contato,"tentar localizar ou descobrir, ou tentar estabelecer a existência de algo",procurar
quaero,lilaLemma:121047,01315613-v,contato,"tentar localizar ou descobrir, ou tentar estabelecer a existência de algo",explorar
quaero,lilaLemma:121047,01315613-v,contato,"tentar localizar ou descobrir, ou tentar estabelecer a existência de algo",registar
quaero,lilaLemma:121047,01315613-v,contato,"tentar localizar ou descobrir, ou tentar estabelecer a existência de algo",registrar
quaero,lilaLemma:121047,01069989-v,comunicação,pergunte para,procurar
quaero,lilaLemma:121047,00784342-v,comunicação,questionar sobre,indagar
quaero,lilaLemma:121047,00784342-v,comunicação,questionar sobre,perguntar
quaero,lilaLemma:121047,00784342-v,comunicação,questionar sobre,interrogar
quaero,lilaLemma:121047,00784342-v,comunicação,questionar sobre,pedir
quaero,lilaLemma:121047,00784342-v,comunicação,questionar sobre,solicitar
quaero,lilaLemma:121047,02153709-v,percepção,Pesquisar ou procurar,procurar
quaero,lilaLemma:121047,02153709-v,percepção,Pesquisar ou procurar,revistar
quaero,lilaLemma:121047,02153709-v,percepção,Pesquisar ou procurar,buscar
quaero,lilaLemma:121047,02153709-v,percepção,Pesquisar ou procurar,examinar
quaero,lilaLemma:121047,02153709-v,percepção,Pesquisar ou procurar,olhar
quaero,lilaLemma:121047,02627934-v,estado,"requerer como util, correto ou apropriado.",demandar
quaero,lilaLemma:121047,02627934-v,estado,"requerer como util, correto ou apropriado.",exigir
quaero,lilaLemma:121047,02627934-v,estado,"requerer como util, correto ou apropriado.",precisar
quaero,lilaLemma:121047,02627934-v,estado,"requerer como util, correto ou apropriado.",requerer
quaero,lilaLemma:121047,02627934-v,estado,"requerer como util, correto ou apropriado.",requisitar
quaero,lilaLemma:121047,02627934-v,estado,"requerer como util, correto ou apropriado.",clamar
quaero,lilaLemma:121047,02627934-v,estado,"requerer como util, correto ou apropriado.",implicar
quaero,lilaLemma:121047,02627934-v,estado,"requerer como util, correto ou apropriado.",instar
quaero,lilaLemma:121047,02627934-v,estado,"requerer como util, correto ou apropriado.",intimar
quaero,lilaLemma:121047,02627934-v,estado,"requerer como util, correto ou apropriado.",levar
quaero,lilaLemma:121047,02627934-v,estado,"requerer como util, correto ou apropriado.",necessitar
quaero,lilaLemma:121047,02627934-v,estado,"requerer como util, correto ou apropriado.",obrigar
quaero,lilaLemma:121047,02627934-v,estado,"requerer como util, correto ou apropriado.",ordenar
quaero,lilaLemma:121047,02627934-v,estado,"requerer como util, correto ou apropriado.",pedir
quaero,lilaLemma:121047,02627934-v,estado,"requerer como util, correto ou apropriado.",pressupor
quaero,lilaLemma:121047,02627934-v,estado,"requerer como util, correto ou apropriado.",pretender
quaero,lilaLemma:121047,02627934-v,estado,"requerer como util, correto ou apropriado.",querer
quaero,lilaLemma:121047,02627934-v,estado,"requerer como util, correto ou apropriado.",reclamar
quaero,lilaLemma:121047,02627934-v,estado,"requerer como util, correto ou apropriado.",reivindicar
quaero,lilaLemma:121047,02627934-v,estado,"requerer como util, correto ou apropriado.",rogar
quaero,lilaLemma:121047,02627934-v,estado,"requerer como util, correto ou apropriado.",solicitar
quaero,lilaLemma:121047,02627934-v,estado,"requerer como util, correto ou apropriado.",urgir
quaero,lilaLemma:121047,01017826-v,comunicação,reivindicar como devido ou apenas,demandar
quaero,lilaLemma:121047,01017826-v,comunicação,reivindicar como devido ou apenas,exigir
quaero,lilaLemma:121047,01018065-v,comunicação,pedir para ser informado de,demandar
quaero,lilaLemma:121047,01018065-v,comunicação,pedir para ser informado de,exigir
quaero,lilaLemma:121047,01018065-v,comunicação,pedir para ser informado de,pedir
quaero,lilaLemma:121047,00705227-v,cognição,ter a vontade e a intenção de realizar alguma ação,planear
quaero,lilaLemma:121047,00705227-v,cognição,ter a vontade e a intenção de realizar alguma ação,planejar
quaero,lilaLemma:121047,00708980-v,cognição,propor ou intenção,pretender
quaero,lilaLemma:121047,00708980-v,cognição,propor ou intenção,propor
refero,lilaLemma:122494,00816353-v,comunicação,responder,rebater
refero,lilaLemma:122494,00816353-v,comunicação,responder,replicar
refero,lilaLemma:122494,00816353-v,comunicação,responder,retornar
refero,lilaLemma:122494,00816353-v,comunicação,responder,retorquir
refero,lilaLemma:122494,00816353-v,comunicação,responder,retortar
refero,lilaLemma:122494,00816353-v,comunicação,responder,retrucar
refero,lilaLemma:122494,00816353-v,comunicação,responder,ripostar
refero,lilaLemma:122494,00959524-v,comunicação,voltar para algo mais cedo,lembrar
refero,lilaLemma:122494,00959524-v,comunicação,voltar para algo mais cedo,retornar
refero,lilaLemma:122494,01629000-v,criação,dar ou fornecimento,fazer
refero,lilaLemma:122494,01629000-v,criação,dar ou fornecimento,gerar
refero,lilaLemma:122494,01629000-v,criação,dar ou fornecimento,trazer
refero,lilaLemma:122494,01629000-v,criação,dar ou fornecimento,dar
refero,lilaLemma:122494,01629000-v,criação,dar ou fornecimento,produzir
refero,lilaLemma:122494,02284951-v,posse,[pay back],reintegrar
refero,lilaLemma:122494,02284951-v,posse,[pay back],repagar
refero,lilaLemma:122494,02284951-v,posse,[pay back],restituir
refero,lilaLemma:122494,02284951-v,posse,[pay back],retribuir
refero,lilaLemma:122494,02284951-v,posse,[pay back],devolver
refero,lilaLemma:122494,02284951-v,posse,[pay back],reembolsar
refero,lilaLemma:122494,02284951-v,posse,[pay back],regressar
refero,lilaLemma:122494,02284951-v,posse,[pay back],voltar
refero,lilaLemma:122494,02004874-v,movimento,"Vá ou volte para o lugar, condição ou atividade onde um tem sido antes",devolver
refero,lilaLemma:122494,02004874-v,movimento,"Vá ou volte para o lugar, condição ou atividade onde um tem sido antes",regressar
refero,lilaLemma:122494,02004874-v,movimento,"Vá ou volte para o lugar, condição ou atividade onde um tem sido antes",retornar
refero,lilaLemma:122494,02004874-v,movimento,"Vá ou volte para o lugar, condição ou atividade onde um tem sido antes",recrescer
refero,lilaLemma:122494,02004874-v,movimento,"Vá ou volte para o lugar, condição ou atividade onde um tem sido antes",recriar
refero,lilaLemma:122494,02004874-v,movimento,"Vá ou volte para o lugar, condição ou atividade onde um tem sido antes",voltar
refero,lilaLemma:122494,00548153-v,mudança,ser restaurado,retornar
refero,lilaLemma:122494,00548153-v,mudança,ser restaurado,voltar
refero,lilaLemma:122494,00548153-v,mudança,ser restaurado,recrescer
refero,lilaLemma:122494,00548153-v,mudança,ser restaurado,recriar
refero,lilaLemma:122494,00173338-v,mudança,"remover algo concreto, levantando, empurrando, tirando, ou remover algo abstrato",remover
refero,lilaLemma:122494,00173338-v,mudança,"remover algo concreto, levantando, empurrando, tirando, ou remover algo abstrato",retirar
refero,lilaLemma:122494,00173338-v,mudança,"remover algo concreto, levantando, empurrando, tirando, ou remover algo abstrato",tirar
refero,lilaLemma:122494,00173338-v,mudança,"remover algo concreto, levantando, empurrando, tirando, ou remover algo abstrato",sacar
refero,lilaLemma:122494,00670261-v,cognição,formar uma opinião crítica sobre,avaliar
refero,lilaLemma:122494,00670261-v,cognição,formar uma opinião crítica sobre,balizar
refero,lilaLemma:122494,00670261-v,cognição,formar uma opinião crítica sobre,julgar
refero,lilaLemma:122494,00670261-v,cognição,formar uma opinião crítica sobre,opinar
refero,lilaLemma:122494,01953334-v,movimento,canal em uma nova direção,redirecionar
refero,lilaLemma:122494,02078294-v,movimento,trazer de volta ao ponto de partida,devolver
refero,lilaLemma:122494,02078294-v,movimento,trazer de volta ao ponto de partida,retornar
refero,lilaLemma:122494,02078294-v,movimento,trazer de volta ao ponto de partida,voltar
refero,lilaLemma:122494,02078294-v,movimento,trazer de volta ao ponto de partida,regressar
refero,lilaLemma:122494,02310007-v,posse,dar de volta,dar
refero,lilaLemma:122494,02310007-v,posse,dar de volta,entregar
refero,lilaLemma:122494,02310007-v,posse,dar de volta,retornar
refero,lilaLemma:122494,02310007-v,posse,dar de volta,devolver
refero,lilaLemma:122494,02310007-v,posse,dar de volta,regressar
refero,lilaLemma:122494,02310007-v,posse,dar de volta,voltar
refero,lilaLemma:122494,00965035-v,comunicação,dar um relato ou representar em palavras,descrever
refero,lilaLemma:122494,00965035-v,comunicação,dar um relato ou representar em palavras,relatar
refero,lilaLemma:122494,00965035-v,comunicação,dar um relato ou representar em palavras,assinalar
refero,lilaLemma:122494,00965035-v,comunicação,dar um relato ou representar em palavras,denunciar
refero,lilaLemma:122494,00965035-v,comunicação,dar um relato ou representar em palavras,explicar
refero,lilaLemma:122494,00965035-v,comunicação,dar um relato ou representar em palavras,informar
refero,lilaLemma:122494,00965035-v,comunicação,dar um relato ou representar em palavras,notificar
refero,lilaLemma:122494,00965035-v,comunicação,dar um relato ou representar em palavras,reportar
refero,lilaLemma:122494,00387310-v,mudança,voltar a um estado anterior,reverter
refero,lilaLemma:122494,00387310-v,mudança,voltar a um estado anterior,regressar
refero,lilaLemma:122494,00387310-v,mudança,voltar a um estado anterior,voltar
refero,lilaLemma:122494,01994442-v,movimento,andar para trás ou se distanciar ou retroceder,afastar se
refero,lilaLemma:122494,01994442-v,movimento,andar para trás ou se distanciar ou retroceder,recuar
refero,lilaLemma:122494,01994442-v,movimento,andar para trás ou se distanciar ou retroceder,retroceder
refero,lilaLemma:122494,01994442-v,movimento,andar para trás ou se distanciar ou retroceder,voltar atrás
refero,lilaLemma:122494,02310482-v,posse,[give or bring back],restituir
refero,lilaLemma:122494,00930368-v,comunicação,trazer à lembrança,evocar
refero,lilaLemma:122494,00930368-v,comunicação,trazer à lembrança,sugerir
refero,lilaLemma:122494,00726300-v,cognição,atribuir ou creditar algo,atribuir
refero,lilaLemma:122494,00726300-v,cognição,atribuir ou creditar algo,imputar
refero,lilaLemma:122494,00726300-v,cognição,atribuir ou creditar algo,afetar
refero,lilaLemma:122494,00726300-v,cognição,atribuir ou creditar algo,delegar
refero,lilaLemma:122494,00726300-v,cognição,atribuir ou creditar algo,lançar
refero,lilaLemma:122494,00966809-v,comunicação,"anunciar resultado de uma investigação, experiência ou encontro",relatar
refero,lilaLemma:122494,00966809-v,comunicação,"anunciar resultado de uma investigação, experiência ou encontro",reportar
refero,lilaLemma:122494,00966809-v,comunicação,"anunciar resultado de uma investigação, experiência ou encontro",informar
refero,lilaLemma:122494,00966809-v,comunicação,"anunciar resultado de uma investigação, experiência ou encontro",noticiar
relinquo,lilaLemma:122569,00136991-v,mudança,deixar inalterada ou sem perturbações ou abster-se de,deixar
relinquo,lilaLemma:122569,00614057-v,cognição,deixar alguém que precisa ou conta com você; deixar na mão,abandonar
relinquo,lilaLemma:122569,00614057-v,cognição,deixar alguém que precisa ou conta com você; deixar na mão,desamparar
relinquo,lilaLemma:122569,00614057-v,cognição,deixar alguém que precisa ou conta com você; deixar na mão,desertar
relinquo,lilaLemma:122569,00614057-v,cognição,deixar alguém que precisa ou conta com você; deixar na mão,deixar
relinquo,lilaLemma:122569,00614057-v,cognição,deixar alguém que precisa ou conta com você; deixar na mão,largar
relinquo,lilaLemma:122569,00614057-v,cognição,deixar alguém que precisa ou conta com você; deixar na mão,trair
relinquo,lilaLemma:122569,00360092-v,mudança,ser sobreviveu após a morte,deixar
relinquo,lilaLemma:122569,00616857-v,cognição,dar pouca ou nenhuma atenção para,desatender
relinquo,lilaLemma:122569,00616857-v,cognição,dar pouca ou nenhuma atenção para,ignorar
relinquo,lilaLemma:122569,00616857-v,cognição,dar pouca ou nenhuma atenção para,negligenciar
relinquo,lilaLemma:122569,01842367-v,movimento,deixar para trás,abandonar
relinquo,lilaLemma:122569,01842367-v,movimento,deixar para trás,desertar
relinquo,lilaLemma:122569,02008396-v,movimento,ir embora ou partir,deixar
relinquo,lilaLemma:122569,02008396-v,movimento,ir embora ou partir,departir
relinquo,lilaLemma:122569,02008396-v,movimento,ir embora ou partir,partir
relinquo,lilaLemma:122569,02008396-v,movimento,ir embora ou partir,sair
scio,lilaLemma:123732,01426397-v,contato,ter relações sexuais com,comer
scio,lilaLemma:123732,01426397-v,contato,ter relações sexuais com,copular
scio,lilaLemma:123732,01426397-v,contato,ter relações sexuais com,foder
scio,lilaLemma:123732,01426397-v,contato,ter relações sexuais com,meter
scio,lilaLemma:123732,01426397-v,contato,ter relações sexuais com,montar
scio,lilaLemma:123732,01426397-v,contato,ter relações sexuais com,pinar
scio,lilaLemma:123732,01426397-v,contato,ter relações sexuais com,transar
scio,lilaLemma:123732,01426397-v,contato,ter relações sexuais com,trepar
scio,lilaLemma:123732,00588888-v,cognição,conhecer e compreender a natureza ou o significado de,compreender
scio,lilaLemma:123732,00588888-v,cognição,conhecer e compreender a natureza ou o significado de,comprender
scio,lilaLemma:123732,00588888-v,cognição,conhecer e compreender a natureza ou o significado de,entender
scio,lilaLemma:123732,00588888-v,cognição,conhecer e compreender a natureza ou o significado de,abranger
scio,lilaLemma:123732,00588888-v,cognição,conhecer e compreender a natureza ou o significado de,concluir
scio,lilaLemma:123732,00588888-v,cognição,conhecer e compreender a natureza ou o significado de,deduzir
scio,lilaLemma:123732,00588888-v,cognição,conhecer e compreender a natureza ou o significado de,depreender
scio,lilaLemma:123732,00588888-v,cognição,conhecer e compreender a natureza ou o significado de,inferir
scio,lilaLemma:123732,00588888-v,cognição,conhecer e compreender a natureza ou o significado de,perceber
scio,lilaLemma:123732,00594621-v,cognição,estar cientes ou conhecer um fato ou uma parte específica de informação,conhecer
scio,lilaLemma:123732,00594621-v,cognição,estar cientes ou conhecer um fato ou uma parte específica de informação,entender
scio,lilaLemma:123732,00594621-v,cognição,estar cientes ou conhecer um fato ou uma parte específica de informação,saber
scio,lilaLemma:123732,00591519-v,cognição,tornar-se consciente de,perceber
scio,lilaLemma:123732,00596644-v,cognição,"ter conhecimento em primeira mão de estados, situações, emoções ou sensações",conhecer
scio,lilaLemma:123732,00596644-v,cognição,"ter conhecimento em primeira mão de estados, situações, emoções ou sensações",experimentar
scio,lilaLemma:123732,00596644-v,cognição,"ter conhecimento em primeira mão de estados, situações, emoções ou sensações",saber
scio,lilaLemma:123732,00596644-v,cognição,"ter conhecimento em primeira mão de estados, situações, emoções ou sensações",sentir
scio,lilaLemma:123732,00596644-v,cognição,"ter conhecimento em primeira mão de estados, situações, emoções ou sensações",viver
scio,lilaLemma:123732,00595935-v,cognição,saber como fazer alguma coisa,saber
scio,lilaLemma:123732,00595935-v,cognição,saber como fazer alguma coisa,conhecer
scio,lilaLemma:123732,00817311-v,comunicação,Declarar ser verdade ou admitir a existência ou a realidade ou a verdade de,admitir
scio,lilaLemma:123732,00817311-v,comunicação,Declarar ser verdade ou admitir a existência ou a realidade ou a verdade de,confessar
scio,lilaLemma:123732,00817311-v,comunicação,Declarar ser verdade ou admitir a existência ou a realidade ou a verdade de,reconhecer
scio,lilaLemma:123732,00594337-v,cognição,estar familiarizado ou familiarizado com uma pessoa ou um objeto,conhecer
scio,lilaLemma:123732,00595630-v,cognição,estar ciente da verdade de algo; ter uma crença ou fé em algo; consideram como verdadeiro além de qualquer dúvida,saber
scribo,lilaLemma:123840,02475922-v,relação social,"[assign a duty, responsibility or obligation to]",nomear
scribo,lilaLemma:123840,02475922-v,relação social,"[assign a duty, responsibility or obligation to]",responsabilizar
scribo,lilaLemma:123840,02475922-v,relação social,"[assign a duty, responsibility or obligation to]",designar
scribo,lilaLemma:123840,02471690-v,relação social,"registrar por escrito; escrever num livro de nomes, eventos ou transações",protocolar
scribo,lilaLemma:123840,02471690-v,relação social,"registrar por escrito; escrever num livro de nomes, eventos ou transações",registar
scribo,lilaLemma:123840,02471690-v,relação social,"registrar por escrito; escrever num livro de nomes, eventos ou transações",registrar
scribo,lilaLemma:123840,00923793-v,comunicação,"indicar um lugar, direção, pessoa ou coisa; tanto espacialmente quanto figurativamente",apontar
scribo,lilaLemma:123840,00923793-v,comunicação,"indicar um lugar, direção, pessoa ou coisa; tanto espacialmente quanto figurativamente",indicar
scribo,lilaLemma:123840,00923793-v,comunicação,"indicar um lugar, direção, pessoa ou coisa; tanto espacialmente quanto figurativamente",mostrar
scribo,lilaLemma:123840,00923793-v,comunicação,"indicar um lugar, direção, pessoa ou coisa; tanto espacialmente quanto figurativamente",assinalar
scribo,lilaLemma:123840,00923793-v,comunicação,"indicar um lugar, direção, pessoa ou coisa; tanto espacialmente quanto figurativamente",demonstrar
scribo,lilaLemma:123840,00923793-v,comunicação,"indicar um lugar, direção, pessoa ou coisa; tanto espacialmente quanto figurativamente",designar
scribo,lilaLemma:123840,00923793-v,comunicação,"indicar um lugar, direção, pessoa ou coisa; tanto espacialmente quanto figurativamente",ensinar
scribo,lilaLemma:123840,00923793-v,comunicação,"indicar um lugar, direção, pessoa ou coisa; tanto espacialmente quanto figurativamente",especificar
scribo,lilaLemma:123840,00923793-v,comunicação,"indicar um lugar, direção, pessoa ou coisa; tanto espacialmente quanto figurativamente",particularizar
scribo,lilaLemma:123840,00923793-v,comunicação,"indicar um lugar, direção, pessoa ou coisa; tanto espacialmente quanto figurativamente",provar
scribo,lilaLemma:123840,00923793-v,comunicação,"indicar um lugar, direção, pessoa ou coisa; tanto espacialmente quanto figurativamente",revelar
scribo,lilaLemma:123840,00923793-v,comunicação,"indicar um lugar, direção, pessoa ou coisa; tanto espacialmente quanto figurativamente",testar
scribo,lilaLemma:123840,01097192-v,competição,juntar-se as forças armadas,alistar
scribo,lilaLemma:123840,01097192-v,competição,juntar-se as forças armadas,alistar-se
scribo,lilaLemma:123840,01097192-v,competição,juntar-se as forças armadas,engajar-se
scribo,lilaLemma:123840,01582645-v,contato,fazer uma marca ou linhas em uma superfície,delinear
scribo,lilaLemma:123840,01582645-v,contato,fazer uma marca ou linhas em uma superfície,traçar
scribo,lilaLemma:123840,01582645-v,contato,fazer uma marca ou linhas em uma superfície,descrever
scribo,lilaLemma:123840,01582645-v,contato,fazer uma marca ou linhas em uma superfície,desenhar
scribo,lilaLemma:123840,01019472-v,comunicação,dar uma garantia ou promessa de,convencionar
scribo,lilaLemma:123840,01019472-v,comunicação,dar uma garantia ou promessa de,estipular
scribo,lilaLemma:123840,01019472-v,comunicação,dar uma garantia ou promessa de,estipule
scribo,lilaLemma:123840,01626138-v,criação,colocar juntos extraindo de material existente,compilar
scribo,lilaLemma:123840,01626138-v,criação,colocar juntos extraindo de material existente,compor
scribo,lilaLemma:123840,01691057-v,criação,marcra ou traçar sobre uma superfície,escrever
scribo,lilaLemma:123840,02471327-v,relação social,registrar formalmente como um participante ou membro,inscrever
scribo,lilaLemma:123840,02471327-v,relação social,registrar formalmente como um participante ou membro,recrutar
scribo,lilaLemma:123840,02471327-v,relação social,registrar formalmente como um participante ou membro,registar
scribo,lilaLemma:123840,02471327-v,relação social,registrar formalmente como um participante ou membro,registrar
scribo,lilaLemma:123840,02471327-v,relação social,registrar formalmente como um participante ou membro,apontar
scribo,lilaLemma:123840,01000214-v,comunicação,fazer um registro de algo; gravar de forma permanente,registar
scribo,lilaLemma:123840,01000214-v,comunicação,fazer um registro de algo; gravar de forma permanente,registrar
scribo,lilaLemma:123840,01000214-v,comunicação,fazer um registro de algo; gravar de forma permanente,consignar
scribo,lilaLemma:123840,01031966-v,comunicação,comunicar por carta,escrever
scribo,lilaLemma:123840,00993014-v,comunicação,comunicar ou expressar através da escrita,escrever
scribo,lilaLemma:123840,00993014-v,comunicação,comunicar ou expressar através da escrita,redigir
scribo,lilaLemma:123840,02396205-v,relação social,[create and charge with a task or function],nomear
scribo,lilaLemma:123840,02396205-v,relação social,[create and charge with a task or function],alcunhar
scribo,lilaLemma:123840,02396205-v,relação social,[create and charge with a task or function],apelidar
scribo,lilaLemma:123840,02396205-v,relação social,[create and charge with a task or function],constituir
scribo,lilaLemma:123840,02396205-v,relação social,[create and charge with a task or function],designar
scribo,lilaLemma:123840,02396205-v,relação social,[create and charge with a task or function],eleger
scribo,lilaLemma:123840,01020356-v,comunicação,"colocar por escrito; diz-se de textos, composições musicais, etc",registar
scribo,lilaLemma:123840,01020356-v,comunicação,"colocar por escrito; diz-se de textos, composições musicais, etc",registrar
scribo,lilaLemma:123840,01698271-v,criação,produzir uma obra literária,compor
scribo,lilaLemma:123840,01698271-v,criação,produzir uma obra literária,escrever
scribo,lilaLemma:123840,01698271-v,criação,produzir uma obra literária,grafar
scribo,lilaLemma:123840,01698271-v,criação,produzir uma obra literária,redigir
scribo,lilaLemma:123840,01698271-v,criação,produzir uma obra literária,ziguezaguear
sequor,lilaLemma:124461,02026086-v,movimento,acompanhar ou escoltar,acompanhar
sequor,lilaLemma:124461,02025550-v,movimento,ir ou viajar junto com,acompanhar
sequor,lilaLemma:124461,00150776-v,mudança,"se comportar de acordo, ou de acordo com",seguir
sequor,lilaLemma:124461,02634265-v,estado,"resultar ou terminar de uma maneira especifica, num estado especifico",redundar
sequor,lilaLemma:124461,02634265-v,estado,"resultar ou terminar de uma maneira especifica, num estado especifico",resultar
sequor,lilaLemma:124461,02634265-v,estado,"resultar ou terminar de uma maneira especifica, num estado especifico",seguir
sequor,lilaLemma:124461,02634265-v,estado,"resultar ou terminar de uma maneira especifica, num estado especifico",sobrevir
sequor,lilaLemma:124461,02634265-v,estado,"resultar ou terminar de uma maneira especifica, num estado especifico",suceder
sequor,lilaLemma:124461,00729109-v,cognição,"Siga, descobrir ou verificar o curso do desenvolvimento de algo",seguir
sequor,lilaLemma:124461,00729109-v,cognição,"Siga, descobrir ou verificar o curso do desenvolvimento de algo",traçar
sequor,lilaLemma:124461,02406585-v,relação social,ser o sucessor (de),seguir
sequor,lilaLemma:124461,02406585-v,relação social,ser o sucessor (de),suceder
sequor,lilaLemma:124461,02406585-v,relação social,ser o sucessor (de),vir depois de
sequor,lilaLemma:124461,02406585-v,relação social,ser o sucessor (de),acontecer
sequor,lilaLemma:124461,02612762-v,estado,"estar presente em (reuniões, cultos, universidade), etc",ir
sequor,lilaLemma:124461,02612762-v,estado,"estar presente em (reuniões, cultos, universidade), etc",ir ver
sequor,lilaLemma:124461,02612762-v,estado,"estar presente em (reuniões, cultos, universidade), etc",assistir
sequor,lilaLemma:124461,02612762-v,estado,"estar presente em (reuniões, cultos, universidade), etc",participar
sequor,lilaLemma:124461,02000868-v,movimento,"Siga em, ou como se em exercício",perseguir
sequor,lilaLemma:124461,01991931-v,movimento,viajar ao longo de um determinado curso,seguir
sequor,lilaLemma:124461,02556817-v,relação social,dar suporte ou aprovação a,apoiar
sequor,lilaLemma:124461,02556817-v,relação social,dar suporte ou aprovação a,aprovar
sequor,lilaLemma:124461,02556817-v,relação social,dar suporte ou aprovação a,endossar
sequor,lilaLemma:124461,02556817-v,relação social,dar suporte ou aprovação a,respaldar
sequor,lilaLemma:124461,02556817-v,relação social,dar suporte ou aprovação a,secundar
sequor,lilaLemma:124461,02716767-v,estado,ser um companheiro para alguém,acompanhar
sequor,lilaLemma:124461,02716767-v,estado,ser um companheiro para alguém,fazer companhia
sequor,lilaLemma:124461,02542280-v,relação social,"agir de acordo com as regras, comandos ou desejos de alguém",acatar
sequor,lilaLemma:124461,02542280-v,relação social,"agir de acordo com as regras, comandos ou desejos de alguém",conformar
sequor,lilaLemma:124461,02542280-v,relação social,"agir de acordo com as regras, comandos ou desejos de alguém",seguir
sequor,lilaLemma:124461,02542280-v,relação social,"agir de acordo com as regras, comandos ou desejos de alguém",cumprir
sequor,lilaLemma:124461,00665886-v,cognição,estabelecer ou fortalecer com novas provas ou fatos,confirmar
sequor,lilaLemma:124461,00665886-v,cognição,estabelecer ou fortalecer com novas provas ou fatos,corroborar
sequor,lilaLemma:124461,00665886-v,cognição,estabelecer ou fortalecer com novas provas ou fatos,provar
sequor,lilaLemma:124461,00665886-v,cognição,estabelecer ou fortalecer com novas provas ou fatos,revalidar
sequor,lilaLemma:124461,00665886-v,cognição,estabelecer ou fortalecer com novas provas ou fatos,substanciar
sequor,lilaLemma:124461,00665886-v,cognição,estabelecer ou fortalecer com novas provas ou fatos,suportar
sequor,lilaLemma:124461,00665886-v,cognição,estabelecer ou fortalecer com novas provas ou fatos,sustentar
sequor,lilaLemma:124461,00665886-v,cognição,estabelecer ou fortalecer com novas provas ou fatos,afirmar
sequor,lilaLemma:124461,00665886-v,cognição,estabelecer ou fortalecer com novas provas ou fatos,apoiar
sequor,lilaLemma:124461,00665886-v,cognição,estabelecer ou fortalecer com novas provas ou fatos,aprovar
sequor,lilaLemma:124461,00665886-v,cognição,estabelecer ou fortalecer com novas provas ou fatos,asseverar
sequor,lilaLemma:124461,00665886-v,cognição,estabelecer ou fortalecer com novas provas ou fatos,atestar
sequor,lilaLemma:124461,00665886-v,cognição,estabelecer ou fortalecer com novas provas ou fatos,certificar
sequor,lilaLemma:124461,00665886-v,cognição,estabelecer ou fortalecer com novas provas ou fatos,comprovar
sequor,lilaLemma:124461,00665886-v,cognição,estabelecer ou fortalecer com novas provas ou fatos,constatar
sequor,lilaLemma:124461,00665886-v,cognição,estabelecer ou fortalecer com novas provas ou fatos,esforçar
sequor,lilaLemma:124461,00665886-v,cognição,estabelecer ou fortalecer com novas provas ou fatos,favorecer
sequor,lilaLemma:124461,00665886-v,cognição,estabelecer ou fortalecer com novas provas ou fatos,firmar
sequor,lilaLemma:124461,00665886-v,cognição,estabelecer ou fortalecer com novas provas ou fatos,fundamentar
sequor,lilaLemma:124461,00665886-v,cognição,estabelecer ou fortalecer com novas provas ou fatos,ratificar
sequor,lilaLemma:124461,00665886-v,cognição,estabelecer ou fortalecer com novas provas ou fatos,roborar
sequor,lilaLemma:124461,00665886-v,cognição,estabelecer ou fortalecer com novas provas ou fatos,robustecer
sequor,lilaLemma:124461,00665886-v,cognição,estabelecer ou fortalecer com novas provas ou fatos,sancionar
sequor,lilaLemma:124461,01998432-v,movimento,"viajar atrás, ir atrás, vir atrás",seguir
sequor,lilaLemma:124461,01728355-v,criação,realizar um acompanhamento para,acompanhar
sequor,lilaLemma:124461,02526085-v,relação social,obter com esforço,alcançar
sequor,lilaLemma:124461,02526085-v,relação social,obter com esforço,atingir
sequor,lilaLemma:124461,02526085-v,relação social,obter com esforço,chegar a
sequor,lilaLemma:124461,02526085-v,relação social,obter com esforço,efectuar
sequor,lilaLemma:124461,02526085-v,relação social,obter com esforço,efetuar
sequor,lilaLemma:124461,02526085-v,relação social,obter com esforço,obter
sequor,lilaLemma:124461,02526085-v,relação social,obter com esforço,realizar
sequor,lilaLemma:124461,02526085-v,relação social,obter com esforço,conseguir
sequor,lilaLemma:124461,02556126-v,relação social,"dar apoio moral ou psicológico, auxílio ou coragem para alguem",ajudar
sequor,lilaLemma:124461,02556126-v,relação social,"dar apoio moral ou psicológico, auxílio ou coragem para alguem",apoiar
sequor,lilaLemma:124461,02556126-v,relação social,"dar apoio moral ou psicológico, auxílio ou coragem para alguem",suportar
sequor,lilaLemma:124461,02556126-v,relação social,"dar apoio moral ou psicológico, auxílio ou coragem para alguem",respaldar
sequor,lilaLemma:124461,02716165-v,estado,estar presente ou ser associado com um evento ou uma entidade,acompanhar
sequor,lilaLemma:124461,02346895-v,posse,"[choose and follow; as of theories, ideas, policies, strategies or plans]",adoptar
sequor,lilaLemma:124461,02346895-v,posse,"[choose and follow; as of theories, ideas, policies, strategies or plans]",adotar
sequor,lilaLemma:124461,02346895-v,posse,"[choose and follow; as of theories, ideas, policies, strategies or plans]",esposar
sequor,lilaLemma:124461,02346895-v,posse,"[choose and follow; as of theories, ideas, policies, strategies or plans]",tomar
sequor,lilaLemma:124461,01069989-v,comunicação,pergunte para,procurar
sequor,lilaLemma:124461,02001858-v,movimento,ir atrás com a intenção de pegar,caçar
sequor,lilaLemma:124461,02001858-v,movimento,ir atrás com a intenção de pegar,ir à caça
sequor,lilaLemma:124461,02001858-v,movimento,ir atrás com a intenção de pegar,perseguir
sequor,lilaLemma:124461,02001858-v,movimento,ir atrás com a intenção de pegar,seguir
sequor,lilaLemma:124461,02720354-v,estado,"Venha depois com o tempo, como resultado",seguir
sequor,lilaLemma:124461,01912159-v,movimento,atravessar ou passar por cima,atravessar
sequor,lilaLemma:124461,01912159-v,movimento,atravessar ou passar por cima,cruzar
senatus,lilaLemma:124309,07143137-n,comunicação,uma conferência entre duas ou mais pessoas a considerar uma questão em particular,consulta
senatus,lilaLemma:124309,08161477-n,grupo,montagem possuindo poderes legislativos altos,Senado
senatus,lilaLemma:124309,08161477-n,grupo,montagem possuindo poderes legislativos altos,senado
senatus,lilaLemma:124309,08309409-n,grupo,uma reunião de pessoas para consulta,concílio
senatus,lilaLemma:124309,08309409-n,grupo,uma reunião de pessoas para consulta,conselho
senatus,lilaLemma:124309,02749953-n,artefato,uma unidade composta por componentes que foram encaixados juntos,produto
tempus,lilaLemma:127522,15239579-n,tempo,um período do ano marcado por eventos especiais ou atividades em algum campo,estação
tempus,lilaLemma:127522,15239579-n,tempo,um período do ano marcado por eventos especiais ou atividades em algum campo,tempo
tempus,lilaLemma:127522,15239579-n,tempo,um período do ano marcado por eventos especiais ou atividades em algum campo,temporada
tempus,lilaLemma:127522,15245515-n,tempo,um momento adequado,hora
tempus,lilaLemma:127522,15246853-n,tempo,indefinidamente um curto espaço de tempo,instante
tempus,lilaLemma:127522,15246853-n,tempo,indefinidamente um curto espaço de tempo,minuto
tempus,lilaLemma:127522,15246853-n,tempo,indefinidamente um curto espaço de tempo,momento
tempus,lilaLemma:127522,15246853-n,tempo,indefinidamente um curto espaço de tempo,segundo
tempus,lilaLemma:127522,06329506-n,comunicação,Uma categoria gramatical de verbos utilizada para expressar distinções de tempo,tempo
tempus,lilaLemma:127522,14485064-n,estado,uma oportunidade de fazer algo,chance
tempus,lilaLemma:127522,14485064-n,estado,uma oportunidade de fazer algo,ocasião
tempus,lilaLemma:127522,14485064-n,estado,uma oportunidade de fazer algo,vez
tempus,lilaLemma:127522,14485064-n,estado,uma oportunidade de fazer algo,oportunidade
tempus,lilaLemma:127522,15236475-n,tempo,um dos períodos naturais em que o ano é dividido por equinócios e solstícios ou condições atmosféricas,estação
tempus,lilaLemma:127522,15236475-n,tempo,um dos períodos naturais em que o ano é dividido por equinócios e solstícios ou condições atmosféricas,estação do ano
tempus,lilaLemma:127522,15236475-n,tempo,um dos períodos naturais em que o ano é dividido por equinócios e solstícios ou condições atmosféricas,período
tempus,lilaLemma:127522,15236475-n,tempo,um dos períodos naturais em que o ano é dividido por equinócios e solstícios ou condições atmosféricas,sazão
tempus,lilaLemma:127522,15236475-n,tempo,um dos períodos naturais em que o ano é dividido por equinócios e solstícios ou condições atmosféricas,tempo
tempus,lilaLemma:127522,00028270-n,conceito,a experiência continua em que os eventos passam do futuro através do presente para o passado,tempo
tempus,lilaLemma:127522,14473222-n,estado,suas circunstâncias ou situação na vida em geral (incluindo tudo o que acontece com você),circunstâncias
tempus,lilaLemma:127522,14473222-n,estado,suas circunstâncias ou situação na vida em geral (incluindo tudo o que acontece com você),destino
tempus,lilaLemma:127522,14473222-n,estado,suas circunstâncias ou situação na vida em geral (incluindo tudo o que acontece com você),sina
tempus,lilaLemma:127522,14473222-n,estado,suas circunstâncias ou situação na vida em geral (incluindo tudo o que acontece com você),sorte
tempus,lilaLemma:127522,14473222-n,estado,suas circunstâncias ou situação na vida em geral (incluindo tudo o que acontece com você),acaso
tempus,lilaLemma:127522,14473222-n,estado,suas circunstâncias ou situação na vida em geral (incluindo tudo o que acontece com você),adversidade
tempus,lilaLemma:127522,14473222-n,estado,suas circunstâncias ou situação na vida em geral (incluindo tudo o que acontece com você),azar
tempus,lilaLemma:127522,14473222-n,estado,suas circunstâncias ou situação na vida em geral (incluindo tudo o que acontece com você),bambúrrio
tempus,lilaLemma:127522,14473222-n,estado,suas circunstâncias ou situação na vida em geral (incluindo tudo o que acontece com você),classe
tempus,lilaLemma:127522,14473222-n,estado,suas circunstâncias ou situação na vida em geral (incluindo tudo o que acontece com você),destinação
tempus,lilaLemma:127522,14473222-n,estado,suas circunstâncias ou situação na vida em geral (incluindo tudo o que acontece com você),direção
tempus,lilaLemma:127522,14473222-n,estado,suas circunstâncias ou situação na vida em geral (incluindo tudo o que acontece com você),dita
tempus,lilaLemma:127522,14473222-n,estado,suas circunstâncias ou situação na vida em geral (incluindo tudo o que acontece com você),espécie
tempus,lilaLemma:127522,14473222-n,estado,suas circunstâncias ou situação na vida em geral (incluindo tudo o que acontece com você),estofa
tempus,lilaLemma:127522,14473222-n,estado,suas circunstâncias ou situação na vida em geral (incluindo tudo o que acontece com você),estofo
tempus,lilaLemma:127522,14473222-n,estado,suas circunstâncias ou situação na vida em geral (incluindo tudo o que acontece com você),estreia
tempus,lilaLemma:127522,14473222-n,estado,suas circunstâncias ou situação na vida em geral (incluindo tudo o que acontece com você),estrela
tempus,lilaLemma:127522,14473222-n,estado,suas circunstâncias ou situação na vida em geral (incluindo tudo o que acontece com você),existência
tempus,lilaLemma:127522,14473222-n,estado,suas circunstâncias ou situação na vida em geral (incluindo tudo o que acontece com você),fado
tempus,lilaLemma:127522,14473222-n,estado,suas circunstâncias ou situação na vida em geral (incluindo tudo o que acontece com você),fatalidade
tempus,lilaLemma:127522,14473222-n,estado,suas circunstâncias ou situação na vida em geral (incluindo tudo o que acontece com você),fatalismo
tempus,lilaLemma:127522,14473222-n,estado,suas circunstâncias ou situação na vida em geral (incluindo tudo o que acontece com você),fortuna
tempus,lilaLemma:127522,14473222-n,estado,suas circunstâncias ou situação na vida em geral (incluindo tudo o que acontece com você),futuro
tempus,lilaLemma:127522,14473222-n,estado,suas circunstâncias ou situação na vida em geral (incluindo tudo o que acontece com você),género
tempus,lilaLemma:127522,14473222-n,estado,suas circunstâncias ou situação na vida em geral (incluindo tudo o que acontece com você),infortúnio
tempus,lilaLemma:127522,14473222-n,estado,suas circunstâncias ou situação na vida em geral (incluindo tudo o que acontece com você),laia
tempus,lilaLemma:127522,14473222-n,estado,suas circunstâncias ou situação na vida em geral (incluindo tudo o que acontece com você),presságio
tempus,lilaLemma:127522,14473222-n,estado,suas circunstâncias ou situação na vida em geral (incluindo tudo o que acontece com você),providência
tempus,lilaLemma:127522,14473222-n,estado,suas circunstâncias ou situação na vida em geral (incluindo tudo o que acontece com você),sestro
tempus,lilaLemma:127522,14473222-n,estado,suas circunstâncias ou situação na vida em geral (incluindo tudo o que acontece com você),sortilégio
tempus,lilaLemma:127522,14473222-n,estado,suas circunstâncias ou situação na vida em geral (incluindo tudo o que acontece com você),ventura
tempus,lilaLemma:127522,14473222-n,estado,suas circunstâncias ou situação na vida em geral (incluindo tudo o que acontece com você),vida
tempus,lilaLemma:127522,14483917-n,estado,"uma possibilidade de, devido a uma combinação favorável de circunstâncias",chance
tempus,lilaLemma:127522,14483917-n,estado,"uma possibilidade de, devido a uma combinação favorável de circunstâncias",oportunidade
tempus,lilaLemma:127522,14483917-n,estado,"uma possibilidade de, devido a uma combinação favorável de circunstâncias",aberta
tempus,lilaLemma:127522,14483917-n,estado,"uma possibilidade de, devido a uma combinação favorável de circunstâncias",ensejo
tempus,lilaLemma:127522,14483917-n,estado,"uma possibilidade de, devido a uma combinação favorável de circunstâncias",fuga
tempus,lilaLemma:127522,14483917-n,estado,"uma possibilidade de, devido a uma combinação favorável de circunstâncias",ocasião
tempus,lilaLemma:127522,14483917-n,estado,"uma possibilidade de, devido a uma combinação favorável de circunstâncias",sazão
tempus,lilaLemma:127522,15135822-n,tempo,a quarta coordenada que é necessária (juntamente com três dimensões espaciais) para especificar um acontecimento físico,quarta dimensão
tempus,lilaLemma:127522,15135822-n,tempo,a quarta coordenada que é necessária (juntamente com três dimensões espaciais) para especificar um acontecimento físico,Quarta Dimensão
tempus,lilaLemma:127522,15113229-n,tempo,periodo de tempo,etapa
tempus,lilaLemma:127522,15113229-n,tempo,periodo de tempo,período
tempus,lilaLemma:127522,15113229-n,tempo,periodo de tempo,tempo
tempus,lilaLemma:127522,15113229-n,tempo,periodo de tempo,altura
tempus,lilaLemma:127522,15113229-n,tempo,periodo de tempo,quartel
tempus,lilaLemma:127522,15113229-n,tempo,periodo de tempo,trimestre
tempus,lilaLemma:127522,15113229-n,tempo,periodo de tempo,época
tempus,lilaLemma:127522,15122231-n,tempo,um período indefinido (normalmente marcado por atributos ou atividades específicas),era
tempus,lilaLemma:127522,15122231-n,tempo,um período indefinido (normalmente marcado por atributos ou atividades específicas),momento
tempus,lilaLemma:127522,15122231-n,tempo,um período indefinido (normalmente marcado por atributos ou atividades específicas),período
tempus,lilaLemma:127522,15122231-n,tempo,um período indefinido (normalmente marcado por atributos ou atividades específicas),tempo
tempus,lilaLemma:127522,15122231-n,tempo,um período indefinido (normalmente marcado por atributos ou atividades específicas),época
tempus,lilaLemma:127522,15245829-n,tempo,o tempo de um evento específico,feita
tempus,lilaLemma:127522,15290337-n,tempo,qualquer período de tempo distintos numa sequência de eventos,estágio
tempus,lilaLemma:127522,15290337-n,tempo,qualquer período de tempo distintos numa sequência de eventos,fase
tempus,lilaLemma:127522,15290337-n,tempo,qualquer período de tempo distintos numa sequência de eventos,período
tempus,lilaLemma:127522,15290337-n,tempo,qualquer período de tempo distintos numa sequência de eventos,estádio
tempus,lilaLemma:127522,15290337-n,tempo,qualquer período de tempo distintos numa sequência de eventos,etapa
tempus,lilaLemma:127522,15290337-n,tempo,qualquer período de tempo distintos numa sequência de eventos,nível
tempus,lilaLemma:127522,15270431-n,tempo,um período de tempo considerado como um recurso sob o seu controle e suficiente para realizar algo,hora
tempus,lilaLemma:127522,15270431-n,tempo,um período de tempo considerado como um recurso sob o seu controle e suficiente para realizar algo,tempo
tempus,lilaLemma:127522,13920835-n,estado,um estado em um determinado momento,Estado
tempus,lilaLemma:127522,13920835-n,estado,um estado em um determinado momento,condição
tempus,lilaLemma:127522,13920835-n,estado,um estado em um determinado momento,estado
tempus,lilaLemma:127522,13920835-n,estado,um estado em um determinado momento,situação
tempus,lilaLemma:127522,13920835-n,estado,um estado em um determinado momento,estatuto
tempus,lilaLemma:127522,04991738-n,atributo,ritmo como dado pela divisão em partes de igual duração,medidor
teneo,lilaLemma:127822,00731574-v,cognição,armadilha; especialmente em um erro ou um acto repreensível,descobrir
teneo,lilaLemma:127822,02684924-v,estado,"Continuar um determinado estado, condição, ou atividade",continuar
teneo,lilaLemma:127822,02684924-v,estado,"Continuar um determinado estado, condição, ou atividade",permanecer
teneo,lilaLemma:127822,02684924-v,estado,"Continuar um determinado estado, condição, ou atividade",prosseguir
teneo,lilaLemma:127822,02684924-v,estado,"Continuar um determinado estado, condição, ou atividade",seguir
teneo,lilaLemma:127822,02684924-v,estado,"Continuar um determinado estado, condição, ou atividade",manter
teneo,lilaLemma:127822,02649830-v,estado,[inhabit or live in; be an inhabitant of],habitar
teneo,lilaLemma:127822,02649830-v,estado,[inhabit or live in; be an inhabitant of],morar
teneo,lilaLemma:127822,02649830-v,estado,[inhabit or live in; be an inhabitant of],povoar
teneo,lilaLemma:127822,02649830-v,estado,[inhabit or live in; be an inhabitant of],viver
teneo,lilaLemma:127822,02649830-v,estado,[inhabit or live in; be an inhabitant of],assistir
teneo,lilaLemma:127822,02649830-v,estado,[inhabit or live in; be an inhabitant of],compreender
teneo,lilaLemma:127822,02649830-v,estado,[inhabit or live in; be an inhabitant of],estanciar
teneo,lilaLemma:127822,02649830-v,estado,[inhabit or live in; be an inhabitant of],foguear
teneo,lilaLemma:127822,02649830-v,estado,[inhabit or live in; be an inhabitant of],ocupar
teneo,lilaLemma:127822,02649830-v,estado,[inhabit or live in; be an inhabitant of],poisar
teneo,lilaLemma:127822,02649830-v,estado,[inhabit or live in; be an inhabitant of],pousar
teneo,lilaLemma:127822,02649830-v,estado,[inhabit or live in; be an inhabitant of],residir
teneo,lilaLemma:127822,01184625-v,consumo,abastecer com necessidades e apoio,manter
teneo,lilaLemma:127822,01184625-v,consumo,abastecer com necessidades e apoio,sustentar
teneo,lilaLemma:127822,02394183-v,relação social,"assumir, posições ou funções",ocupar
teneo,lilaLemma:127822,02394183-v,relação social,"assumir, posições ou funções",assumir
teneo,lilaLemma:127822,02394183-v,relação social,"assumir, posições ou funções",tomar
teneo,lilaLemma:127822,02578510-v,relação social,[behave as expected during of holidays or rites],celebrar
teneo,lilaLemma:127822,02578510-v,relação social,[behave as expected during of holidays or rites],festejar
teneo,lilaLemma:127822,02578510-v,relação social,[behave as expected during of holidays or rites],solenizar
teneo,lilaLemma:127822,02681795-v,estado,"manter em um determinado estado, posição ou atividade;",conservar
teneo,lilaLemma:127822,02681795-v,estado,"manter em um determinado estado, posição ou atividade;",manter
teneo,lilaLemma:127822,02681795-v,estado,"manter em um determinado estado, posição ou atividade;",reter
teneo,lilaLemma:127822,02681795-v,estado,"manter em um determinado estado, posição ou atividade;",deter
teneo,lilaLemma:127822,02681795-v,estado,"manter em um determinado estado, posição ou atividade;",segurar
teneo,lilaLemma:127822,02700867-v,estado,conter ou deter; ter dentro,compreender
teneo,lilaLemma:127822,02700867-v,estado,conter ou deter; ter dentro,conter
teneo,lilaLemma:127822,02700867-v,estado,conter ou deter; ter dentro,incluir
teneo,lilaLemma:127822,02700867-v,estado,conter ou deter; ter dentro,ter
teneo,lilaLemma:127822,02700867-v,estado,conter ou deter; ter dentro,levar
teneo,lilaLemma:127822,02700867-v,estado,conter ou deter; ter dentro,portar
teneo,lilaLemma:127822,02700867-v,estado,conter ou deter; ter dentro,possuir
teneo,lilaLemma:127822,02700867-v,estado,conter ou deter; ter dentro,suportar
teneo,lilaLemma:127822,02700867-v,estado,conter ou deter; ter dentro,sustentar
teneo,lilaLemma:127822,02679899-v,estado,fazer permanecer ou durar,continuar
teneo,lilaLemma:127822,02679899-v,estado,fazer permanecer ou durar,manter
teneo,lilaLemma:127822,02679899-v,estado,fazer permanecer ou durar,preservar
teneo,lilaLemma:127822,02679899-v,estado,fazer permanecer ou durar,persistir
teneo,lilaLemma:127822,02679899-v,estado,fazer permanecer ou durar,seguir
teneo,lilaLemma:127822,02202384-v,posse,[retain possession of],guardar
teneo,lilaLemma:127822,02202384-v,posse,[retain possession of],manter
teneo,lilaLemma:127822,02202384-v,posse,[retain possession of],reter
teneo,lilaLemma:127822,02202384-v,posse,[retain possession of],segurar
teneo,lilaLemma:127822,02202384-v,posse,[retain possession of],conservar
teneo,lilaLemma:127822,02020590-v,movimento,"chegar ao destino, real ou abstrato",alcançar
teneo,lilaLemma:127822,02020590-v,movimento,"chegar ao destino, real ou abstrato",chegar
teneo,lilaLemma:127822,02020590-v,movimento,"chegar ao destino, real ou abstrato",atingir
teneo,lilaLemma:127822,02020590-v,movimento,"chegar ao destino, real ou abstrato",conseguir
teneo,lilaLemma:127822,02020590-v,movimento,"chegar ao destino, real ou abstrato",ganhar
teneo,lilaLemma:127822,02701628-v,estado,[hold back within],reter
teneo,lilaLemma:127822,02701628-v,estado,[hold back within],conservar
teneo,lilaLemma:127822,02647311-v,estado,"[enter into and control, as of emotions or ideas]",possuir
teneo,lilaLemma:127822,00588221-v,cognição,pegar o sentido de algo,compreender
teneo,lilaLemma:127822,00588221-v,cognição,pegar o sentido de algo,entender
teneo,lilaLemma:127822,00597385-v,cognição,ter um entendimento ou conhecimento de empresa; estar no topo de,controlar
teneo,lilaLemma:127822,00597385-v,cognição,ter um entendimento ou conhecimento de empresa; estar no topo de,dominar
teneo,lilaLemma:127822,02422663-v,relação social,[keep under control; keep in check],coibir
teneo,lilaLemma:127822,02422663-v,relação social,[keep under control; keep in check],conter
teneo,lilaLemma:127822,02422663-v,relação social,[keep under control; keep in check],deter
teneo,lilaLemma:127822,02422663-v,relação social,[keep under control; keep in check],entravar
teneo,lilaLemma:127822,02422663-v,relação social,[keep under control; keep in check],moderar
teneo,lilaLemma:127822,02422663-v,relação social,[keep under control; keep in check],serenar
teneo,lilaLemma:127822,02283324-v,posse,reter e manter para possível uso futuro ou aplicação,deter
teneo,lilaLemma:127822,02283324-v,posse,reter e manter para possível uso futuro ou aplicação,reter
teneo,lilaLemma:127822,00223374-v,mudança,apoiar e fortalecer a,apoiar
teneo,lilaLemma:127822,02539334-v,relação social,[have dominance or the power to defeat over],dirigir
teneo,lilaLemma:127822,02539334-v,relação social,[have dominance or the power to defeat over],dominar
teneo,lilaLemma:127822,02204692-v,posse,[have ownership or possession of],fruir
teneo,lilaLemma:127822,02204692-v,posse,[have ownership or possession of],possuir
teneo,lilaLemma:127822,02204692-v,posse,[have ownership or possession of],ter
teneo,lilaLemma:127822,02204692-v,posse,[have ownership or possession of],desfrutar
teneo,lilaLemma:127822,02204692-v,posse,[have ownership or possession of],fazer
teneo,lilaLemma:127822,02204692-v,posse,[have ownership or possession of],gozar
teneo,lilaLemma:127822,02204692-v,posse,[have ownership or possession of],usufruir
teneo,lilaLemma:127822,00885217-v,comunicação,vincular a uma obrigação; fazer com que esteja endividado,obrigar
teneo,lilaLemma:127822,00885217-v,comunicação,vincular a uma obrigação; fazer com que esteja endividado,prender
teneo,lilaLemma:127822,00885217-v,comunicação,vincular a uma obrigação; fazer com que esteja endividado,vincular
teneo,lilaLemma:127822,01091427-v,competição,combater ou resistir fortemente,brigar
teneo,lilaLemma:127822,01091427-v,competição,combater ou resistir fortemente,defender
teneo,lilaLemma:127822,01091427-v,competição,combater ou resistir fortemente,lutar
teneo,lilaLemma:127822,01091427-v,competição,combater ou resistir fortemente,opor se
teneo,lilaLemma:127822,01091427-v,competição,combater ou resistir fortemente,resistir
teneo,lilaLemma:127822,01216670-v,contato,ter ou manter em uma de mãos ou aderência,segurar
teneo,lilaLemma:127822,01216670-v,contato,ter ou manter em uma de mãos ou aderência,tomar conta
teneo,lilaLemma:127822,01216670-v,contato,ter ou manter em uma de mãos ou aderência,aguentar
teneo,lilaLemma:127822,01216670-v,contato,ter ou manter em uma de mãos ou aderência,agüentar
teneo,lilaLemma:127822,01216670-v,contato,ter ou manter em uma de mãos ou aderência,sujeitar
teneo,lilaLemma:127822,01216670-v,contato,ter ou manter em uma de mãos ou aderência,sustentar
teneo,lilaLemma:127822,02556126-v,relação social,"dar apoio moral ou psicológico, auxílio ou coragem para alguem",ajudar
teneo,lilaLemma:127822,02556126-v,relação social,"dar apoio moral ou psicológico, auxílio ou coragem para alguem",apoiar
teneo,lilaLemma:127822,02556126-v,relação social,"dar apoio moral ou psicológico, auxílio ou coragem para alguem",suportar
teneo,lilaLemma:127822,02556126-v,relação social,"dar apoio moral ou psicológico, auxílio ou coragem para alguem",respaldar
teneo,lilaLemma:127822,02733122-v,estado,"Manter em segurança de injuria, dano, ou perigo",defender
teneo,lilaLemma:127822,02733122-v,estado,"Manter em segurança de injuria, dano, ou perigo",manter
teneo,lilaLemma:127822,02733122-v,estado,"Manter em segurança de injuria, dano, ou perigo",preservar
teneo,lilaLemma:127822,02733122-v,estado,"Manter em segurança de injuria, dano, ou perigo",protejer
teneo,lilaLemma:127822,02578872-v,relação social,Manter sua ação ou prática de acordo com o combinado,continuar
teneo,lilaLemma:127822,02578872-v,relação social,Manter sua ação ou prática de acordo com o combinado,cumprir
teneo,lilaLemma:127822,02578872-v,relação social,Manter sua ação ou prática de acordo com o combinado,manter
teneo,lilaLemma:127822,02578872-v,relação social,Manter sua ação ou prática de acordo com o combinado,seguir
teneo,lilaLemma:127822,02578872-v,relação social,Manter sua ação ou prática de acordo com o combinado,observar
teneo,lilaLemma:127822,01108627-v,competição,ficar em cima de; lidar com sucesso,derrotar
teneo,lilaLemma:127822,01108627-v,competição,ficar em cima de; lidar com sucesso,subjugar
teneo,lilaLemma:127822,01108627-v,competição,ficar em cima de; lidar com sucesso,superar
teneo,lilaLemma:127822,01108627-v,competição,ficar em cima de; lidar com sucesso,ultrapassar
teneo,lilaLemma:127822,01108627-v,competição,ficar em cima de; lidar com sucesso,vencer
teneo,lilaLemma:127822,01108627-v,competição,ficar em cima de; lidar com sucesso,abater
teneo,lilaLemma:127822,01108627-v,competição,ficar em cima de; lidar com sucesso,amolgar
teneo,lilaLemma:127822,01108627-v,competição,ficar em cima de; lidar com sucesso,dominar
teneo,lilaLemma:127822,01108627-v,competição,ficar em cima de; lidar com sucesso,quebrantar
teneo,lilaLemma:127822,01108627-v,competição,ficar em cima de; lidar com sucesso,submeter
teneo,lilaLemma:127822,01108627-v,competição,ficar em cima de; lidar com sucesso,suplantar
teneo,lilaLemma:127822,02280132-v,posse,"[keep in safety and protect from harm, decay, loss, or destruction]",acautelar
teneo,lilaLemma:127822,02280132-v,posse,"[keep in safety and protect from harm, decay, loss, or destruction]",conservar
teneo,lilaLemma:127822,02280132-v,posse,"[keep in safety and protect from harm, decay, loss, or destruction]",manter
teneo,lilaLemma:127822,02280132-v,posse,"[keep in safety and protect from harm, decay, loss, or destruction]",preservar
teneo,lilaLemma:127822,02280132-v,posse,"[keep in safety and protect from harm, decay, loss, or destruction]",administrar
teneo,lilaLemma:127822,02280132-v,posse,"[keep in safety and protect from harm, decay, loss, or destruction]",cuidar_de
teneo,lilaLemma:127822,02280132-v,posse,"[keep in safety and protect from harm, decay, loss, or destruction]",zelar
teneo,lilaLemma:127822,02410175-v,relação social,[allow to remain in a place or position or maintain a property or feature],durar
teneo,lilaLemma:127822,02410175-v,relação social,[allow to remain in a place or position or maintain a property or feature],prolongar-se
teneo,lilaLemma:127822,02410175-v,relação social,[allow to remain in a place or position or maintain a property or feature],continuar
teneo,lilaLemma:127822,02410175-v,relação social,[allow to remain in a place or position or maintain a property or feature],manter
teneo,lilaLemma:127822,00732552-v,cognição,manter corretamente ou estreitamente,controlar
teneo,lilaLemma:127822,00732552-v,cognição,manter corretamente ou estreitamente,manter
teneo,lilaLemma:127822,00732552-v,cognição,manter corretamente ou estreitamente,observar
teneo,lilaLemma:127822,02632167-v,estado,"ter como um atributo, conhecimento ou habilidade",possuir
teneo,lilaLemma:127822,02632167-v,estado,"ter como um atributo, conhecimento ou habilidade",ter
teneo,lilaLemma:127822,01217043-v,contato,ser o suporte físico de; carregar o peso de,segurar
teneo,lilaLemma:127822,01217043-v,contato,ser o suporte físico de; carregar o peso de,suportar
teneo,lilaLemma:127822,01217043-v,contato,ser o suporte físico de; carregar o peso de,sustentar
teneo,lilaLemma:127822,01217043-v,contato,ser o suporte físico de; carregar o peso de,suster
teneo,lilaLemma:127822,01217043-v,contato,ser o suporte físico de; carregar o peso de,aguentar
teneo,lilaLemma:127822,01217043-v,contato,ser o suporte físico de; carregar o peso de,agüentar
teneo,lilaLemma:127822,01217043-v,contato,ser o suporte físico de; carregar o peso de,apoiar
teneo,lilaLemma:127822,00895304-v,comunicação,discutir ou falar em defesa da,apoiar
teneo,lilaLemma:127822,00895304-v,comunicação,discutir ou falar em defesa da,defender
teneo,lilaLemma:127822,00895304-v,comunicação,discutir ou falar em defesa da,suportar
teneo,lilaLemma:127822,00895304-v,comunicação,discutir ou falar em defesa da,respaldar
teneo,lilaLemma:127822,02732798-v,estado,ter espaço para; conter sem apinhamento,acomodar
teneo,lilaLemma:127822,02732798-v,estado,ter espaço para; conter sem apinhamento,conter
uenio,lilaLemma:129790,00542120-v,mudança,"atingir ou entrar em um estado, relação, estado de conservação, utilização, ou posição",começar
uenio,lilaLemma:129790,00542120-v,mudança,"atingir ou entrar em um estado, relação, estado de conservação, utilização, ou posição",ficar
uenio,lilaLemma:129790,00251791-v,mudança,vir de,derivar
uenio,lilaLemma:129790,00251791-v,mudança,vir de,porvir
uenio,lilaLemma:129790,00251791-v,mudança,vir de,vir de
uenio,lilaLemma:129790,02005948-v,movimento,chegar ao destino; chegar por movimento ou por progresso,chegar
uenio,lilaLemma:129790,02005948-v,movimento,chegar ao destino; chegar por movimento ou por progresso,vir
uenio,lilaLemma:129790,02005948-v,movimento,chegar ao destino; chegar por movimento ou por progresso,abastar
uenio,lilaLemma:129790,02005948-v,movimento,chegar ao destino; chegar por movimento ou por progresso,aceder
uenio,lilaLemma:129790,02005948-v,movimento,chegar ao destino; chegar por movimento ou por progresso,achegar
uenio,lilaLemma:129790,02005948-v,movimento,chegar ao destino; chegar por movimento ou por progresso,aconchegar
uenio,lilaLemma:129790,02005948-v,movimento,chegar ao destino; chegar por movimento ou por progresso,aproximar
uenio,lilaLemma:129790,02005948-v,movimento,chegar ao destino; chegar por movimento ou por progresso,arribar
uenio,lilaLemma:129790,02005948-v,movimento,chegar ao destino; chegar por movimento ou por progresso,atingir
uenio,lilaLemma:129790,02005948-v,movimento,chegar ao destino; chegar por movimento ou por progresso,avizinhar
uenio,lilaLemma:129790,02005948-v,movimento,chegar ao destino; chegar por movimento ou por progresso,bastar
uenio,lilaLemma:129790,02005948-v,movimento,chegar ao destino; chegar por movimento ou por progresso,bater
uenio,lilaLemma:129790,02005948-v,movimento,chegar ao destino; chegar por movimento ou por progresso,conchegar
uenio,lilaLemma:129790,02005948-v,movimento,chegar ao destino; chegar por movimento ou por progresso,equiparar
uenio,lilaLemma:129790,02005948-v,movimento,chegar ao destino; chegar por movimento ou por progresso,igualar
uenio,lilaLemma:129790,02005948-v,movimento,chegar ao destino; chegar por movimento ou por progresso,manifestar-se
uenio,lilaLemma:129790,02005948-v,movimento,chegar ao destino; chegar por movimento ou por progresso,perfazer
uenio,lilaLemma:129790,02005948-v,movimento,chegar ao destino; chegar por movimento ou por progresso,sobrar
uenio,lilaLemma:129790,02005948-v,movimento,chegar ao destino; chegar por movimento ou por progresso,sovar
uenio,lilaLemma:129790,00341917-v,mudança,"vir a passar; chegar, como na altura devida",acontecer
uenio,lilaLemma:129790,00341917-v,mudança,"vir a passar; chegar, como na altura devida",vir
uenio,lilaLemma:129790,00341917-v,mudança,"vir a passar; chegar, como na altura devida",chegar
uenio,lilaLemma:129790,01849221-v,movimento,"mover em direção, viajar na direção de algo ou alguém ou se aproximar de algo ou alguém",vir
uenio,lilaLemma:129790,01849221-v,movimento,"mover em direção, viajar na direção de algo ou alguém ou se aproximar de algo ou alguém",chegar
uenio,lilaLemma:129790,00723349-v,cognição,"ocorrer, vir a mente",ocorrer
uenio,lilaLemma:129790,00723349-v,cognição,"ocorrer, vir a mente",terlugar
uenio,lilaLemma:129790,00723349-v,cognição,"ocorrer, vir a mente",acontecer
uideo,lilaLemma:130163,02198234-v,percepção,parecer para sua própria mente ou opinião,parecer
uideo,lilaLemma:130163,00720808-v,cognição,perceber antecipadamente,antecipar
uideo,lilaLemma:130163,00720808-v,cognição,perceber antecipadamente,antever
uideo,lilaLemma:130163,00720808-v,cognição,perceber antecipadamente,prever
uideo,lilaLemma:130163,00693780-v,cognição,"Ter em mente ou transmitir, como convicção ou opinião",considerar
uideo,lilaLemma:130163,00693780-v,cognição,"Ter em mente ou transmitir, como convicção ou opinião",julgar
uideo,lilaLemma:130163,00693780-v,cognição,"Ter em mente ou transmitir, como convicção ou opinião",manter
uideo,lilaLemma:130163,00598954-v,cognição,"conhecer ou tomar conhecimento de, geralmente acidentalmente",achar
uideo,lilaLemma:130163,00598954-v,cognição,"conhecer ou tomar conhecimento de, geralmente acidentalmente",descobrir
uideo,lilaLemma:130163,00598954-v,cognição,"conhecer ou tomar conhecimento de, geralmente acidentalmente",informar-se
uideo,lilaLemma:130163,00598954-v,cognição,"conhecer ou tomar conhecimento de, geralmente acidentalmente",inteirar
uideo,lilaLemma:130163,00598954-v,cognição,"conhecer ou tomar conhecimento de, geralmente acidentalmente",ouvir
uideo,lilaLemma:130163,00598954-v,cognição,"conhecer ou tomar conhecimento de, geralmente acidentalmente",saber
uideo,lilaLemma:130163,00598954-v,cognição,"conhecer ou tomar conhecimento de, geralmente acidentalmente",ver
uideo,lilaLemma:130163,02128873-v,percepção,perceber ou ser contemporâneo com,encontrar
uideo,lilaLemma:130163,02128873-v,percepção,perceber ou ser contemporâneo com,ver
uideo,lilaLemma:130163,02128873-v,percepção,perceber ou ser contemporâneo com,testemunhar
uideo,lilaLemma:130163,02151966-v,percepção,"ser vigilante, estar atento ou cuidando",ter cuidado
uideo,lilaLemma:130163,02151966-v,percepção,"ser vigilante, estar atento ou cuidando",tomar cuidado
uideo,lilaLemma:130163,02151966-v,percepção,"ser vigilante, estar atento ou cuidando",policiar
uideo,lilaLemma:130163,02151966-v,percepção,"ser vigilante, estar atento ou cuidando",vigiar
uideo,lilaLemma:130163,02134672-v,percepção,"Parecer ser verdade, provável ou aparente",parecer
uideo,lilaLemma:130163,02129289-v,percepção,"perceber pela visão, ou têm o poder de perceber pela visão",enxergar
uideo,lilaLemma:130163,02129289-v,percepção,"perceber pela visão, ou têm o poder de perceber pela visão",olhar
uideo,lilaLemma:130163,02129289-v,percepção,"perceber pela visão, ou têm o poder de perceber pela visão",ver
uideo,lilaLemma:130163,02133435-v,percepção,Dar uma certa impressão ou ter um certo aspecto exterior,parecer
uideo,lilaLemma:130163,01635432-v,criação,imaginar; conceber; ver na imaginacao,afigurar
uideo,lilaLemma:130163,01635432-v,criação,imaginar; conceber; ver na imaginacao,envisionar
uideo,lilaLemma:130163,01635432-v,criação,imaginar; conceber; ver na imaginacao,figurar
uideo,lilaLemma:130163,01635432-v,criação,imaginar; conceber; ver na imaginacao,ver
uideo,lilaLemma:130163,01635432-v,criação,imaginar; conceber; ver na imaginacao,visualizar
uideo,lilaLemma:130163,00623151-v,cognição,fazer sentido; atribuir um significado à,compreender
uideo,lilaLemma:130163,00623151-v,cognição,fazer sentido; atribuir um significado à,entender
uideo,lilaLemma:130163,00623151-v,cognição,fazer sentido; atribuir um significado à,construir
uideo,lilaLemma:130163,00623151-v,cognição,fazer sentido; atribuir um significado à,interpretar
uideo,lilaLemma:130163,00623151-v,cognição,fazer sentido; atribuir um significado à,ver
uideo,lilaLemma:130163,00689950-v,cognição,observar ou considerar,considerar
uideo,lilaLemma:130163,00689950-v,cognição,observar ou considerar,reputar
uideo,lilaLemma:130163,00689950-v,cognição,observar ou considerar,estimar
uideo,lilaLemma:130163,00920336-v,comunicação,"Descobrir, aprender, ou determinar com certeza, geralmente, depois de fazer um inquérito ou outro esforço",aprender
uideo,lilaLemma:130163,00920336-v,comunicação,"Descobrir, aprender, ou determinar com certeza, geralmente, depois de fazer um inquérito ou outro esforço",averiguar
uideo,lilaLemma:130163,00920336-v,comunicação,"Descobrir, aprender, ou determinar com certeza, geralmente, depois de fazer um inquérito ou outro esforço",constatar
uideo,lilaLemma:130163,00920336-v,comunicação,"Descobrir, aprender, ou determinar com certeza, geralmente, depois de fazer um inquérito ou outro esforço",descobrir
uideo,lilaLemma:130163,00920336-v,comunicação,"Descobrir, aprender, ou determinar com certeza, geralmente, depois de fazer um inquérito ou outro esforço",ver
uideo,lilaLemma:130163,00920336-v,comunicação,"Descobrir, aprender, ou determinar com certeza, geralmente, depois de fazer um inquérito ou outro esforço",verificar
uideo,lilaLemma:130163,00920336-v,comunicação,"Descobrir, aprender, ou determinar com certeza, geralmente, depois de fazer um inquérito ou outro esforço",determinar
uinco,lilaLemma:130232,01108148-v,competição,uma vitória sobre,derrotar
uinco,lilaLemma:130232,01108148-v,competição,uma vitória sobre,superar
uinco,lilaLemma:130232,01108148-v,competição,uma vitória sobre,vencer
uinco,lilaLemma:130232,01108148-v,competição,uma vitória sobre,ganhar_a
uinco,lilaLemma:130232,01105639-v,competição,Ser ou fazer algo muito bem,exceder
uinco,lilaLemma:130232,01105639-v,competição,Ser ou fazer algo muito bem,superar
uinco,lilaLemma:130232,01105639-v,competição,Ser ou fazer algo muito bem,ultrapassar
uinco,lilaLemma:130232,01108627-v,competição,ficar em cima de; lidar com sucesso,derrotar
uinco,lilaLemma:130232,01108627-v,competição,ficar em cima de; lidar com sucesso,subjugar
uinco,lilaLemma:130232,01108627-v,competição,ficar em cima de; lidar com sucesso,superar
uinco,lilaLemma:130232,01108627-v,competição,ficar em cima de; lidar com sucesso,ultrapassar
uinco,lilaLemma:130232,01108627-v,competição,ficar em cima de; lidar com sucesso,vencer
uinco,lilaLemma:130232,01108627-v,competição,ficar em cima de; lidar com sucesso,abater
uinco,lilaLemma:130232,01108627-v,competição,ficar em cima de; lidar com sucesso,amolgar
uinco,lilaLemma:130232,01108627-v,competição,ficar em cima de; lidar com sucesso,dominar
uinco,lilaLemma:130232,01108627-v,competição,ficar em cima de; lidar com sucesso,quebrantar
uinco,lilaLemma:130232,01108627-v,competição,ficar em cima de; lidar com sucesso,submeter
uinco,lilaLemma:130232,01108627-v,competição,ficar em cima de; lidar com sucesso,suplantar
uinco,lilaLemma:130232,00579712-v,mudança,"fazer subordinado, dependente, ou subserviente",dominar
uinco,lilaLemma:130232,00579712-v,mudança,"fazer subordinado, dependente, ou subserviente",subjugar
uinco,lilaLemma:130232,00579712-v,mudança,"fazer subordinado, dependente, ou subserviente",submeter
uinco,lilaLemma:130232,00579712-v,mudança,"fazer subordinado, dependente, ou subserviente",subordinar
uinco,lilaLemma:130232,00777793-v,comunicação,usar a persuasão com sucesso,imperar
uinco,lilaLemma:130232,01111028-v,competição,"obtenção de vantagens, tais como pontos, etc.",avançar
uinco,lilaLemma:130232,01111028-v,competição,"obtenção de vantagens, tais como pontos, etc.",ganhar
uinco,lilaLemma:130232,01100145-v,competição,ser o vencedor de um concurso ou concorrência; ser vitorioso,ganhar
uinco,lilaLemma:130232,01100145-v,competição,ser o vencedor de um concurso ou concorrência; ser vitorioso,vencer
uinco,lilaLemma:130232,01100145-v,competição,ser o vencedor de um concurso ou concorrência; ser vitorioso,triunfar
uirtus,lilaLemma:130356,05851744-n,cognição,uma característica marcante; algo em que algo ou alguém se destaca,excelência
uirtus,lilaLemma:130356,04666837-n,atributo,a característica de ser viril; tendo as características de um macho adulto,hombridade
uirtus,lilaLemma:130356,04666837-n,atributo,a característica de ser viril; tendo as características de um macho adulto,virilidade
uirtus,lilaLemma:130356,04857083-n,atributo,uma qualidade de espírito que lhe permite enfrentar o perigo ou a dor sem demonstrar medo,coragem
uirtus,lilaLemma:130356,04857083-n,atributo,uma qualidade de espírito que lhe permite enfrentar o perigo ou a dor sem demonstrar medo,denodo
uirtus,lilaLemma:130356,04857083-n,atributo,uma qualidade de espírito que lhe permite enfrentar o perigo ou a dor sem demonstrar medo,ânimo
uirtus,lilaLemma:130356,04857083-n,atributo,uma qualidade de espírito que lhe permite enfrentar o perigo ou a dor sem demonstrar medo,afoiteza
uirtus,lilaLemma:130356,04857083-n,atributo,uma qualidade de espírito que lhe permite enfrentar o perigo ou a dor sem demonstrar medo,arrojo
uirtus,lilaLemma:130356,04857083-n,atributo,uma qualidade de espírito que lhe permite enfrentar o perigo ou a dor sem demonstrar medo,braveza
uirtus,lilaLemma:130356,04857083-n,atributo,uma qualidade de espírito que lhe permite enfrentar o perigo ou a dor sem demonstrar medo,bravura
uirtus,lilaLemma:130356,04857083-n,atributo,uma qualidade de espírito que lhe permite enfrentar o perigo ou a dor sem demonstrar medo,esforço
uirtus,lilaLemma:130356,04857083-n,atributo,uma qualidade de espírito que lhe permite enfrentar o perigo ou a dor sem demonstrar medo,heroicidade
uirtus,lilaLemma:130356,04857083-n,atributo,uma qualidade de espírito que lhe permite enfrentar o perigo ou a dor sem demonstrar medo,heroísmo
uirtus,lilaLemma:130356,04857083-n,atributo,uma qualidade de espírito que lhe permite enfrentar o perigo ou a dor sem demonstrar medo,intrepidez
uirtus,lilaLemma:130356,04857083-n,atributo,uma qualidade de espírito que lhe permite enfrentar o perigo ou a dor sem demonstrar medo,peito
uirtus,lilaLemma:130356,04857083-n,atributo,uma qualidade de espírito que lhe permite enfrentar o perigo ou a dor sem demonstrar medo,valentia
uirtus,lilaLemma:130356,04857083-n,atributo,uma qualidade de espírito que lhe permite enfrentar o perigo ou a dor sem demonstrar medo,valor
uirtus,lilaLemma:130356,05616246-n,cognição,posse das qualidades (qualidades mentais especialmente) necessárias para fazer algo ou fazer alguma coisa,capacidade
uirtus,lilaLemma:130356,05616246-n,cognição,posse das qualidades (qualidades mentais especialmente) necessárias para fazer algo ou fazer alguma coisa,habilidade
uirtus,lilaLemma:130356,05616246-n,cognição,posse das qualidades (qualidades mentais especialmente) necessárias para fazer algo ou fazer alguma coisa,poder
uirtus,lilaLemma:130356,05616246-n,cognição,posse das qualidades (qualidades mentais especialmente) necessárias para fazer algo ou fazer alguma coisa,talento
uirtus,lilaLemma:130356,04728786-n,atributo,a qualidade de excelling; possuir boas qualidades em grau elevado,excelência
uirtus,lilaLemma:130356,04847482-n,atributo,a excelência moral particular,Virtudes
uirtus,lilaLemma:130356,04847482-n,atributo,a excelência moral particular,virtude
uirtus,lilaLemma:130356,07526182-n,sentimento,sentindo-se sem medo,bravura
uirtus,lilaLemma:130356,07526182-n,sentimento,sentindo-se sem medo,valentia
uirtus,lilaLemma:130356,07526182-n,sentimento,sentindo-se sem medo,coragem
uirtus,lilaLemma:130356,04847298-n,atributo,a qualidade de fazer o que é certo e evitar o que é errado,virtude
uirtus,lilaLemma:130356,05029706-n,atributo,a propriedade de ser fisicamente ou mentalmente forte,força
uirtus,lilaLemma:130356,05029706-n,atributo,a propriedade de ser fisicamente ou mentalmente forte,fortaleza
uirtus,lilaLemma:130356,04849241-n,atributo,excelência moral ou admirableness,bondade
uirtus,lilaLemma:130356,04849241-n,atributo,excelência moral ou admirableness,virtude
uirtus,lilaLemma:130356,05190804-n,atributo,posse de controlar a influência,poder
uirtus,lilaLemma:130356,05190804-n,atributo,posse de controlar a influência,potência
uirtus,lilaLemma:130356,00594953-n,ação,o status de ser um homem,virilidade
uirtus,lilaLemma:130356,05138958-n,atributo,qualquer qualidade admirável ou atributo,merecimento
uirtus,lilaLemma:130356,05138958-n,atributo,qualquer qualidade admirável ou atributo,mérito
uirtus,lilaLemma:130356,05138958-n,atributo,qualquer qualidade admirável ou atributo,virtude
uirtus,lilaLemma:130356,05030806-n,atributo,força ativa do corpo ou da mente,força
uirtus,lilaLemma:130356,05030806-n,atributo,força ativa do corpo ou da mente,vigor
uirtus,lilaLemma:130356,04849759-n,atributo,moralidade no que diz respeito às relações sexuais,castidade
uirtus,lilaLemma:130356,04849759-n,atributo,moralidade no que diz respeito às relações sexuais,pureza
uirtus,lilaLemma:130356,04849759-n,atributo,moralidade no que diz respeito às relações sexuais,virtude
uirtus,lilaLemma:130356,05138208-n,atributo,a qualidade que processa algo desejável ou úteis ou valiosos,importância
uirtus,lilaLemma:130356,05138208-n,atributo,a qualidade que processa algo desejável ou úteis ou valiosos,valor
uirtus,lilaLemma:130356,04857738-n,atributo,as qualidades de um herói ou heroína; coragem excepcional ou heróico ao enfrentar o perigo (especialmente no campo de batalha),heroísmo
uirtus,lilaLemma:130356,04857738-n,atributo,as qualidades de um herói ou heroína; coragem excepcional ou heróico ao enfrentar o perigo (especialmente no campo de batalha),audácia
uirtus,lilaLemma:130356,04857738-n,atributo,as qualidades de um herói ou heroína; coragem excepcional ou heróico ao enfrentar o perigo (especialmente no campo de batalha),bravura
uirtus,lilaLemma:130356,04857738-n,atributo,as qualidades de um herói ou heroína; coragem excepcional ou heróico ao enfrentar o perigo (especialmente no campo de batalha),valentia
uirtus,lilaLemma:130356,04857738-n,atributo,as qualidades de um herói ou heroína; coragem excepcional ou heróico ao enfrentar o perigo (especialmente no campo de batalha),valor
uirtus,lilaLemma:130356,04943154-n,atributo,uma disposição para se comportar de uma certa maneira,tendência
uoco,lilaLemma:130729,01469770-v,contato,pede para entrar,convidar
uoco,lilaLemma:130729,00765649-v,comunicação,forçar ou empurrar na direção indicada,exortar
uoco,lilaLemma:130729,00765649-v,comunicação,forçar ou empurrar na direção indicada,impelir
uoco,lilaLemma:130729,00765649-v,comunicação,forçar ou empurrar na direção indicada,urgir
uoco,lilaLemma:130729,00765649-v,comunicação,forçar ou empurrar na direção indicada,empurrar
uoco,lilaLemma:130729,01028748-v,comunicação,atribuir um nome específico (geralmente adequado),chamar
uoco,lilaLemma:130729,01028748-v,comunicação,atribuir um nome específico (geralmente adequado),denominar
uoco,lilaLemma:130729,01028748-v,comunicação,atribuir um nome específico (geralmente adequado),nomear
uoco,lilaLemma:130729,00753881-v,comunicação,"ordem, convocar, ou pedido de um direito específico ou atividade, trabalho, papel",chamar
uoco,lilaLemma:130729,00791134-v,comunicação,"chamar um assunto oficial, como de ir a tribunal",citar
uoco,lilaLemma:130729,00791134-v,comunicação,"chamar um assunto oficial, como de ir a tribunal",convocar
uoco,lilaLemma:130729,00791134-v,comunicação,"chamar um assunto oficial, como de ir a tribunal",chamar
uoco,lilaLemma:130729,00709379-v,cognição,designar ou destinar,destinar
uoco,lilaLemma:130729,00709379-v,cognição,designar ou destinar,designar
uoco,lilaLemma:130729,00792471-v,comunicação,"solicitar, requerer, comandar algo",chamar
uoco,lilaLemma:130729,00792471-v,comunicação,"solicitar, requerer, comandar algo",convocar
uoco,lilaLemma:130729,00792471-v,comunicação,"solicitar, requerer, comandar algo",requerer
uoco,lilaLemma:130729,00755745-v,comunicação,considerar obrigatória; pedir e esperar,exigir
uoco,lilaLemma:130729,00755745-v,comunicação,considerar obrigatória; pedir e esperar,requerer
uoco,lilaLemma:130729,00755745-v,comunicação,considerar obrigatória; pedir e esperar,pedir
uoco,lilaLemma:130729,01041762-v,comunicação,pedir para vir,convocar
uoco,lilaLemma:130729,00738747-v,cognição,anunciar ou proferir em voz alta,chamar
uoco,lilaLemma:130729,01381549-v,contato,recolher ou reunir,reagrupar
uoco,lilaLemma:130729,01381549-v,contato,recolher ou reunir,reunir
uox,lilaLemma:130806,06286395-n,comunicação,uma unidade de linguagem que falantes nativos podem identificar,palavra
uox,lilaLemma:130806,06286395-n,comunicação,uma unidade de linguagem que falantes nativos podem identificar,termo
uox,lilaLemma:130806,06286395-n,comunicação,uma unidade de linguagem que falantes nativos podem identificar,verbo
uox,lilaLemma:130806,06286395-n,comunicação,uma unidade de linguagem que falantes nativos podem identificar,vocábulo
uox,lilaLemma:130806,05202284-n,atributo,a capacidade de falar,voz
uox,lilaLemma:130806,07085375-n,comunicação,relativa proeminência de uma sílaba ou uma nota musical (especialmente no que diz respeito ao estresse ou pitch),acento
uox,lilaLemma:130806,07085375-n,comunicação,relativa proeminência de uma sílaba ou uma nota musical (especialmente no que diz respeito ao estresse ou pitch),acentuação
uox,lilaLemma:130806,07085375-n,comunicação,relativa proeminência de uma sílaba ou uma nota musical (especialmente no que diz respeito ao estresse ou pitch),ênfase
uox,lilaLemma:130806,07085375-n,comunicação,relativa proeminência de uma sílaba ou uma nota musical (especialmente no que diz respeito ao estresse ou pitch),inflexão
uox,lilaLemma:130806,07085375-n,comunicação,relativa proeminência de uma sílaba ou uma nota musical (especialmente no que diz respeito ao estresse ou pitch),sotaque
uox,lilaLemma:130806,07085375-n,comunicação,relativa proeminência de uma sílaba ou uma nota musical (especialmente no que diz respeito ao estresse ou pitch),tom
uox,lilaLemma:130806,06727616-n,comunicação,uma declaração de autoridade,pronunciamento
uox,lilaLemma:130806,06727616-n,comunicação,uma declaração de autoridade,acórdão
uox,lilaLemma:130806,06727616-n,comunicação,uma declaração de autoridade,declaração
uox,lilaLemma:130806,04981139-n,atributo,o efeito auditivo especial produzido por uma determinada causa,som
uox,lilaLemma:130806,13802920-n,relação,(lingüística) a relação gramatical (ativa ou passiva) do sujeito gramatical de um verbo para a ação que o verbo denota,Voz verbal
uox,lilaLemma:130806,13802920-n,relação,(lingüística) a relação gramatical (ativa ou passiva) do sujeito gramatical de um verbo para a ação que o verbo denota,voz
uox,lilaLemma:130806,05650820-n,cognição,o mental e poder de comunicação vocal,discurso
uox,lilaLemma:130806,05650820-n,cognição,o mental e poder de comunicação vocal,idioma
uox,lilaLemma:130806,05650820-n,cognição,o mental e poder de comunicação vocal,linguagem
uox,lilaLemma:130806,05650820-n,cognição,o mental e poder de comunicação vocal,língua
uox,lilaLemma:130806,05650820-n,cognição,o mental e poder de comunicação vocal,fala
uox,lilaLemma:130806,05650820-n,cognição,o mental e poder de comunicação vocal,lábio
uox,lilaLemma:130806,05650820-n,cognição,o mental e poder de comunicação vocal,palavras
uox,lilaLemma:130806,07110615-n,comunicação,o som feito pela vibração das cordas vocais modificado pela ressonância do trato vocal,voz
uox,lilaLemma:130806,07110615-n,comunicação,o som feito pela vibração das cordas vocais modificado pela ressonância do trato vocal,voz humana
uox,lilaLemma:130806,04987620-n,atributo,(Música) a propriedade distintiva de um som complexo (a voz ou ruído ou som musical),som
uox,lilaLemma:130806,04987620-n,atributo,(Música) a propriedade distintiva de um som complexo (a voz ou ruído ou som musical),timbre
uox,lilaLemma:130806,04987620-n,atributo,(Música) a propriedade distintiva de um som complexo (a voz ou ruído ou som musical),qualidade
uox,lilaLemma:130806,07082573-n,comunicação,a qualidade da voz de uma pessoa,tom
uox,lilaLemma:130806,07371293-n,evento,a ocorrência súbita de um evento audível,ruído
uox,lilaLemma:130806,07371293-n,evento,a ocorrência súbita de um evento audível,som
uox,lilaLemma:130806,06880249-n,comunicação,expressão sem palavras,manifestação
uox,lilaLemma:130806,06880249-n,comunicação,expressão sem palavras,reflexão
uox,lilaLemma:130806,06880249-n,comunicação,expressão sem palavras,emanação
uox,lilaLemma:130806,06880249-n,comunicação,expressão sem palavras,expressão
uox,lilaLemma:130806,06880249-n,comunicação,expressão sem palavras,reflexo
uox,lilaLemma:130806,07151380-n,comunicação,uma palavra ou frase que as pessoas particulares usar em situações particulares,ditado
uox,lilaLemma:130806,07151380-n,comunicação,uma palavra ou frase que as pessoas particulares usar em situações particulares,dizer
uox,lilaLemma:130806,07151380-n,comunicação,uma palavra ou frase que as pessoas particulares usar em situações particulares,expressão
uox,lilaLemma:130806,07151380-n,comunicação,uma palavra ou frase que as pessoas particulares usar em situações particulares,idioma
uox,lilaLemma:130806,07151380-n,comunicação,uma palavra ou frase que as pessoas particulares usar em situações particulares,locução
uox,lilaLemma:130806,07151380-n,comunicação,uma palavra ou frase que as pessoas particulares usar em situações particulares,provérbio
uox,lilaLemma:130806,06282651-n,comunicação,um meio sistemático de comunicar-se pelo uso de sons ou símbolos convencionais,discurso
uox,lilaLemma:130806,06282651-n,comunicação,um meio sistemático de comunicar-se pelo uso de sons ou símbolos convencionais,idioma
uox,lilaLemma:130806,06282651-n,comunicação,um meio sistemático de comunicar-se pelo uso de sons ou símbolos convencionais,linguagem
uox,lilaLemma:130806,06282651-n,comunicação,um meio sistemático de comunicar-se pelo uso de sons ou símbolos convencionais,língua
uox,lilaLemma:130806,07030718-n,comunicação,a melodia realizado por uma voz particular ou instrumento na música polifônica,voz
uox,lilaLemma:130806,07139873-n,comunicação,a comunicação (na fala ou escrita) de suas crenças ou opiniões,expressão
uox,lilaLemma:130806,04986883-n,atributo,(Lingüística) um passo ou mudança de tom da voz que serve para distinguir palavras em línguas tonais,tom
uox,lilaLemma:130806,07120524-n,comunicação,"um enunciado alto; muitas vezes, em sinal de protesto ou oposição",brado
uox,lilaLemma:130806,07120524-n,comunicação,"um enunciado alto; muitas vezes, em sinal de protesto ou oposição",chamada
uox,lilaLemma:130806,07120524-n,comunicação,"um enunciado alto; muitas vezes, em sinal de protesto ou oposição",grito
uox,lilaLemma:130806,07120524-n,comunicação,"um enunciado alto; muitas vezes, em sinal de protesto ou oposição",protesto
uox,lilaLemma:130806,06285090-n,comunicação,uma seqüência de palavras que satisfaçam as regras gramaticais de uma língua,frase
uox,lilaLemma:130806,06285090-n,comunicação,uma seqüência de palavras que satisfaçam as regras gramaticais de uma língua,oração
uox,lilaLemma:130806,06285090-n,comunicação,uma seqüência de palavras que satisfaçam as regras gramaticais de uma língua,sentença
uox,lilaLemma:130806,07109847-n,comunicação,O uso de sons demitidos para comunicação auditiva,enunciado
uox,lilaLemma:130806,07109847-n,comunicação,O uso de sons demitidos para comunicação auditiva,expressão
uox,lilaLemma:130806,07109847-n,comunicação,O uso de sons demitidos para comunicação auditiva,vocalização
uox,lilaLemma:130806,07109847-n,comunicação,O uso de sons demitidos para comunicação auditiva,emissão
uox,lilaLemma:130806,07121157-n,comunicação,uma expressão forte de emoção (especialmente quando inarticulado),berro
uox,lilaLemma:130806,07121157-n,comunicação,uma expressão forte de emoção (especialmente quando inarticulado),grito
uox,lilaLemma:130806,07073208-n,comunicação,expressando em forma verbal coerente,articulação
uox,lilaLemma:130806,04981941-n,atributo,a qualidade distintivo ou arremesso ou condição do discurso de uma pessoa,voz
urbs,lilaLemma:130822,08691669-n,lugar,a capital de uma nação,capital nacional
urbs,lilaLemma:130822,08226335-n,grupo,pessoas que vivem em um grande município densamente povoado,cidade
urbs,lilaLemma:130822,08226335-n,grupo,pessoas que vivem em um grande município densamente povoado,metrópole
urbs,lilaLemma:130822,08226335-n,grupo,pessoas que vivem em um grande município densamente povoado,metrópoles
urbs,lilaLemma:130822,08524735-n,lugar,uma grande e populosa área urbana; pode incluir vários distritos administrativos independentes,centro urbano
urbs,lilaLemma:130822,08524735-n,lugar,uma grande e populosa área urbana; pode incluir vários distritos administrativos independentes,cidade
urbs,lilaLemma:130822,08524735-n,lugar,uma grande e populosa área urbana; pode incluir vários distritos administrativos independentes,metrópole
urbs,lilaLemma:130822,08524735-n,lugar,uma grande e populosa área urbana; pode incluir vários distritos administrativos independentes,urbe
