lemma,collocate,LogL,LR,MI,LogDice
animal,mutus,154.86,11.2158406871689,7.79119703883469,12.7960271956741
animal,constitutio,30.47,8.87480376933383,6.60969709036081,11.4742713556917
animal,omnis,11.33,2.8831327535283,2.60071237708986,8.66583298055827
animal,nullus,10.64,3.90841216197665,3.30882243032652,9.31478710633837
