lemma,collocate,LogL,LR,MI,LogDice
confiteor,sum,26.99,2.38377739442937,2.12342561898566,8.20937109251226
confiteor,reus,24.69,7.40642262213821,5.55760481732759,11.0381692781217
