lemma,collocate,LogL,LR,MI,LogDice
indico,ne,11.35,4.08861866453231,3.2371509754766,8.66728120673463
