lemma,collocate,LogL,LR,MI,LogDice
ignis,interdico,31.24,9.16866461255887,6.68631513715298,11.1667866559438
ignis,et,18.25,1.94713119395152,1.96618069936437,8.57343601400744
