lemma,collocate,LogL,LR,MI,LogDice
classis,socius,19.27,6.07090968679366,4.82943861046807,10.5714036441497
classis,hostis,19.1,4.84297908191579,3.99131265144325,9.9438766505981
