lemma,collocate,LogL,LR,MI,LogDice
compono,natura,15.81,5.21333527654057,4.15394195012606,9.9424346892812
