lemma,collocate,LogL,LR,MI,LogDice
alo,non,6.84,2.40429875504342,2.25351617710568,7.7680432632432
