lemma,collocate,LogL,LR,MI,LogDice
species,et,7.14,1.92000779699716,1.96618069936437,7.66509351355578
