lemma,collocate,LogL,LR,MI,LogDice
nudus,atque,13.3,3.20631852308919,2.86988568500897,8.53109633287643
