lemma,collocate,LogL,LR,MI,LogDice
conuerto,sui,9.6,2.99458774032207,2.68399449374405,8.56464178119117
conuerto,ad,7.31,2.50731677128099,2.34688434943834,8.23441712443835
