lemma,collocate,LogL,LR,MI,LogDice
egredior,nauis,30.79,7.00565331094455,5.44794090610971,10.9203862424653
egredior,ex,12.95,3.66660103826598,3.15995461253682,8.83807525835752
