lemma,collocate,LogL,LR,MI,LogDice
consulo,publicus,13.75,3.82317957655677,3.26302563054379,9.32483744219187
consulo,bonus,10.85,3.96273092895556,3.35924946961679,9.39150202391923
