lemma,collocate,LogL,LR,MI,LogDice
abeo,in,6.95,1.88996362833845,1.85154083284774,7.87513427707867
abeo,et,5.16,1.58111584453639,1.63767663239233,7.66302678710416
