lemma,collocate,LogL,LR,MI,LogDice
incipio,uiuo,22.67,5.51050674967971,4.31432059278677,10.3493417587063
incipio,dico,5.55,2.52857832260173,2.26176795132326,8.48254710353529
