lemma,collocate,LogL,LR,MI,LogDice
retineo,tamen,11.09,3.29889952632065,2.8891108154172,9.45537631387994
retineo,suus,7.29,2.50586190708749,2.34200479228933,8.96467209331337
