lemma,collocate,LogL,LR,MI,LogDice
paro,bellum,15.69,3.59316971473359,2.98254707054529,9.80731953705704
paro,amicus,14.78,4.02787424746851,3.28049880963453,9.97019395891547
paro,causa,9.9,3.05884989737238,2.61515391038654,9.46874549696208
paro,locus,6.27,2.73579827066139,2.3925633035155,9.23356166641579
