lemma,collocate,LogL,LR,MI,LogDice
differo,tempus,15.56,5.14656703455357,4.02735144042092,9.54953620377289
differo,sui,8.13,3.24631785910643,2.71476615241081,8.28352069454939
