lemma,collocate,LogL,LR,MI,LogDice
finis,suus,87.43,4.11450622125178,3.44506350891457,10.6440122437718
finis,Eburones,39.43,8.89863299329887,6.32970964007007,10.7911745109853
finis,in,22.69,1.76320686127913,1.83173820555156,9.14974688245178
finis,sequani,19.97,6.29095041607763,4.88457477892725,10.3890820873558
finis,per,10.95,2.82334486599464,2.56218705863702,9.64073035244873
finis,facio,9.73,2.11459914547589,2.07418904096899,9.29692559903054
finis,rex,8.36,3.31367049257772,2.89865929525823,9.70044958715036
finis,is,7.23,1.28708118409858,1.50285150710047,8.81028915242364
finis,iam,6.26,2.27553536369095,2.18513295236164,9.29838391574366
