lemma,collocate,LogL,LR,MI,LogDice
quare,tamen,17.03,4.45139792619793,2.99674147960957,9.46874549696208
quare,autem,12.48,4.37724961089084,2.94565176828461,9.38653101119721
