lemma,collocate,LogL,LR,MI,LogDice
nosco,bene,19.68,4.95982850796214,3.85138757693069,10.3205397678026
nosco,enim,18.43,3.18760412599549,2.63855484055115,9.53985558606217
nosco,bonum,11.89,4.23419091959745,3.35709125511591,9.90843708073978
nosco,nisi,9.06,3.49722532543124,2.85161323767652,9.56324846563687
nosco,non,6.05,1.46636436172648,1.45002093937687,8.43595863460264
nosco,iam,5.78,2.5960648855593,2.23071969681353,9.0727463148428
