lemma,collocate,LogL,LR,MI,LogDice
augeo,etiam,11.45,3.37111769762109,2.91726477845488,9.04593505739214
