lemma,collocate,LogL,LR,MI,LogDice
deinde,etiam,17.89,2.86166572185965,2.45591921195226,9.63372172229426
deinde,si,7,1.73112614585948,1.67633614303053,8.92616636812513
deinde,multus,5.29,2.05045641588802,1.89683463252866,9.05390322704132
