lemma,collocate,LogL,LR,MI,LogDice
decet,non,7.09,2.4587565425677,2.25351617710568,7.7680432632432
