lemma,collocate,LogL,LR,MI,LogDice
niger,ego,6.06,2.675285355851,2.46327337909382,7.79443264622996
