lemma,collocate,LogL,LR,MI,LogDice
numen,precor,31.71,9.15484311915085,6.8865743946336,11.697414907006
numen,tuus,10.71,3.9251883260289,3.38078602409265,8.98936470590374
numen,que,6.45,2.31783229372717,2.26898168864695,7.90643022995486
