lemma,collocate,LogL,LR,MI,LogDice
colligo,sui,5.49,2.50918219656341,2.37383956544021,8.27641489804762
