lemma,collocate,LogL,LR,MI,LogDice
quemadmodum,ad,233.22,5.15303966347069,4.05163244167677,10.6369276356888
quemadmodum,quaero,11.41,4.10779414542073,3.33641104987838,9.72333388098394
