lemma,collocate,LogL,LR,MI,LogDice
coma,que,14.74,3.43677859493215,2.9739633268539,8.13324869706566
