lemma,collocate,LogL,LR,MI,LogDice
reddo,littera,22.63,4.66227488432539,3.71220380970195,10.3086236656875
reddo,non,18.17,2.12057918613456,1.9658341046539,8.92242522322864
reddo,patria,14.53,4.90377612860954,3.87624332165846,10.2007724887172
reddo,nunc,7.54,3.08880802244207,2.63388627432421,9.38158458726189
reddo,iam,5.61,2.54804982527212,2.26102504630886,9.07758893931858
