lemma,collocate,LogL,LR,MI,LogDice
interim,cum,9.85,2.63186709467902,2.24105291312194,8.29555108080064
