lemma,collocate,LogL,LR,MI,LogDice
acies,instruo,101.47,9.77717527579949,7.05452014230725,12.3156607793928
acies,primus,16.19,5.30872678380476,4.21359665982507,10.1713586035109
acies,in,13.65,2.22948293864519,2.09149150247833,8.27895989124095
acies,hostis,12.49,4.38130878593966,3.57733685366717,9.64115670078177
