lemma,collocate,LogL,LR,MI,LogDice
adduco,discrimen,49.29,8.70940508435227,6.44642372853755,11.5663866445996
adduco,ut,23,2.73639422681422,2.51603886996387,9.08434160791795
adduco,spes,18.89,4.80825085829289,3.94011317008639,10.2417110945139
adduco,iubeo,13.68,4.68527681345937,3.85615656309172,10.101400014904
adduco,Caesar,9.06,3.49747817325516,3.04096194808894,9.46740050684674
adduco,possum,8.03,2.31218886216067,2.22296456464951,8.77264172239246
adduco,sui,7.96,2.2992061420098,2.21399086449832,8.76409009358058
