lemma,collocate,LogL,LR,MI,LogDice
talis,uir,62.92,4.90306244938565,3.9724131453555,10.7857502435206
talis,qualis,31.48,6.00010211013249,4.70408836563654,10.8515466394283
talis,facinus,16.64,5.43508919875558,4.3298382768763,10.3935967677103
talis,igitur,15.91,4.24701685060301,3.52707137129913,10.1314065524992
talis,uox,11.75,4.19971113582465,3.49481050908091,9.99874586084391
talis,in,11.72,1.55691907668338,1.67638776553239,8.70633630213331
talis,amicus,8.97,3.47677510156251,2.99998522666136,9.6847365814858
talis,sum,5.39,0.896935665537879,1.21986822122352,8.26181609862647
