lemma,collocate,LogL,LR,MI,LogDice
nondum,rationalis,31.92,9.31305807758545,6.80201700660554,11.3258513505735
nondum,habeo,13.66,3.26604325806787,2.86838305512443,9.22846827679668
nondum,enim,5.68,2.5662078944874,2.38503168691069,8.74337306050617
nondum,qui,5.46,1.29124525400062,1.50293070499463,7.91828857504424
