lemma,collocate,LogL,LR,MI,LogDice
diuitiae,alius,8.01,3.21455053371733,2.83050981172306,9.13118431938837
