lemma,collocate,LogL,LR,MI,LogDice
consuetudo,praeter,25.31,6.01060191405103,4.78794593286667,10.7962378129418
consuetudo,meus,18.85,3.59383144754773,3.14333156163185,9.6518749170018
consuetudo,maiores,17.26,5.58175861524715,4.50026386041489,10.5085557404901
consuetudo,suus,11.39,2.89469792690726,2.66147945254197,9.19515961888334
consuetudo,tantus,8.18,3.26258113137583,2.91519453899774,9.36851250569454
consuetudo,noster,6.58,2.82229838329386,2.61151212519952,9.10340475528129
consuetudo,ex,6.4,2.30590016905578,2.25483718126079,8.80081259935916
