lemma,collocate,LogL,LR,MI,LogDice
cado,alius,6.83,2.89245732638071,2.55329903913858,9.10216020004909
