lemma,collocate,LogL,LR,MI,LogDice
narro,ego,7.59,2.56988061842969,2.28095182229986,8.07708199542713
