lemma,collocate,LogL,LR,MI,LogDice
condo,urbs,56.94,6.57808611922744,5.16040981123805,10.7937029573387
