lemma,collocate,LogL,LR,MI,LogDice
lumen,exstinguo,28.4,8.32401048413821,6.29389774443729,11.4097328345542
lumen,et,6.29,1.77861693324917,1.83612757111617,7.66435490653498
