lemma,collocate,LogL,LR,MI,LogDice
uelut,atque,15.12,3.0930173642603,2.75740770158227,8.70837162160276
