lemma,collocate,LogL,LR,MI,LogDice
hospes,tuus,14.46,3.95992783705748,3.3236276102527,9.26161097022569
