lemma,collocate,LogL,LR,MI,LogDice
impono,manus,19.74,4.96392944827751,4.02043815170124,10.0980273304254
