lemma,collocate,LogL,LR,MI,LogDice
sapiens2,homo,29.35,4.40423791236996,3.62381468713415,9.7742095516444
sapiens2,uir,23.21,4.74367811691612,3.85703107123665,9.96046367427289
sapiens2,atque,16.99,3.01740529435024,2.66736142089749,8.85708409518087
sapiens2,et,12.76,2.00363251826562,1.96618069936437,8.1723787884402
sapiens2,sum,8.75,1.51032960446404,1.62467952087427,7.83400935339015
