lemma,collocate,LogL,LR,MI,LogDice
sicut,ille,9.4,2.27595204300683,2.24633083251216,8.54753195362471
sicut,ipse,8.51,2.76758196739068,2.58621172601562,8.86126470327643
sicut,alius,8.05,3.22552665465091,2.90248331134815,9.13760694904484
