lemma,collocate,LogL,LR,MI,LogDice
nolo,obsecro,37.08,8.29152608546369,5.96576898240492,10.9554775622766
nolo,eo,13.08,4.53663858330022,3.56787370960655,10.0455562786879
nolo,timeo,11.4,4.10830426140792,3.27565648198938,9.88096282518753
nolo,uiuo,10.81,3.95762534891025,3.1725609729624,9.81794985735879
nolo,ita,6.16,2.70406107753936,2.31079107996667,9.20145842103137
nolo,idem,5.77,2.59340023316084,2.23446881240703,9.14018759563833
