lemma,collocate,LogL,LR,MI,LogDice
praeceptum,ex,21.57,3.94466270353965,3.38773854340753,9.23853856968554
praeceptum,officium,21.08,6.51478471294991,5.14765740677993,10.7165856539942
