lemma,collocate,LogL,LR,MI,LogDice
difficilis,sum,39.74,2.35664787585841,2.26507613604869,8.61330933707349
difficilis,res,11.7,2.61530283172195,2.44390982974103,8.76755537760267
difficilis,qua,8.39,2.74119606343496,2.53092120673066,8.83521402607649
difficilis,ex,8.24,2.71000725566881,2.50936704639567,8.81471136374997
difficilis,enim,5.91,2.6313329415409,2.4549902755176,8.74772657195337
