lemma,collocate,LogL,LR,MI,LogDice
aequus,animus,176.4,6.34537386898415,5.00398030305118,11.2919497988978
aequus,locus,14.29,3.92881895852435,3.35920792153527,9.62424297833971
aequus,sum,11.3,1.52318015724776,1.69750626287194,8.0741221422136
