lemma,collocate,LogL,LR,MI,LogDice
cedo,malum,24.2,5.79578980095324,4.6383535127083,10.5822733163866
