lemma,collocate,LogL,LR,MI,LogDice
dico,sententia,75,3.87300312044422,3.04074656773299,10.379910515881
dico,ita,63.43,2.78702989733437,2.34445966716838,10.4879571724494
dico,ante2,42.38,3.39047181866318,2.73622593091838,10.0067042744431
dico,supra,39.86,5.79078203219547,4.11670632217285,9.35698367152179
dico,male,38.3,4.21789236377489,3.25216665535114,9.67652981478614
dico,audio,36.65,2.71872388394346,2.29950827930611,10.0907586375337
dico,queo,36.28,6.10895799222173,4.26483651421852,9.20696807684234
dico,audeo,31.04,3.38757629327398,2.73437236226906,9.72903190209858
dico,qui,30.52,0.84153090294844,1.03499032353527,10.2535226261965
dico,se,30.35,3.14212485615693,2.5762612812257,9.79096359469119
dico,sum,30.32,0.743056654637881,0.967654916477601,10.2258033114793
dico,saepe,25.54,2.65596083170908,2.25811164012015,9.81677614830387
dico,ut,21.2,1.08407018721476,1.20055264299514,10.1877973298541
dico,sui,18.68,1.24810187435292,1.31226854845245,10.1118971782895
dico,testimonium,17.94,4.01995298616298,3.13153866756252,9.00617182422013
dico,possum,17.31,1.21607025601218,1.2904705899369,10.0861037501902
dico,enim,17.18,1.46532991455767,1.45984992781945,10.0014004947363
dico,exercitatio,15.91,4.33957092036314,3.3252889201801,8.79324982697746
dico,aperte,15.64,4.28298739199678,3.29138736850442,8.79256512992914
dico,et,14.85,0.659761874714449,0.91065199683257,10.1047432723908
dico,nihil,14.64,1.54048361428914,1.51080119987449,9.87286561495491
dico,Fannius,14.27,4.98342711013787,3.69685247661259,8.51520306650935
dico,quis,13.8,0.971611359890672,1.12383855931432,10.056631337994
dico,Epicurus,12.27,3.59110968735911,2.86394335367748,8.78167325914846
dico,quomodo,11.5,2.94780320040715,2.4498201828262,8.97743613503847
dico,leibere,11.34,4.17607218808026,3.22684884736685,8.50899828962246
dico,aliquis,11.26,1.5990584404746,1.55047145225764,9.66371529546966
dico,Murena,11.09,4.10895799222173,3.18602685284659,8.50831124047143
dico,facultas,10.28,3.17607218808026,2.59824018794448,8.7722392269151
dico,non,10.02,0.694041044022201,0.934116050815815,10.0177561192204
