lemma,collocate,LogL,LR,MI,LogDice
conuenio,ea,15.97,5.26002725717771,4.18078920016225,10.3407210156624
conuenio,et,6.36,1.32692678224634,1.4755577829159,8.1667987445929
