lemma,collocate,LogL,LR,MI,LogDice
proprius,sum,7.51,1.55273186435786,1.75715327194066,7.6349624225524
