lemma,collocate,LogL,LR,MI,LogDice
prope2,modus,22.17,6.76735935475191,5.37498381450655,9.94532069417033
prope2,dies,18.85,5.9556524081546,4.81622382465502,9.40151880216271
