lemma,collocate,LogL,LR,MI,LogDice
secundus,res,11.82,2.96480635273165,2.66705338105524,8.59552243762357
