lemma,collocate,LogL,LR,MI,LogDice
tenebrae,in,18.05,2.87395652063138,2.65004852906551,8.16646932162914
tenebrae,atque,6.07,2.67626936898758,2.51321074107023,8.02238085971407
