lemma,collocate,LogL,LR,MI,LogDice
cur,igitur,39.35,5.48597238023448,4.13835916977888,10.7094681862254
cur,causa,27.04,4.15554710867058,3.23361019834489,10.0391868304024
cur,non,11.81,1.91272467854717,1.68820236805562,8.65958145743333
cur,aut,10.35,2.71936380052018,2.24546943125719,9.14096309005486
cur,quaero,10.01,3.74718174465995,2.95341879762227,9.63055214753298
cur,tam,7.8,3.1608013617206,2.54990490964537,9.3240607431237
cur,sed,6.39,2.00588181557413,1.75260888470484,8.68876640818542
