lemma,collocate,LogL,LR,MI,LogDice
moenia,intra,42.59,9.20712436594745,6.90945868846719,11.8599338365037
moenia,atque,14.14,3.34170038763432,2.95949784369865,8.53236188883526
