lemma,collocate,LogL,LR,MI,LogDice
amplus,uir,56.08,5.09266644489867,4.15486551515245,10.684162467289
amplus,honor,36.12,5.78298194576605,4.62015585994609,10.879104583492
amplus,ordo,14.83,4.97562702370845,4.07542868450442,10.2783307230631
amplus,nihil,13.71,3.27564034216737,2.91102865529831,9.50130205852243
amplus,uerbum,13.45,4.62840490865718,3.83903990644019,10.1287989890921
amplus,qua,13.02,2.80352272420689,2.58552534076551,9.22017647185813
amplus,homo,8.6,2.78620584664034,2.57357598275026,9.17569428409524
