lemma,collocate,LogL,LR,MI,LogDice
comes,et,5.16,1.58111584453639,1.72105824133138,7.66361684465189
