lemma,collocate,LogL,LR,MI,LogDice
permitto,que,5.73,2.15273303109057,2.03414209756955,7.90389394565881
