lemma,collocate,LogL,LR,MI,LogDice
inde,exeo,29.73,6.8242733550606,5.17118790419012,10.9856913408731
inde,domus,15.23,5.07081963810583,3.98719356679507,10.1047841128882
