lemma,collocate,LogL,LR,MI,LogDice
promitto,nihil,11.15,4.03816013898551,3.27159844349858,9.05597945498573
promitto,tu,5.07,2.38781018712529,2.13021848881413,7.94830306485194
