lemma,collocate,LogL,LR,MI,LogDice
similis,uerus,50.18,6.64046261710219,5.14944791755372,11.2499855997988
similis,sui,18.55,2.92783447072753,2.628731815069,9.23143626710347
