lemma,collocate,LogL,LR,MI,LogDice
aliquando,tandem,28.59,6.62434409633507,5.18874031786427,10.9980371766954
aliquando,et2,23.41,5.6555950303195,4.54404552069028,10.6500959127254
aliquando,aliquis,8.05,3.22745394376648,2.88435504436608,9.32561474499044
aliquando,iste,6.58,2.82288977571714,2.60525283940383,9.08001907417188
aliquando,nos,6.33,2.75362711328003,2.55743496505333,9.03715536974009
