lemma,collocate,LogL,LR,MI,LogDice
desidero,praetura,27.01,8.02453760594895,5.91955613924979,11.0210748447624
desidero,non,25.48,2.62395668506042,2.30076906195622,8.93133772350975
desidero,natura,24.94,5.00661569795168,3.93883057050911,10.3236993280929
desidero,tamen,7.71,3.13524107035516,2.65379672848274,9.17435649125358
