lemma,collocate,LogL,LR,MI,LogDice
sol,occasus,48.39,10.4235011377944,7.44845518919988,11.9523071566347
