lemma,collocate,LogL,LR,MI,LogDice
cinis,in,16.1,4.27167800975821,3.56633926093966,7.47772339519391
