lemma,collocate,LogL,LR,MI,LogDice
dulcis,qua,15.63,3.57898003359163,3.13802366093207,9.07419664142044
dulcis,et,6.95,1.72216791163829,1.85370271593768,7.81761997744826
