lemma,collocate,LogL,LR,MI,LogDice
for,quis,8.87,3.44277845952363,2.96062170991633,7.96451856747524
