lemma,collocate,LogL,LR,MI,LogDice
tuitus,sum,31.73,2.36900160235922,2.25823460423197,8.38103036395324
