lemma,collocate,LogL,LR,MI,LogDice
ascendo,nauis,33.78,7.5482855833899,5.77336330654434,10.9795751138556
ascendo,et,14.4,2.70662568666911,2.44575377962625,7.82072304606308
