lemma,collocate,LogL,LR,MI,LogDice
claudo,suus,8.25,3.27812364845764,2.92571813180381,8.72443962057458
