lemma,collocate,LogL,LR,MI,LogDice
desino,non,16.25,2.68470828933452,2.32250904859263,8.45482255552044
desino,iam,10.28,3.81440881316734,3.10320780602929,9.1716862626977
