lemma,collocate,LogL,LR,MI,LogDice
uaco,ager,22.81,6.93150780756624,5.34790856968351,10.6500959127254
