lemma,collocate,LogL,LR,MI,LogDice
cohors,praetorius,79.17,11.4008010703099,7.94093167429767,12.4244636392416
cohors,duo,18.1,5.77874925085348,4.58852445680495,10.2945912439349
