lemma,collocate,LogL,LR,MI,LogDice
furor,tribunicius,32.65,9.5081499055462,6.96661710230714,11.4097328345542
furor,et,9.72,1.70058031269869,1.84101755641036,8.17120145202753
