lemma,collocate,LogL,LR,MI,LogDice
aduersus2,res,5.27,2.4461399358032,2.34728299405195,8.08830042136088
