lemma,collocate,LogL,LR,MI,LogDice
praeda,spes,16.81,5.46005702723876,4.46620626598317,10.1081797018894
praeda,ad,7.56,2.56177956193495,2.46751233722696,8.23637752498778
