lemma,collocate,LogL,LR,MI,LogDice
mereo,qui,7.67,2.24505425922776,2.08371491736753,7.33699502608613
mereo,ille,7.31,3.02284678693853,2.62238205541403,7.87022383709451
