lemma,collocate,LogL,LR,MI,LogDice
latus,apertus,39.13,8.58357247166939,6.41438142166934,11.5908051719477
