lemma,collocate,LogL,LR,MI,LogDice
otium,in,15.07,2.0937395823431,2.03896630155987,8.47654107947508
otium,ad,13.19,2.55793827473393,2.3599564310057,8.78157654267273
otium,tantus,9.42,3.59098892602585,3.07309756844355,9.38984227250087
otium,quidem,8.3,3.29349504944868,2.86795182248401,9.20835024706929
otium,atque,7.28,2.17402544852901,2.09450040621205,8.51395902736901
otium,non,5.52,1.64641655895034,1.72944532658966,8.16226955283406
