lemma,collocate,LogL,LR,MI,LogDice
sancitus,que,11.41,2.57288766751348,2.39414483160096,8.30879630755066
sancitus,homo,9.24,3.54193085496303,3.06419889919873,8.9426931865946
