lemma,collocate,LogL,LR,MI,LogDice
respicio,ad,6.07,2.67680101554907,2.40940470641968,7.95184010921547
respicio,qui,5.23,1.77549395135294,1.78522192881153,7.33597370594118
