lemma,collocate,LogL,LR,MI,LogDice
flamma,que,7.83,2.27508008301495,2.21182327480701,8.12647475075671
