lemma,collocate,LogL,LR,MI,LogDice
erro,uehementer,33.33,7.4826532056507,5.65744004453168,11.2119070912243
