lemma,collocate,LogL,LR,MI,LogDice
porta,ad,9.46,2.96463376981061,2.72987660169445,8.23991595997516
