lemma,collocate,LogL,LR,MI,LogDice
celer,que,8.34,3.30312635599596,2.9427107833498,7.62469129088682
