lemma,collocate,LogL,LR,MI,LogDice
mensa,que,10.57,3.19245146313154,2.85090323409668,7.91067171800457
