lemma,collocate,LogL,LR,MI,LogDice
appareo,tunc,25.36,7.56793106488315,5.74370709696145,11.1189306347661
appareo,quantus,15.89,5.23164767701872,4.1632567214006,9.9338263147446
appareo,quod,9.75,3.67716013463791,3.09225524247649,8.94907618698963
appareo,tu,7.73,2.59984031283789,2.34728299405195,8.23480889721516
