lemma,collocate,LogL,LR,MI,LogDice
cornu,dexter,37.13,10.5680261025994,7.57972157519355,11.941611867518
