lemma,collocate,LogL,LR,MI,LogDice
accido,ut,31.79,2.88865277594548,2.60956492797469,9.32084940101392
accido,ne,10.03,2.66496703758751,2.45520829613352,9.12023298110878
accido,possum,6.96,2.11503192186628,2.07532856584345,8.76515505640754
