lemma,collocate,LogL,LR,MI,LogDice
prosum,multum,25.99,6.13000362135711,4.72017450338817,10.7181493759704
prosum,nihil,17.62,3.89212269275165,3.19193104076471,9.52836120663643
prosum,multus,11.27,3.33491398074875,2.80770529693348,9.15679765020395
prosum,qua,8.82,2.83286656303775,2.46096261812375,8.83164895991199
prosum,possum,6.89,2.41647072165602,2.17309273460934,8.55704131029271
prosum,ego,6.39,2.00567548635491,1.88890973452384,8.28891095016136
