lemma,collocate,LogL,LR,MI,LogDice
campus,martius,58.84,10.1243244134075,7.40193517356499,12.175450707949
campus,in,58.05,3.65650578574177,3.17329667283006,8.97557138377141
