lemma,collocate,LogL,LR,MI,LogDice
tectum,urbs,42.57,5.81725897123779,4.66750441770563,10.620464115119
tectum,uester,20.51,5.10767926486666,4.18328664725442,10.1261982073921
tectum,atque,9.66,2.59980729117161,2.45494183294626,8.52353644806849
